timestamp,$75000 or above,$80000 or above,$90000 or above,$100000 or above,$150000 or above,$250000 or above,$1000000 or above
2024-03-18T12:13:00Z,,,65.00,,,,
2024-03-18T12:15:00Z,86.00,78.00,65.00,54.00,,,
2024-03-18T12:25:00Z,86.00,78.00,61.00,54.00,,,
2024-03-18T12:26:00Z,86.00,78.00,59.00,48.00,18.00,,
2024-03-18T13:43:00Z,86.00,78.00,59.00,48.00,18.00,,
2024-03-18T16:01:00Z,77.61,68.75,53.00,40.81,18.00,,
2024-03-18T16:49:00Z,77.61,68.75,53.00,40.81,16.00,,
2024-03-18T16:55:00Z,71.57,63.57,53.00,40.81,16.00,,
2024-03-18T17:09:00Z,71.57,63.57,53.00,40.00,16.00,,
2024-03-18T17:21:00Z,71.57,63.57,53.00,36.00,16.00,,
2024-03-18T17:22:00Z,71.57,57.00,45.00,36.00,16.00,,
2024-03-18T17:26:00Z,71.57,57.00,51.00,36.00,16.00,,
2024-03-18T18:06:00Z,71.57,57.00,46.11,36.00,16.00,,
2024-03-18T20:07:00Z,71.57,57.00,46.11,36.00,16.00,8.00,
2024-03-18T21:03:00Z,72.00,57.00,46.11,36.00,16.00,8.00,
2024-03-18T21:09:00Z,72.00,57.00,46.11,36.00,16.00,8.00,
2024-03-18T21:10:00Z,72.00,57.00,46.11,36.00,16.00,8.00,
2024-03-18T21:17:00Z,72.00,57.00,46.11,36.00,16.00,8.00,
2024-03-18T21:22:00Z,72.00,57.00,46.11,36.00,16.00,8.00,
2024-03-18T21:55:00Z,72.00,64.27,46.11,36.00,16.00,8.00,
2024-03-18T22:15:00Z,72.00,64.27,48.00,36.00,16.00,8.00,
2024-03-18T23:02:00Z,72.00,61.00,48.00,36.00,16.00,8.00,
2024-03-18T23:40:00Z,72.00,61.00,48.00,40.66,16.00,8.00,
2024-03-18T23:50:00Z,72.00,61.00,48.00,40.66,16.00,9.00,
2024-03-19T00:38:00Z,73.00,61.00,48.00,40.66,16.00,9.00,
2024-03-19T00:51:00Z,69.10,61.00,48.00,40.66,16.00,9.00,
2024-03-19T00:52:00Z,69.10,61.00,48.00,38.00,16.00,9.00,
2024-03-19T01:06:00Z,74.23,61.00,48.00,38.00,16.00,9.00,
2024-03-19T01:16:00Z,74.23,61.00,48.00,43.81,16.00,9.00,
2024-03-19T01:17:00Z,74.23,61.00,48.00,43.81,16.00,9.00,
2024-03-19T01:20:00Z,74.23,66.86,48.00,43.81,16.00,9.00,
2024-03-19T01:23:00Z,74.23,66.86,48.00,43.81,13.00,9.00,
2024-03-19T01:24:00Z,74.23,66.86,48.00,38.00,13.00,9.00,
2024-03-19T01:26:00Z,74.23,66.86,48.00,38.00,13.00,9.00,
2024-03-19T01:51:00Z,74.23,66.86,48.00,38.00,16.36,9.00,
2024-03-19T02:00:00Z,71.00,66.86,48.00,38.00,16.36,9.00,
2024-03-19T02:01:00Z,71.00,64.00,50.00,38.00,16.36,9.00,
2024-03-19T02:09:00Z,71.00,64.00,54.00,38.00,16.36,9.00,
2024-03-19T02:17:00Z,71.00,66.45,54.00,38.00,16.36,9.00,
2024-03-19T02:35:00Z,71.00,66.45,54.00,38.00,16.36,9.00,
2024-03-19T02:37:00Z,71.00,67.00,54.00,38.00,16.36,9.00,
2024-03-19T02:39:00Z,71.00,67.00,54.00,38.00,16.36,9.00,
2024-03-19T03:14:00Z,71.00,67.00,54.00,38.00,16.36,9.00,
2024-03-19T03:27:00Z,71.00,67.00,54.00,38.00,18.00,9.00,
2024-03-19T03:39:00Z,71.00,63.10,54.00,38.00,18.00,9.00,
2024-03-19T03:47:00Z,68.33,62.03,50.00,38.00,18.00,9.00,
2024-03-19T03:49:00Z,68.33,62.03,50.00,38.00,18.00,7.07,
2024-03-19T03:53:00Z,68.33,62.03,44.57,38.00,18.00,7.07,
2024-03-19T03:54:00Z,68.33,62.03,44.57,37.00,18.00,7.07,
2024-03-19T12:15:00Z,65.46,62.03,44.57,37.00,18.00,7.07,
2024-03-19T13:08:00Z,65.46,62.03,44.57,37.00,16.04,7.07,
2024-03-19T14:07:00Z,64.66,62.03,44.57,37.00,16.04,7.07,
2024-03-19T14:47:00Z,64.66,57.75,44.57,37.00,16.04,7.07,
2024-03-19T15:05:00Z,63.00,57.75,44.57,37.00,16.04,7.07,
2024-03-19T15:19:00Z,65.00,57.75,44.57,37.00,16.04,7.07,
2024-03-19T15:37:00Z,65.00,57.75,44.57,37.00,16.00,7.07,
2024-03-19T15:41:00Z,65.00,57.75,44.57,37.00,17.00,7.07,
2024-03-19T15:57:00Z,67.78,57.75,44.57,37.00,17.00,7.07,
2024-03-19T16:51:00Z,67.78,57.75,44.00,37.00,17.00,7.07,
2024-03-19T19:14:00Z,67.78,58.00,44.00,37.00,17.00,7.07,
2024-03-19T22:08:00Z,67.00,58.00,44.00,37.00,17.00,7.07,
2024-03-19T22:21:00Z,67.00,56.14,44.00,37.00,17.00,7.07,
2024-03-19T22:22:00Z,67.00,56.14,44.00,37.00,13.00,7.07,
2024-03-19T22:37:00Z,67.00,56.14,45.00,37.00,14.00,7.07,
2024-03-19T22:44:00Z,67.00,56.14,45.00,37.00,14.00,7.00,
2024-03-19T22:58:00Z,67.00,60.00,45.00,37.00,14.00,7.00,
2024-03-19T23:00:00Z,67.00,60.75,45.00,37.00,14.00,7.00,
2024-03-20T03:02:00Z,69.15,60.75,45.00,37.00,14.00,7.00,
2024-03-20T03:04:00Z,69.15,63.22,45.00,37.00,14.00,7.00,
2024-03-20T03:05:00Z,71.97,63.22,45.00,37.00,14.00,7.00,
2024-03-20T03:07:00Z,71.97,59.00,45.00,37.00,14.00,7.00,
2024-03-20T03:55:00Z,71.97,59.00,45.00,37.00,14.00,7.00,
2024-03-20T03:56:00Z,71.97,59.00,45.00,37.00,14.00,7.00,
2024-03-20T03:57:00Z,71.97,59.00,45.00,39.00,14.00,7.00,
2024-03-20T12:42:00Z,71.97,64.00,45.00,39.00,14.00,7.00,
2024-03-20T13:41:00Z,67.00,64.00,45.00,39.00,14.00,7.00,
2024-03-20T14:07:00Z,67.00,64.00,51.70,39.00,14.00,7.00,
2024-03-20T14:09:00Z,67.00,64.00,51.70,43.76,14.00,7.00,
2024-03-20T14:30:00Z,72.00,64.00,51.70,43.76,14.00,7.00,
2024-03-20T14:47:00Z,72.00,64.00,51.70,43.76,14.00,7.00,
2024-03-20T15:01:00Z,72.00,64.00,47.00,43.76,14.00,7.00,
2024-03-20T15:14:00Z,72.00,64.00,47.00,43.76,14.00,7.00,
2024-03-20T15:32:00Z,72.00,64.00,47.00,43.76,14.00,7.00,
2024-03-20T15:56:00Z,72.00,64.00,47.00,43.76,15.00,7.00,
2024-03-20T15:59:00Z,72.00,64.00,47.00,43.76,14.00,7.00,
2024-03-20T16:02:00Z,72.00,64.00,47.00,43.76,14.00,7.00,
2024-03-20T16:42:00Z,67.26,64.00,47.00,43.76,14.00,7.00,
2024-03-20T17:53:00Z,67.26,64.00,47.00,43.76,14.00,7.00,
2024-03-20T20:18:00Z,72.00,64.00,47.00,43.76,14.00,7.00,
2024-03-20T20:47:00Z,72.00,64.00,47.00,43.76,14.00,7.00,
2024-03-20T20:50:00Z,72.00,64.00,51.67,43.76,14.00,7.00,
2024-03-20T22:00:00Z,72.00,64.00,51.67,43.76,14.00,7.00,
2024-03-20T22:21:00Z,72.00,64.00,47.54,43.76,14.00,7.00,
2024-03-21T00:55:00Z,72.00,64.00,52.00,43.76,14.00,7.00,
2024-03-21T01:05:00Z,72.00,64.00,52.00,43.76,16.96,7.00,
2024-03-21T01:08:00Z,74.23,64.00,52.00,43.76,16.96,7.00,
2024-03-21T01:09:00Z,74.23,64.00,52.00,43.00,16.96,8.00,
2024-03-21T02:27:00Z,74.23,64.00,52.00,43.00,16.96,8.00,
2024-03-21T12:33:00Z,74.23,64.00,53.00,43.00,16.96,8.00,
2024-03-21T15:18:00Z,74.23,69.00,53.00,43.00,16.96,8.00,
2024-03-21T15:21:00Z,76.00,69.00,53.00,43.00,16.96,8.00,
2024-03-21T16:45:00Z,76.00,69.00,53.00,43.00,16.96,8.00,
2024-03-21T17:35:00Z,76.00,69.00,53.00,43.00,16.96,7.00,
2024-03-21T19:02:00Z,76.00,69.00,53.00,43.00,16.96,7.00,
2024-03-21T19:10:00Z,76.00,69.00,53.00,43.00,16.96,7.00,
2024-03-21T21:09:00Z,76.00,69.00,53.00,47.18,16.96,7.00,
2024-03-21T21:22:00Z,77.60,69.00,53.00,47.18,16.96,7.00,
2024-03-21T22:13:00Z,77.00,69.00,53.00,47.18,16.96,7.00,
2024-03-22T12:01:00Z,77.00,65.26,52.00,47.18,16.96,7.00,
2024-03-22T17:19:00Z,77.00,65.26,52.00,38.00,16.96,7.00,
2024-03-23T02:19:00Z,77.00,62.00,51.00,38.00,16.96,7.00,
2024-03-23T02:20:00Z,77.00,62.00,51.00,38.00,16.96,7.00,
2024-03-23T02:21:00Z,77.00,62.00,51.00,38.00,16.96,7.00,
2024-03-23T17:29:00Z,70.00,62.00,51.00,38.00,16.96,7.00,
2024-03-23T18:24:00Z,70.00,62.00,46.11,38.00,16.96,7.00,
2024-03-23T20:43:00Z,70.00,62.00,46.11,38.00,16.96,7.00,
2024-03-23T21:03:00Z,70.00,62.00,46.00,38.00,16.96,7.00,
2024-03-23T21:38:00Z,70.00,62.00,46.00,40.00,16.96,7.00,
2024-03-23T22:30:00Z,70.00,63.00,46.00,40.00,16.96,7.00,
2024-03-24T00:13:00Z,70.00,63.00,46.00,40.00,16.96,7.00,
2024-03-24T00:31:00Z,70.00,63.00,46.00,40.00,16.96,9.18,
2024-03-24T00:36:00Z,70.00,63.00,46.00,40.00,16.96,8.00,
2024-03-24T00:57:00Z,70.00,63.00,46.00,40.00,16.96,9.23,
2024-03-24T13:16:00Z,70.00,63.00,46.00,40.00,16.96,9.23,
2024-03-24T14:26:00Z,70.00,64.00,46.00,40.00,16.96,9.23,
2024-03-24T16:12:00Z,68.00,64.00,46.00,40.00,16.96,9.23,
2024-03-24T16:14:00Z,68.00,63.00,46.00,40.00,16.96,9.23,
2024-03-24T16:15:00Z,68.00,61.00,47.00,40.00,16.96,9.23,
2024-03-24T16:43:00Z,68.00,64.53,47.00,40.00,16.96,9.23,
2024-03-24T19:26:00Z,68.00,64.53,47.00,40.00,20.55,9.23,
2024-03-24T20:28:00Z,68.00,61.00,47.00,40.00,20.55,9.23,
2024-03-24T20:47:00Z,68.00,61.00,47.00,38.00,20.55,9.23,
2024-03-24T20:49:00Z,68.00,61.00,47.00,38.00,20.55,6.00,
2024-03-25T00:34:00Z,68.00,61.00,47.00,38.00,15.00,6.00,
2024-03-25T01:02:00Z,68.00,61.00,48.00,38.00,15.00,6.00,
2024-03-25T02:17:00Z,68.00,63.00,48.00,38.00,15.00,6.00,
2024-03-25T12:02:00Z,70.00,63.00,48.00,38.00,15.00,6.00,
2024-03-25T13:19:00Z,70.00,63.00,48.00,40.65,15.00,6.00,
2024-03-25T13:47:00Z,70.00,63.00,48.94,40.65,15.00,6.00,
2024-03-25T14:20:00Z,70.00,63.00,48.94,40.65,15.00,6.00,
2024-03-25T14:29:00Z,70.00,63.00,48.94,40.65,16.00,6.00,
2024-03-25T14:52:00Z,70.00,67.00,48.94,40.65,16.00,6.00,
2024-03-25T15:31:00Z,70.00,69.00,48.94,40.65,16.00,6.00,
2024-03-25T15:54:00Z,77.00,69.00,48.94,40.65,16.00,6.00,
2024-03-25T16:04:00Z,77.00,69.00,48.94,40.65,13.89,6.00,
2024-03-25T16:05:00Z,77.00,66.00,48.94,40.65,13.89,6.00,
2024-03-25T16:30:00Z,76.00,66.00,48.94,40.65,13.89,6.00,
2024-03-25T17:16:00Z,76.00,66.00,48.94,40.65,15.00,6.00,
2024-03-25T17:30:00Z,76.00,66.00,48.94,40.65,15.00,8.00,
2024-03-25T18:59:00Z,76.00,66.00,48.94,40.65,15.00,7.00,
2024-03-25T19:18:00Z,76.00,66.00,51.94,40.65,15.00,7.00,
2024-03-25T19:28:00Z,76.00,66.00,51.94,40.65,15.00,7.00,
2024-03-25T19:37:00Z,75.00,66.00,51.94,40.65,15.00,7.00,
2024-03-25T19:43:00Z,75.00,66.00,51.94,40.65,13.11,7.00,
2024-03-25T19:48:00Z,75.00,66.00,51.94,40.65,13.11,7.00,
2024-03-25T19:50:00Z,75.00,66.00,51.94,40.65,13.11,7.00,
2024-03-25T19:54:00Z,75.00,66.00,51.94,40.65,13.11,7.00,
2024-03-25T20:02:00Z,75.00,70.00,51.94,40.65,13.11,7.00,
2024-03-25T20:08:00Z,75.00,70.00,51.94,44.00,13.11,7.00,
2024-03-25T20:36:00Z,75.00,70.00,51.94,44.00,13.11,7.00,
2024-03-25T20:43:00Z,75.00,71.00,51.94,44.00,13.11,7.00,
2024-03-25T20:52:00Z,75.00,71.00,51.94,44.00,13.11,7.00,
2024-03-25T20:53:00Z,75.00,71.00,51.94,44.00,13.11,7.00,
2024-03-25T20:58:00Z,78.00,71.00,51.94,44.00,13.11,7.00,
2024-03-25T21:02:00Z,78.00,71.00,51.94,44.00,13.11,7.00,
2024-03-25T21:05:00Z,78.00,71.00,54.36,44.00,13.11,7.00,
2024-03-25T21:17:00Z,78.00,71.00,54.36,44.00,13.11,7.00,
2024-03-25T21:18:00Z,78.00,71.00,54.36,44.00,13.11,7.00,
2024-03-25T22:14:00Z,78.00,72.00,54.36,44.00,13.11,7.00,
2024-03-25T22:20:00Z,78.00,72.00,54.00,44.00,13.11,7.00,
2024-03-25T22:22:00Z,78.00,71.00,54.00,44.00,13.11,7.00,
2024-03-25T22:31:00Z,78.00,71.00,54.00,44.00,13.11,7.00,
2024-03-25T22:35:00Z,78.00,71.00,54.00,44.00,13.11,7.00,
2024-03-25T22:36:00Z,78.00,71.00,54.00,44.00,13.11,7.00,
2024-03-25T22:37:00Z,78.00,71.00,54.00,44.00,13.11,7.00,
2024-03-25T22:41:00Z,78.00,72.76,54.00,44.00,13.11,7.00,
2024-03-25T22:48:00Z,78.00,74.00,54.00,44.00,13.11,7.00,
2024-03-25T23:07:00Z,78.00,74.00,54.00,48.00,13.11,7.00,
2024-03-26T00:00:00Z,78.00,74.00,54.00,48.00,13.11,7.00,
2024-03-26T00:04:00Z,77.00,74.00,54.00,48.00,13.11,7.00,
2024-03-26T00:17:00Z,77.00,74.00,54.00,48.00,13.11,7.00,
2024-03-26T00:35:00Z,77.00,74.00,54.00,44.00,13.11,7.00,
2024-03-26T00:36:00Z,78.00,74.00,54.00,44.00,13.11,7.00,
2024-03-26T00:37:00Z,78.00,74.00,54.00,44.00,13.11,7.00,
2024-03-26T00:42:00Z,78.00,74.00,54.00,44.00,13.11,7.00,
2024-03-26T00:44:00Z,78.00,74.00,54.00,44.00,13.11,7.00,
2024-03-26T00:45:00Z,78.00,74.00,54.00,44.00,13.11,7.00,
2024-03-26T02:35:00Z,78.00,74.00,58.00,44.00,13.11,7.00,
2024-03-26T13:22:00Z,78.00,74.00,58.00,44.00,13.11,7.00,
2024-03-26T13:23:00Z,78.00,74.00,58.00,44.00,13.11,7.00,
2024-03-26T13:25:00Z,81.00,74.00,58.00,44.00,13.11,7.00,
2024-03-26T13:26:00Z,82.35,74.00,58.00,44.00,13.11,7.00,
2024-03-26T13:27:00Z,82.35,75.00,58.00,44.00,13.11,7.00,
2024-03-26T13:29:00Z,81.00,75.00,58.00,44.00,13.11,7.00,
2024-03-26T13:30:00Z,81.00,70.09,58.00,44.00,13.11,7.00,
2024-03-26T13:36:00Z,81.00,74.90,58.00,44.00,13.11,7.00,
2024-03-26T13:45:00Z,81.00,75.00,58.00,44.00,13.11,7.00,
2024-03-26T15:35:00Z,79.00,75.00,58.00,44.00,13.11,7.00,
2024-03-26T15:39:00Z,79.00,75.00,58.00,44.00,13.11,7.00,
2024-03-26T19:00:00Z,80.52,75.00,58.00,44.00,13.11,7.00,
2024-03-26T19:33:00Z,80.52,75.00,58.00,44.00,13.76,7.00,
2024-03-26T19:35:00Z,80.52,75.00,58.00,44.00,14.00,7.00,
2024-03-26T20:23:00Z,80.52,75.00,58.00,45.00,14.00,7.00,
2024-03-26T20:45:00Z,80.52,75.00,54.24,45.00,14.00,7.00,
2024-03-26T20:48:00Z,80.52,75.00,57.00,45.00,14.00,7.00,
2024-03-26T21:16:00Z,80.52,75.79,57.00,45.00,14.00,7.00,
2024-03-26T21:57:00Z,80.52,75.00,57.00,45.00,14.00,7.00,
2024-03-26T22:00:00Z,80.52,75.00,57.00,45.00,16.08,7.00,
2024-03-26T22:35:00Z,80.52,75.00,57.00,44.00,16.08,7.00,
2024-03-26T22:36:00Z,79.00,75.00,57.00,44.00,16.08,7.00,
2024-03-26T22:37:00Z,79.00,75.00,57.00,44.00,16.08,7.00,
2024-03-26T23:19:00Z,80.00,75.00,57.00,44.00,16.08,7.00,
2024-03-26T23:23:00Z,80.00,75.00,57.00,44.00,16.08,7.00,
2024-03-27T00:23:00Z,80.00,75.00,57.00,46.61,28.37,7.00,
2024-03-27T01:10:00Z,80.00,75.00,57.00,46.61,22.00,7.00,
2024-03-27T01:17:00Z,80.00,75.00,57.00,46.61,22.00,7.00,
2024-03-27T01:34:00Z,80.00,75.00,57.00,46.61,22.00,7.00,
2024-03-27T01:38:00Z,80.00,75.00,57.00,46.61,22.00,7.00,
2024-03-27T02:07:00Z,80.00,75.00,57.00,46.00,22.00,7.00,
2024-03-27T02:56:00Z,79.00,74.00,57.00,46.00,22.00,7.00,
2024-03-27T03:44:00Z,79.00,74.00,57.00,45.58,22.00,7.00,
2024-03-27T13:33:00Z,79.00,75.00,57.00,45.58,22.00,7.00,
2024-03-27T13:35:00Z,80.00,75.00,57.00,45.58,22.00,7.00,
2024-03-27T13:41:00Z,80.00,75.00,57.00,45.58,22.00,7.00,
2024-03-27T13:55:00Z,80.00,75.00,57.00,45.00,22.00,7.00,
2024-03-27T14:28:00Z,80.00,76.00,57.00,45.00,22.00,7.00,
2024-03-27T14:42:00Z,80.00,76.00,57.00,45.00,22.00,7.00,
2024-03-27T14:47:00Z,80.00,76.00,57.00,43.00,22.00,7.00,
2024-03-27T16:04:00Z,80.00,76.00,57.00,43.00,22.00,7.00,
2024-03-27T16:19:00Z,80.00,76.00,57.00,43.00,22.00,7.00,
2024-03-27T16:41:00Z,80.00,73.14,57.00,43.00,22.00,7.00,
2024-03-27T16:42:00Z,80.00,72.00,57.00,43.00,22.00,7.00,
2024-03-27T17:10:00Z,80.00,72.00,55.00,43.00,22.00,7.00,
2024-03-27T18:12:00Z,80.00,72.00,55.00,44.52,22.00,7.00,
2024-03-27T20:03:00Z,80.00,72.00,55.00,44.52,22.00,7.00,
2024-03-27T20:04:00Z,80.00,72.00,55.00,44.52,22.00,6.00,
2024-03-27T20:20:00Z,80.00,72.00,56.00,44.52,22.00,6.00,
2024-03-27T21:53:00Z,80.00,72.00,56.00,44.52,22.00,6.00,
2024-03-27T23:18:00Z,80.00,72.00,56.00,44.52,22.00,6.00,
2024-03-27T23:48:00Z,80.00,69.58,56.00,44.52,22.00,6.00,
2024-03-28T00:02:00Z,80.00,69.58,56.00,44.52,22.00,7.00,
2024-03-28T01:35:00Z,80.00,68.00,56.00,44.52,22.00,7.00,
2024-03-28T01:53:00Z,80.00,72.00,56.00,44.52,22.00,7.00,
2024-03-28T01:54:00Z,80.00,72.00,56.00,44.52,22.00,7.00,
2024-03-28T03:00:00Z,80.00,72.00,56.00,44.00,22.00,7.00,
2024-03-28T03:36:00Z,80.00,72.00,56.00,44.00,22.00,7.00,
2024-03-28T13:40:00Z,80.00,72.00,56.00,44.00,22.00,7.00,
2024-03-28T13:41:00Z,80.00,74.00,56.00,44.00,22.00,7.00,
2024-03-28T13:43:00Z,80.00,74.00,56.00,45.00,22.00,7.00,
2024-03-28T13:44:00Z,80.00,74.00,57.00,45.00,22.00,7.00,
2024-03-28T14:46:00Z,79.00,74.00,57.00,45.00,22.00,7.00,
2024-03-28T14:58:00Z,82.20,74.00,57.00,45.00,22.00,7.00,
2024-03-28T15:48:00Z,81.00,74.00,57.00,45.00,22.00,7.00,
2024-03-28T16:50:00Z,81.00,74.00,59.00,45.00,22.00,7.00,
2024-03-28T18:25:00Z,81.00,74.00,59.00,45.00,22.00,7.00,
2024-03-28T18:28:00Z,81.00,76.00,59.00,45.00,22.00,7.00,
2024-03-28T18:45:00Z,81.00,76.00,57.00,44.00,22.00,7.00,
2024-03-28T19:35:00Z,81.00,76.00,57.00,44.00,22.00,7.00,
2024-03-28T19:36:00Z,81.00,76.00,57.00,44.00,22.00,7.00,
2024-03-28T19:48:00Z,81.00,76.00,57.00,44.00,22.00,7.00,
2024-03-28T20:06:00Z,82.00,76.00,57.00,44.00,22.00,7.00,
2024-03-28T20:52:00Z,82.00,76.00,57.00,44.00,22.00,7.00,
2024-03-28T20:53:00Z,82.00,76.00,57.00,44.00,23.00,7.00,
2024-03-28T21:29:00Z,82.00,76.00,57.00,44.00,23.00,7.00,
2024-03-28T21:44:00Z,82.00,76.00,57.00,44.00,23.00,7.00,
2024-03-28T23:04:00Z,82.00,76.00,54.00,44.00,23.00,7.00,
2024-03-28T23:18:00Z,84.00,76.00,60.50,49.00,23.00,7.00,
2024-03-28T23:21:00Z,89.00,76.00,60.50,51.00,23.00,7.00,
2024-03-28T23:22:00Z,89.00,81.00,60.50,51.00,23.00,7.00,
2024-03-28T23:24:00Z,89.00,81.00,62.00,51.00,23.00,7.00,
2024-03-28T23:26:00Z,89.00,81.00,62.00,51.00,23.00,7.00,
2024-03-28T23:28:00Z,90.00,81.00,62.00,51.00,23.00,6.00,
2024-03-28T23:31:00Z,89.00,81.00,62.00,51.00,23.00,6.00,
2024-03-28T23:33:00Z,89.00,81.00,62.00,51.00,24.00,6.00,
2024-03-28T23:36:00Z,90.00,81.00,62.00,51.00,24.00,6.00,
2024-03-28T23:56:00Z,90.00,81.00,62.00,51.00,24.00,6.00,
2024-03-29T00:38:00Z,90.00,81.00,62.00,51.00,21.54,6.00,
2024-03-29T00:40:00Z,90.00,81.00,62.00,51.00,23.00,6.00,
2024-03-29T00:41:00Z,90.00,81.00,61.66,51.00,23.00,6.00,
2024-03-29T01:31:00Z,90.00,81.00,61.66,51.00,23.00,7.00,
2024-03-29T12:02:00Z,90.00,81.00,61.66,51.00,23.00,8.98,
2024-03-29T13:35:00Z,90.00,75.50,61.66,48.50,23.00,8.98,
2024-03-29T13:36:00Z,90.00,80.00,61.66,50.50,23.00,8.98,
2024-03-29T13:38:00Z,90.00,80.00,62.00,50.50,23.00,8.98,
2024-03-29T14:01:00Z,90.00,80.00,62.00,50.50,23.00,6.00,
2024-03-29T14:35:00Z,87.00,80.00,62.00,50.50,23.00,6.00,
2024-03-29T14:38:00Z,87.00,81.00,63.33,50.50,23.00,6.00,
2024-03-29T14:54:00Z,87.00,81.00,63.33,48.30,23.00,6.00,
2024-03-29T15:36:00Z,88.00,81.00,63.33,48.30,23.00,6.00,
2024-03-29T15:47:00Z,88.00,81.00,63.33,48.30,23.00,6.00,
2024-03-29T16:11:00Z,88.00,81.00,63.33,48.30,23.00,5.00,
2024-03-29T16:53:00Z,88.00,81.00,63.33,48.30,23.00,5.00,
2024-03-29T16:56:00Z,88.00,81.00,63.33,48.30,23.00,5.00,
2024-03-29T17:14:00Z,88.00,79.00,63.33,48.30,23.00,5.00,
2024-03-29T17:18:00Z,88.00,79.00,63.33,48.30,23.00,5.00,
2024-03-29T17:33:00Z,88.00,79.00,63.33,48.30,23.00,5.00,
2024-03-29T17:45:00Z,88.00,79.00,63.33,48.30,23.00,5.00,
2024-03-29T17:46:00Z,88.00,79.00,63.33,48.30,23.00,6.00,
2024-03-29T17:50:00Z,88.00,79.00,63.33,48.30,23.00,6.00,
2024-03-29T18:10:00Z,87.00,79.00,63.33,48.30,23.00,6.00,
2024-03-29T18:22:00Z,88.00,79.00,63.33,48.30,23.00,6.00,
2024-03-29T18:55:00Z,88.00,79.00,63.33,49.00,23.00,6.00,
2024-03-29T19:30:00Z,88.00,79.00,63.33,49.00,23.00,5.00,
2024-03-29T19:57:00Z,88.00,79.00,63.33,49.00,23.00,5.00,
2024-03-29T20:52:00Z,88.00,79.00,59.00,49.00,23.00,5.00,
2024-03-29T21:09:00Z,88.00,79.00,59.00,49.00,23.00,5.00,
2024-03-29T22:20:00Z,88.00,79.00,59.00,52.00,23.00,5.00,
2024-03-29T23:08:00Z,87.00,79.00,59.00,52.00,23.00,5.00,
2024-03-29T23:29:00Z,88.00,79.00,59.00,52.00,23.00,5.00,
2024-03-29T23:36:00Z,87.00,79.00,59.00,52.00,23.00,5.00,
2024-03-29T23:39:00Z,88.00,79.00,59.00,52.00,23.00,5.00,
2024-03-29T23:40:00Z,88.00,79.00,59.00,52.00,21.00,5.00,
2024-03-29T23:42:00Z,87.00,79.00,59.00,52.00,21.00,5.00,
2024-03-30T01:28:00Z,88.00,79.00,59.00,52.00,21.00,5.00,
2024-03-30T01:33:00Z,88.00,79.00,59.00,52.00,21.00,5.00,
2024-03-30T01:45:00Z,89.00,79.00,59.00,52.00,21.00,5.00,
2024-03-30T01:54:00Z,89.00,79.00,59.00,49.00,21.00,5.00,
2024-03-30T02:55:00Z,89.00,79.00,59.00,49.00,21.00,5.00,
2024-03-30T14:42:00Z,89.00,79.00,65.44,49.00,21.00,5.00,
2024-03-30T14:44:00Z,89.00,79.00,65.44,49.00,21.00,6.00,
2024-03-30T14:51:00Z,89.00,79.00,65.44,49.00,21.00,6.00,
2024-03-30T15:14:00Z,89.00,73.00,57.00,47.55,18.00,6.00,
2024-03-30T16:35:00Z,89.00,73.00,57.00,47.55,20.25,6.00,
2024-03-30T16:47:00Z,89.00,73.00,57.00,47.55,20.25,5.00,
2024-03-30T16:56:00Z,89.00,73.00,57.00,47.55,22.00,5.00,
2024-03-30T16:58:00Z,89.00,78.00,57.00,47.55,22.00,5.00,
2024-03-30T17:10:00Z,89.00,78.00,57.00,48.00,22.00,5.00,
2024-03-30T18:04:00Z,89.00,78.00,57.00,48.00,22.00,5.00,
2024-03-30T18:11:00Z,89.00,78.00,57.00,50.00,22.00,5.00,
2024-03-30T18:23:00Z,89.00,78.00,57.00,50.00,22.00,5.00,
2024-03-30T18:44:00Z,89.00,78.00,62.00,50.00,22.00,5.00,
2024-03-30T18:51:00Z,89.00,78.00,62.00,50.90,22.00,5.00,
2024-03-30T18:52:00Z,89.00,78.00,62.00,52.00,22.00,5.00,
2024-03-30T18:56:00Z,89.00,78.00,62.00,52.00,22.00,5.00,
2024-03-30T19:10:00Z,89.00,78.00,62.00,52.00,22.00,5.00,
2024-03-30T19:14:00Z,89.00,78.00,62.00,52.00,22.00,5.00,
2024-03-30T19:15:00Z,89.00,78.00,62.00,52.00,22.00,5.00,
2024-03-30T19:17:00Z,89.00,74.76,62.00,52.00,22.00,5.00,
2024-03-30T19:18:00Z,89.00,74.57,62.00,44.07,22.00,5.00,
2024-03-30T19:19:00Z,84.00,74.57,62.00,44.07,22.00,5.00,
2024-03-30T19:32:00Z,84.00,74.57,62.00,44.07,22.00,5.00,
2024-03-30T19:38:00Z,84.00,74.57,62.00,44.07,22.00,5.00,
2024-03-30T20:03:00Z,84.00,74.57,62.00,44.07,22.00,5.00,
2024-03-30T20:41:00Z,84.00,74.57,62.00,51.00,22.00,5.00,
2024-03-30T21:02:00Z,84.00,74.57,62.00,51.00,22.00,5.00,
2024-03-30T21:04:00Z,84.00,74.57,62.00,46.33,22.00,5.00,
2024-03-30T21:09:00Z,84.00,75.28,62.00,46.33,22.00,5.00,
2024-03-30T21:10:00Z,84.00,75.00,62.00,46.33,22.00,5.00,
2024-03-30T21:11:00Z,84.00,75.00,62.00,46.33,22.00,5.00,
2024-03-30T21:12:00Z,84.00,75.00,62.00,46.33,22.00,5.00,
2024-03-30T21:13:00Z,84.00,75.00,62.00,46.33,22.00,5.00,
2024-03-30T21:14:00Z,84.00,72.76,62.00,46.33,22.00,5.00,
2024-03-30T21:23:00Z,84.00,72.76,62.00,51.00,22.00,5.00,
2024-03-31T00:05:00Z,84.00,75.00,62.00,51.00,22.00,5.00,
2024-03-31T00:11:00Z,84.00,75.00,62.00,51.00,22.00,5.00,
2024-03-31T00:18:00Z,84.00,75.00,62.00,51.00,22.00,5.00,
2024-03-31T00:21:00Z,84.00,75.00,62.00,51.00,22.00,5.00,
2024-03-31T00:41:00Z,84.00,75.00,62.00,51.00,22.00,5.00,
2024-03-31T00:56:00Z,84.00,75.00,62.00,51.00,22.00,5.00,
2024-03-31T01:05:00Z,84.00,75.00,62.00,51.00,22.00,5.00,
2024-03-31T01:32:00Z,84.00,75.00,62.00,51.00,22.00,5.00,
2024-03-31T13:42:00Z,84.00,81.33,62.00,51.00,22.00,5.00,
2024-03-31T14:58:00Z,84.00,81.33,62.00,50.00,22.00,5.00,
2024-03-31T15:14:00Z,87.00,81.33,62.00,50.00,22.00,5.00,
2024-03-31T16:24:00Z,87.00,81.33,57.00,50.00,22.00,5.00,
2024-03-31T16:30:00Z,87.00,81.33,57.00,50.00,22.00,5.00,
2024-03-31T16:50:00Z,87.00,80.00,57.00,50.00,22.00,5.00,
2024-03-31T17:50:00Z,87.00,80.00,57.00,43.57,22.00,5.00,
2024-03-31T17:51:00Z,86.00,80.00,57.00,43.57,22.00,5.00,
2024-03-31T17:52:00Z,86.00,80.00,55.33,43.57,22.00,5.00,
2024-03-31T17:57:00Z,86.00,80.00,55.33,43.57,17.20,5.00,
2024-03-31T17:58:00Z,86.00,80.00,55.33,43.57,16.14,5.00,
2024-03-31T18:07:00Z,86.00,80.00,55.33,43.57,16.14,6.00,
2024-03-31T18:24:00Z,86.00,80.00,55.33,43.57,16.00,6.00,
2024-03-31T18:31:00Z,86.00,80.00,63.00,43.57,16.00,6.00,
2024-03-31T21:26:00Z,88.00,80.00,63.00,43.57,16.00,6.00,
2024-03-31T21:28:00Z,88.00,80.00,63.00,43.57,16.00,6.00,
2024-03-31T21:31:00Z,88.00,80.00,63.00,43.57,16.00,6.00,
2024-03-31T21:32:00Z,88.00,80.00,63.00,43.57,15.00,6.00,
2024-03-31T21:41:00Z,88.00,80.00,63.00,43.57,15.00,6.00,
2024-03-31T22:03:00Z,88.00,80.00,63.00,43.57,15.00,6.00,
2024-03-31T22:36:00Z,88.00,80.00,63.00,43.57,15.00,4.00,
2024-03-31T23:23:00Z,88.00,80.00,63.00,47.00,15.00,4.00,
2024-03-31T23:48:00Z,88.00,80.00,63.00,47.00,19.00,4.00,
2024-03-31T23:49:00Z,88.00,80.00,63.00,47.00,19.00,4.00,
2024-04-01T00:05:00Z,88.00,80.00,63.00,47.00,19.00,4.00,
2024-04-01T00:07:00Z,88.00,80.00,63.00,47.00,20.00,4.00,
2024-04-01T01:24:00Z,88.00,80.00,63.00,47.00,19.00,4.00,
2024-04-01T01:59:00Z,88.00,80.00,63.00,47.00,19.00,4.00,
2024-04-01T02:18:00Z,88.00,80.00,63.00,55.44,19.00,4.00,
2024-04-01T02:21:00Z,88.00,80.00,63.00,55.44,19.00,4.00,
2024-04-01T02:51:00Z,88.00,78.00,63.00,55.44,19.00,4.00,
2024-04-01T03:31:00Z,86.00,78.00,63.00,55.44,19.00,4.00,
2024-04-01T13:36:00Z,86.00,78.00,62.00,55.44,19.00,4.00,
2024-04-01T13:44:00Z,86.00,78.00,62.00,55.44,20.00,4.00,
2024-04-01T13:57:00Z,86.00,78.00,62.00,49.96,20.00,4.00,
2024-04-01T14:17:00Z,86.00,78.00,62.00,49.96,16.48,4.00,
2024-04-01T15:17:00Z,86.00,78.00,61.00,49.96,16.48,4.00,
2024-04-01T16:01:00Z,86.00,78.00,61.00,49.00,16.48,4.00,
2024-04-01T16:18:00Z,86.00,78.00,61.00,49.00,16.48,4.00,
2024-04-01T16:31:00Z,86.00,78.00,61.00,49.00,16.48,4.00,
2024-04-01T17:06:00Z,86.00,78.00,61.00,49.00,16.48,4.00,
2024-04-01T17:14:00Z,86.00,78.00,61.00,49.00,12.77,4.00,
2024-04-01T17:15:00Z,86.00,78.00,61.00,48.00,12.77,4.00,
2024-04-01T17:17:00Z,86.00,78.00,54.35,48.00,12.77,4.00,
2024-04-01T19:53:00Z,86.00,78.00,60.00,48.00,12.77,4.00,
2024-04-01T20:30:00Z,86.00,78.00,60.00,48.00,12.00,4.00,
2024-04-01T21:02:00Z,86.00,78.00,60.00,42.00,12.00,4.00,
2024-04-01T21:15:00Z,86.00,78.00,60.00,42.00,12.00,4.00,
2024-04-01T21:41:00Z,86.00,78.00,60.00,47.90,12.00,4.00,
2024-04-01T22:04:00Z,86.00,78.00,60.00,47.90,15.00,4.00,
2024-04-01T22:07:00Z,86.00,78.00,60.00,47.90,15.00,4.00,
2024-04-01T22:27:00Z,86.00,78.00,60.00,50.37,15.00,4.00,
2024-04-01T22:33:00Z,86.00,78.00,60.00,51.00,15.00,4.00,
2024-04-01T22:34:00Z,86.00,78.00,60.00,51.00,15.00,4.00,
2024-04-01T23:06:00Z,86.00,78.00,60.00,51.00,15.00,4.00,
2024-04-01T23:13:00Z,86.00,78.00,60.00,51.00,15.00,4.00,
2024-04-01T23:41:00Z,84.00,78.00,60.00,51.00,15.00,4.00,
2024-04-01T23:52:00Z,84.00,78.00,60.00,51.00,14.00,4.00,
2024-04-01T23:53:00Z,84.00,78.00,60.00,51.00,15.00,4.00,
2024-04-02T01:28:00Z,84.00,78.00,58.00,51.00,15.00,4.00,
2024-04-02T01:31:00Z,84.00,78.00,58.00,46.00,15.00,4.00,
2024-04-02T01:57:00Z,84.00,78.00,58.00,46.00,15.00,4.00,
2024-04-02T02:05:00Z,84.00,78.00,58.00,46.00,15.00,4.00,
2024-04-02T02:29:00Z,84.00,78.00,56.00,45.00,15.00,4.00,
2024-04-02T02:31:00Z,84.00,74.00,56.00,45.00,15.00,4.00,
2024-04-02T02:36:00Z,84.00,74.00,56.00,45.00,15.00,4.00,
2024-04-02T02:37:00Z,84.00,73.00,56.00,44.00,15.00,4.00,
2024-04-02T02:38:00Z,83.00,73.00,56.00,44.00,15.00,4.00,
2024-04-02T02:39:00Z,82.00,72.00,56.00,44.00,15.00,4.00,
2024-04-02T02:40:00Z,80.50,70.50,53.00,44.00,15.00,4.00,
2024-04-02T02:41:00Z,80.50,70.50,53.00,44.00,15.00,4.00,
2024-04-02T02:44:00Z,80.50,70.50,53.00,44.00,15.00,4.00,
2024-04-02T02:51:00Z,82.00,70.50,53.00,44.00,15.00,4.00,
2024-04-02T02:52:00Z,82.00,70.50,53.00,44.00,15.00,4.00,
2024-04-02T02:53:00Z,82.00,70.50,53.00,44.00,15.00,4.00,
2024-04-02T02:54:00Z,82.00,72.00,53.00,44.00,15.00,4.00,
2024-04-02T02:55:00Z,82.00,72.00,55.00,44.00,15.00,4.00,
2024-04-02T02:56:00Z,82.00,72.00,55.33,44.00,15.00,4.00,
2024-04-02T02:57:00Z,82.00,72.00,55.33,44.00,15.00,4.00,
2024-04-02T02:58:00Z,82.00,72.00,55.33,44.00,15.00,4.00,
2024-04-02T02:59:00Z,82.00,72.00,55.33,44.00,15.00,4.00,
2024-04-02T03:00:00Z,82.00,72.00,55.33,44.00,15.00,4.00,
2024-04-02T03:05:00Z,82.00,72.00,55.33,44.00,15.00,4.00,
2024-04-02T03:23:00Z,81.00,72.00,55.33,44.00,15.00,4.00,
2024-04-02T03:25:00Z,81.00,72.00,55.33,44.00,15.00,4.00,
2024-04-02T03:30:00Z,76.63,72.00,55.33,44.00,15.00,4.00,
2024-04-02T03:48:00Z,76.63,72.00,55.33,44.00,15.00,4.00,
2024-04-02T03:52:00Z,76.63,72.00,53.00,44.00,15.00,4.00,
2024-04-02T12:01:00Z,76.63,72.00,53.00,40.00,13.00,4.00,
2024-04-02T12:02:00Z,76.63,68.00,53.00,40.00,13.00,4.00,
2024-04-02T12:25:00Z,79.00,68.00,53.00,40.00,13.00,4.00,
2024-04-02T12:59:00Z,79.00,68.00,53.00,39.00,13.00,4.00,
2024-04-02T13:07:00Z,79.00,68.00,53.00,39.00,13.00,4.00,
2024-04-02T13:08:00Z,79.00,68.00,53.00,39.00,13.00,4.00,
2024-04-02T13:33:00Z,75.00,68.00,53.00,39.00,13.00,4.00,
2024-04-02T13:35:00Z,75.00,68.00,53.00,38.00,13.00,4.00,
2024-04-02T15:04:00Z,75.00,68.00,53.00,38.00,13.00,4.00,
2024-04-02T15:09:00Z,75.00,68.00,53.00,38.00,13.00,4.00,
2024-04-02T16:59:00Z,75.00,68.00,53.00,38.00,11.00,4.00,
2024-04-02T17:35:00Z,78.75,71.50,53.00,38.00,11.00,4.00,
2024-04-02T17:36:00Z,78.75,71.50,53.00,43.50,11.00,4.00,
2024-04-02T17:37:00Z,77.00,71.50,53.00,43.50,11.00,4.00,
2024-04-02T17:38:00Z,77.00,71.50,53.00,43.50,11.00,4.00,
2024-04-02T17:54:00Z,77.00,71.50,53.00,43.50,11.00,4.00,
2024-04-02T19:50:00Z,77.00,71.50,53.00,43.50,12.00,4.00,
2024-04-02T19:58:00Z,77.00,71.50,53.00,43.50,13.00,4.00,
2024-04-02T20:22:00Z,77.00,69.00,53.00,43.50,13.00,4.00,
2024-04-02T20:53:00Z,77.00,69.00,53.00,43.50,13.00,4.00,
2024-04-02T20:59:00Z,77.00,69.00,53.00,43.50,13.00,4.00,
2024-04-02T21:11:00Z,77.00,69.00,53.00,43.50,13.00,4.00,
2024-04-02T21:28:00Z,77.00,69.00,53.00,43.50,13.00,5.00,
2024-04-02T22:12:00Z,77.00,69.00,53.00,43.50,13.00,5.00,
2024-04-02T23:42:00Z,77.00,69.00,53.00,43.50,14.49,5.00,
2024-04-02T23:59:00Z,77.00,69.00,53.00,43.50,13.00,5.00,
2024-04-03T00:01:00Z,77.00,69.00,53.00,43.50,13.00,5.00,
2024-04-03T00:17:00Z,77.00,69.00,53.00,43.50,13.00,5.00,
2024-04-03T00:33:00Z,77.00,68.00,53.00,43.50,13.00,5.00,
2024-04-03T00:34:00Z,77.00,68.00,53.00,43.50,13.00,5.00,
2024-04-03T00:39:00Z,77.00,68.00,53.00,40.00,13.00,5.00,
2024-04-03T00:40:00Z,77.00,68.00,46.46,40.00,13.00,5.00,
2024-04-03T00:44:00Z,77.00,68.00,46.46,40.00,13.00,5.00,
2024-04-03T00:53:00Z,77.00,68.00,46.46,40.00,13.00,5.00,
2024-04-03T01:20:00Z,77.00,69.00,46.46,40.00,13.00,5.00,
2024-04-03T02:49:00Z,79.49,69.00,46.46,40.00,13.00,5.00,
2024-04-03T02:58:00Z,79.49,69.85,46.46,40.00,13.00,5.00,
2024-04-03T03:22:00Z,79.49,69.85,46.46,40.00,13.00,5.00,
2024-04-03T03:31:00Z,79.49,69.00,46.46,40.00,13.00,5.00,
2024-04-03T03:57:00Z,79.49,69.00,52.00,40.00,13.00,5.00,
2024-04-03T12:27:00Z,79.49,69.00,53.44,40.00,13.00,5.00,
2024-04-03T13:04:00Z,79.49,68.00,53.44,40.00,13.00,5.00,
2024-04-03T13:14:00Z,79.49,68.00,53.44,40.00,13.00,5.00,
2024-04-03T13:22:00Z,79.49,68.00,53.44,40.00,13.00,5.00,
2024-04-03T13:27:00Z,79.49,68.00,53.44,40.00,13.00,5.69,
2024-04-03T13:29:00Z,79.49,68.00,53.44,40.00,13.00,5.00,
2024-04-03T13:37:00Z,79.49,68.00,53.44,40.00,13.00,5.00,
2024-04-03T13:45:00Z,79.49,68.00,53.44,40.00,13.00,5.00,
2024-04-03T14:04:00Z,79.49,68.00,53.44,40.00,13.00,5.00,
2024-04-03T14:07:00Z,79.49,68.00,53.44,40.00,13.00,5.00,
2024-04-03T14:08:00Z,79.49,68.00,53.44,40.00,13.00,5.00,
2024-04-03T14:09:00Z,79.49,68.00,53.44,40.00,13.00,5.00,
2024-04-03T14:10:00Z,79.49,68.00,53.44,40.00,13.00,5.00,
2024-04-03T14:11:00Z,79.49,68.00,53.44,40.00,13.00,5.00,
2024-04-03T14:12:00Z,79.49,68.00,53.44,40.00,13.00,5.00,
2024-04-03T14:28:00Z,79.49,69.00,53.44,40.00,13.00,5.00,
2024-04-03T14:37:00Z,79.49,69.00,53.44,40.00,13.00,5.00,
2024-04-03T15:32:00Z,79.49,69.00,53.44,40.00,13.00,5.00,
2024-04-03T16:28:00Z,79.49,69.00,51.00,40.00,13.00,5.00,
2024-04-03T16:29:00Z,79.49,69.00,51.00,37.30,13.00,5.00,
2024-04-03T16:58:00Z,79.49,69.00,51.00,37.30,13.00,5.00,
2024-04-03T17:29:00Z,79.49,69.00,49.27,37.30,13.00,5.00,
2024-04-03T17:42:00Z,78.00,69.00,49.27,37.30,13.00,5.00,
2024-04-03T17:49:00Z,78.00,69.00,49.27,37.30,13.00,5.00,
2024-04-03T17:52:00Z,78.00,69.00,49.27,37.30,13.00,5.00,
2024-04-03T17:53:00Z,78.00,69.00,49.27,37.30,13.00,5.00,
2024-04-03T18:07:00Z,78.00,69.00,49.27,37.30,13.00,5.00,
2024-04-03T18:10:00Z,78.00,69.00,49.27,37.30,13.00,5.00,
2024-04-03T18:46:00Z,78.00,69.00,49.27,37.30,13.00,5.00,
2024-04-03T19:00:00Z,78.00,69.00,49.27,37.30,13.00,5.00,
2024-04-03T19:13:00Z,78.00,69.00,49.00,37.30,13.00,5.00,
2024-04-03T19:24:00Z,78.00,69.00,49.00,40.00,13.00,5.00,
2024-04-03T19:26:00Z,78.00,69.00,49.00,40.00,13.00,5.00,
2024-04-03T19:43:00Z,78.00,69.00,49.00,41.37,13.00,5.00,
2024-04-03T19:45:00Z,78.00,69.00,49.00,40.00,13.00,5.00,
2024-04-03T20:05:00Z,78.00,69.00,49.00,40.00,13.00,5.00,
2024-04-03T20:36:00Z,78.00,69.00,49.00,40.00,13.00,5.00,
2024-04-03T22:00:00Z,78.00,69.00,49.00,40.00,14.00,5.00,
2024-04-03T22:33:00Z,78.00,69.00,49.00,42.88,14.00,5.00,
2024-04-03T22:35:00Z,78.60,69.00,49.00,42.88,14.00,5.00,
2024-04-03T23:13:00Z,78.60,69.00,51.00,42.88,14.00,5.00,
2024-04-03T23:34:00Z,78.60,69.00,52.50,42.88,14.00,5.00,
2024-04-03T23:36:00Z,78.60,69.00,54.00,42.88,14.00,5.00,
2024-04-03T23:44:00Z,78.60,70.00,54.00,42.88,14.00,5.00,
2024-04-04T00:24:00Z,78.60,70.00,54.00,42.00,14.00,5.00,
2024-04-04T00:31:00Z,78.60,70.00,54.00,41.37,14.00,5.00,
2024-04-04T00:39:00Z,78.60,70.00,54.00,43.00,14.00,5.00,
2024-04-04T00:49:00Z,78.60,70.00,55.00,43.00,14.00,5.00,
2024-04-04T00:53:00Z,78.60,70.00,55.00,43.00,14.00,5.00,
2024-04-04T00:55:00Z,80.00,70.00,55.00,43.00,14.00,5.00,
2024-04-04T01:22:00Z,80.00,70.00,56.00,43.00,14.00,5.00,
2024-04-04T03:08:00Z,80.00,70.00,56.00,43.00,13.00,5.00,
2024-04-04T12:19:00Z,80.00,70.00,57.50,43.00,13.00,5.00,
2024-04-04T13:24:00Z,81.00,71.34,57.50,43.16,13.00,5.00,
2024-04-04T13:35:00Z,81.00,71.34,57.50,43.16,13.00,5.00,
2024-04-04T13:48:00Z,81.00,73.00,57.50,43.16,13.00,5.00,
2024-04-04T13:53:00Z,82.00,73.00,57.50,43.16,13.00,5.00,
2024-04-04T14:14:00Z,82.00,73.00,57.50,45.00,13.00,5.00,
2024-04-04T14:18:00Z,82.00,73.00,59.00,45.00,13.00,5.00,
2024-04-04T14:33:00Z,82.00,73.00,60.00,45.00,13.00,5.00,
2024-04-04T14:41:00Z,82.00,73.00,60.00,44.00,13.00,5.00,
2024-04-04T14:45:00Z,82.00,74.00,60.00,44.00,13.00,5.00,
2024-04-04T14:57:00Z,82.00,74.00,60.00,44.00,15.00,5.00,
2024-04-04T15:03:00Z,83.00,74.00,60.00,44.00,15.00,5.00,
2024-04-04T15:06:00Z,83.00,71.88,60.00,44.00,15.00,5.00,
2024-04-04T15:07:00Z,83.00,71.88,60.00,44.00,15.00,4.32,
2024-04-04T16:22:00Z,83.00,74.00,60.00,44.00,15.00,4.32,
2024-04-04T16:24:00Z,83.00,74.00,60.00,45.00,15.00,4.32,2.00
2024-04-04T17:53:00Z,83.00,75.00,60.00,45.00,15.00,4.32,2.00
2024-04-04T17:55:00Z,84.00,75.00,60.00,45.00,15.00,4.32,2.00
2024-04-04T17:59:00Z,84.00,75.00,60.00,45.00,15.00,4.32,2.00
2024-04-04T18:00:00Z,84.00,75.00,60.00,45.00,15.00,4.32,2.00
2024-04-04T18:04:00Z,85.00,75.00,60.00,45.00,15.00,4.32,2.00
2024-04-04T18:18:00Z,85.00,76.00,60.00,45.00,15.00,4.32,2.00
2024-04-04T19:52:00Z,87.00,76.00,60.00,45.00,15.00,4.32,2.00
2024-04-04T20:55:00Z,87.00,76.00,60.00,45.00,15.00,4.32,2.00
2024-04-04T21:34:00Z,87.00,76.00,60.00,45.00,15.00,4.32,2.00
2024-04-04T22:52:00Z,82.00,76.00,60.00,45.00,15.00,4.32,2.00
2024-04-04T23:16:00Z,82.00,76.00,60.00,45.00,15.00,4.32,2.00
2024-04-04T23:56:00Z,82.00,76.00,56.03,45.00,15.00,4.32,2.00
2024-04-05T00:02:00Z,82.00,76.00,56.03,45.00,15.00,4.32,2.00
2024-04-05T00:14:00Z,82.00,76.00,56.03,47.50,15.00,4.32,2.00
2024-04-05T00:25:00Z,82.00,76.00,56.03,45.00,15.00,4.32,2.00
2024-04-05T13:54:00Z,82.00,76.00,56.03,45.00,14.00,4.32,2.00
2024-04-05T13:55:00Z,82.00,76.00,59.00,45.00,14.00,4.32,2.00
2024-04-05T14:04:00Z,82.00,76.00,59.00,45.00,14.00,4.32,2.00
2024-04-05T14:06:00Z,82.00,76.00,59.00,45.00,14.00,4.32,2.00
2024-04-05T14:57:00Z,83.00,77.00,59.00,45.00,14.00,4.32,2.00
2024-04-05T15:21:00Z,83.00,77.00,59.00,45.00,14.00,4.32,2.00
2024-04-05T17:41:00Z,83.00,77.00,59.00,45.00,14.00,4.32,2.00
2024-04-05T17:50:00Z,83.00,77.00,59.00,45.00,14.00,4.32,2.00
2024-04-05T17:54:00Z,83.00,77.00,59.00,45.00,14.00,4.32,2.00
2024-04-05T18:12:00Z,83.00,77.00,60.00,45.00,14.00,4.32,2.00
2024-04-05T18:34:00Z,83.00,77.00,60.00,45.00,14.00,5.00,2.00
2024-04-05T18:57:00Z,83.00,77.00,60.00,45.00,14.00,5.00,2.00
2024-04-05T23:08:00Z,83.00,75.00,60.00,45.00,14.00,5.00,2.00
2024-04-05T23:09:00Z,83.00,75.00,60.00,45.00,15.00,5.00,2.00
2024-04-06T00:07:00Z,83.00,75.00,59.00,45.00,15.00,5.00,2.00
2024-04-06T00:11:00Z,83.00,75.00,59.00,45.00,13.76,5.00,2.00
2024-04-06T00:28:00Z,83.00,75.00,59.00,45.00,14.00,5.00,2.00
2024-04-06T00:55:00Z,83.00,75.00,59.00,47.00,14.00,5.00,2.00
2024-04-06T02:28:00Z,83.00,75.00,59.00,47.00,14.00,5.00,2.00
2024-04-06T14:05:00Z,83.00,75.00,59.00,47.58,14.00,5.00,2.00
2024-04-06T15:53:00Z,83.00,74.00,59.00,47.58,14.00,5.00,2.00
2024-04-06T16:02:00Z,83.00,74.00,59.00,47.58,14.00,5.00,2.00
2024-04-06T16:52:00Z,83.00,74.00,55.99,47.58,14.00,5.00,2.00
2024-04-06T18:27:00Z,82.00,74.00,55.99,47.58,14.00,5.00,2.00
2024-04-06T18:28:00Z,83.00,74.00,55.99,47.58,14.00,5.00,2.00
2024-04-06T18:39:00Z,83.00,74.00,55.99,47.58,13.00,5.00,2.00
2024-04-06T20:19:00Z,82.00,74.00,55.99,47.58,13.00,5.00,2.00
2024-04-06T20:22:00Z,83.00,74.00,55.99,47.58,13.00,5.00,2.00
2024-04-06T20:35:00Z,84.00,75.71,55.99,47.58,13.00,5.00,2.00
2024-04-06T21:00:00Z,84.00,75.71,56.00,47.58,13.00,5.00,2.00
2024-04-06T21:15:00Z,84.00,75.71,56.00,47.58,14.84,5.00,2.00
2024-04-06T21:18:00Z,84.00,75.71,56.00,46.00,14.84,5.00,2.00
2024-04-06T22:41:00Z,84.00,75.71,56.00,46.00,14.84,5.00,2.00
2024-04-06T22:52:00Z,84.00,75.71,56.00,46.00,14.84,5.00,2.00
2024-04-06T22:55:00Z,84.00,75.71,56.00,46.00,14.84,5.00,2.00
2024-04-06T22:56:00Z,84.00,75.71,56.00,46.00,14.84,5.00,2.00
2024-04-06T22:57:00Z,84.00,75.71,56.00,46.00,14.84,5.00,2.00
2024-04-06T22:59:00Z,84.00,75.71,59.00,46.00,14.84,5.00,2.00
2024-04-06T23:08:00Z,86.00,75.71,59.00,46.00,14.84,5.00,2.00
2024-04-06T23:09:00Z,86.00,75.71,59.00,47.00,14.84,5.00,2.00
2024-04-06T23:52:00Z,86.57,75.71,59.00,47.00,14.84,5.00,2.00
2024-04-07T01:28:00Z,86.57,76.00,59.00,47.00,14.84,5.00,2.00
2024-04-07T01:53:00Z,86.57,76.00,60.00,47.00,14.84,5.00,2.00
2024-04-07T12:54:00Z,86.57,76.00,60.00,47.00,14.84,5.00,2.00
2024-04-07T13:57:00Z,86.57,76.00,60.00,47.00,14.84,5.00,2.00
2024-04-07T14:55:00Z,86.57,76.00,60.00,47.00,13.00,5.00,2.00
2024-04-07T14:58:00Z,86.57,76.00,60.00,47.00,14.00,5.00,2.00
2024-04-07T15:02:00Z,85.00,76.00,60.00,47.00,14.00,5.00,2.00
2024-04-07T15:05:00Z,85.00,78.00,60.00,47.00,14.00,5.00,2.00
2024-04-07T15:09:00Z,85.00,78.00,60.00,47.00,14.00,5.00,2.00
2024-04-07T15:13:00Z,85.00,79.00,60.00,46.00,14.00,5.00,2.00
2024-04-07T15:29:00Z,85.00,79.71,60.00,46.00,14.00,5.00,2.00
2024-04-07T15:48:00Z,85.00,78.00,60.00,46.00,14.00,5.00,2.00
2024-04-07T16:06:00Z,85.00,78.00,60.00,46.00,14.00,5.00,2.00
2024-04-07T16:20:00Z,85.00,78.00,60.00,46.00,14.00,5.00,2.00
2024-04-07T16:21:00Z,85.00,78.00,60.00,46.00,14.00,5.00,2.00
2024-04-07T16:31:00Z,85.00,78.00,60.00,46.00,14.00,5.00,2.00
2024-04-07T16:42:00Z,85.00,78.00,60.00,46.00,14.00,5.00,2.00
2024-04-07T17:53:00Z,85.00,78.00,60.00,48.83,14.00,5.00,2.00
2024-04-07T20:18:00Z,87.00,78.00,60.00,48.83,14.00,5.00,2.00
2024-04-07T20:45:00Z,87.00,78.00,60.00,45.00,14.00,5.00,2.00
2024-04-07T20:52:00Z,87.00,78.00,60.00,45.00,15.00,5.00,2.00
2024-04-08T01:23:00Z,87.00,79.00,60.00,45.00,15.00,5.00,2.00
2024-04-08T12:01:00Z,88.00,79.00,63.00,48.11,15.00,5.00,2.00
2024-04-08T12:02:00Z,90.00,79.00,63.00,48.11,15.00,5.00,2.00
2024-04-08T12:07:00Z,90.00,79.00,63.00,48.11,16.00,5.00,2.00
2024-04-08T12:16:00Z,92.00,79.00,63.00,48.11,16.00,5.00,2.00
2024-04-08T13:17:00Z,92.00,79.00,63.00,48.11,16.00,5.00,2.00
2024-04-08T13:30:00Z,92.00,79.00,63.00,48.11,16.00,5.00,2.00
2024-04-08T13:37:00Z,92.00,79.00,63.00,48.11,17.00,5.00,2.00
2024-04-08T13:51:00Z,92.00,79.00,63.00,50.00,17.00,5.00,2.00
2024-04-08T14:09:00Z,92.00,79.00,63.00,50.00,17.00,5.00,2.00
2024-04-08T14:10:00Z,92.00,79.00,63.00,50.00,17.00,5.00,2.00
2024-04-08T14:30:00Z,92.00,79.00,63.00,48.00,17.00,5.00,2.00
2024-04-08T14:51:00Z,92.00,79.00,63.00,51.00,17.00,5.00,2.00
2024-04-08T15:03:00Z,89.00,79.00,63.00,51.00,17.00,5.00,2.00
2024-04-08T15:06:00Z,90.00,79.00,63.00,51.00,17.00,5.00,2.00
2024-04-08T15:31:00Z,92.00,79.00,63.00,51.00,17.00,5.00,2.00
2024-04-08T16:42:00Z,92.00,79.00,64.00,51.00,17.00,5.00,2.00
2024-04-08T16:47:00Z,92.00,79.00,64.00,51.00,17.00,5.00,2.00
2024-04-08T18:44:00Z,92.00,79.00,64.00,50.00,17.00,5.00,2.00
2024-04-08T19:15:00Z,92.00,79.00,64.00,51.81,17.00,5.00,2.00
2024-04-08T19:51:00Z,92.00,79.00,64.00,51.81,16.00,5.00,2.00
2024-04-08T22:09:00Z,92.00,79.00,64.00,48.00,16.00,5.00,2.00
2024-04-08T22:12:00Z,92.00,79.00,64.00,49.00,16.00,5.00,2.00
2024-04-08T22:17:00Z,92.00,79.00,64.00,47.00,16.00,5.00,2.00
2024-04-08T22:43:00Z,92.00,79.00,64.00,47.00,16.00,5.00,2.00
2024-04-08T23:13:00Z,92.00,79.00,64.00,47.00,16.00,5.00,2.00
2024-04-09T01:58:00Z,92.00,79.00,64.00,47.00,16.00,5.00,2.00
2024-04-09T02:24:00Z,92.00,79.00,64.00,47.00,16.00,5.00,2.00
2024-04-09T14:35:00Z,92.00,79.00,64.00,47.00,15.00,5.00,2.00
2024-04-09T14:38:00Z,92.00,79.00,64.00,48.00,15.00,5.00,2.00
2024-04-09T15:12:00Z,85.00,79.00,64.00,48.00,15.00,5.00,2.00
2024-04-09T15:19:00Z,85.00,79.00,64.00,48.00,15.00,5.00,2.00
2024-04-09T15:34:00Z,85.00,79.00,64.00,48.00,15.00,5.00,2.00
2024-04-09T16:00:00Z,87.00,79.00,64.00,48.00,15.00,5.00,2.00
2024-04-09T16:11:00Z,85.00,79.00,64.00,48.00,15.00,5.00,2.00
2024-04-09T16:23:00Z,85.00,77.00,64.00,48.00,15.00,5.00,2.00
2024-04-09T16:33:00Z,85.00,77.00,64.00,48.00,15.00,5.00,2.00
2024-04-09T16:37:00Z,85.00,77.00,64.00,48.00,15.00,5.00,2.00
2024-04-09T16:52:00Z,85.00,77.00,64.00,48.00,14.00,5.00,2.00
2024-04-09T16:54:00Z,84.00,77.00,64.00,48.00,14.00,5.00,2.00
2024-04-09T17:13:00Z,84.00,77.00,64.00,48.00,14.00,5.00,2.00
2024-04-09T17:14:00Z,84.00,77.00,64.00,48.00,14.00,5.00,2.00
2024-04-09T17:17:00Z,84.00,77.00,64.00,48.00,14.00,5.00,2.00
2024-04-09T17:21:00Z,84.00,77.00,64.00,48.00,14.00,5.00,2.00
2024-04-09T17:42:00Z,84.00,77.00,64.00,44.00,14.00,5.00,2.00
2024-04-09T17:58:00Z,85.00,77.00,64.00,44.00,14.00,5.00,2.00
2024-04-09T18:05:00Z,85.00,77.00,64.00,44.00,14.00,5.00,2.00
2024-04-09T18:09:00Z,85.00,77.00,64.00,44.00,14.00,5.00,2.00
2024-04-09T18:15:00Z,85.00,77.00,64.00,44.00,14.00,5.00,2.00
2024-04-09T18:36:00Z,85.00,77.00,64.00,44.00,14.00,5.00,2.00
2024-04-09T18:45:00Z,85.00,77.00,64.00,44.00,14.00,4.00,2.00
2024-04-09T18:50:00Z,85.00,77.00,64.00,44.00,14.00,4.00,2.00
2024-04-09T22:01:00Z,85.00,77.00,64.00,45.00,14.00,4.00,2.00
2024-04-09T23:19:00Z,85.00,77.00,64.00,45.00,14.00,4.00,2.00
2024-04-10T01:07:00Z,85.00,77.00,64.00,45.00,14.00,4.00,2.00
2024-04-10T01:20:00Z,85.00,77.00,64.00,45.00,14.00,4.00,2.00
2024-04-10T01:41:00Z,85.00,77.00,64.00,45.00,14.00,4.00,2.00
2024-04-10T02:02:00Z,86.00,77.00,64.00,45.00,14.00,4.00,2.00
2024-04-10T12:32:00Z,84.00,77.00,64.00,45.00,14.00,4.00,2.00
2024-04-10T12:41:00Z,84.00,73.00,64.00,45.00,14.00,4.00,2.00
2024-04-10T12:43:00Z,84.00,73.00,64.00,45.00,14.00,4.00,2.00
2024-04-10T13:03:00Z,84.00,73.00,64.00,45.00,14.00,4.00,2.00
2024-04-10T13:10:00Z,84.00,73.00,64.00,45.00,14.00,4.00,2.00
2024-04-10T13:23:00Z,84.00,73.00,64.00,45.00,14.00,4.00,2.00
2024-04-10T14:45:00Z,84.00,73.00,64.00,45.00,14.00,4.00,2.00
2024-04-10T15:35:00Z,85.00,73.00,64.00,45.00,14.00,4.00,2.00
2024-04-10T16:02:00Z,86.00,73.00,64.00,45.00,14.00,4.00,2.00
2024-04-10T16:51:00Z,86.00,73.00,57.00,45.00,14.00,4.00,2.00
2024-04-10T17:23:00Z,86.00,73.00,57.00,45.00,14.00,4.00,2.00
2024-04-10T19:51:00Z,86.00,73.00,57.00,46.00,14.00,4.00,2.00
2024-04-10T20:03:00Z,86.00,78.00,57.00,46.00,14.00,4.00,2.00
2024-04-10T22:27:00Z,88.00,78.00,57.00,46.00,14.00,4.00,2.00
2024-04-11T00:10:00Z,88.00,78.00,57.00,46.00,15.00,4.00,2.00
2024-04-11T02:26:00Z,88.00,78.00,57.00,48.00,15.00,4.00,2.00
2024-04-11T02:52:00Z,88.00,78.00,57.00,48.00,15.00,4.00,2.00
2024-04-11T03:46:00Z,88.00,78.00,57.00,48.00,15.00,4.00,2.00
2024-04-11T12:44:00Z,88.00,78.00,57.00,50.00,15.00,4.00,2.00
2024-04-11T13:45:00Z,88.00,78.00,57.00,50.00,15.00,4.00,2.00
2024-04-11T14:55:00Z,89.00,78.00,57.00,50.00,15.00,4.00,2.00
2024-04-11T15:26:00Z,89.00,76.00,57.00,50.00,15.00,4.00,2.00
2024-04-11T17:02:00Z,89.00,76.00,57.00,48.00,15.00,4.00,2.00
2024-04-11T17:30:00Z,89.00,76.00,57.00,48.00,15.00,4.00,2.00
2024-04-11T19:35:00Z,87.00,78.00,57.00,48.00,15.00,4.00,2.00
2024-04-11T19:47:00Z,87.00,78.00,61.00,48.00,15.00,4.00,2.00
2024-04-11T20:33:00Z,87.00,78.00,61.00,51.00,15.00,4.00,2.00
2024-04-11T21:40:00Z,87.00,78.00,64.00,51.00,15.00,4.00,2.00
2024-04-12T13:23:00Z,87.00,78.00,64.00,51.00,15.00,5.00,2.00
2024-04-12T15:06:00Z,87.00,78.00,64.00,46.00,15.00,5.00,2.00
2024-04-12T16:46:00Z,85.00,78.00,64.00,46.00,15.00,5.00,2.00
2024-04-12T16:56:00Z,85.00,78.00,64.00,46.00,14.00,5.00,2.00
2024-04-12T16:58:00Z,84.02,78.00,64.00,46.00,14.00,5.00,2.00
2024-04-12T16:59:00Z,84.00,78.00,64.00,46.00,14.00,5.00,2.00
2024-04-12T17:28:00Z,84.00,78.00,64.00,46.00,14.00,5.00,2.00
2024-04-12T17:30:00Z,83.00,78.00,64.00,45.00,14.00,5.00,2.00
2024-04-12T18:05:00Z,83.00,78.00,64.00,45.00,15.04,5.65,2.00
2024-04-12T18:07:00Z,83.00,78.00,64.00,45.00,15.04,5.00,2.00
2024-04-12T18:31:00Z,83.00,78.00,64.00,45.00,14.00,5.00,2.00
2024-04-12T18:34:00Z,82.00,73.00,64.00,45.00,14.00,5.00,2.00
2024-04-12T18:35:00Z,82.00,73.00,64.00,44.00,14.00,5.00,2.00
2024-04-12T18:37:00Z,82.00,72.00,64.00,44.00,14.00,5.00,2.00
2024-04-12T19:14:00Z,82.00,72.00,64.00,44.00,14.00,5.00,2.00
2024-04-12T19:15:00Z,82.00,72.00,64.00,44.00,14.00,5.00,2.00
2024-04-12T19:19:00Z,82.00,72.00,64.00,44.00,14.00,5.00,2.00
2024-04-12T19:33:00Z,82.00,72.00,64.00,44.00,12.08,5.00,2.00
2024-04-12T20:05:00Z,82.00,72.00,64.00,44.00,12.08,5.00,2.00
2024-04-12T21:33:00Z,82.00,72.00,57.00,44.00,12.08,5.00,2.00
2024-04-12T21:47:00Z,82.00,72.00,57.00,44.00,12.08,5.00,2.00
2024-04-12T22:07:00Z,82.00,72.00,57.00,44.00,12.08,5.00,2.00
2024-04-12T23:15:00Z,82.00,72.00,57.00,44.00,12.08,5.00,2.00
2024-04-13T01:13:00Z,82.00,73.00,57.00,44.00,12.08,5.00,2.00
2024-04-13T01:18:00Z,82.00,72.00,57.00,44.00,12.08,5.00,2.00
2024-04-13T17:25:00Z,82.00,72.00,57.00,44.00,12.08,5.00,2.00
2024-04-13T19:55:00Z,82.00,70.50,54.00,44.00,12.08,5.00,2.00
2024-04-13T19:57:00Z,82.00,70.50,53.00,44.00,12.08,5.00,2.00
2024-04-13T19:58:00Z,82.00,70.50,52.00,41.00,12.08,5.00,2.00
2024-04-13T20:03:00Z,82.00,70.50,52.00,40.00,12.00,5.00,2.00
2024-04-13T20:04:00Z,82.00,70.50,52.00,39.00,12.00,5.00,2.00
2024-04-13T20:05:00Z,82.00,70.50,52.00,39.00,12.00,4.00,2.00
2024-04-13T20:06:00Z,82.00,70.50,52.00,39.00,12.00,4.00,2.00
2024-04-13T20:07:00Z,82.00,70.50,52.00,39.00,12.00,4.00,2.00
2024-04-13T20:09:00Z,82.00,64.00,52.00,39.00,12.00,4.00,2.00
2024-04-13T20:10:00Z,82.00,64.00,47.50,36.33,12.00,4.00,2.00
2024-04-13T20:11:00Z,72.00,63.00,47.50,36.33,12.00,4.00,2.00
2024-04-13T20:31:00Z,72.00,63.00,47.50,36.33,12.00,4.00,2.00
2024-04-14T00:04:00Z,72.00,65.00,47.50,36.33,12.00,4.00,2.00
2024-04-14T13:01:00Z,72.00,65.00,47.50,36.33,13.00,4.00,2.00
2024-04-14T18:33:00Z,72.00,65.00,47.50,36.33,13.00,4.00,3.00
2024-04-15T01:47:00Z,80.00,65.00,47.50,36.33,13.00,4.00,3.00
2024-04-15T13:02:00Z,80.00,65.00,47.50,36.33,13.00,4.00,3.00
2024-04-15T14:02:00Z,80.00,65.00,47.50,36.33,13.00,4.00,3.00
2024-04-15T18:25:00Z,80.00,65.00,47.50,37.00,13.00,4.00,3.00
2024-04-15T18:27:00Z,74.00,65.00,47.50,37.00,13.00,4.00,3.00
2024-04-15T18:36:00Z,74.00,67.00,47.50,37.00,13.00,4.00,3.00
2024-04-15T19:02:00Z,74.00,67.00,49.00,37.00,13.00,4.00,3.00
2024-04-15T19:05:00Z,74.00,67.00,49.00,37.00,13.00,4.00,3.00
2024-04-15T19:42:00Z,74.00,67.00,49.00,37.00,13.00,4.00,3.00
2024-04-15T20:23:00Z,74.00,67.00,49.00,40.00,13.00,4.00,3.00
2024-04-15T21:03:00Z,74.00,65.00,49.00,40.00,13.00,4.00,3.00
2024-04-15T21:48:00Z,74.00,65.00,49.00,40.00,13.00,4.00,3.00
2024-04-15T21:52:00Z,74.00,65.00,50.00,40.00,13.00,4.00,3.00
2024-04-15T22:16:00Z,74.00,65.00,49.00,40.00,13.00,4.00,3.00
2024-04-16T00:15:00Z,74.00,65.00,49.00,39.66,13.00,4.00,3.00
2024-04-16T00:38:00Z,74.00,65.00,51.25,39.66,13.00,4.00,3.00
2024-04-16T01:34:00Z,74.00,68.00,51.25,39.66,13.00,4.00,3.00
2024-04-16T02:50:00Z,74.00,68.00,51.25,40.00,13.00,4.00,3.00
2024-04-16T02:58:00Z,74.00,68.00,51.25,40.00,13.00,4.00,3.00
2024-04-16T02:59:00Z,74.00,68.00,51.25,40.00,13.00,4.00,3.00
2024-04-16T12:07:00Z,74.00,68.00,49.00,40.00,13.00,4.00,3.00
2024-04-16T13:16:00Z,74.00,68.00,49.00,40.00,13.00,4.00,3.00
2024-04-16T13:50:00Z,74.00,68.00,49.00,40.00,11.00,4.00,3.00
2024-04-16T13:55:00Z,74.00,68.00,48.00,40.00,11.00,4.00,3.00
2024-04-16T15:05:00Z,74.00,68.00,49.00,40.00,11.00,4.00,3.00
2024-04-16T15:08:00Z,74.00,64.00,49.00,40.00,11.00,4.00,3.00
2024-04-16T17:09:00Z,70.00,64.00,49.00,40.00,11.00,4.00,3.00
2024-04-16T17:12:00Z,71.00,64.00,49.00,40.00,11.00,4.00,3.00
2024-04-16T17:20:00Z,71.00,64.00,49.00,40.00,11.00,4.00,3.00
2024-04-16T18:02:00Z,71.00,64.00,49.00,40.00,11.00,4.00,3.00
2024-04-16T20:29:00Z,71.00,64.00,49.00,34.00,11.00,4.00,3.00
2024-04-16T21:01:00Z,74.00,64.00,49.00,34.00,11.00,4.00,3.00
2024-04-16T21:49:00Z,74.00,64.00,49.00,38.00,11.00,4.00,3.00
2024-04-16T22:56:00Z,74.00,68.00,49.00,38.00,11.00,4.00,3.00
2024-04-17T02:52:00Z,74.00,68.00,49.00,40.00,11.00,4.00,3.00
2024-04-17T15:05:00Z,69.00,68.00,49.00,40.00,11.00,4.00,3.00
2024-04-17T15:21:00Z,69.00,68.00,49.00,40.00,11.00,4.00,3.00
2024-04-17T15:26:00Z,69.00,68.00,49.00,40.00,11.00,4.00,3.00
2024-04-17T15:32:00Z,69.00,68.00,49.00,40.00,10.00,4.00,3.00
2024-04-17T15:47:00Z,69.00,68.00,49.00,40.00,10.00,4.00,3.00
2024-04-17T16:15:00Z,69.00,68.00,49.00,32.19,10.00,4.00,3.00
2024-04-17T16:19:00Z,69.00,68.00,49.00,32.19,11.00,4.00,3.00
2024-04-17T16:22:00Z,69.00,68.00,49.00,32.19,10.00,4.00,3.00
2024-04-17T16:49:00Z,69.00,68.00,49.00,32.19,10.00,4.00,3.00
2024-04-17T17:01:00Z,69.00,68.00,49.00,32.19,10.00,4.00,3.00
2024-04-17T17:08:00Z,69.00,68.00,49.00,32.19,10.00,4.00,3.00
2024-04-17T17:12:00Z,69.00,68.00,49.00,32.19,10.00,4.00,3.00
2024-04-17T17:34:00Z,69.00,68.00,49.00,32.19,10.00,4.00,3.00
2024-04-17T17:38:00Z,69.00,68.00,49.00,32.19,10.00,4.00,3.00
2024-04-17T18:08:00Z,69.00,68.00,49.00,32.19,11.00,4.00,3.00
2024-04-17T19:17:00Z,69.00,61.00,49.00,32.19,11.00,4.00,3.00
2024-04-17T19:18:00Z,70.00,61.00,49.00,32.19,11.00,4.00,3.00
2024-04-17T19:26:00Z,70.00,61.00,49.00,32.00,11.00,4.00,3.00
2024-04-17T20:02:00Z,70.00,61.00,49.00,35.00,11.00,4.00,3.00
2024-04-17T20:42:00Z,70.00,61.00,49.00,35.00,11.00,4.00,3.00
2024-04-17T20:55:00Z,70.00,61.00,47.00,35.00,11.00,4.00,3.00
2024-04-17T21:09:00Z,70.00,61.00,47.00,35.00,11.00,4.00,3.00
2024-04-17T21:26:00Z,70.00,61.00,47.00,35.00,11.00,3.00,3.00
2024-04-17T21:29:00Z,70.00,61.00,47.00,35.00,10.00,3.00,3.00
2024-04-17T22:35:00Z,70.00,57.00,47.00,35.00,10.00,3.00,3.00
2024-04-18T00:56:00Z,70.00,57.00,47.00,35.00,10.00,4.00,3.00
2024-04-18T01:50:00Z,70.00,57.00,47.00,35.00,10.00,4.00,3.00
2024-04-18T01:57:00Z,70.00,57.00,47.00,35.00,10.00,4.00,3.00
2024-04-18T01:59:00Z,70.00,57.00,47.00,35.00,10.00,4.00,3.00
2024-04-18T03:15:00Z,70.00,57.00,47.00,35.00,10.00,4.00,3.00
2024-04-18T03:20:00Z,70.00,57.00,48.00,35.00,10.00,4.00,3.00
2024-04-18T03:21:00Z,70.00,57.00,48.00,35.00,13.00,4.00,3.00
2024-04-18T13:24:00Z,70.00,50.00,48.00,35.00,13.00,4.00,3.00
2024-04-18T13:30:00Z,70.00,50.00,44.00,35.00,13.00,4.00,3.00
2024-04-18T15:59:00Z,70.00,50.00,44.00,35.00,13.00,4.00,3.00
2024-04-18T18:08:00Z,70.00,50.00,44.00,35.00,13.00,4.00,3.00
2024-04-18T18:23:00Z,70.00,50.00,44.00,35.00,13.00,4.00,3.00
2024-04-18T18:46:00Z,70.00,63.00,44.00,35.00,13.00,4.00,3.00
2024-04-18T18:57:00Z,70.00,63.00,44.00,35.00,13.00,4.00,3.00
2024-04-18T19:41:00Z,70.00,63.00,44.00,35.00,11.00,4.00,3.00
2024-04-18T21:10:00Z,70.00,60.00,44.00,35.00,11.00,4.00,3.00
2024-04-18T21:17:00Z,71.00,60.00,44.00,35.00,11.00,4.00,3.00
2024-04-18T21:40:00Z,71.00,60.00,43.00,35.00,11.00,4.00,3.00
2024-04-18T23:28:00Z,71.00,60.00,42.16,35.00,11.00,4.00,3.00
2024-04-19T00:30:00Z,69.00,60.00,42.16,35.00,11.00,4.00,3.00
2024-04-19T00:50:00Z,71.00,60.00,42.16,35.00,11.00,4.00,3.00
2024-04-19T00:51:00Z,71.00,60.00,46.00,35.00,11.00,4.00,3.00
2024-04-19T12:40:00Z,71.00,60.00,46.00,35.00,11.00,4.00,3.00
2024-04-19T13:26:00Z,71.00,60.00,47.00,35.00,11.00,4.00,3.00
2024-04-19T14:17:00Z,71.00,60.00,47.00,35.00,11.00,4.00,3.00
2024-04-19T15:02:00Z,71.00,60.00,47.00,35.00,12.93,4.00,3.00
2024-04-19T15:37:00Z,71.00,60.00,47.00,31.14,12.93,4.00,3.00
2024-04-19T16:12:00Z,71.00,60.00,42.30,31.14,12.93,4.00,3.00
2024-04-19T17:22:00Z,71.00,60.00,42.00,31.14,12.93,4.00,3.00
2024-04-19T18:20:00Z,71.00,60.00,43.90,31.14,12.93,4.00,3.00
2024-04-19T18:41:00Z,71.00,60.00,46.45,31.14,12.93,4.00,3.00
2024-04-19T18:58:00Z,69.00,60.00,46.45,31.14,12.93,4.00,3.00
2024-04-19T19:33:00Z,69.00,60.00,47.00,31.14,12.93,4.00,3.00
2024-04-19T20:37:00Z,69.00,60.00,42.12,31.14,12.93,4.00,3.00
2024-04-19T20:39:00Z,69.00,62.93,42.12,31.14,12.93,4.00,3.00
2024-04-19T20:43:00Z,69.00,62.93,46.90,31.14,12.93,4.00,3.00
2024-04-19T21:00:00Z,69.00,62.93,46.90,31.14,13.00,4.00,3.00
2024-04-19T21:08:00Z,69.00,62.93,46.90,33.00,13.00,4.00,3.00
2024-04-19T21:09:00Z,69.00,62.93,47.00,33.00,13.00,4.00,3.00
2024-04-19T21:10:00Z,69.00,62.93,47.00,33.00,13.00,4.00,3.00
2024-04-19T21:15:00Z,69.00,63.00,47.00,33.00,13.00,4.00,3.00
2024-04-19T21:43:00Z,69.00,63.00,47.00,36.00,13.00,4.00,3.00
2024-04-19T21:49:00Z,69.00,63.00,47.00,36.00,13.00,4.00,3.00
2024-04-19T22:01:00Z,69.00,63.00,47.00,36.00,13.00,4.00,3.00
2024-04-19T23:44:00Z,71.00,63.00,47.00,36.00,13.00,4.00,3.00
2024-04-19T23:54:00Z,68.91,63.00,47.00,36.00,13.00,4.00,3.00
2024-04-20T00:28:00Z,68.00,63.00,47.00,36.00,13.00,4.00,3.00
2024-04-20T00:32:00Z,68.00,63.00,43.00,36.00,13.00,4.00,3.00
2024-04-20T01:05:00Z,68.00,61.00,43.00,36.00,13.00,4.00,3.00
2024-04-20T01:07:00Z,68.00,59.28,43.00,36.00,13.00,4.00,3.00
2024-04-20T02:56:00Z,70.00,59.28,43.00,36.00,13.00,4.00,3.00
2024-04-20T14:26:00Z,70.00,62.33,43.00,36.00,13.00,4.00,3.00
2024-04-20T14:57:00Z,69.00,62.33,43.00,36.00,13.00,4.00,3.00
2024-04-20T15:11:00Z,69.00,62.33,43.00,36.00,12.00,4.00,3.00
2024-04-20T16:51:00Z,69.00,62.33,43.00,36.00,12.00,4.00,3.00
2024-04-20T17:53:00Z,71.00,62.33,43.00,36.00,12.00,4.00,3.00
2024-04-20T19:40:00Z,71.00,62.33,43.00,36.00,12.00,4.00,3.00
2024-04-20T19:52:00Z,71.00,63.00,43.00,36.00,12.00,4.00,3.00
2024-04-20T20:23:00Z,71.00,63.00,46.00,32.00,12.00,4.00,3.00
2024-04-20T20:24:00Z,71.00,63.00,46.00,32.00,12.00,4.00,3.00
2024-04-20T20:26:00Z,71.00,63.00,46.00,32.00,12.00,4.00,3.00
2024-04-20T20:33:00Z,71.00,63.00,46.00,32.00,12.00,4.00,3.00
2024-04-20T21:37:00Z,71.00,63.00,46.00,32.00,12.00,4.00,3.00
2024-04-20T21:51:00Z,68.08,63.00,46.00,32.00,12.00,4.00,3.00
2024-04-20T22:47:00Z,68.08,63.00,46.00,32.00,12.00,4.00,3.00
2024-04-20T22:48:00Z,68.08,63.00,46.00,31.00,12.00,4.00,3.00
2024-04-20T23:22:00Z,68.08,63.00,46.96,31.00,12.00,4.00,3.00
2024-04-21T00:17:00Z,68.08,63.00,42.01,31.00,12.00,4.00,3.00
2024-04-21T01:35:00Z,68.08,63.00,42.01,35.22,12.00,4.00,3.00
2024-04-21T12:45:00Z,68.08,63.00,42.01,35.22,12.00,4.00,3.00
2024-04-21T12:47:00Z,68.08,63.00,42.01,35.22,12.00,4.00,3.00
2024-04-21T13:11:00Z,70.00,63.00,42.01,35.22,12.00,4.00,3.00
2024-04-21T13:12:00Z,70.00,63.00,42.01,32.00,12.00,4.00,3.00
2024-04-21T13:58:00Z,70.00,63.00,42.01,32.00,12.97,4.00,3.00
2024-04-21T17:07:00Z,70.00,63.00,42.01,32.00,12.97,4.00,3.00
2024-04-21T17:54:00Z,70.00,63.00,42.00,32.00,12.97,4.00,3.00
2024-04-21T19:03:00Z,70.00,63.00,42.00,31.57,12.97,4.00,3.00
2024-04-21T20:45:00Z,70.61,63.00,42.00,31.57,12.97,4.00,3.00
2024-04-21T23:23:00Z,70.61,58.00,42.00,31.57,12.97,4.00,3.00
2024-04-21T23:27:00Z,70.00,58.00,42.00,31.57,12.97,4.00,3.00
2024-04-21T23:44:00Z,70.00,63.00,42.00,31.57,12.97,4.00,3.00
2024-04-21T23:45:00Z,70.00,63.00,42.00,31.57,12.97,4.00,3.00
2024-04-21T23:46:00Z,70.00,63.00,42.00,31.57,12.97,4.00,3.00
2024-04-22T01:49:00Z,70.00,63.00,42.00,31.57,12.97,4.00,3.00
2024-04-22T01:58:00Z,70.00,63.00,46.50,31.57,12.97,4.00,3.00
2024-04-22T12:11:00Z,70.00,63.00,46.50,31.57,12.97,4.00,3.00
2024-04-22T12:39:00Z,66.00,63.00,46.50,31.57,12.97,4.00,3.00
2024-04-22T15:43:00Z,66.00,63.00,46.50,31.00,12.97,4.00,3.00
2024-04-22T15:53:00Z,66.00,63.00,46.00,31.00,12.97,4.00,3.00
2024-04-22T16:56:00Z,71.62,63.00,46.00,31.00,12.97,4.00,3.00
2024-04-22T18:22:00Z,71.62,63.00,46.00,34.00,12.97,4.00,3.00
2024-04-22T19:07:00Z,71.62,63.00,46.00,34.00,11.00,4.00,3.00
2024-04-22T19:08:00Z,71.62,63.00,43.02,34.00,11.00,4.00,3.00
2024-04-22T19:16:00Z,71.62,63.00,43.02,34.00,11.00,4.00,3.00
2024-04-22T19:33:00Z,71.62,63.00,43.02,34.00,11.00,4.00,3.00
2024-04-22T19:43:00Z,71.62,64.00,43.02,34.00,11.00,4.00,3.00
2024-04-22T19:50:00Z,71.62,64.00,43.02,34.00,14.00,4.00,3.00
2024-04-22T19:59:00Z,69.00,64.00,43.02,34.00,14.00,4.00,3.00
2024-04-22T20:35:00Z,69.00,64.00,43.02,34.00,14.00,4.00,3.00
2024-04-22T21:08:00Z,71.00,64.00,43.02,34.00,14.00,4.00,3.00
2024-04-22T22:06:00Z,71.00,64.00,43.02,34.00,14.00,4.00,3.00
2024-04-22T22:37:00Z,71.00,64.00,46.00,34.00,14.00,4.00,3.00
2024-04-22T22:41:00Z,71.00,64.00,46.00,34.00,14.00,4.00,3.00
2024-04-22T22:42:00Z,71.00,64.00,47.00,34.00,14.00,4.00,3.00
2024-04-22T22:43:00Z,71.00,64.00,48.00,34.00,14.00,4.00,3.00
2024-04-22T22:44:00Z,71.00,64.00,48.00,34.00,14.00,5.00,3.00
2024-04-22T22:59:00Z,73.00,64.00,48.00,34.00,14.00,5.00,3.00
2024-04-22T23:09:00Z,73.00,64.00,48.00,34.00,14.00,5.00,3.00
2024-04-23T02:50:00Z,72.00,64.00,48.00,34.00,14.00,5.00,3.00
2024-04-23T02:52:00Z,72.00,64.00,47.00,34.00,14.00,5.00,3.00
2024-04-23T03:45:00Z,72.00,64.00,47.00,36.00,14.00,5.00,3.00
2024-04-23T12:22:00Z,72.00,64.00,47.00,36.00,14.00,5.00,3.00
2024-04-23T13:57:00Z,72.00,57.00,47.00,36.00,14.00,5.00,3.00
2024-04-23T13:59:00Z,69.00,57.00,47.00,36.00,14.00,5.00,3.00
2024-04-23T14:07:00Z,69.00,57.00,47.00,36.00,14.00,5.00,3.00
2024-04-23T14:22:00Z,69.00,57.00,47.00,32.00,14.00,5.00,3.00
2024-04-23T15:12:00Z,69.00,57.00,47.00,32.00,14.00,5.00,4.00
2024-04-23T15:31:00Z,69.00,57.00,47.00,35.50,14.00,5.00,4.00
2024-04-23T15:41:00Z,69.00,63.85,47.00,35.50,14.00,5.00,4.00
2024-04-23T17:56:00Z,69.00,63.85,42.00,35.50,14.00,5.00,4.00
2024-04-23T23:11:00Z,69.00,63.85,42.00,35.50,14.00,5.00,4.00
2024-04-23T23:17:00Z,71.50,63.85,42.00,35.50,14.00,5.00,4.00
2024-04-24T00:07:00Z,71.50,63.85,43.09,35.50,14.00,5.00,4.00
2024-04-24T01:58:00Z,71.50,63.85,43.09,35.50,12.00,5.00,4.00
2024-04-24T14:36:00Z,71.50,63.85,43.09,35.50,12.00,5.00,4.00
2024-04-24T15:34:00Z,71.50,63.85,43.09,33.00,12.00,5.00,4.00
2024-04-24T16:08:00Z,71.50,63.85,44.00,33.00,12.00,5.00,4.00
2024-04-24T16:09:00Z,71.50,63.85,47.00,33.00,12.00,5.00,4.00
2024-04-24T16:10:00Z,71.50,63.85,47.00,33.00,13.00,5.00,4.00
2024-04-24T17:22:00Z,71.50,63.85,43.01,33.00,13.00,5.00,4.00
2024-04-24T21:04:00Z,71.50,63.85,43.01,32.00,13.00,5.00,4.00
2024-04-24T21:57:00Z,71.50,63.85,43.01,35.81,13.00,5.00,4.00
2024-04-24T23:04:00Z,71.50,63.85,43.01,36.00,13.00,5.00,4.00
2024-04-24T23:08:00Z,71.50,63.85,46.00,36.00,13.00,5.00,4.00
2024-04-24T23:12:00Z,71.50,63.85,46.00,32.16,13.00,5.00,4.00
2024-04-25T00:23:00Z,71.50,63.85,46.00,31.02,13.00,5.00,4.00
2024-04-25T02:00:00Z,71.50,63.85,46.00,31.00,13.00,5.00,4.00
2024-04-25T03:43:00Z,71.50,59.00,46.00,31.00,13.00,5.00,4.00
2024-04-25T13:34:00Z,71.50,61.00,46.00,31.00,13.00,5.00,4.00
2024-04-25T13:40:00Z,71.50,62.00,46.00,31.00,13.00,5.00,4.00
2024-04-25T13:43:00Z,71.50,62.00,46.00,35.00,13.00,5.00,4.00
2024-04-25T13:47:00Z,72.00,62.00,46.00,35.00,13.00,5.00,4.00
2024-04-25T13:50:00Z,72.00,62.00,47.00,35.00,13.00,5.00,4.00
2024-04-25T14:20:00Z,72.00,62.00,47.00,36.00,13.00,5.00,4.00
2024-04-25T15:29:00Z,72.00,62.00,47.00,36.00,11.00,5.00,4.00
2024-04-25T17:10:00Z,72.00,62.00,47.00,37.00,11.00,5.00,4.00
2024-04-25T17:50:00Z,75.00,62.00,47.00,37.00,11.00,5.00,4.00
2024-04-25T18:29:00Z,75.00,62.00,47.00,37.00,11.00,4.00,4.00
2024-04-25T18:50:00Z,75.00,62.00,47.00,36.00,11.00,4.00,4.00
2024-04-25T18:51:00Z,75.00,62.00,47.00,37.00,11.00,4.00,4.00
2024-04-25T18:55:00Z,73.00,62.00,47.00,37.00,11.00,4.00,4.00
2024-04-25T18:58:00Z,73.00,62.00,48.00,37.00,11.00,4.00,4.00
2024-04-25T19:00:00Z,73.00,62.00,49.00,37.00,11.00,4.00,4.00
2024-04-25T19:25:00Z,73.00,62.00,49.00,37.00,11.00,5.00,4.00
2024-04-25T20:50:00Z,73.00,69.00,49.00,37.00,11.00,5.00,4.00
2024-04-25T21:19:00Z,76.00,69.00,49.00,37.00,11.00,5.00,4.00
2024-04-25T21:52:00Z,76.00,69.00,49.00,38.00,11.00,5.00,4.00
2024-04-25T21:53:00Z,76.00,69.00,49.00,39.50,11.00,5.00,4.00
2024-04-26T01:23:00Z,76.00,69.00,49.00,39.50,11.00,5.00,4.00
2024-04-26T15:11:00Z,76.00,69.00,49.00,39.50,11.00,4.00,4.00
2024-04-26T20:42:00Z,76.00,69.00,46.00,39.50,11.00,4.00,4.00
2024-04-26T21:08:00Z,76.00,65.00,46.00,39.50,11.00,4.00,4.00
2024-04-26T21:54:00Z,76.00,65.00,46.00,39.50,11.00,4.00,4.00
2024-04-27T01:19:00Z,76.00,62.00,46.00,39.50,11.00,4.00,4.00
2024-04-27T01:49:00Z,76.00,62.00,46.00,39.50,11.00,4.00,4.00
2024-04-27T02:13:00Z,76.00,62.00,44.00,39.50,11.00,4.00,4.00
2024-04-27T14:59:00Z,76.00,64.00,44.00,39.50,11.00,4.00,4.00
2024-04-27T18:34:00Z,76.00,64.00,44.00,33.00,11.00,4.00,4.00
2024-04-28T15:50:00Z,76.00,64.00,44.00,34.00,11.00,4.00,4.00
2024-04-28T18:29:00Z,76.00,64.00,46.00,34.00,11.00,4.00,4.00
2024-04-28T21:50:00Z,76.00,64.00,46.00,34.00,11.00,4.00,4.00
2024-04-29T02:16:00Z,76.00,64.00,48.00,34.00,11.00,4.00,4.00
2024-04-29T03:06:00Z,76.00,59.00,48.00,34.00,11.00,4.00,4.00
2024-04-29T15:15:00Z,76.00,59.00,48.00,32.00,11.00,4.00,4.00
2024-04-29T17:57:00Z,71.00,59.00,48.00,32.00,11.00,4.00,4.00
2024-04-29T18:16:00Z,71.00,59.00,48.00,32.00,11.00,4.00,4.00
2024-04-29T19:15:00Z,71.00,59.00,44.00,32.00,11.00,4.00,4.00
2024-04-29T20:33:00Z,71.00,59.00,44.00,33.00,11.00,4.00,4.00
2024-04-29T20:59:00Z,71.00,59.00,44.00,33.00,11.00,4.00,4.00
2024-04-29T22:30:00Z,71.00,59.00,44.00,33.00,11.00,5.00,4.00
2024-04-29T23:14:00Z,71.00,63.00,44.00,33.00,11.00,5.00,4.00
2024-04-30T02:35:00Z,71.00,63.00,44.00,34.00,11.00,5.00,4.00
2024-04-30T12:43:00Z,67.00,63.00,44.00,34.00,11.00,5.00,4.00
2024-04-30T12:48:00Z,67.00,63.00,44.00,33.00,11.00,5.00,4.00
2024-04-30T13:05:00Z,67.00,58.00,44.00,33.00,11.00,5.00,4.00
2024-04-30T13:07:00Z,67.00,58.00,44.00,33.00,11.00,5.00,4.00
2024-04-30T13:53:00Z,67.00,58.00,44.00,31.00,11.00,5.00,4.00
2024-04-30T13:54:00Z,67.00,58.00,44.00,31.00,11.00,5.00,4.00
2024-04-30T14:00:00Z,67.00,58.00,44.00,31.00,11.00,5.00,4.00
2024-04-30T14:02:00Z,67.00,58.00,44.00,31.00,11.00,5.00,4.00
2024-04-30T15:14:00Z,67.00,58.00,44.00,31.00,11.00,4.00,4.00
2024-04-30T15:49:00Z,67.00,57.00,44.00,31.00,11.00,4.00,4.00
2024-04-30T16:17:00Z,67.00,57.00,40.00,31.00,11.00,4.00,4.00
2024-04-30T16:24:00Z,67.00,57.00,40.00,31.00,11.00,4.00,4.00
2024-04-30T16:31:00Z,67.00,57.00,40.00,31.00,11.00,4.00,4.00
2024-04-30T16:33:00Z,67.00,57.00,40.00,31.00,11.00,4.00,4.00
2024-04-30T16:40:00Z,67.00,57.00,40.00,30.00,11.00,4.00,4.00
2024-04-30T19:15:00Z,67.00,57.00,40.00,31.00,11.00,4.00,4.00
2024-04-30T19:56:00Z,67.00,57.00,40.00,30.00,11.00,4.00,4.00
2024-05-01T03:30:00Z,63.00,57.00,40.00,30.00,11.00,4.00,4.00
2024-05-01T12:08:00Z,78.16,57.00,40.00,30.00,11.00,4.00,4.00
2024-05-01T12:13:00Z,84.00,57.00,40.00,30.00,11.00,4.00,4.00
2024-05-01T12:18:00Z,62.50,57.00,38.03,29.00,11.00,4.00,4.00
2024-05-01T13:16:00Z,62.50,57.00,37.00,29.00,11.00,4.00,4.00
2024-05-01T14:00:00Z,59.00,57.00,37.00,29.00,11.00,4.00,4.00
2024-05-01T14:14:00Z,59.00,50.00,37.00,29.00,11.00,4.00,4.00
2024-05-01T16:40:00Z,59.00,50.00,37.00,27.76,11.00,4.00,4.00
2024-05-01T16:50:00Z,59.00,48.00,37.00,27.76,11.00,4.00,4.00
2024-05-01T17:09:00Z,59.00,48.00,35.00,27.76,11.00,4.00,4.00
2024-05-01T17:33:00Z,59.00,48.00,35.00,27.76,11.00,4.00,4.00
2024-05-01T17:58:00Z,59.00,52.00,35.00,27.76,11.00,4.00,4.00
2024-05-01T17:59:00Z,59.00,52.00,37.00,27.76,11.00,4.00,4.00
2024-05-01T18:25:00Z,59.00,52.00,37.00,28.93,11.00,4.00,4.00
2024-05-01T18:46:00Z,59.00,52.00,41.00,28.93,11.00,4.00,4.00
2024-05-01T18:52:00Z,59.00,48.00,41.00,28.93,11.00,4.00,4.00
2024-05-01T19:27:00Z,59.00,52.00,41.00,28.93,11.00,4.00,4.00
2024-05-01T19:37:00Z,59.00,52.00,41.00,28.00,11.00,4.00,4.00
2024-05-01T19:45:00Z,59.00,52.00,41.00,27.00,11.00,4.00,4.00
2024-05-01T20:09:00Z,58.00,52.00,41.00,27.00,11.00,4.00,4.00
2024-05-01T21:26:00Z,58.00,52.00,41.00,27.00,11.00,4.00,4.00
2024-05-01T21:36:00Z,58.00,52.00,40.00,27.00,11.00,4.00,4.00
2024-05-01T22:30:00Z,58.00,52.00,40.00,29.00,11.00,4.00,4.00
2024-05-02T01:46:00Z,58.00,52.00,40.00,28.00,11.00,4.00,4.00
2024-05-02T03:13:00Z,58.00,52.00,40.00,27.00,11.00,4.00,4.00
2024-05-02T12:01:00Z,58.00,52.00,40.00,27.00,11.00,4.00,4.00
2024-05-02T15:08:00Z,65.00,52.00,40.00,27.00,11.00,4.00,4.00
2024-05-02T15:17:00Z,65.00,52.00,40.00,29.00,11.00,4.00,4.00
2024-05-02T15:44:00Z,65.00,52.00,40.00,27.00,11.00,4.00,4.00
2024-05-02T16:57:00Z,65.00,52.00,40.00,27.00,11.00,4.00,4.00
2024-05-02T17:39:00Z,65.00,56.00,40.00,27.00,11.00,4.00,4.00
2024-05-02T17:56:00Z,64.00,56.00,40.00,27.00,11.00,4.00,4.00
2024-05-02T18:05:00Z,64.00,56.00,40.00,27.00,11.00,4.00,4.00
2024-05-02T19:00:00Z,64.00,56.00,40.00,29.00,11.00,4.00,4.00
2024-05-02T20:30:00Z,64.00,56.00,36.00,28.00,11.00,4.00,4.00
2024-05-02T20:50:00Z,64.00,56.00,36.00,27.00,11.00,4.00,4.00
2024-05-02T21:15:00Z,64.00,56.00,37.00,27.00,11.00,4.00,4.00
2024-05-02T21:40:00Z,64.00,56.00,37.00,28.00,11.00,4.00,4.00
2024-05-02T21:54:00Z,64.00,55.00,37.00,28.00,11.00,4.00,4.00
2024-05-03T00:09:00Z,64.00,55.00,37.00,28.00,11.00,4.00,4.00
2024-05-03T01:35:00Z,64.00,55.00,37.00,29.00,11.00,4.00,4.00
2024-05-03T12:54:00Z,64.00,55.00,37.00,29.00,6.00,4.00,4.00
2024-05-03T12:55:00Z,64.00,55.00,37.00,29.00,6.00,4.00,4.00
2024-05-03T13:37:00Z,64.00,55.00,43.00,29.00,6.00,4.00,4.00
2024-05-03T13:43:00Z,64.00,57.00,43.00,29.00,6.00,4.00,4.00
2024-05-03T14:03:00Z,64.00,57.00,43.00,32.00,6.00,4.00,4.00
2024-05-03T14:41:00Z,64.00,63.00,43.00,32.00,6.00,4.00,4.00
2024-05-03T15:07:00Z,64.00,56.00,43.00,32.00,6.00,4.00,4.00
2024-05-03T15:10:00Z,64.00,56.00,43.00,32.00,8.00,4.00,4.00
2024-05-03T15:21:00Z,64.00,56.00,43.00,32.00,8.00,4.00,4.00
2024-05-03T16:20:00Z,64.00,56.00,42.00,32.00,8.00,4.00,4.00
2024-05-03T20:03:00Z,64.00,56.00,42.00,32.00,8.00,4.00,4.00
2024-05-03T21:01:00Z,64.00,56.00,42.00,32.00,8.00,4.00,4.00
2024-05-03T21:44:00Z,64.00,56.00,42.00,32.00,8.95,4.00,4.00
2024-05-03T21:57:00Z,64.00,63.00,42.00,32.00,8.95,4.00,4.00
2024-05-03T22:28:00Z,64.00,63.00,42.00,32.00,8.95,4.00,4.00
2024-05-03T23:20:00Z,64.00,63.00,42.00,34.00,8.95,4.00,4.00
2024-05-04T01:01:00Z,64.00,63.00,42.00,34.00,9.00,4.00,4.00
2024-05-04T12:01:00Z,72.00,63.00,42.00,35.00,9.00,4.00,4.00
2024-05-04T12:06:00Z,72.00,63.00,42.00,35.00,9.00,4.00,4.00
2024-05-04T12:21:00Z,72.00,63.00,42.00,35.00,9.00,4.00,4.00
2024-05-04T16:52:00Z,72.00,63.00,42.00,33.00,9.00,4.00,4.00
2024-05-04T17:29:00Z,72.00,63.00,42.00,36.70,9.00,4.00,4.00
2024-05-04T19:43:00Z,72.00,63.00,42.00,37.00,9.00,4.00,4.00
2024-05-04T20:12:00Z,72.00,64.00,42.00,37.00,9.00,4.00,4.00
2024-05-05T01:54:00Z,72.00,64.00,49.00,37.00,9.00,4.00,4.00
2024-05-05T13:30:00Z,72.00,64.00,49.00,33.00,9.00,4.00,4.00
2024-05-05T15:41:00Z,72.00,64.00,49.00,34.00,9.00,4.00,4.00
2024-05-05T15:43:00Z,72.00,64.00,49.00,34.00,9.00,4.00,4.00
2024-05-05T15:52:00Z,72.00,64.00,48.00,34.00,9.00,4.00,4.00
2024-05-05T21:59:00Z,72.00,66.00,48.00,34.00,9.00,4.00,4.00
2024-05-06T00:44:00Z,72.00,66.00,47.00,34.00,9.00,4.00,4.00
2024-05-06T15:55:00Z,70.00,66.00,47.00,34.00,9.00,4.00,4.00
2024-05-06T18:21:00Z,70.00,66.00,45.00,34.00,9.00,4.00,4.00
2024-05-06T20:01:00Z,70.00,66.00,45.00,34.00,9.00,4.00,4.00
2024-05-06T21:41:00Z,70.00,62.00,45.00,34.00,9.00,4.00,4.00
2024-05-07T00:41:00Z,70.00,62.00,45.00,34.00,9.00,4.00,4.00
2024-05-07T18:37:00Z,70.00,62.00,43.00,34.00,9.00,4.00,4.00
2024-05-07T18:55:00Z,70.00,64.00,43.00,34.00,9.00,4.00,4.00
2024-05-07T19:19:00Z,70.00,63.00,43.00,34.00,9.00,4.00,4.00
2024-05-07T19:44:00Z,70.00,62.00,43.00,34.00,9.00,4.00,4.00
2024-05-07T22:32:00Z,70.00,62.00,43.00,32.00,9.00,4.00,4.00
2024-05-07T23:08:00Z,70.00,62.00,43.00,32.00,9.00,4.00,4.00
2024-05-08T01:35:00Z,72.00,62.00,43.00,32.00,9.00,4.00,4.00
2024-05-08T13:02:00Z,72.00,62.00,43.00,32.00,9.00,4.00,4.00
2024-05-08T13:03:00Z,72.00,62.00,43.00,32.00,9.00,4.00,3.00
2024-05-08T13:12:00Z,70.00,62.00,43.00,32.00,9.00,4.00,3.00
2024-05-08T13:23:00Z,67.00,62.00,43.00,32.00,9.00,4.00,3.00
2024-05-08T14:13:00Z,67.00,62.00,43.00,32.00,9.00,4.00,3.00
2024-05-08T14:14:00Z,68.00,62.00,43.00,32.00,9.00,4.00,3.00
2024-05-08T14:19:00Z,68.00,62.00,43.00,32.00,9.00,4.00,3.00
2024-05-08T14:28:00Z,68.00,62.00,43.00,32.00,8.00,4.00,3.00
2024-05-08T16:59:00Z,68.00,62.00,43.00,32.00,8.00,4.00,3.00
2024-05-08T23:05:00Z,68.00,55.00,43.00,32.00,8.00,4.00,3.00
2024-05-08T23:28:00Z,67.00,55.00,43.00,32.00,8.00,4.00,3.00
2024-05-09T18:13:00Z,67.00,55.00,42.00,32.00,8.00,4.00,3.00
2024-05-09T18:44:00Z,67.00,62.00,42.00,32.00,8.00,4.00,3.00
2024-05-09T21:32:00Z,67.00,63.00,42.00,32.00,8.00,4.00,3.00
2024-05-09T22:50:00Z,67.00,63.00,45.00,32.00,8.00,4.00,3.00
2024-05-09T22:57:00Z,67.00,61.00,45.00,32.00,8.00,4.00,3.00
2024-05-09T22:58:00Z,67.00,61.00,44.00,32.00,8.00,4.00,3.00
2024-05-10T01:33:00Z,67.00,61.00,44.00,32.00,8.00,4.00,3.00
2024-05-10T14:56:00Z,67.00,61.00,44.00,32.00,8.00,4.00,3.00
2024-05-10T19:47:00Z,67.00,61.00,44.00,32.00,8.00,3.00,3.00
2024-05-10T21:43:00Z,67.00,61.00,44.00,32.00,8.00,3.00,3.00
2024-05-11T01:20:00Z,67.00,61.00,39.14,32.00,8.00,3.00,3.00
2024-05-11T15:53:00Z,67.00,61.00,39.14,30.00,8.00,3.00,3.00
2024-05-12T15:18:00Z,67.00,61.00,39.14,30.00,8.00,4.00,3.00
2024-05-12T15:21:00Z,69.00,61.00,39.14,30.00,8.00,4.00,3.00
2024-05-13T12:12:00Z,69.00,61.00,39.14,32.00,8.00,4.00,3.00
2024-05-13T13:29:00Z,69.00,57.00,39.14,32.00,8.00,4.00,3.00
2024-05-13T15:02:00Z,69.00,57.00,39.14,33.00,8.00,4.00,3.00
2024-05-13T20:43:00Z,69.00,57.00,39.14,33.00,8.00,4.00,3.00
2024-05-14T12:01:00Z,69.00,57.00,44.00,33.00,8.00,4.00,3.00
2024-05-14T14:39:00Z,69.00,57.00,40.00,33.00,8.00,4.00,3.00
2024-05-14T16:20:00Z,69.00,57.00,40.00,33.00,8.00,4.00,3.00
2024-05-14T17:33:00Z,69.00,60.00,40.00,33.00,8.00,4.00,3.00
2024-05-14T17:38:00Z,68.00,60.00,40.00,33.00,8.00,4.00,3.00
2024-05-14T17:48:00Z,68.00,60.00,40.00,31.00,8.00,4.00,3.00
2024-05-14T20:49:00Z,68.00,60.00,40.00,31.00,8.00,4.00,3.00
2024-05-14T21:48:00Z,68.00,60.00,42.00,31.00,8.00,4.00,3.00
2024-05-14T22:29:00Z,68.00,60.00,40.00,31.00,8.00,4.00,3.00
2024-05-14T22:31:00Z,68.00,60.00,40.00,31.00,8.00,4.00,3.00
2024-05-14T22:32:00Z,68.00,56.00,40.00,31.00,8.00,4.00,3.00
2024-05-14T23:30:00Z,68.00,56.00,40.00,31.00,8.00,4.00,3.00
2024-05-15T01:37:00Z,66.00,56.00,40.00,31.00,8.00,4.00,3.00
2024-05-15T01:44:00Z,66.00,56.00,40.00,31.00,8.00,4.00,3.00
2024-05-15T03:44:00Z,66.00,56.00,42.00,31.00,8.00,4.00,3.00
2024-05-15T12:16:00Z,66.00,56.00,43.00,31.00,8.00,4.00,3.00
2024-05-15T12:31:00Z,70.00,56.00,43.00,31.00,8.00,4.00,3.00
2024-05-15T12:33:00Z,70.00,62.00,43.00,31.00,8.00,4.00,3.00
2024-05-15T12:34:00Z,70.00,62.00,43.00,33.00,8.00,4.00,3.00
2024-05-15T13:31:00Z,70.00,62.00,43.00,30.00,8.00,4.00,3.00
2024-05-15T13:51:00Z,70.00,62.00,46.00,34.00,8.00,4.00,3.00
2024-05-15T14:08:00Z,70.00,62.00,46.00,34.00,8.00,4.00,3.00
2024-05-15T14:41:00Z,70.00,63.00,46.00,34.00,8.00,4.00,3.00
2024-05-15T15:01:00Z,70.00,63.00,47.00,34.00,8.00,4.00,3.00
2024-05-15T16:18:00Z,70.00,63.00,47.00,35.00,8.00,4.00,3.00
2024-05-15T16:36:00Z,70.00,63.00,48.00,35.00,8.00,4.00,3.00
2024-05-15T16:56:00Z,70.00,63.00,46.00,35.00,8.00,4.00,3.00
2024-05-15T18:41:00Z,70.00,63.00,47.00,35.00,8.00,4.00,3.00
2024-05-15T18:43:00Z,70.00,64.00,47.00,35.00,8.00,4.00,3.00
2024-05-15T18:44:00Z,70.00,65.00,47.00,35.00,8.00,4.00,3.00
2024-05-15T18:58:00Z,70.00,65.00,47.00,35.00,8.00,4.00,3.00
2024-05-15T19:03:00Z,70.00,65.00,49.00,35.00,8.00,4.00,3.00
2024-05-15T19:10:00Z,70.00,65.00,49.00,39.00,8.00,4.00,3.00
2024-05-15T19:22:00Z,70.00,67.00,49.00,39.00,8.00,4.00,3.00
2024-05-15T19:44:00Z,77.00,67.00,49.00,39.00,8.00,4.00,3.00
2024-05-15T19:46:00Z,77.00,67.00,50.00,39.00,8.00,4.00,3.00
2024-05-15T19:55:00Z,77.00,69.84,50.00,39.00,8.00,4.00,3.00
2024-05-15T20:08:00Z,77.00,72.00,50.00,36.00,8.00,4.00,3.00
2024-05-15T20:29:00Z,79.00,72.00,50.00,36.00,8.00,4.00,3.00
2024-05-15T22:24:00Z,79.00,72.00,50.00,37.00,8.00,4.00,3.00
2024-05-15T22:39:00Z,79.00,72.00,49.00,37.00,8.00,4.00,3.00
2024-05-15T22:45:00Z,79.00,72.00,49.00,37.00,8.00,4.00,3.00
2024-05-15T23:01:00Z,79.00,72.00,49.00,37.00,8.00,4.00,3.00
2024-05-15T23:03:00Z,79.00,72.00,49.00,37.00,8.00,4.00,3.00
2024-05-16T02:05:00Z,79.00,72.00,49.00,37.00,8.00,4.00,3.00
2024-05-16T03:01:00Z,79.00,65.00,49.00,37.00,8.00,4.00,3.00
2024-05-16T13:16:00Z,79.00,70.00,49.00,37.00,8.00,4.00,3.00
2024-05-16T14:15:00Z,79.00,70.00,49.00,36.00,8.00,4.00,3.00
2024-05-16T14:26:00Z,79.00,70.00,49.00,38.95,8.00,4.00,3.00
2024-05-16T18:56:00Z,79.00,65.37,46.00,38.95,8.00,4.00,3.00
2024-05-16T18:57:00Z,79.00,65.37,46.00,34.00,7.90,4.00,3.00
2024-05-16T20:45:00Z,79.00,65.37,46.00,35.00,7.90,4.00,3.00
2024-05-16T23:02:00Z,79.00,65.00,46.00,35.00,7.90,4.00,3.00
2024-05-17T00:50:00Z,79.00,65.00,46.00,38.16,7.90,4.00,3.00
2024-05-17T14:14:00Z,79.00,65.00,40.00,38.16,7.90,4.00,3.00
2024-05-17T14:45:00Z,79.00,84.00,40.00,38.16,7.90,4.00,3.00
2024-05-17T14:58:00Z,79.00,84.00,40.00,30.58,7.90,4.00,3.00
2024-05-17T15:50:00Z,79.00,75.00,40.00,30.58,7.90,4.00,3.00
2024-05-17T16:13:00Z,79.00,75.00,50.90,30.58,7.90,4.00,3.00
2024-05-17T16:18:00Z,79.00,75.00,52.00,30.58,7.90,4.00,3.00
2024-05-17T16:22:00Z,79.00,73.00,52.00,30.58,9.00,4.00,3.00
2024-05-17T16:36:00Z,79.00,69.00,52.00,30.58,9.00,4.00,3.00
2024-05-17T17:42:00Z,79.00,69.00,50.00,30.58,9.00,4.00,3.00
2024-05-17T20:22:00Z,79.00,69.00,51.00,30.58,9.00,4.00,3.00
2024-05-17T22:18:00Z,79.00,69.00,51.00,39.00,9.00,4.00,3.00
2024-05-17T22:24:00Z,79.00,69.00,51.00,36.00,9.00,4.00,3.00
2024-05-17T23:50:00Z,79.00,69.00,51.00,36.00,9.00,4.00,3.00
2024-05-18T19:02:00Z,79.00,73.00,51.00,36.00,9.00,4.00,3.00
2024-05-18T21:21:00Z,79.00,72.00,51.00,36.00,9.00,4.00,3.00
2024-05-19T19:44:00Z,79.00,66.00,51.00,36.00,9.00,4.00,3.00
2024-05-19T20:29:00Z,79.00,72.00,51.00,36.00,9.00,4.00,3.00
2024-05-19T22:29:00Z,79.00,66.00,51.00,36.00,9.00,4.00,3.00
2024-05-19T22:46:00Z,79.00,66.00,51.00,35.00,9.00,4.00,3.00
2024-05-19T23:35:00Z,79.00,66.00,51.00,35.00,9.00,4.00,3.00
2024-05-19T23:56:00Z,79.00,72.00,51.00,35.00,9.00,4.00,3.00
2024-05-20T02:02:00Z,79.00,72.00,51.00,36.00,9.00,4.00,3.00
2024-05-20T16:06:00Z,79.00,72.00,51.00,39.00,9.00,4.00,3.00
2024-05-20T16:24:00Z,79.00,72.00,51.00,39.00,9.00,4.00,3.00
2024-05-20T17:19:00Z,79.00,72.00,51.00,40.00,9.00,4.00,3.00
2024-05-20T18:03:00Z,79.00,72.00,51.00,39.00,9.00,4.00,3.00
2024-05-20T18:54:00Z,79.00,72.00,51.00,39.00,10.00,4.00,3.00
2024-05-20T19:00:00Z,79.00,71.00,51.00,39.00,10.00,4.00,3.00
2024-05-20T19:19:00Z,79.00,71.00,51.00,40.00,10.00,4.00,3.00
2024-05-20T19:20:00Z,79.00,71.00,51.00,40.00,10.00,4.00,3.00
2024-05-20T19:33:00Z,79.00,74.00,51.00,40.00,10.00,4.00,3.00
2024-05-20T19:34:00Z,79.00,75.00,51.00,42.00,10.00,4.00,3.00
2024-05-20T20:02:00Z,79.00,75.00,51.00,42.00,10.00,4.00,3.00
2024-05-20T20:08:00Z,79.00,75.00,51.00,41.00,10.00,4.00,3.00
2024-05-20T20:12:00Z,79.00,75.00,51.00,42.00,10.00,4.00,3.00
2024-05-20T20:37:00Z,79.00,73.00,51.00,42.00,10.00,4.00,3.00
2024-05-20T20:54:00Z,79.00,77.00,51.00,42.00,10.00,4.00,3.00
2024-05-20T21:40:00Z,79.00,78.00,51.00,42.00,14.10,4.00,3.00
2024-05-20T21:44:00Z,79.00,72.00,51.00,42.00,14.10,4.00,3.00
2024-05-20T21:46:00Z,79.00,72.00,51.00,42.00,14.10,4.00,3.00
2024-05-20T22:30:00Z,79.00,72.00,51.00,43.00,14.10,4.00,3.00
2024-05-20T23:22:00Z,79.00,72.00,51.00,43.00,14.10,4.00,3.00
2024-05-20T23:32:00Z,79.00,72.00,51.00,43.00,14.10,4.00,3.00
2024-05-21T00:07:00Z,79.00,72.00,51.00,45.00,14.10,4.00,3.00
2024-05-21T00:25:00Z,79.00,72.00,51.00,44.00,14.10,4.00,3.00
2024-05-21T00:27:00Z,79.00,81.00,51.00,44.00,14.10,4.00,3.00
2024-05-21T00:28:00Z,79.00,81.74,51.00,45.00,14.10,4.00,3.00
2024-05-21T00:51:00Z,79.00,77.00,51.00,44.00,14.10,4.00,3.00
2024-05-21T01:18:00Z,79.00,81.00,51.00,44.00,14.10,4.00,3.00
2024-05-21T03:20:00Z,79.00,81.00,51.00,44.00,14.10,4.00,3.00
2024-05-21T03:22:00Z,79.00,81.00,51.00,44.00,14.10,4.00,3.00
2024-05-21T13:14:00Z,79.00,81.00,51.00,44.00,15.00,4.00,3.00
2024-05-21T13:16:00Z,79.00,81.00,51.00,44.00,15.00,4.00,3.00
2024-05-21T13:22:00Z,79.00,81.00,51.00,42.00,15.00,4.00,3.00
2024-05-21T14:14:00Z,79.00,75.00,51.00,42.00,15.00,4.00,3.00
2024-05-21T15:43:00Z,79.00,75.00,51.00,46.00,15.00,4.00,3.00
2024-05-21T19:47:00Z,79.00,75.00,51.00,40.00,11.00,4.00,3.00
2024-05-21T20:26:00Z,79.00,73.00,51.00,40.00,11.00,4.00,3.00
2024-05-22T02:29:00Z,79.00,76.00,51.00,40.00,11.00,4.00,3.00
2024-05-22T17:41:00Z,79.00,77.00,51.00,40.00,11.00,4.00,3.00
2024-05-22T19:29:00Z,79.00,77.00,51.00,40.00,11.00,4.00,3.00
2024-05-22T19:30:00Z,79.00,77.00,51.00,41.00,11.00,4.00,3.00
2024-05-22T19:31:00Z,79.00,77.00,51.00,41.00,11.00,4.00,3.00
2024-05-23T23:44:00Z,83.38,77.00,51.00,41.00,11.00,4.00,3.00
2024-05-23T23:45:00Z,83.00,77.00,51.00,41.00,11.00,4.00,3.00
2024-05-24T15:48:00Z,83.00,77.00,52.00,41.00,11.00,4.00,3.00
2024-05-24T16:05:00Z,83.00,77.00,51.00,41.00,11.00,4.00,3.00
2024-05-24T17:13:00Z,85.00,77.00,51.00,41.00,11.00,4.00,3.00
2024-05-24T18:03:00Z,85.00,77.00,53.00,41.00,11.00,4.00,3.00
2024-05-24T21:23:00Z,85.00,77.00,53.00,41.00,8.67,4.00,3.00
2024-05-24T22:55:00Z,81.00,77.00,53.00,41.00,8.67,4.00,3.00
2024-05-25T01:16:00Z,81.00,77.00,52.00,41.00,8.67,4.00,3.00
2024-05-25T01:19:00Z,82.00,77.00,52.00,41.00,8.67,4.00,3.00
2024-05-25T01:20:00Z,81.00,77.00,52.00,41.00,8.67,4.00,3.00
2024-05-25T01:21:00Z,82.00,77.00,52.00,41.00,8.67,4.00,3.00
2024-05-25T15:08:00Z,82.00,77.00,53.00,41.00,8.67,4.00,3.00
2024-05-25T15:12:00Z,82.00,77.00,53.00,41.00,8.67,4.00,3.00
2024-05-25T15:14:00Z,82.00,77.00,53.00,41.00,8.67,4.00,3.00
2024-05-26T14:17:00Z,82.00,77.00,53.00,43.80,8.67,4.00,3.00
2024-05-27T15:09:00Z,84.00,77.00,53.00,43.80,8.67,4.00,3.00
2024-05-27T15:29:00Z,84.00,77.00,55.00,43.80,8.67,4.00,3.00
2024-05-27T16:09:00Z,84.00,75.00,55.00,43.80,8.67,4.00,3.00
2024-05-27T18:12:00Z,84.00,77.00,55.00,43.80,8.67,4.00,3.00
2024-05-27T22:31:00Z,84.00,77.00,53.00,43.80,8.67,4.00,3.00
2024-05-28T01:58:00Z,84.00,77.00,51.00,43.80,8.67,4.00,3.00
2024-05-28T03:12:00Z,83.00,77.00,51.00,43.80,8.67,4.00,3.00
2024-05-28T13:55:00Z,83.00,77.00,51.00,35.00,8.67,4.00,3.00
2024-05-28T14:10:00Z,83.00,77.00,49.00,35.00,8.67,4.00,3.00
2024-05-28T21:20:00Z,83.00,77.00,52.00,35.00,8.67,4.00,3.00
2024-05-29T15:19:00Z,79.00,77.00,52.00,35.00,8.67,4.00,3.00
2024-05-29T15:48:00Z,77.00,77.00,52.00,35.00,8.67,4.00,3.00
2024-05-29T18:27:00Z,77.00,77.00,52.00,35.00,8.67,4.00,3.00
2024-05-29T20:50:00Z,77.00,77.00,52.00,35.00,8.67,4.00,3.00
2024-05-31T14:31:00Z,80.00,77.00,52.00,35.00,8.67,4.00,3.00
2024-05-31T14:32:00Z,78.00,77.00,52.00,35.00,8.67,4.00,3.00
2024-05-31T14:33:00Z,77.00,77.00,52.00,35.00,8.67,4.00,3.00
2024-05-31T19:53:00Z,79.00,77.00,52.00,35.00,8.67,4.00,3.00
2024-06-01T00:55:00Z,79.00,77.00,52.00,35.00,10.00,4.00,3.00
2024-06-01T02:08:00Z,80.00,77.00,52.00,35.00,10.00,4.00,3.00
2024-06-01T12:49:00Z,80.00,77.00,52.00,35.00,10.00,3.00,3.00
2024-06-02T12:58:00Z,80.00,57.00,52.00,35.00,10.00,3.00,3.00
2024-06-02T16:24:00Z,80.00,69.00,52.00,35.00,10.00,3.00,3.00
2024-06-02T21:13:00Z,80.00,69.00,52.00,32.00,10.00,3.00,3.00
2024-06-02T21:14:00Z,80.00,69.00,52.00,32.00,10.00,3.00,3.00
2024-06-03T02:14:00Z,80.00,69.00,52.00,34.00,10.00,3.00,3.00
2024-06-03T02:30:00Z,80.00,69.00,52.00,32.00,10.00,3.00,3.00
2024-06-03T12:01:00Z,80.00,69.00,52.00,35.49,10.00,3.00,3.00
2024-06-03T12:02:00Z,80.00,71.39,49.86,35.49,10.00,3.00,3.00
2024-06-03T13:51:00Z,80.00,71.39,51.00,35.49,10.00,3.00,3.00
2024-06-03T14:11:00Z,80.00,71.39,48.00,35.49,10.00,3.00,3.00
2024-06-03T14:58:00Z,77.00,71.39,48.00,35.49,10.00,3.00,3.00
2024-06-03T16:39:00Z,77.00,71.39,48.00,32.00,10.00,3.00,3.00
2024-06-03T17:29:00Z,77.00,71.39,45.00,32.00,10.00,3.00,3.00
2024-06-03T17:46:00Z,78.00,71.39,45.00,32.00,10.00,3.00,3.00
2024-06-03T19:12:00Z,78.00,71.39,45.00,32.00,10.00,3.00,3.00
2024-06-03T22:16:00Z,78.00,71.39,45.00,32.00,10.00,3.00,3.00
2024-06-03T22:26:00Z,78.00,71.39,44.00,32.00,10.00,3.00,3.00
2024-06-04T02:26:00Z,78.00,66.35,44.00,32.00,10.00,3.00,3.00
2024-06-04T03:57:00Z,82.00,66.35,44.00,32.00,10.00,3.00,3.00
2024-06-04T15:58:00Z,82.00,66.35,44.00,35.00,10.00,3.00,3.00
2024-06-04T22:07:00Z,82.00,66.35,44.00,33.00,10.00,3.00,3.00
2024-06-04T22:09:00Z,82.00,66.35,44.00,33.00,10.00,3.00,3.00
2024-06-04T22:18:00Z,82.00,66.35,44.00,37.00,10.00,3.00,3.00
2024-06-04T22:20:00Z,82.00,66.35,44.00,47.00,10.00,3.00,3.00
2024-06-04T23:56:00Z,82.00,66.35,48.00,34.00,10.00,3.00,3.00
2024-06-05T01:37:00Z,82.00,66.35,50.00,34.00,10.00,3.00,3.00
2024-06-05T12:22:00Z,82.00,66.35,50.00,35.00,10.00,3.00,3.00
2024-06-05T13:48:00Z,82.00,66.35,50.00,35.00,10.00,3.00,3.00
2024-06-05T13:49:00Z,82.00,66.35,48.00,35.00,10.00,3.00,3.00
2024-06-05T15:19:00Z,85.00,66.35,48.00,39.00,10.00,3.00,3.00
2024-06-05T15:20:00Z,85.00,72.00,48.00,39.00,10.00,3.00,3.00
2024-06-05T15:34:00Z,86.00,72.00,48.00,39.00,10.00,3.00,3.00
2024-06-05T17:01:00Z,86.00,72.00,48.00,38.00,10.00,3.00,3.00
2024-06-05T17:05:00Z,86.00,72.00,48.00,39.97,10.00,3.00,3.00
2024-06-05T18:07:00Z,88.00,72.00,48.00,39.97,10.00,3.00,3.00
2024-06-05T23:50:00Z,88.00,71.00,48.00,37.00,10.00,3.00,3.00
2024-06-06T00:17:00Z,88.00,71.00,48.00,37.00,10.00,3.00,3.00
2024-06-06T01:03:00Z,83.00,71.00,48.00,37.00,10.00,3.00,3.00
2024-06-06T12:02:00Z,83.00,71.00,48.00,39.00,10.00,3.00,3.00
2024-06-06T15:51:00Z,83.00,71.00,48.00,35.00,10.00,3.00,3.00
2024-06-06T16:03:00Z,84.00,71.00,48.00,35.00,10.00,3.00,3.00
2024-06-06T16:04:00Z,84.00,71.00,48.00,35.00,10.00,3.00,3.00
2024-06-06T16:44:00Z,84.00,71.00,48.00,35.00,10.00,3.00,3.00
2024-06-06T17:26:00Z,84.00,71.00,48.00,35.00,10.00,3.00,3.00
2024-06-06T18:18:00Z,82.00,71.00,48.00,35.00,10.00,3.00,3.00
2024-06-06T18:45:00Z,82.00,70.00,48.00,35.00,10.00,3.00,3.00
2024-06-06T19:12:00Z,82.00,70.00,48.00,32.00,10.00,3.00,3.00
2024-06-06T19:43:00Z,82.00,70.00,48.00,32.00,10.00,3.00,3.00
2024-06-06T19:44:00Z,82.00,70.00,48.00,32.00,10.00,3.00,3.00
2024-06-06T19:59:00Z,82.00,70.00,48.00,31.00,10.00,3.00,3.00
2024-06-06T20:03:00Z,82.00,70.00,48.00,31.00,10.00,3.00,3.00
2024-06-06T20:32:00Z,82.00,65.00,48.00,31.00,10.00,3.00,3.00
2024-06-06T20:33:00Z,82.00,65.00,48.00,31.00,10.00,3.00,3.00
2024-06-06T20:34:00Z,82.00,65.00,42.00,30.00,10.00,3.00,3.00
2024-06-06T20:35:00Z,82.00,68.00,42.00,30.00,10.00,3.00,3.00
2024-06-06T20:36:00Z,84.00,68.00,42.00,30.00,10.00,3.00,3.00
2024-06-06T21:46:00Z,84.00,68.00,42.00,31.00,10.00,3.00,3.00
2024-06-07T00:37:00Z,84.00,68.00,42.00,31.00,10.00,3.00,3.00
2024-06-07T14:17:00Z,84.00,71.00,42.00,31.00,10.00,3.00,3.00
2024-06-07T14:41:00Z,81.00,71.00,42.00,31.00,10.00,3.00,3.00
2024-06-07T15:16:00Z,81.00,71.00,46.00,31.00,10.00,3.00,3.00
2024-06-07T15:21:00Z,81.00,71.00,47.00,31.00,10.00,3.00,3.00
2024-06-07T15:22:00Z,81.00,71.00,47.00,31.00,10.00,3.00,3.00
2024-06-07T15:24:00Z,81.00,71.00,44.00,31.00,10.00,3.00,3.00
2024-06-07T15:35:00Z,80.00,71.00,44.00,31.00,10.00,3.00,3.00
2024-06-07T17:48:00Z,80.00,71.00,44.00,30.00,10.00,3.00,3.00
2024-06-07T18:23:00Z,75.00,71.00,44.00,30.00,10.00,3.00,3.00
2024-06-07T21:28:00Z,75.00,71.00,44.00,30.00,10.00,3.00,3.00
2024-06-07T21:42:00Z,75.00,62.00,44.00,30.00,10.00,3.00,3.00
2024-06-07T21:55:00Z,74.00,62.00,44.00,30.00,10.00,3.00,3.00
2024-06-07T23:30:00Z,74.00,62.00,44.00,30.00,10.00,3.00,3.00
2024-06-08T01:11:00Z,74.00,62.00,44.00,30.00,10.00,3.00,3.00
2024-06-08T02:47:00Z,74.00,62.00,44.00,30.00,10.00,3.00,3.00
2024-06-08T02:52:00Z,74.00,62.00,44.00,30.00,10.00,3.00,3.00
2024-06-08T15:31:00Z,75.00,62.00,44.00,30.00,10.00,3.00,3.00
2024-06-08T22:55:00Z,80.00,62.00,44.00,30.00,10.00,3.00,3.00
2024-06-09T01:40:00Z,75.00,62.00,44.00,30.00,10.00,3.00,3.00
2024-06-09T17:23:00Z,75.00,62.00,44.00,30.00,10.00,3.00,3.00
2024-06-09T20:54:00Z,81.00,66.00,44.00,30.00,10.00,3.00,3.00
2024-06-10T12:05:00Z,79.00,66.00,44.00,30.00,10.00,3.00,3.00
2024-06-10T18:22:00Z,81.00,66.00,46.00,30.00,10.00,3.00,3.00
2024-06-11T01:58:00Z,81.00,66.00,41.00,30.00,10.00,3.00,3.00
2024-06-11T01:59:00Z,76.00,66.00,41.00,30.00,10.00,3.00,3.00
2024-06-11T03:47:00Z,71.52,66.00,41.00,30.00,10.00,3.00,3.00
2024-06-11T03:53:00Z,71.52,66.00,43.00,30.00,10.00,3.00,3.00
2024-06-11T13:04:00Z,71.52,58.00,43.00,30.00,10.00,3.00,3.00
2024-06-11T13:05:00Z,71.52,59.00,43.00,30.00,10.00,3.00,3.00
2024-06-11T13:06:00Z,71.52,57.00,43.00,30.00,10.00,3.00,3.00
2024-06-11T13:15:00Z,72.00,57.00,43.00,30.00,10.00,3.00,3.00
2024-06-11T13:18:00Z,72.00,58.00,43.00,30.00,10.00,3.00,3.00
2024-06-11T13:20:00Z,72.00,58.00,39.00,30.00,10.00,3.00,3.00
2024-06-11T13:45:00Z,67.10,58.00,39.00,30.00,10.00,3.00,3.00
2024-06-11T15:06:00Z,67.10,58.00,39.00,30.00,10.00,3.00,3.00
2024-06-11T17:15:00Z,67.10,58.00,38.00,30.00,10.00,3.00,3.00
2024-06-11T22:18:00Z,67.10,64.00,38.00,30.00,10.00,3.00,3.00
2024-06-12T00:14:00Z,67.10,64.00,43.00,30.00,10.00,3.00,3.00
2024-06-12T12:33:00Z,67.10,64.00,43.00,30.00,10.00,3.00,3.00
2024-06-12T14:10:00Z,77.00,64.00,43.00,30.00,10.00,3.00,3.00
2024-06-12T14:22:00Z,77.00,64.00,49.00,30.00,10.00,3.00,3.00
2024-06-12T15:05:00Z,77.00,64.00,46.00,30.00,10.00,3.00,3.00
2024-06-12T18:17:00Z,77.00,64.00,46.00,30.00,10.00,3.00,3.00
2024-06-12T18:18:00Z,77.00,63.00,46.00,30.00,10.00,3.00,3.00
2024-06-12T21:08:00Z,77.00,63.00,46.00,31.00,10.00,3.00,3.00
2024-06-12T21:24:00Z,77.00,63.00,41.00,31.00,10.00,3.00,3.00
2024-06-12T22:46:00Z,77.00,63.00,45.00,31.00,10.00,3.00,3.00
2024-06-13T20:17:00Z,74.00,63.00,45.00,31.00,10.00,3.00,3.00
2024-06-14T00:30:00Z,75.00,63.00,45.00,31.00,10.00,3.00,3.00
2024-06-14T12:15:00Z,69.00,63.00,45.00,31.00,10.00,3.00,3.00
2024-06-14T12:34:00Z,69.72,63.00,45.00,31.00,10.00,3.00,3.00
2024-06-14T12:45:00Z,71.00,63.00,45.00,31.00,10.00,3.00,3.00
2024-06-14T14:02:00Z,71.00,63.00,45.00,31.00,10.00,3.00,3.00
2024-06-14T14:16:00Z,70.00,63.00,45.00,31.00,10.00,3.00,3.00
2024-06-14T14:17:00Z,69.00,63.00,45.00,31.00,10.00,3.00,3.00
2024-06-14T15:26:00Z,69.00,63.00,45.00,29.00,10.00,3.00,3.00
2024-06-14T15:30:00Z,69.00,63.00,45.00,29.00,13.00,3.00,3.00
2024-06-14T16:42:00Z,69.00,63.00,39.00,29.00,13.00,3.00,3.00
2024-06-14T16:43:00Z,69.00,63.00,39.00,29.00,13.00,3.00,3.00
2024-06-14T16:44:00Z,69.00,63.00,39.00,29.00,13.00,3.00,3.00
2024-06-15T02:12:00Z,69.00,63.00,39.00,29.00,13.00,3.00,3.00
2024-06-15T23:06:00Z,69.00,63.00,39.00,28.00,13.00,3.00,3.00
2024-06-16T23:15:00Z,69.00,63.00,36.00,28.00,13.00,3.00,3.00
2024-06-17T02:56:00Z,69.00,54.71,36.00,28.00,13.00,3.00,3.00
2024-06-17T13:34:00Z,69.00,54.71,25.00,28.00,13.00,3.00,3.00
2024-06-17T15:22:00Z,69.00,54.71,25.00,25.00,13.00,3.00,3.00
2024-06-17T21:32:00Z,69.00,63.00,25.00,25.00,13.00,3.00,3.00
2024-06-18T01:48:00Z,69.00,63.00,25.00,25.00,13.00,3.00,3.00
2024-06-18T21:18:00Z,69.00,63.00,25.00,26.00,13.00,3.00,3.00
2024-06-18T21:52:00Z,69.00,50.03,25.00,26.00,13.00,3.00,3.00
2024-06-18T22:33:00Z,69.00,59.00,25.00,26.00,13.00,3.00,3.00
2024-06-18T22:34:00Z,69.00,59.00,25.00,26.00,13.00,3.00,3.00
2024-06-18T22:39:00Z,69.00,59.00,25.00,26.00,13.00,3.00,3.00
2024-06-18T22:40:00Z,69.00,59.00,25.00,27.00,13.00,3.00,3.00
2024-06-19T02:41:00Z,69.00,59.00,25.00,27.00,13.00,3.00,3.00
2024-06-19T12:24:00Z,63.00,59.00,25.00,27.00,13.00,3.00,3.00
2024-06-19T18:18:00Z,69.00,59.00,25.00,27.00,13.00,3.00,3.00
2024-06-20T03:56:00Z,64.00,59.00,25.00,27.00,13.00,3.00,3.00
2024-06-20T17:39:00Z,64.00,59.00,25.00,27.00,13.00,5.00,3.00
2024-06-20T22:25:00Z,67.00,59.00,25.00,27.00,13.00,5.00,3.00
2024-06-21T12:44:00Z,64.00,59.00,25.00,27.00,13.00,5.00,3.00
2024-06-21T16:47:00Z,64.00,59.00,25.00,27.00,13.00,5.00,3.00
2024-06-21T21:21:00Z,64.00,59.00,35.00,27.00,13.00,5.00,3.00
2024-06-21T22:56:00Z,66.20,59.00,35.00,27.00,13.00,5.00,3.00
2024-06-22T02:19:00Z,66.00,59.00,35.00,27.00,13.00,5.00,3.00
2024-06-23T16:27:00Z,66.00,53.00,35.00,27.00,13.00,5.00,3.00
2024-06-23T21:49:00Z,60.12,53.00,35.00,27.00,13.00,5.00,3.00
2024-06-23T22:16:00Z,60.12,54.00,35.00,27.00,13.00,5.00,3.00
2024-06-23T23:39:00Z,64.00,54.00,35.00,27.00,13.00,5.00,3.00
2024-06-24T12:01:00Z,64.00,53.00,35.00,27.00,13.00,5.00,3.00
2024-06-24T12:35:00Z,64.00,50.00,35.00,27.00,13.00,5.00,3.00
2024-06-24T13:21:00Z,58.00,50.00,35.00,27.00,13.00,5.00,3.00
2024-06-24T14:09:00Z,52.00,50.00,35.00,27.00,13.00,5.00,3.00
2024-06-24T15:48:00Z,52.00,50.00,35.00,27.00,13.00,5.00,3.00
2024-06-24T15:51:00Z,56.00,50.00,35.00,27.00,13.00,5.00,3.00
2024-06-24T17:15:00Z,56.00,44.00,35.00,27.00,13.00,5.00,3.00
2024-06-24T17:25:00Z,56.00,44.00,35.00,19.00,13.00,5.00,3.00
2024-06-24T17:48:00Z,54.00,45.00,35.00,19.00,13.00,5.00,3.00
2024-06-24T17:51:00Z,54.00,45.00,35.00,18.00,13.00,5.00,3.00
2024-06-24T20:32:00Z,52.00,45.00,35.00,18.00,13.00,5.00,3.00
2024-06-24T20:53:00Z,52.00,40.00,35.00,18.00,13.00,5.00,3.00
2024-06-24T21:25:00Z,53.00,40.00,35.00,18.00,13.00,5.00,3.00
2024-06-24T21:34:00Z,54.00,45.00,35.00,18.00,13.00,5.00,3.00
2024-06-24T22:59:00Z,54.00,45.00,35.00,19.00,13.00,5.00,3.00
2024-06-25T17:06:00Z,55.00,45.00,35.00,19.00,13.00,5.00,3.00
2024-06-25T17:07:00Z,55.00,45.00,35.00,19.00,13.00,5.00,3.00
2024-06-25T21:12:00Z,60.00,45.00,35.00,19.00,13.00,5.00,3.00
2024-06-25T21:37:00Z,60.00,41.00,35.00,19.00,13.00,5.00,3.00
2024-06-25T23:58:00Z,60.00,50.00,35.00,19.00,13.00,5.00,3.00
2024-06-26T12:17:00Z,60.00,50.00,23.00,19.00,13.00,5.00,3.00
2024-06-26T13:41:00Z,59.00,50.00,23.00,19.00,13.00,5.00,3.00
2024-06-26T14:02:00Z,59.00,41.00,23.00,19.00,13.00,5.00,3.00
2024-06-26T16:04:00Z,59.00,41.00,29.00,19.00,13.00,5.00,3.00
2024-06-26T18:05:00Z,53.00,41.00,29.00,19.00,13.00,5.00,3.00
2024-06-26T18:34:00Z,57.00,41.00,29.00,19.00,13.00,5.00,3.00
2024-06-26T23:57:00Z,55.00,41.00,29.00,19.00,13.00,5.00,3.00
2024-06-27T00:11:00Z,55.00,47.00,29.00,19.00,13.00,5.00,3.00
2024-06-27T03:42:00Z,55.00,47.00,29.00,19.00,13.00,5.00,3.00
2024-06-27T15:15:00Z,59.00,47.00,29.00,19.00,13.00,5.00,3.00
2024-06-27T16:07:00Z,59.00,50.00,29.00,19.00,13.00,5.00,3.00
2024-06-27T17:09:00Z,59.00,50.00,29.00,19.00,13.00,5.00,3.00
2024-06-27T21:46:00Z,58.00,50.00,29.00,19.00,13.00,5.00,3.00
2024-06-27T22:55:00Z,58.00,50.00,29.00,19.00,11.00,5.00,3.00
2024-06-28T00:10:00Z,59.00,50.00,29.00,19.00,11.00,5.00,3.00
2024-06-28T00:56:00Z,57.00,50.00,29.00,19.00,11.00,5.00,3.00
2024-06-28T02:44:00Z,57.00,49.00,29.00,19.00,11.00,5.00,3.00
2024-06-28T02:54:00Z,56.10,49.00,29.00,19.00,11.00,5.00,3.00
2024-06-28T14:28:00Z,56.10,47.00,29.00,19.00,11.00,5.00,3.00
2024-06-28T19:26:00Z,55.00,46.00,29.00,19.00,11.00,5.00,3.00
2024-06-28T21:52:00Z,55.00,45.00,29.00,19.00,11.00,5.00,3.00
2024-06-29T01:38:00Z,55.00,46.00,29.00,19.00,11.00,5.00,3.00
2024-06-29T15:38:00Z,55.00,48.00,29.00,19.00,11.00,5.00,3.00
2024-06-29T22:32:00Z,72.00,48.00,29.00,19.00,11.00,5.00,3.00
2024-06-30T17:10:00Z,52.89,48.00,29.00,19.00,11.00,5.00,3.00
2024-06-30T22:44:00Z,5.00,48.00,29.00,19.00,11.00,5.00,3.00
2024-07-01T00:43:00Z,70.00,48.00,29.00,19.00,11.00,5.00,3.00
2024-07-01T02:19:00Z,70.00,48.00,29.00,19.00,11.00,5.00,3.00
2024-07-01T02:43:00Z,70.00,45.00,29.00,19.00,11.00,5.00,3.00
2024-07-01T14:08:00Z,70.00,42.00,29.00,19.00,11.00,5.00,3.00
2024-07-01T14:13:00Z,70.00,42.00,29.00,19.00,11.00,5.00,3.00
2024-07-01T15:58:00Z,70.00,44.00,29.00,19.00,11.00,5.00,3.00
2024-07-01T21:33:00Z,61.00,44.00,29.00,19.00,11.00,5.00,3.00
2024-07-01T22:45:00Z,61.00,44.00,29.00,19.00,11.00,5.00,3.00
2024-07-02T02:39:00Z,56.00,44.00,29.00,19.00,11.00,5.00,3.00
2024-07-02T18:19:00Z,56.00,51.00,29.00,19.00,11.00,5.00,3.00
2024-07-02T22:20:00Z,59.00,51.00,29.00,19.00,11.00,5.00,3.00
2024-07-02T23:43:00Z,60.00,51.00,29.00,19.00,11.00,5.00,3.00
2024-07-03T16:28:00Z,60.00,51.00,28.00,19.00,11.00,5.00,3.00
2024-07-03T20:31:00Z,60.00,51.00,27.00,19.00,11.00,5.00,3.00
2024-07-04T02:16:00Z,60.00,51.00,22.14,19.00,11.00,5.00,3.00
2024-07-04T02:17:00Z,60.00,51.00,22.00,19.00,11.00,5.00,3.00
2024-07-04T18:54:00Z,60.00,51.00,19.00,19.00,11.00,5.00,3.00
2024-07-04T19:27:00Z,60.00,51.00,19.00,19.00,8.99,5.00,3.00
2024-07-05T00:11:00Z,60.00,51.00,19.00,19.00,7.00,5.00,3.00
2024-07-05T13:11:00Z,60.00,51.00,29.00,19.00,7.00,5.00,3.00
2024-07-06T01:14:00Z,60.00,51.00,22.76,19.00,8.00,5.00,3.00
2024-07-06T01:15:00Z,60.00,51.00,22.76,19.00,8.00,5.00,3.00
2024-07-07T16:55:00Z,60.00,38.75,22.76,19.00,8.00,5.00,3.00
2024-07-07T17:52:00Z,60.00,39.00,22.76,19.00,8.00,5.00,3.00
2024-07-08T01:04:00Z,60.00,39.00,22.76,19.00,8.00,5.00,3.00
2024-07-08T02:13:00Z,60.00,39.00,22.76,19.00,7.00,5.00,3.00
2024-07-08T14:27:00Z,60.00,27.00,22.76,19.00,7.00,2.00,2.00
2024-07-08T18:15:00Z,60.00,27.00,15.00,19.00,7.00,2.00,2.00
2024-07-09T02:59:00Z,60.00,27.00,12.00,19.00,7.00,2.00,2.00
2024-07-09T03:14:00Z,60.00,27.00,12.00,19.00,7.00,2.00,2.00
2024-07-09T15:04:00Z,60.00,26.00,12.00,19.00,7.00,2.00,2.00
2024-07-09T15:56:00Z,60.00,27.00,12.00,19.00,7.00,2.00,2.00
2024-07-09T16:34:00Z,60.00,34.00,12.00,19.00,7.00,2.00,2.00
2024-07-09T17:35:00Z,60.00,34.00,12.00,19.00,8.00,2.00,2.00
2024-07-10T00:07:00Z,60.00,34.00,16.00,19.00,8.00,2.00,2.00
2024-07-10T23:01:00Z,60.00,39.00,16.00,19.00,8.00,2.00,2.00
2024-07-10T23:39:00Z,60.00,28.58,16.00,19.00,8.00,2.00,2.00
2024-07-11T18:01:00Z,60.00,28.00,16.00,19.00,8.00,2.00,2.00
2024-07-11T19:27:00Z,60.00,28.00,26.62,19.00,8.00,2.00,2.00
2024-07-11T21:38:00Z,60.00,28.00,26.62,9.00,8.00,2.00,2.00
2024-07-11T23:25:00Z,60.00,41.27,26.62,9.00,8.00,2.00,2.00
2024-07-12T00:01:00Z,60.00,41.27,26.62,17.25,8.00,2.00,2.00
2024-07-12T00:30:00Z,60.00,41.27,15.00,17.25,8.00,2.00,2.00
2024-07-12T01:10:00Z,60.00,41.27,15.00,17.62,8.00,2.00,2.00
2024-07-12T13:46:00Z,60.00,35.00,15.00,17.62,8.00,2.00,2.00
2024-07-12T13:59:00Z,60.00,35.00,25.37,17.62,8.00,2.00,2.00
2024-07-12T15:59:00Z,60.00,35.00,25.37,8.45,8.00,2.00,2.00
2024-07-12T19:13:00Z,60.00,35.00,25.37,10.00,8.00,2.00,2.00
2024-07-12T19:17:00Z,60.00,35.00,25.37,10.00,8.00,2.00,2.00
2024-07-12T19:18:00Z,60.00,35.00,25.37,10.00,8.00,2.00,2.00
2024-07-13T13:49:00Z,60.00,35.00,25.37,10.00,8.00,2.00,2.00
2024-07-14T13:27:00Z,60.00,35.00,18.00,10.00,8.00,2.00,2.00
2024-07-14T17:44:00Z,49.00,35.00,18.00,10.00,8.00,2.00,2.00
2024-07-14T22:43:00Z,48.00,35.00,18.00,10.00,8.00,2.00,2.00
2024-07-14T22:54:00Z,49.00,35.00,18.00,10.00,8.00,2.00,2.00
2024-07-15T00:05:00Z,46.00,35.00,18.00,10.00,8.00,2.00,2.00
2024-07-15T01:39:00Z,49.00,35.00,18.00,10.00,8.00,2.00,2.00
2024-07-15T13:53:00Z,49.00,35.00,18.00,10.00,8.00,2.00,2.00
2024-07-15T13:54:00Z,49.01,35.00,18.00,10.00,8.00,2.00,2.00
2024-07-15T13:58:00Z,50.00,35.00,18.00,10.00,8.00,2.00,2.00
2024-07-15T16:06:00Z,60.00,35.00,18.00,10.00,8.00,2.00,2.00
2024-07-15T16:33:00Z,55.00,35.00,18.00,10.00,8.00,2.00,2.00
2024-07-15T16:36:00Z,60.00,35.00,18.00,10.00,8.00,2.00,2.00
2024-07-15T17:05:00Z,64.00,35.00,18.00,10.00,8.00,2.00,2.00
2024-07-15T17:54:00Z,64.00,35.00,28.16,10.00,8.00,2.00,2.00
2024-07-15T18:06:00Z,64.00,35.00,29.00,10.00,8.00,2.00,2.00
2024-07-15T20:56:00Z,64.00,35.00,26.00,10.00,8.00,2.00,2.00
2024-07-15T22:15:00Z,64.00,35.00,27.00,10.00,8.00,2.00,2.00
2024-07-15T23:25:00Z,62.00,35.00,27.00,10.00,8.00,2.00,2.00
2024-07-15T23:43:00Z,62.00,35.00,27.00,10.00,8.00,2.00,2.00
2024-07-16T00:11:00Z,62.00,35.00,29.00,10.00,8.00,2.00,2.00
2024-07-16T00:35:00Z,62.00,35.00,28.00,10.00,8.00,2.00,2.00
2024-07-16T00:53:00Z,62.00,35.00,28.00,10.00,8.00,2.00,2.00
2024-07-16T01:11:00Z,60.00,35.00,28.00,10.00,8.00,2.00,2.00
2024-07-16T01:37:00Z,60.00,35.00,28.00,10.00,8.00,4.00,2.00
2024-07-16T01:38:00Z,60.00,35.00,28.00,10.00,8.00,4.00,2.00
2024-07-16T01:44:00Z,61.00,35.00,28.00,10.00,8.00,4.00,2.00
2024-07-16T03:22:00Z,61.00,35.00,28.00,10.00,8.00,4.00,2.00
2024-07-16T15:01:00Z,64.18,35.00,28.00,10.00,8.00,4.00,2.00
2024-07-16T16:06:00Z,64.18,35.00,29.00,10.00,8.00,4.00,2.00
2024-07-16T18:18:00Z,66.00,35.00,29.00,10.00,8.00,4.00,2.00
2024-07-16T19:22:00Z,66.00,35.00,29.00,10.00,8.00,4.00,2.00
2024-07-17T00:00:00Z,61.00,35.00,29.00,10.00,8.00,4.00,2.00
2024-07-17T00:16:00Z,66.00,35.00,29.00,10.00,8.00,4.00,2.00
2024-07-17T01:01:00Z,66.00,35.00,29.00,10.00,8.00,4.00,2.00
2024-07-17T01:08:00Z,68.21,35.00,29.00,10.00,8.00,4.00,2.00
2024-07-17T01:13:00Z,64.00,35.00,29.00,10.00,8.00,4.00,2.00
2024-07-17T01:25:00Z,72.00,35.00,29.00,10.00,8.00,4.00,2.00
2024-07-17T13:00:00Z,72.00,35.00,33.09,10.00,8.00,4.00,2.00
2024-07-17T13:04:00Z,72.00,35.00,33.09,10.00,7.00,4.00,2.00
2024-07-17T14:09:00Z,72.00,35.00,33.09,10.00,8.00,4.00,2.00
2024-07-17T14:45:00Z,72.00,47.60,33.09,10.00,8.00,4.00,2.00
2024-07-17T16:17:00Z,72.00,55.00,33.09,10.00,8.00,4.00,2.00
2024-07-17T17:00:00Z,72.00,55.00,33.09,10.00,7.00,4.00,2.00
2024-07-17T18:21:00Z,72.00,48.00,33.09,10.00,7.00,4.00,2.00
2024-07-17T18:35:00Z,72.00,45.45,33.09,10.00,7.00,4.00,2.00
2024-07-17T20:23:00Z,72.00,47.00,33.09,10.00,7.00,4.00,2.00
2024-07-17T20:31:00Z,72.00,46.00,33.09,10.00,7.00,4.00,2.00
2024-07-17T22:04:00Z,72.00,56.00,33.09,10.00,7.00,4.00,2.00
2024-07-18T02:06:00Z,72.00,56.00,36.00,10.00,8.00,4.00,2.00
2024-07-18T02:46:00Z,72.00,57.00,36.00,10.00,8.00,4.00,2.00
2024-07-18T17:47:00Z,72.00,43.00,36.00,10.00,8.00,4.00,2.00
2024-07-18T18:06:00Z,72.00,49.00,36.00,10.00,8.00,4.00,2.00
2024-07-18T19:06:00Z,72.00,43.00,36.00,10.00,8.00,4.00,2.00
2024-07-18T22:06:00Z,72.00,43.00,36.00,10.00,8.00,4.00,2.00
2024-07-19T00:37:00Z,72.00,43.00,28.00,10.00,8.00,4.00,2.00
2024-07-19T01:49:00Z,72.00,53.18,28.00,10.00,8.00,4.00,2.00
2024-07-19T12:01:00Z,72.00,53.18,28.00,10.00,6.00,4.00,2.00
2024-07-19T13:27:00Z,72.00,53.18,33.00,10.00,6.00,4.00,2.00
2024-07-19T13:32:00Z,72.00,53.18,33.00,10.00,6.00,4.00,2.00
2024-07-19T14:10:00Z,72.00,53.18,33.00,10.00,6.00,4.00,2.00
2024-07-19T14:13:00Z,72.00,58.65,33.00,10.00,6.00,4.00,2.00
2024-07-19T14:16:00Z,72.00,58.65,33.00,10.00,6.00,4.00,2.00
2024-07-19T17:41:00Z,72.00,53.00,33.00,10.00,6.00,4.00,2.00
2024-07-19T17:59:00Z,72.00,53.00,33.00,10.00,6.00,4.00,2.00
2024-07-19T18:26:00Z,72.00,63.48,33.00,10.00,6.00,4.00,2.00
2024-07-19T21:15:00Z,72.00,55.00,37.97,10.00,6.00,4.00,2.00
2024-07-19T21:16:00Z,72.00,65.00,37.97,10.00,6.00,4.00,2.00
2024-07-19T21:24:00Z,72.00,65.00,42.97,10.00,6.00,4.00,2.00
2024-07-19T23:43:00Z,72.00,65.00,35.00,10.00,6.00,4.00,2.00
2024-07-20T00:08:00Z,72.00,65.00,40.00,10.00,6.00,4.00,2.00
2024-07-20T00:10:00Z,72.00,63.00,40.00,10.00,6.00,4.00,2.00
2024-07-20T14:23:00Z,72.00,62.89,40.00,10.00,6.00,4.00,2.00
2024-07-20T17:58:00Z,72.00,66.06,40.00,10.00,6.00,4.00,2.00
2024-07-20T18:28:00Z,72.00,66.00,40.00,10.00,6.00,4.00,2.00
2024-07-20T21:00:00Z,72.00,66.00,40.00,10.00,7.00,4.00,2.00
2024-07-20T21:53:00Z,72.00,66.00,40.00,10.00,7.00,3.00,2.00
2024-07-20T22:22:00Z,72.00,66.00,44.38,10.00,7.00,3.00,2.00
2024-07-20T23:18:00Z,72.00,66.00,45.00,10.00,7.00,3.00,2.00
2024-07-21T00:51:00Z,72.00,66.00,45.00,10.00,7.00,3.00,2.00
2024-07-21T01:45:00Z,72.00,66.00,36.00,10.00,7.00,3.00,2.00
2024-07-21T12:13:00Z,72.00,66.00,36.00,25.00,7.00,3.00,2.00
2024-07-21T12:21:00Z,72.00,66.00,36.00,25.00,7.00,3.00,2.00
2024-07-21T17:02:00Z,72.00,66.00,36.00,28.95,7.00,4.00,2.00
2024-07-21T17:04:00Z,72.00,66.00,36.00,28.95,7.00,4.00,2.00
2024-07-21T19:25:00Z,69.00,66.00,36.00,28.95,7.00,4.00,2.00
2024-07-21T20:38:00Z,69.00,66.00,36.00,28.95,8.12,4.00,2.00
2024-07-21T21:02:00Z,79.00,66.00,36.00,28.95,8.12,4.00,2.00
2024-07-21T21:10:00Z,79.00,66.00,36.00,26.00,8.12,4.00,2.00
2024-07-21T21:13:00Z,79.00,66.00,36.00,30.21,8.12,4.00,2.00
2024-07-21T22:07:00Z,79.00,66.00,36.00,30.21,9.00,4.00,2.00
2024-07-21T22:08:00Z,79.00,66.00,36.00,30.21,9.00,4.00,2.00
2024-07-22T00:00:00Z,79.00,65.00,36.00,30.21,9.00,4.00,2.00
2024-07-22T00:30:00Z,79.00,65.00,36.00,31.00,9.00,4.00,2.00
2024-07-22T00:38:00Z,79.00,65.00,36.00,31.00,11.00,4.00,2.00
2024-07-22T01:49:00Z,79.00,65.00,36.00,31.00,11.00,4.00,2.00
2024-07-22T02:02:00Z,79.00,65.00,36.00,31.00,11.00,4.00,2.00
2024-07-22T03:06:00Z,79.00,65.65,36.00,31.00,11.00,4.00,2.00
2024-07-22T13:44:00Z,79.00,65.65,36.00,31.00,9.00,4.00,2.00
2024-07-22T14:29:00Z,79.00,56.21,36.00,31.00,9.00,4.00,2.00
2024-07-22T15:04:00Z,79.00,56.00,36.00,31.00,9.00,4.00,2.00
2024-07-22T15:05:00Z,79.00,55.00,36.00,31.00,9.00,4.00,2.00
2024-07-22T15:12:00Z,75.00,55.00,36.00,31.00,9.00,4.00,2.00
2024-07-22T15:29:00Z,75.00,56.00,36.00,31.00,9.00,4.00,2.00
2024-07-22T16:13:00Z,75.00,56.00,36.00,25.00,9.00,4.00,2.00
2024-07-22T16:23:00Z,75.00,66.00,36.00,25.00,9.00,4.00,2.00
2024-07-22T16:30:00Z,76.00,66.00,36.00,25.00,9.00,4.00,2.00
2024-07-22T17:33:00Z,76.00,56.00,36.00,25.00,9.00,4.00,2.00
2024-07-22T18:31:00Z,76.00,56.00,36.00,30.00,9.00,4.00,2.00
2024-07-22T20:13:00Z,76.00,56.00,36.00,30.00,10.00,4.00,2.00
2024-07-22T20:27:00Z,80.00,56.00,36.00,30.00,10.00,4.00,2.00
2024-07-22T23:22:00Z,80.00,56.00,36.00,30.16,10.00,4.00,2.00
2024-07-23T01:22:00Z,80.00,67.00,36.00,30.16,10.00,4.00,2.00
2024-07-23T14:51:00Z,80.00,67.00,36.00,30.16,10.00,4.00,2.00
2024-07-23T16:39:00Z,80.00,65.00,36.00,30.16,10.00,4.00,2.00
2024-07-23T16:42:00Z,80.00,53.00,36.00,30.16,10.00,4.00,2.00
2024-07-23T17:38:00Z,80.00,53.00,36.00,25.00,10.00,4.00,2.00
2024-07-23T18:49:00Z,80.00,53.00,40.00,25.00,10.00,4.00,2.00
2024-07-23T19:00:00Z,80.00,63.00,40.00,25.00,10.00,4.00,2.00
2024-07-23T21:15:00Z,80.00,63.00,43.00,25.00,10.00,4.00,2.00
2024-07-23T23:51:00Z,80.00,53.00,43.00,25.00,10.00,4.00,2.00
2024-07-24T01:08:00Z,80.00,53.00,43.00,25.00,9.00,4.00,2.00
2024-07-24T02:08:00Z,80.00,50.70,43.00,25.00,9.00,4.00,2.00
2024-07-24T03:31:00Z,80.00,50.70,38.07,25.00,9.00,4.00,2.00
2024-07-24T03:57:00Z,80.00,63.00,38.07,25.00,9.00,4.00,2.00
2024-07-25T12:01:00Z,80.00,47.00,38.07,25.00,9.00,4.00,2.00
2024-07-25T12:02:00Z,65.00,47.00,38.07,25.00,9.00,4.00,2.00
2024-07-25T16:11:00Z,65.00,47.00,38.07,25.00,9.00,4.00,3.00
2024-07-26T01:42:00Z,68.00,47.00,38.07,25.00,9.00,4.00,3.00
2024-07-26T23:11:00Z,73.00,47.00,38.07,25.00,9.00,4.00,3.00
2024-07-27T13:20:00Z,74.00,47.00,38.07,25.00,9.00,4.00,3.00
2024-07-27T14:31:00Z,81.19,47.00,38.07,25.00,9.00,4.00,3.00
2024-07-27T16:54:00Z,83.00,47.00,38.07,25.00,9.00,4.00,3.00
2024-07-27T22:02:00Z,75.00,47.00,38.07,25.00,9.00,4.00,3.00
2024-07-28T01:13:00Z,75.00,47.00,38.07,25.03,9.00,4.00,3.00
2024-07-28T13:39:00Z,75.00,47.00,38.07,25.00,9.00,4.00,3.00
2024-07-28T17:15:00Z,75.00,47.00,38.07,30.00,9.00,4.00,3.00
2024-07-28T22:31:00Z,75.00,47.00,46.00,30.00,9.00,4.00,3.00
2024-07-28T22:45:00Z,80.00,47.00,46.00,30.00,9.00,4.00,3.00
2024-07-29T14:10:00Z,80.00,47.00,36.00,30.00,9.00,4.00,3.00
2024-07-29T20:18:00Z,80.00,47.00,36.00,30.00,8.00,4.00,3.00
2024-07-29T20:26:00Z,80.00,47.00,45.00,30.00,8.00,4.00,3.00
2024-07-29T20:33:00Z,78.00,47.00,45.00,29.00,8.00,2.00,3.00
2024-07-29T21:15:00Z,77.00,47.00,45.00,29.00,8.00,2.00,3.00
2024-07-29T21:42:00Z,75.00,47.00,45.00,29.00,8.00,2.00,3.00
2024-07-30T01:49:00Z,72.00,47.00,45.00,29.00,8.00,2.00,3.00
2024-07-30T12:57:00Z,72.00,47.00,45.00,28.39,8.00,2.00,3.00
2024-07-30T19:24:00Z,72.00,47.00,45.00,28.39,9.00,2.00,3.00
2024-07-30T19:31:00Z,72.00,47.00,45.00,28.39,10.00,2.00,3.00
2024-07-30T20:32:00Z,71.00,47.00,43.00,28.39,10.00,2.00,3.00
2024-07-31T02:33:00Z,71.00,47.00,36.00,25.00,10.00,2.00,3.00
2024-07-31T16:54:00Z,71.00,64.00,36.00,25.00,10.00,2.00,3.00
2024-07-31T17:54:00Z,71.00,64.00,36.00,25.00,10.00,2.00,3.00
2024-07-31T18:48:00Z,71.00,64.00,36.00,25.00,10.00,2.00,3.00
2024-07-31T20:24:00Z,71.00,64.00,36.00,25.00,9.00,2.00,3.00
2024-08-01T00:03:00Z,71.00,64.00,36.00,25.00,9.00,2.00,3.00
2024-08-01T01:41:00Z,71.00,64.00,36.00,25.00,9.00,2.00,3.00
2024-08-01T02:27:00Z,71.00,64.00,36.00,22.00,9.00,2.00,3.00
2024-08-01T03:09:00Z,66.00,64.00,36.00,22.00,9.00,2.00,3.00
2024-08-01T03:11:00Z,65.00,64.00,36.00,22.00,9.00,2.00,3.00
2024-08-01T12:24:00Z,65.00,64.00,36.00,19.00,9.00,2.00,3.00
2024-08-01T13:06:00Z,65.00,64.00,36.00,19.00,9.00,2.00,3.00
2024-08-01T15:04:00Z,65.00,64.00,36.00,19.00,9.00,2.00,3.00
2024-08-01T15:13:00Z,65.00,64.00,36.00,18.00,9.00,2.00,3.00
2024-08-01T15:31:00Z,68.00,64.00,36.00,18.00,9.00,2.00,3.00
2024-08-01T18:36:00Z,62.08,64.00,36.00,18.00,9.00,2.00,3.00
2024-08-01T18:48:00Z,59.00,64.00,36.00,18.00,9.00,2.00,3.00
2024-08-01T19:49:00Z,59.00,64.00,36.00,18.00,8.00,2.00,3.00
2024-08-01T19:52:00Z,59.00,64.00,36.00,18.00,8.00,2.00,2.00
2024-08-01T23:14:00Z,59.00,64.00,36.00,18.00,7.00,2.00,2.00
2024-08-02T13:43:00Z,59.00,56.00,36.00,18.00,7.00,2.00,2.00
2024-08-02T14:40:00Z,59.00,45.00,36.00,18.00,7.00,2.00,2.00
2024-08-02T16:01:00Z,59.00,45.00,36.00,24.00,7.00,2.00,2.00
2024-08-02T18:51:00Z,59.00,57.00,36.00,24.00,7.00,2.00,2.00
2024-08-02T19:00:00Z,59.00,56.00,36.00,24.00,7.00,2.00,2.00
2024-08-03T12:15:00Z,59.00,55.00,36.00,24.00,7.00,2.00,2.00
2024-08-03T14:16:00Z,66.00,55.00,36.00,24.00,7.00,2.00,2.00
2024-08-03T16:11:00Z,60.00,55.00,36.00,24.00,7.00,2.00,2.00
2024-08-03T16:25:00Z,60.00,55.00,36.00,24.00,7.00,2.00,2.00
2024-08-03T17:29:00Z,60.00,45.00,36.00,24.00,7.00,2.00,2.00
2024-08-03T17:30:00Z,60.00,44.85,36.00,24.00,7.00,2.00,2.00
2024-08-03T18:44:00Z,60.00,44.85,36.00,18.00,7.00,2.00,2.00
2024-08-03T20:54:00Z,60.00,44.85,36.00,18.13,7.00,2.00,2.00
2024-08-04T17:04:00Z,60.00,44.85,36.00,15.46,7.00,2.00,2.00
2024-08-04T21:04:00Z,60.00,44.85,36.00,14.00,7.00,2.00,2.00
2024-08-05T01:22:00Z,60.00,44.85,36.00,14.00,7.00,2.00,2.00
2024-08-05T01:50:00Z,60.00,44.85,36.00,14.00,7.00,2.00,2.00
2024-08-05T02:00:00Z,60.00,44.85,36.00,15.00,7.00,2.00,2.00
2024-08-05T02:09:00Z,60.00,44.85,32.00,15.00,7.00,2.00,2.00
2024-08-05T15:12:00Z,60.00,44.85,32.00,15.00,7.00,2.00,2.00
2024-08-05T16:03:00Z,60.00,44.85,20.00,15.00,7.00,2.00,2.00
2024-08-05T17:36:00Z,60.00,44.85,20.00,15.00,7.00,2.00,2.00
2024-08-05T17:38:00Z,60.00,44.85,20.00,15.00,8.00,2.00,2.00
2024-08-05T18:11:00Z,60.00,44.85,20.00,15.00,8.00,2.00,2.00
2024-08-05T22:33:00Z,60.00,44.85,18.63,15.00,8.00,2.00,2.00
2024-08-06T17:30:00Z,60.00,44.85,28.00,15.00,8.00,2.00,2.00
2024-08-06T23:34:00Z,60.00,44.85,28.00,11.81,8.00,2.00,2.00
2024-08-06T23:35:00Z,60.00,44.85,22.90,11.81,8.00,2.00,2.00
2024-08-06T23:36:00Z,60.00,44.85,22.90,11.81,8.00,2.00,2.00
2024-08-06T23:37:00Z,60.00,44.85,22.90,9.20,6.20,2.00,2.00
2024-08-06T23:38:00Z,60.00,44.85,22.90,9.20,5.78,2.00,2.00
2024-08-06T23:39:00Z,60.00,44.85,17.00,9.20,5.78,2.00,2.00
2024-08-06T23:41:00Z,60.00,44.85,17.00,11.40,5.78,2.00,2.00
2024-08-06T23:42:00Z,60.00,44.85,17.00,11.40,5.78,2.00,2.00
2024-08-06T23:43:00Z,60.00,44.85,16.75,11.40,5.78,2.00,2.00
2024-08-07T03:00:00Z,60.00,44.85,20.33,11.40,5.78,2.00,2.00
2024-08-07T14:55:00Z,54.00,44.85,20.33,11.40,5.78,2.00,2.00
2024-08-07T17:18:00Z,41.40,44.85,20.33,11.40,5.78,2.00,2.00
2024-08-07T18:39:00Z,41.40,29.50,20.33,11.40,5.78,2.00,2.00
2024-08-07T21:56:00Z,41.40,29.50,20.33,18.00,5.78,2.00,2.00
2024-08-08T00:54:00Z,45.00,29.50,20.33,18.00,5.78,2.00,2.00
2024-08-08T01:58:00Z,45.00,29.50,20.33,17.00,5.78,2.00,2.00
2024-08-08T14:08:00Z,46.00,29.50,20.33,17.00,5.78,2.00,2.00
2024-08-08T17:09:00Z,51.00,29.50,20.33,17.00,5.78,2.00,2.00
2024-08-08T19:33:00Z,51.00,43.00,20.33,17.00,5.78,2.00,2.00
2024-08-08T23:02:00Z,65.98,43.00,20.33,17.00,5.78,2.00,2.00
2024-08-10T15:21:00Z,65.98,46.00,20.33,12.00,5.78,2.00,2.00
2024-08-10T17:28:00Z,65.98,46.00,20.33,12.00,5.78,2.00,2.00
2024-08-10T17:30:00Z,65.98,44.00,20.33,12.00,5.78,2.00,2.00
2024-08-10T20:21:00Z,65.98,43.00,20.33,12.00,5.78,2.00,2.00
2024-08-10T20:23:00Z,65.85,43.00,20.33,12.00,5.78,2.00,2.00
2024-08-10T22:15:00Z,66.38,43.00,20.33,12.00,5.78,2.00,2.00
2024-08-10T23:34:00Z,66.38,43.00,19.00,12.00,5.78,2.00,2.00
2024-08-10T23:35:00Z,66.38,44.00,19.00,12.00,5.78,2.00,2.00
2024-08-11T16:41:00Z,66.38,41.80,19.00,12.00,5.78,2.00,2.00
2024-08-11T20:31:00Z,60.00,41.80,19.00,12.00,5.78,2.00,2.00
2024-08-11T21:00:00Z,60.00,41.80,19.00,12.00,5.78,2.00,2.00
2024-08-12T00:24:00Z,50.05,41.80,19.00,12.00,5.78,2.00,2.00
2024-08-12T00:40:00Z,50.00,41.80,19.00,12.00,5.78,2.00,2.00
2024-08-12T03:15:00Z,59.17,41.80,19.00,12.00,5.78,2.00,2.00
2024-08-12T03:17:00Z,59.17,51.73,19.00,12.00,5.78,2.00,2.00
2024-08-12T20:24:00Z,59.17,51.73,15.00,12.00,5.78,2.00,2.00
2024-08-12T21:26:00Z,59.17,51.73,15.00,12.00,5.78,2.00,2.00
2024-08-13T01:32:00Z,51.34,51.73,15.00,12.00,5.78,2.00,2.00
2024-08-13T16:25:00Z,51.34,51.73,15.00,12.00,5.78,2.00,2.00
2024-08-13T22:47:00Z,51.34,51.73,15.00,12.00,5.00,2.00,2.00
2024-08-13T23:30:00Z,51.34,40.00,15.00,12.00,5.00,2.00,2.00
2024-08-14T00:55:00Z,51.34,40.10,15.00,12.00,5.00,2.00,2.00
2024-08-14T13:01:00Z,51.34,40.10,15.00,13.00,5.00,2.00,2.00
2024-08-14T15:40:00Z,51.34,40.10,15.00,13.00,5.00,2.00,2.00
2024-08-14T16:02:00Z,51.34,40.10,15.00,12.00,5.00,2.00,2.00
2024-08-14T18:49:00Z,51.34,40.10,16.00,12.00,5.00,2.00,2.00
2024-08-14T23:11:00Z,51.34,40.10,16.00,12.00,5.82,2.00,2.00
2024-08-15T00:15:00Z,51.34,40.10,17.00,12.00,5.82,2.00,2.00
2024-08-15T00:21:00Z,51.34,41.00,17.00,14.00,5.82,2.00,2.00
2024-08-15T12:47:00Z,51.34,41.00,17.00,14.00,4.00,2.00,2.00
2024-08-15T13:39:00Z,51.34,41.00,17.00,13.00,4.00,2.00,2.00
2024-08-15T17:15:00Z,51.34,41.00,17.00,13.00,4.00,2.00,2.00
2024-08-15T19:41:00Z,51.34,41.00,17.00,15.68,4.00,2.00,2.00
2024-08-15T20:31:00Z,51.34,39.00,17.00,17.00,4.00,2.00,2.00
2024-08-15T22:54:00Z,51.34,30.00,17.00,17.00,4.00,2.00,2.00
2024-08-16T00:43:00Z,51.34,30.00,18.97,17.00,4.00,2.00,2.00
2024-08-16T00:49:00Z,51.34,30.00,20.00,18.00,4.00,2.00,2.00
2024-08-16T00:50:00Z,51.34,30.00,20.00,18.00,6.00,3.00,2.00
2024-08-16T00:51:00Z,51.34,30.00,20.00,19.00,6.00,3.00,2.00
2024-08-16T15:49:00Z,51.34,27.71,20.00,19.00,6.00,3.00,2.00
2024-08-17T00:49:00Z,51.34,27.71,20.00,12.00,6.00,3.00,2.00
2024-08-17T00:50:00Z,51.34,27.71,20.00,12.00,3.00,3.00,2.00
2024-08-17T16:27:00Z,51.34,27.71,15.19,12.00,3.00,3.00,2.00
2024-08-17T17:58:00Z,51.34,27.71,15.19,17.00,4.00,3.00,2.00
2024-08-17T17:59:00Z,51.34,39.00,15.19,17.00,5.00,3.00,2.00
2024-08-17T18:05:00Z,51.34,40.00,15.19,17.00,5.00,3.00,2.00
2024-08-18T19:30:00Z,51.34,40.00,15.19,20.00,5.00,3.00,2.00
2024-08-19T12:16:00Z,51.34,40.00,15.19,15.00,5.00,3.00,2.00
2024-08-19T14:59:00Z,51.34,40.00,15.19,15.00,5.00,3.00,2.00
2024-08-19T15:43:00Z,51.34,40.00,15.19,19.00,5.00,3.00,2.00
2024-08-20T16:34:00Z,51.34,40.00,15.19,17.00,5.00,3.00,2.00
2024-08-20T20:02:00Z,51.34,40.00,15.19,18.00,5.00,3.00,2.00
2024-08-21T12:07:00Z,51.34,40.00,15.19,18.00,5.00,3.00,2.00
2024-08-21T14:23:00Z,51.34,40.00,15.19,17.00,5.00,3.00,2.00
2024-08-21T14:42:00Z,53.00,40.00,15.19,17.00,5.00,3.00,2.00
2024-08-21T16:53:00Z,47.00,40.00,15.19,17.00,5.00,3.00,2.00
2024-08-21T21:25:00Z,58.00,40.00,15.19,17.00,5.00,3.00,2.00
2024-08-21T22:09:00Z,58.00,40.00,15.19,17.00,5.00,3.00,2.00
2024-08-22T15:05:00Z,58.00,40.00,15.19,15.00,5.00,3.00,2.00
2024-08-22T16:09:00Z,55.00,40.00,15.19,15.00,5.00,3.00,2.00
2024-08-22T16:10:00Z,55.00,40.00,15.19,18.00,5.00,3.00,2.00
2024-08-22T16:59:00Z,55.00,40.00,15.19,18.00,5.00,4.00,2.00
2024-08-22T20:49:00Z,54.00,40.00,15.19,18.00,5.00,4.00,2.00
2024-08-23T00:00:00Z,54.00,40.00,15.19,18.00,5.00,4.00,2.00
2024-08-23T14:52:00Z,48.00,40.00,15.19,18.00,5.00,4.00,2.00
2024-08-23T14:53:00Z,47.00,40.00,15.19,18.00,5.00,4.00,2.00
2024-08-23T15:21:00Z,47.00,40.00,15.19,17.00,5.00,4.00,2.00
2024-08-23T16:33:00Z,47.00,40.00,15.19,17.00,5.00,4.00,2.00
2024-08-23T18:04:00Z,53.00,40.00,15.19,17.00,5.00,4.00,2.00
2024-08-23T18:56:00Z,54.00,40.00,15.19,17.00,5.00,4.00,2.00
2024-08-23T22:21:00Z,54.00,40.00,15.19,17.00,5.00,4.00,2.00
2024-08-24T17:32:00Z,57.00,40.00,15.19,17.00,5.00,4.00,2.00
2024-08-24T18:03:00Z,58.00,52.00,15.19,17.00,5.00,4.00,2.00
2024-08-24T20:14:00Z,58.00,52.00,15.19,20.00,5.00,4.00,2.00
2024-08-24T20:21:00Z,58.00,54.00,15.19,20.00,5.00,4.00,2.00
2024-08-25T16:30:00Z,58.00,45.00,15.19,20.00,5.00,4.00,2.00
2024-08-25T16:31:00Z,58.00,44.00,15.19,20.00,5.00,4.00,2.00
2024-08-25T17:22:00Z,58.00,44.00,15.19,14.24,5.00,4.00,2.00
2024-08-25T19:06:00Z,58.00,44.00,15.19,15.00,5.00,4.00,2.00
2024-08-25T20:44:00Z,58.00,44.00,15.19,20.00,5.00,4.00,2.00
2024-08-26T00:18:00Z,56.00,44.00,15.19,20.00,5.00,4.00,2.00
2024-08-26T01:08:00Z,56.00,44.00,16.00,20.00,5.00,4.00,2.00
2024-08-26T13:22:00Z,65.00,44.00,16.00,20.00,5.00,4.00,2.00
2024-08-26T13:36:00Z,65.00,53.00,16.00,20.00,5.00,4.00,2.00
2024-08-26T13:38:00Z,65.00,54.00,16.00,20.00,5.00,4.00,2.00
2024-08-26T13:40:00Z,55.00,54.00,16.00,20.00,5.00,4.00,2.00
2024-08-26T13:49:00Z,55.00,54.00,16.00,20.00,5.00,4.00,2.00
2024-08-26T14:06:00Z,56.00,43.90,16.00,20.00,5.00,4.00,2.00
2024-08-26T14:17:00Z,56.00,43.90,16.00,19.16,5.00,4.00,2.00
2024-08-26T16:51:00Z,56.00,43.90,16.00,12.00,5.00,4.00,2.00
2024-08-26T19:15:00Z,56.00,43.90,16.00,20.00,5.00,4.00,2.00
2024-08-27T00:28:00Z,54.00,43.90,16.00,20.00,5.00,4.00,2.00
2024-08-27T01:05:00Z,54.00,39.05,16.00,20.00,5.00,4.00,2.00
2024-08-27T12:16:00Z,54.00,39.05,16.00,20.00,5.00,4.00,2.00
2024-08-27T13:54:00Z,54.00,39.05,16.00,20.00,5.00,4.00,2.00
2024-08-27T15:05:00Z,54.00,39.05,16.00,20.00,5.00,4.00,2.00
2024-08-27T15:21:00Z,46.73,39.05,16.00,20.00,5.00,4.00,2.00
2024-08-27T22:06:00Z,42.60,34.03,16.00,20.00,5.00,4.00,2.00
2024-08-27T23:39:00Z,50.95,40.00,16.00,20.00,5.00,4.00,2.00
2024-08-27T23:41:00Z,54.14,41.00,16.00,20.00,5.00,4.00,2.00
2024-08-27T23:42:00Z,53.90,41.00,16.00,20.00,5.00,4.00,2.00
2024-08-28T03:24:00Z,54.31,41.00,16.00,20.00,5.00,4.00,2.00
2024-08-28T03:26:00Z,54.31,43.70,16.00,20.00,5.00,4.00,2.00
2024-08-28T03:32:00Z,54.31,29.01,16.00,20.00,5.00,4.00,2.00
2024-08-28T12:04:00Z,39.25,29.01,16.00,20.00,5.00,4.00,2.00
2024-08-28T13:25:00Z,39.25,43.00,16.00,20.00,5.00,4.00,2.00
2024-08-28T13:28:00Z,56.07,43.00,16.00,20.00,5.00,4.00,2.00
2024-08-28T13:33:00Z,56.07,48.00,16.00,20.00,5.00,4.00,2.00
2024-08-28T15:04:00Z,54.00,48.00,16.00,20.00,5.00,4.00,2.00
2024-08-28T20:13:00Z,43.77,48.00,16.00,20.00,5.00,4.00,2.00
2024-08-28T20:15:00Z,44.00,48.00,16.00,20.00,5.00,4.00,2.00
2024-08-28T21:24:00Z,44.00,48.00,16.00,20.00,5.00,4.00,2.00
2024-08-28T21:38:00Z,44.00,48.00,16.00,20.00,5.00,4.00,2.00
2024-08-29T00:38:00Z,44.00,48.00,15.00,20.00,5.00,4.00,2.00
2024-08-29T02:45:00Z,44.00,48.00,25.00,20.00,5.00,4.00,2.00
2024-08-29T14:34:00Z,44.00,29.00,25.00,20.00,5.00,4.00,2.00
2024-08-29T14:55:00Z,63.48,29.00,25.00,20.00,5.00,4.00,2.00
2024-08-29T15:18:00Z,63.48,39.00,25.00,20.00,5.00,4.00,2.00
2024-08-29T23:23:00Z,40.36,39.00,25.00,20.00,5.00,4.00,2.00
2024-08-30T15:01:00Z,36.86,39.00,25.00,20.00,5.00,4.00,2.00
2024-08-30T15:29:00Z,45.00,39.00,25.00,20.00,5.00,4.00,2.00
2024-08-30T17:45:00Z,45.00,39.00,25.00,20.00,5.00,4.00,2.00
2024-08-30T18:01:00Z,45.00,39.00,17.00,20.00,5.00,4.00,2.00
2024-08-30T18:06:00Z,37.00,39.00,17.00,20.00,5.00,4.00,2.00
2024-08-30T18:07:00Z,36.00,39.00,17.00,20.00,5.00,4.00,2.00
2024-08-30T20:34:00Z,39.00,39.00,17.00,20.00,5.00,4.00,2.00
2024-08-30T22:44:00Z,44.00,39.00,17.00,20.00,5.00,4.00,2.00
2024-08-31T02:24:00Z,45.00,39.00,17.00,20.00,5.00,4.00,2.00
2024-09-01T00:52:00Z,33.00,39.00,17.00,20.00,5.00,4.00,2.00
2024-09-01T16:09:00Z,38.00,39.00,17.00,20.00,5.00,4.00,2.00
2024-09-01T21:29:00Z,46.90,39.00,17.00,20.00,5.00,4.00,2.00
2024-09-02T03:20:00Z,38.00,39.00,17.00,20.00,5.00,4.00,2.00
2024-09-02T13:22:00Z,38.00,39.00,17.00,20.00,5.00,4.00,2.00
2024-09-02T15:54:00Z,46.51,39.00,17.00,20.00,5.00,4.00,2.00
2024-09-02T19:32:00Z,47.00,39.00,17.00,20.00,5.00,4.00,2.00
2024-09-03T14:35:00Z,45.00,39.00,17.00,20.00,5.00,4.00,2.00
2024-09-03T14:36:00Z,45.00,39.00,17.00,20.00,5.00,4.00,2.00
2024-09-04T12:21:00Z,39.00,39.00,17.00,20.00,5.00,4.00,2.00
2024-09-04T13:59:00Z,39.00,39.00,17.00,11.00,5.00,4.00,2.00
2024-09-04T14:03:00Z,39.00,39.00,17.00,11.00,5.00,4.00,2.00
2024-09-04T14:52:00Z,34.00,27.00,17.00,11.00,5.00,4.00,2.00
2024-09-04T14:56:00Z,34.00,27.00,17.00,12.00,5.00,4.00,2.00
2024-09-04T15:19:00Z,40.74,27.00,17.00,12.00,5.00,4.00,2.00
2024-09-04T15:20:00Z,45.00,27.00,17.00,12.00,5.00,4.00,2.00
2024-09-04T17:36:00Z,45.00,28.00,17.00,12.00,5.00,4.00,2.00
2024-09-05T15:34:00Z,39.00,28.00,17.00,12.00,5.00,4.00,2.00
2024-09-05T18:17:00Z,39.83,33.00,17.00,10.00,5.00,4.00,2.00
2024-09-05T18:18:00Z,34.00,33.00,17.00,10.00,5.00,4.00,2.00
2024-09-05T20:15:00Z,34.00,33.00,17.00,10.00,5.00,4.00,2.00
2024-09-05T22:12:00Z,35.00,33.00,17.00,10.00,5.00,4.00,2.00
2024-09-05T23:40:00Z,35.00,33.00,17.00,10.00,4.00,4.00,2.00
2024-09-05T23:52:00Z,39.00,33.00,17.00,10.00,4.00,4.00,2.00
2024-09-06T01:32:00Z,34.71,33.00,17.00,10.00,4.00,4.00,2.00
2024-09-06T15:39:00Z,34.00,33.00,17.00,10.00,4.00,4.00,2.00
2024-09-06T15:48:00Z,34.00,33.00,17.00,10.00,4.00,4.00,2.00
2024-09-06T16:10:00Z,34.00,28.00,17.00,10.00,4.00,4.00,2.00
2024-09-06T16:11:00Z,34.00,27.00,17.00,10.00,4.00,4.00,2.00
2024-09-06T16:33:00Z,34.00,27.00,17.00,7.00,4.00,4.00,2.00
2024-09-06T18:46:00Z,31.34,27.00,17.00,7.00,4.00,4.00,2.00
2024-09-06T18:47:00Z,31.34,25.39,17.00,7.00,4.00,4.00,2.00
2024-09-06T18:48:00Z,31.34,25.39,17.00,7.00,4.00,4.00,2.00
2024-09-06T18:52:00Z,31.34,25.39,17.00,7.00,5.00,4.00,2.00
2024-09-06T19:15:00Z,33.00,25.39,17.00,7.00,5.00,4.00,2.00
2024-09-06T19:16:00Z,33.00,26.00,17.00,7.00,5.00,4.00,2.00
2024-09-06T19:23:00Z,32.50,26.00,17.00,7.00,5.00,4.00,2.00
2024-09-06T19:48:00Z,32.50,26.00,17.00,8.00,5.00,4.00,2.00
2024-09-06T22:52:00Z,32.50,27.00,17.00,8.00,5.00,4.00,2.00
2024-09-07T01:44:00Z,33.00,27.00,17.00,8.00,5.00,4.00,2.00
2024-09-08T01:16:00Z,33.00,27.00,17.00,8.00,5.00,4.00,2.00
2024-09-08T12:16:00Z,33.00,16.00,15.00,8.00,5.00,4.00,2.00
2024-09-08T12:22:00Z,33.00,16.00,15.00,8.00,5.00,4.00,2.00
2024-09-08T14:46:00Z,33.00,30.27,22.05,8.00,5.00,4.00,2.00
2024-09-11T19:05:00Z,33.00,30.27,15.00,8.00,5.00,4.00,2.00
2024-09-12T15:12:00Z,33.00,30.27,15.00,8.00,5.00,4.00,2.00
2024-09-12T21:46:00Z,33.00,30.27,16.00,8.00,5.00,4.00,2.00
2024-09-13T17:43:00Z,33.00,24.00,16.00,8.00,5.00,4.00,2.00
2024-09-13T19:33:00Z,33.00,24.00,24.50,8.00,5.00,4.00,2.00
2024-09-14T01:05:00Z,33.00,24.00,17.10,8.00,5.00,4.00,2.00
2024-09-14T01:06:00Z,33.00,24.00,17.10,8.00,2.10,4.00,2.00
2024-09-14T03:51:00Z,33.00,24.00,17.10,8.00,3.00,4.00,2.00
2024-09-14T14:05:00Z,44.71,24.00,17.10,8.00,3.00,4.00,2.00
2024-09-14T19:04:00Z,41.06,24.00,17.10,8.00,3.00,4.00,2.00
2024-09-14T21:51:00Z,41.00,24.00,17.10,8.00,3.00,4.00,2.00
2024-09-15T14:42:00Z,41.00,24.00,17.10,8.00,3.00,4.00,2.00
2024-09-15T15:27:00Z,41.00,28.41,17.10,8.00,3.00,4.00,2.00
2024-09-15T16:10:00Z,44.00,28.41,17.10,8.00,3.00,4.00,2.00
2024-09-15T16:18:00Z,44.28,28.41,17.10,8.00,3.00,4.00,2.00
2024-09-15T16:53:00Z,44.28,21.50,17.10,8.00,3.00,4.00,2.00
2024-09-15T21:22:00Z,44.28,35.02,17.10,8.00,3.00,4.00,2.00
2024-09-15T21:23:00Z,44.28,28.00,17.10,8.00,3.00,4.00,2.00
2024-09-15T22:03:00Z,44.28,28.00,17.10,8.00,3.00,4.00,2.00
2024-09-15T22:27:00Z,39.25,28.00,17.10,8.00,3.00,4.00,2.00
2024-09-16T12:14:00Z,43.00,28.00,17.10,8.00,3.00,4.00,2.00
2024-09-16T13:41:00Z,43.00,28.00,20.00,8.00,3.00,4.00,2.00
2024-09-16T16:03:00Z,43.00,28.00,20.00,7.00,3.00,4.00,2.00
2024-09-16T18:22:00Z,43.00,28.00,20.00,6.00,3.00,4.00,2.00
2024-09-16T19:20:00Z,43.00,28.00,18.00,6.00,3.00,4.00,2.00
2024-09-16T22:57:00Z,43.00,28.00,18.00,6.00,3.00,4.00,2.00
2024-09-16T23:53:00Z,43.00,28.00,18.00,6.00,3.00,2.00,2.00
2024-09-17T02:06:00Z,43.00,28.00,18.00,6.00,3.00,2.00,2.00
2024-09-17T02:07:00Z,43.00,28.00,18.00,6.00,3.00,2.00,2.00
2024-09-17T02:31:00Z,42.00,28.00,18.00,6.00,3.00,2.00,2.00
2024-09-17T12:35:00Z,42.00,29.00,18.00,6.00,3.00,2.00,2.00
2024-09-17T12:58:00Z,40.00,29.00,18.00,6.00,3.00,2.00,2.00
2024-09-17T12:59:00Z,40.00,29.00,18.00,6.00,3.00,2.00,2.00
2024-09-17T14:51:00Z,40.00,29.00,18.00,6.00,3.00,2.00,2.00
2024-09-17T15:09:00Z,41.00,29.00,18.00,6.00,3.00,2.00,2.00
2024-09-17T15:18:00Z,41.00,29.45,18.00,6.00,3.00,2.00,2.00
2024-09-17T15:57:00Z,41.00,29.45,18.00,7.00,3.00,2.00,2.00
2024-09-17T17:07:00Z,41.00,29.45,18.00,7.44,3.00,2.00,2.00
2024-09-17T17:23:00Z,39.00,29.45,18.00,7.44,3.00,2.00,2.00
2024-09-17T18:19:00Z,42.00,29.45,18.00,7.44,3.00,2.00,2.00
2024-09-17T21:26:00Z,42.00,29.45,18.00,7.44,3.00,2.00,2.00
2024-09-17T22:11:00Z,41.00,29.45,18.00,7.44,3.00,2.00,2.00
2024-09-17T23:40:00Z,41.00,32.00,18.00,7.44,3.00,2.00,2.00
2024-09-18T00:01:00Z,42.00,32.00,18.00,7.44,3.00,2.00,2.00
2024-09-18T00:02:00Z,42.00,32.00,18.00,7.44,3.00,2.00,2.00
2024-09-18T01:43:00Z,42.00,32.00,18.00,14.98,3.00,2.00,2.00
2024-09-18T13:53:00Z,42.00,32.00,18.00,14.98,4.00,2.00,2.00
2024-09-18T13:54:00Z,42.00,32.00,18.00,14.98,4.00,3.03,2.00
2024-09-18T16:04:00Z,45.00,32.00,18.00,14.98,4.00,3.03,2.00
2024-09-18T16:06:00Z,36.76,32.00,18.00,14.98,4.00,3.03,2.00
2024-09-18T16:27:00Z,36.76,32.00,18.00,14.98,3.00,2.00,2.00
2024-09-18T17:03:00Z,36.76,32.00,18.00,14.98,3.00,2.00,2.00
2024-09-18T18:04:00Z,45.25,32.00,18.00,14.98,3.00,2.00,2.00
2024-09-18T19:08:00Z,48.00,32.00,18.00,14.98,3.00,2.00,2.00
2024-09-18T21:03:00Z,48.00,32.00,18.00,12.98,3.00,2.00,2.00
2024-09-18T21:06:00Z,48.00,32.00,18.00,12.98,3.00,2.00,2.00
2024-09-18T22:01:00Z,48.00,32.00,18.00,13.70,3.00,2.00,2.00
2024-09-18T22:02:00Z,48.00,32.00,18.00,14.00,3.00,2.00,2.00
2024-09-18T22:43:00Z,48.00,32.00,18.00,14.00,3.00,2.00,2.00
2024-09-18T22:44:00Z,40.50,32.00,18.00,14.00,3.00,2.00,2.00
2024-09-19T00:03:00Z,48.00,32.00,18.00,14.00,3.00,2.00,2.00
2024-09-19T00:22:00Z,48.00,32.00,18.00,8.00,3.00,2.00,2.00
2024-09-19T01:23:00Z,49.90,32.00,18.00,8.00,3.00,2.00,2.00
2024-09-19T12:43:00Z,49.90,32.00,18.00,13.43,3.00,2.00,2.00
2024-09-19T12:51:00Z,49.90,32.00,18.00,10.00,3.00,2.00,2.00
2024-09-19T13:26:00Z,49.90,32.00,18.00,10.00,3.00,2.00,2.00
2024-09-19T14:32:00Z,52.00,32.00,18.00,10.00,3.00,2.00,2.00
2024-09-19T15:04:00Z,49.50,32.00,18.00,10.00,3.00,2.00,2.00
2024-09-19T15:16:00Z,49.00,32.00,18.00,10.00,3.00,2.00,2.00
2024-09-19T15:50:00Z,49.00,32.00,18.00,10.00,3.00,2.00,2.00
2024-09-19T16:35:00Z,49.00,32.00,18.00,10.00,3.00,2.00,2.00
2024-09-19T18:17:00Z,52.00,32.00,18.00,11.00,3.00,2.00,2.00
2024-09-19T19:29:00Z,48.00,32.00,18.00,11.00,3.00,2.00,2.00
2024-09-19T22:14:00Z,45.17,32.00,18.00,11.00,3.00,2.00,2.00
2024-09-20T00:08:00Z,50.00,32.00,18.00,11.00,3.00,2.00,2.00
2024-09-20T00:11:00Z,50.00,32.00,18.00,11.00,3.00,2.00,2.00
2024-09-20T01:44:00Z,45.00,32.00,18.00,11.00,3.00,2.00,2.00
2024-09-20T01:54:00Z,45.00,32.00,18.00,9.00,3.00,2.00,2.00
2024-09-20T14:13:00Z,45.00,32.00,18.00,9.00,3.00,2.00,2.00
2024-09-20T14:21:00Z,45.00,32.00,18.00,11.00,3.00,2.00,2.00
2024-09-20T15:16:00Z,45.00,32.00,18.00,11.00,4.00,2.00,2.00
2024-09-20T15:40:00Z,45.00,32.00,18.00,11.00,4.00,2.00,2.00
2024-09-20T15:41:00Z,45.00,32.00,18.00,11.00,3.00,2.00,2.00
2024-09-20T16:11:00Z,46.00,32.00,18.00,11.00,3.00,2.00,2.00
2024-09-20T18:13:00Z,46.00,32.00,18.00,9.00,3.00,2.00,2.00
2024-09-20T19:16:00Z,50.00,32.00,18.00,9.00,3.00,2.00,2.00
2024-09-20T20:36:00Z,45.00,32.00,18.00,9.00,3.00,2.00,2.00
2024-09-20T22:48:00Z,49.00,32.00,18.00,9.00,3.00,2.00,2.00
2024-09-21T12:59:00Z,49.00,32.00,18.00,10.97,3.00,2.00,2.00
2024-09-21T13:01:00Z,49.00,32.00,18.00,11.00,3.00,2.00,2.00
2024-09-21T18:35:00Z,51.00,32.00,18.00,11.00,3.00,2.00,2.00
2024-09-21T18:46:00Z,51.00,32.00,18.00,11.00,3.00,2.00,2.00
2024-09-22T00:04:00Z,51.00,32.00,18.00,10.00,3.00,2.00,2.00
2024-09-22T12:31:00Z,50.00,32.00,18.00,10.00,3.00,2.00,2.00
2024-09-22T15:47:00Z,51.00,32.00,18.00,10.00,3.00,2.00,2.00
2024-09-22T16:57:00Z,51.00,32.00,18.00,10.00,3.00,2.00,2.00
2024-09-22T19:42:00Z,51.00,32.00,18.00,10.00,3.00,2.00,2.00
2024-09-22T22:59:00Z,51.00,32.00,18.00,9.00,3.00,2.00,2.00
2024-09-23T03:12:00Z,51.00,32.00,18.00,9.00,3.00,2.00,2.00
2024-09-23T15:08:00Z,47.02,32.00,18.00,9.00,3.00,2.00,2.00
2024-09-23T20:23:00Z,51.00,32.00,18.00,9.00,3.00,2.00,2.00
2024-09-23T20:56:00Z,51.00,32.00,18.00,9.00,3.00,2.00,2.00
2024-09-23T23:00:00Z,46.00,32.00,18.00,9.00,3.00,2.00,2.00
2024-09-24T02:52:00Z,46.00,32.00,18.00,9.00,3.00,2.00,2.00
2024-09-24T03:46:00Z,46.00,32.00,18.00,8.00,3.00,2.00,2.00
2024-09-24T18:33:00Z,46.00,32.00,18.00,8.00,3.00,2.00,2.82
2024-09-24T20:46:00Z,49.00,32.00,18.00,8.00,3.00,2.00,2.82
2024-09-24T20:53:00Z,50.00,32.00,18.00,8.00,3.00,2.00,2.82
2024-09-24T21:09:00Z,50.00,32.00,18.00,9.00,3.00,2.00,2.82
2024-09-24T21:39:00Z,50.00,32.00,18.00,11.31,3.00,2.00,2.82
2024-09-24T22:22:00Z,54.99,32.00,18.00,11.31,3.00,2.00,2.82
2024-09-25T02:24:00Z,58.46,32.00,18.00,11.31,3.00,2.00,2.82
2024-09-25T15:34:00Z,58.46,40.00,18.00,11.31,3.00,2.00,2.82
2024-09-25T15:50:00Z,53.00,40.00,18.00,11.31,3.00,2.00,2.82
2024-09-25T17:13:00Z,53.00,40.00,18.00,11.31,3.00,2.00,2.82
2024-09-25T17:14:00Z,53.00,39.00,18.00,11.31,3.00,2.00,2.82
2024-09-25T19:31:00Z,53.00,39.00,18.00,11.31,3.00,2.00,2.82
2024-09-25T20:00:00Z,52.00,39.00,18.00,11.31,3.00,2.00,2.82
2024-09-25T22:52:00Z,51.00,39.00,18.00,11.31,3.00,2.00,2.82
2024-09-25T23:36:00Z,51.00,39.00,18.00,11.31,3.00,2.00,2.82
2024-09-26T02:58:00Z,51.00,39.00,18.00,11.31,3.00,2.00,2.82
2024-09-26T03:06:00Z,51.00,39.31,18.00,11.31,3.00,2.00,2.82
2024-09-26T13:25:00Z,50.00,39.31,18.00,11.31,3.00,2.00,2.82
2024-09-26T13:28:00Z,49.00,39.31,18.00,11.31,3.00,2.00,2.82
2024-09-26T14:18:00Z,48.00,39.31,18.00,11.31,3.00,2.00,2.82
2024-09-26T14:20:00Z,49.00,39.31,18.00,11.31,3.00,2.00,2.82
2024-09-26T14:25:00Z,49.00,39.31,18.00,11.31,3.00,2.00,2.82
2024-09-26T14:39:00Z,49.00,39.31,18.00,11.31,3.00,2.00,2.82
2024-09-26T15:14:00Z,49.00,39.31,18.00,11.31,3.00,2.00,2.82
2024-09-26T15:22:00Z,48.00,39.31,18.00,11.31,3.00,2.00,2.82
2024-09-26T15:25:00Z,49.00,39.31,18.00,11.31,3.00,2.00,2.82
2024-09-26T15:26:00Z,48.00,39.31,18.00,11.31,3.00,2.00,2.82
2024-09-26T15:33:00Z,49.00,39.31,18.00,11.31,3.00,2.00,2.82
2024-09-26T15:36:00Z,49.00,39.31,18.00,11.31,3.00,2.00,2.82
2024-09-26T15:42:00Z,48.00,39.31,18.00,11.31,3.00,2.00,2.82
2024-09-26T15:54:00Z,48.00,39.00,18.00,11.31,3.00,2.00,2.82
2024-09-26T16:28:00Z,50.00,39.00,18.00,11.31,3.00,2.00,2.82
2024-09-26T17:07:00Z,50.00,39.00,18.00,11.31,3.00,2.00,1.00
2024-09-26T17:08:00Z,47.00,39.00,18.00,11.31,3.00,2.00,1.00
2024-09-26T20:05:00Z,45.00,39.00,18.00,11.31,3.00,2.00,1.00
2024-09-26T21:20:00Z,50.00,39.00,18.00,11.31,3.00,2.00,1.00
2024-09-26T21:21:00Z,50.00,39.57,18.00,11.31,3.00,2.00,1.00
2024-09-26T22:10:00Z,50.00,39.57,18.00,11.31,3.00,2.00,1.00
2024-09-26T22:12:00Z,50.00,40.91,18.00,11.31,3.00,2.00,1.00
2024-09-26T23:20:00Z,50.00,40.91,18.00,11.31,3.00,2.00,1.00
2024-09-26T23:31:00Z,50.00,40.91,18.00,11.31,3.00,2.00,1.00
2024-09-26T23:54:00Z,50.00,40.91,18.00,11.31,3.00,2.00,1.00
2024-09-27T00:11:00Z,50.00,40.91,18.00,11.31,3.00,2.00,1.00
2024-09-27T00:55:00Z,49.00,40.91,18.00,11.31,3.00,2.00,1.00
2024-09-27T12:26:00Z,50.00,40.91,18.00,11.31,3.00,2.00,1.00
2024-09-27T12:40:00Z,50.00,40.91,18.00,11.31,3.00,2.00,1.00
2024-09-27T14:23:00Z,51.00,40.91,18.00,11.31,3.00,2.00,1.00
2024-09-27T15:11:00Z,53.00,40.91,18.00,11.31,3.00,2.00,1.00
2024-09-27T15:21:00Z,55.00,40.91,18.00,11.31,3.00,2.00,1.00
2024-09-27T16:07:00Z,55.00,41.00,18.00,11.31,3.00,2.00,1.00
2024-09-27T17:09:00Z,54.00,41.00,18.00,11.31,3.00,2.00,1.00
2024-09-27T17:11:00Z,54.00,41.00,18.00,11.31,3.00,2.00,1.00
2024-09-27T17:15:00Z,54.00,39.00,18.00,11.31,3.00,2.00,1.00
2024-09-27T17:45:00Z,51.00,39.00,18.00,11.31,3.00,2.00,1.00
2024-09-27T19:23:00Z,51.00,39.00,18.00,11.31,3.00,2.00,2.00
2024-09-27T22:08:00Z,51.00,39.50,18.00,11.31,3.00,2.00,2.00
2024-09-27T23:04:00Z,50.00,39.50,18.00,11.31,3.00,2.00,2.00
2024-09-27T23:37:00Z,50.00,41.00,18.00,11.31,3.00,2.00,2.00
2024-09-28T00:40:00Z,52.00,41.00,18.00,11.31,3.00,2.00,2.00
2024-09-28T03:17:00Z,52.00,41.00,18.00,11.31,3.00,2.00,1.00
2024-09-28T12:09:00Z,52.00,39.00,18.00,11.31,3.00,2.00,1.00
2024-09-28T15:57:00Z,52.00,41.00,18.00,11.31,3.00,2.00,1.00
2024-09-28T18:17:00Z,52.00,34.67,18.00,11.31,3.00,2.00,1.00
2024-09-28T18:18:00Z,52.00,34.67,16.96,9.00,3.00,2.00,1.00
2024-09-28T19:27:00Z,52.00,34.67,16.96,9.00,5.00,2.00,1.00
2024-09-28T20:38:00Z,52.00,34.67,16.96,9.00,5.00,2.00,1.00
2024-09-28T23:44:00Z,52.00,34.00,16.96,9.00,5.00,2.00,1.00
2024-09-29T17:11:00Z,52.00,34.00,16.96,9.00,5.00,2.00,1.00
2024-09-29T23:01:00Z,52.00,34.00,16.96,9.00,5.00,2.00,1.00
2024-09-30T01:23:00Z,52.00,34.00,16.96,9.00,3.00,2.00,1.00
2024-09-30T03:49:00Z,52.00,34.00,16.96,8.00,3.00,2.00,1.00
2024-09-30T03:52:00Z,52.00,34.00,16.96,8.00,3.00,2.00,1.00
2024-09-30T12:03:00Z,52.00,35.00,16.96,8.00,3.00,2.00,1.00
2024-09-30T12:52:00Z,52.00,35.00,14.00,8.00,3.00,2.00,1.00
2024-09-30T12:53:00Z,52.00,34.00,14.00,8.00,3.00,2.00,1.00
2024-09-30T12:54:00Z,52.00,34.00,14.00,8.00,3.00,2.00,1.00
2024-09-30T16:55:00Z,52.00,34.00,14.00,8.00,3.00,2.00,1.00
2024-09-30T17:01:00Z,52.00,34.00,14.00,8.00,3.00,2.00,1.00
2024-09-30T18:02:00Z,52.00,31.00,15.00,8.00,3.00,2.00,1.00
2024-09-30T20:45:00Z,52.00,29.00,15.00,8.00,3.00,2.00,1.00
2024-09-30T21:16:00Z,52.00,27.20,13.87,8.00,3.00,2.00,1.00
2024-10-01T01:00:00Z,52.00,27.20,13.87,9.00,3.00,2.00,1.00
2024-10-01T02:00:00Z,52.00,31.00,13.87,9.00,3.00,2.00,1.00
2024-10-01T02:47:00Z,52.00,31.00,13.87,8.00,3.00,2.00,1.00
2024-10-01T14:53:00Z,52.00,31.00,12.00,8.00,3.00,2.00,1.00
2024-10-01T14:55:00Z,52.00,31.00,12.00,8.00,3.00,2.00,1.00
2024-10-01T14:57:00Z,52.00,31.00,12.00,8.00,3.00,2.00,1.00
2024-10-01T15:15:00Z,52.00,31.00,12.00,7.00,3.00,2.00,1.00
2024-10-01T15:25:00Z,52.00,31.00,12.00,7.00,3.00,2.00,1.00
2024-10-01T18:35:00Z,52.00,25.38,12.00,7.00,3.00,2.00,1.00
2024-10-01T19:30:00Z,52.00,25.38,12.00,6.00,3.00,2.00,1.00
2024-10-01T20:37:00Z,52.00,25.00,12.00,6.00,3.00,2.00,1.00
2024-10-02T19:28:00Z,52.00,25.00,12.00,6.00,3.00,2.00,1.00
2024-10-05T20:45:00Z,52.00,26.00,12.00,6.00,3.00,2.00,1.00
2024-10-05T23:58:00Z,52.00,25.00,12.00,6.00,3.00,2.00,1.00
2024-10-06T16:18:00Z,52.00,22.08,12.00,6.00,3.00,2.00,1.00
2024-10-06T17:28:00Z,52.00,24.00,12.00,6.00,3.00,2.00,1.00
2024-10-06T18:56:00Z,40.00,24.00,12.00,6.00,3.00,2.00,1.00
2024-10-07T03:21:00Z,40.00,28.00,12.00,6.00,3.00,2.00,1.00
2024-10-07T12:42:00Z,40.00,28.00,12.00,6.00,3.00,2.00,1.00
2024-10-07T13:18:00Z,40.00,28.00,12.00,6.00,3.00,2.00,1.00
2024-10-07T15:30:00Z,40.00,31.00,12.00,6.00,3.00,2.00,1.00
2024-10-07T15:41:00Z,40.00,31.00,12.00,6.00,2.00,2.00,1.00
2024-10-07T15:50:00Z,40.00,31.00,12.00,6.95,2.00,2.00,1.00
2024-10-07T15:54:00Z,40.00,31.00,12.00,7.00,2.00,2.00,1.00
2024-10-07T15:58:00Z,40.00,29.00,12.00,7.00,2.00,2.00,1.00
2024-10-07T15:59:00Z,40.00,27.00,12.00,7.00,2.00,2.00,1.00
2024-10-07T16:23:00Z,44.00,27.00,12.00,7.00,2.00,2.00,1.00
2024-10-07T16:50:00Z,44.00,27.00,11.00,7.00,2.00,2.00,1.00
2024-10-07T16:51:00Z,44.00,27.00,11.00,7.00,2.00,2.00,1.00
2024-10-07T18:13:00Z,44.00,28.15,11.00,7.00,2.00,2.00,1.00
2024-10-07T19:51:00Z,43.00,28.15,11.00,7.00,2.00,2.00,1.00
2024-10-07T19:53:00Z,43.00,28.15,11.00,7.00,2.00,2.00,1.00
2024-10-07T19:54:00Z,43.00,28.15,14.53,7.51,2.00,2.00,1.00
2024-10-07T20:12:00Z,44.00,28.15,14.53,7.51,2.00,2.00,1.00
2024-10-07T20:48:00Z,44.00,28.15,9.00,7.51,2.00,2.00,1.00
2024-10-07T22:15:00Z,38.56,28.15,9.00,7.51,2.00,2.00,1.00
2024-10-08T00:08:00Z,38.56,28.15,13.00,7.51,2.00,2.00,1.00
2024-10-08T00:47:00Z,39.00,28.15,13.00,7.51,2.00,2.00,1.00
2024-10-08T03:21:00Z,39.00,27.00,13.00,7.51,2.00,2.00,1.00
2024-10-08T14:07:00Z,39.00,27.00,10.00,7.51,2.00,2.00,1.00
2024-10-08T14:08:00Z,39.00,27.00,10.00,7.51,2.00,1.00,1.00
2024-10-08T15:22:00Z,36.00,27.00,10.00,7.51,2.00,1.00,1.00
2024-10-08T15:24:00Z,36.00,27.00,10.00,7.00,2.00,1.00,1.00
2024-10-08T15:25:00Z,36.00,27.00,10.00,7.00,2.00,1.00,1.00
2024-10-08T15:40:00Z,36.00,27.00,9.00,7.00,2.00,1.00,1.00
2024-10-08T16:28:00Z,34.18,27.00,9.00,7.00,2.00,1.00,1.00
2024-10-08T18:57:00Z,33.00,27.00,9.00,7.00,2.00,1.00,1.00
2024-10-08T19:17:00Z,33.00,27.00,9.00,7.00,2.00,1.00,1.00
2024-10-08T19:58:00Z,39.00,27.00,9.00,7.00,2.00,1.00,1.00
2024-10-08T21:26:00Z,39.00,27.00,9.00,5.94,2.00,1.00,1.00
2024-10-08T21:27:00Z,39.00,25.00,9.00,5.94,2.00,1.00,1.00
2024-10-09T01:27:00Z,39.00,25.00,9.00,5.00,2.00,1.00,1.00
2024-10-09T01:28:00Z,39.00,25.00,9.00,5.00,2.00,1.00,1.00
2024-10-09T15:31:00Z,39.00,25.00,9.00,5.00,2.00,1.00,1.00
2024-10-09T20:56:00Z,39.00,25.00,9.00,5.00,2.00,1.00,1.00
2024-10-09T23:52:00Z,39.00,25.00,9.00,5.00,2.00,2.00,1.00
2024-10-10T01:17:00Z,39.00,25.00,9.00,5.00,2.00,1.00,1.00
2024-10-10T02:57:00Z,39.00,22.00,9.00,5.00,2.00,1.00,1.00
2024-10-10T14:07:00Z,39.00,16.72,9.00,5.00,2.00,1.00,1.00
2024-10-10T17:34:00Z,39.00,16.72,9.00,4.27,2.00,1.00,1.00
2024-10-10T21:30:00Z,39.00,16.72,9.00,4.00,2.00,1.00,1.00
2024-10-10T22:17:00Z,39.00,20.00,9.00,4.00,2.00,1.00,1.00
2024-10-10T23:07:00Z,39.00,20.00,9.00,4.00,2.00,1.00,1.00
2024-10-11T00:21:00Z,39.00,20.00,9.00,5.00,2.00,1.00,1.00
2024-10-11T00:22:00Z,39.00,20.00,9.00,5.00,2.00,1.00,1.00
2024-10-11T15:03:00Z,39.00,21.00,9.00,5.00,2.00,1.00,1.00
2024-10-11T17:10:00Z,39.00,25.00,9.00,5.00,2.00,1.00,1.00
2024-10-11T17:39:00Z,39.00,25.00,9.00,5.00,2.00,1.00,1.00
2024-10-11T18:03:00Z,39.00,28.00,9.00,5.00,2.00,1.00,1.00
2024-10-11T21:03:00Z,39.00,28.00,9.00,5.00,2.00,1.00,1.00
2024-10-11T21:30:00Z,39.00,23.00,9.00,5.00,2.00,1.00,1.00
2024-10-11T23:25:00Z,39.00,22.00,9.00,5.00,2.00,1.00,1.00
2024-10-12T02:59:00Z,39.00,27.00,9.00,5.00,2.00,1.00,1.00
2024-10-12T12:23:00Z,39.00,27.00,17.09,5.00,2.00,1.00,1.00
2024-10-12T16:11:00Z,38.00,27.00,17.09,5.00,2.00,1.00,1.00
2024-10-12T17:13:00Z,39.00,27.00,17.09,5.00,2.00,1.00,1.00
2024-10-12T17:37:00Z,37.00,27.00,17.09,5.00,2.00,1.00,1.00
2024-10-12T17:47:00Z,36.60,27.00,17.09,5.00,2.00,1.00,1.00
2024-10-12T19:09:00Z,36.60,27.00,17.09,5.00,3.00,1.00,1.00
2024-10-12T20:27:00Z,36.60,27.00,11.00,5.00,3.00,1.00,1.00
2024-10-13T00:02:00Z,39.57,27.00,11.00,5.00,3.00,1.00,1.00
2024-10-13T00:04:00Z,39.57,27.00,12.00,5.00,3.00,1.00,1.00
2024-10-13T12:33:00Z,39.57,27.00,12.00,5.00,1.00,1.00,1.00
2024-10-13T18:31:00Z,39.57,27.00,12.00,6.33,1.00,1.00,1.00
2024-10-13T23:36:00Z,35.00,27.00,12.00,6.33,1.00,1.00,1.00
2024-10-14T03:44:00Z,44.00,27.00,12.00,6.33,1.00,1.00,1.00
2024-10-14T12:04:00Z,35.00,27.00,12.00,6.33,1.00,1.00,1.00
2024-10-14T12:55:00Z,35.00,27.00,12.00,5.00,1.00,1.00,1.00
2024-10-14T13:11:00Z,43.00,27.00,12.00,5.00,1.00,1.00,1.00
2024-10-14T13:54:00Z,43.00,27.00,12.00,5.00,1.00,1.00,1.00
2024-10-14T14:40:00Z,43.00,27.00,12.00,9.02,1.00,1.00,1.00
2024-10-14T15:01:00Z,47.00,27.00,12.00,9.02,1.00,1.00,1.00
2024-10-14T15:02:00Z,48.00,27.00,12.00,9.02,1.00,1.00,1.00
2024-10-14T15:06:00Z,50.00,27.00,12.00,9.02,1.00,1.00,1.00
2024-10-14T15:24:00Z,47.71,27.00,12.00,9.02,1.00,1.00,1.00
2024-10-14T15:41:00Z,47.00,27.00,12.00,9.02,1.00,1.00,1.00
2024-10-14T19:17:00Z,49.00,27.00,12.00,9.02,1.00,1.00,1.00
2024-10-14T19:30:00Z,49.00,27.00,15.72,9.02,1.00,1.00,1.00
2024-10-14T21:22:00Z,46.00,27.00,15.72,9.02,1.00,1.00,1.00
2024-10-14T22:59:00Z,49.00,27.00,15.72,9.02,1.00,1.00,1.00
2024-10-14T23:41:00Z,49.00,27.00,14.00,9.02,1.00,1.00,1.00
2024-10-15T01:11:00Z,49.00,27.00,13.00,9.02,1.00,1.00,1.00
2024-10-15T03:27:00Z,46.00,27.00,13.00,9.02,1.00,1.00,1.00
2024-10-15T05:12:00Z,45.37,27.00,13.00,9.02,1.00,1.00,1.00
2024-10-15T05:16:00Z,45.37,27.00,16.00,9.02,1.00,1.00,1.00
2024-10-15T05:18:00Z,46.00,27.00,16.00,9.02,1.00,1.00,1.00
2024-10-15T13:46:00Z,49.00,27.00,16.00,9.02,1.00,1.00,1.00
2024-10-15T13:50:00Z,50.00,27.00,16.00,9.02,1.00,1.00,1.00
2024-10-15T13:51:00Z,51.00,27.00,16.00,9.02,1.00,1.00,1.00
2024-10-15T14:06:00Z,58.00,27.00,16.00,9.02,1.00,1.00,1.00
2024-10-15T14:11:00Z,58.00,27.00,18.00,9.02,1.00,1.00,1.00
2024-10-15T14:25:00Z,57.00,27.00,18.00,9.02,1.00,1.00,1.00
2024-10-15T14:29:00Z,57.00,27.00,18.00,9.02,1.00,1.00,1.00
2024-10-15T14:30:00Z,55.00,27.00,18.00,9.02,1.00,1.00,1.00
2024-10-15T14:35:00Z,55.00,27.00,17.50,9.02,1.00,1.00,1.00
2024-10-15T14:36:00Z,55.00,27.00,17.50,11.00,6.94,1.00,1.00
2024-10-15T14:37:00Z,55.00,27.00,15.25,11.00,6.94,1.00,1.00
2024-10-15T14:48:00Z,46.00,27.00,15.25,11.00,6.94,1.00,1.00
2024-10-15T14:49:00Z,46.00,27.00,13.00,11.00,6.94,1.00,1.00
2024-10-15T15:14:00Z,46.00,27.00,13.00,11.00,6.94,1.00,1.00
2024-10-15T17:49:00Z,56.00,27.00,13.00,11.00,6.94,1.00,1.00
2024-10-15T18:57:00Z,55.52,27.00,13.00,11.00,6.94,1.00,1.00
2024-10-15T19:11:00Z,53.00,27.00,13.00,11.00,6.94,1.00,1.00
2024-10-15T21:49:00Z,56.00,27.00,13.00,11.00,6.94,1.00,1.00
2024-10-15T23:14:00Z,51.66,27.00,13.00,11.00,6.94,1.00,1.00
2024-10-16T02:36:00Z,54.00,27.00,13.00,11.00,6.94,1.00,1.00
2024-10-16T05:58:00Z,57.00,27.00,13.00,11.00,6.94,1.00,1.00
2024-10-16T06:41:00Z,58.00,27.00,13.00,11.00,6.94,1.00,1.00
2024-10-16T12:01:00Z,59.00,27.00,13.00,11.00,6.94,1.00,1.00
2024-10-16T12:36:00Z,56.00,27.00,13.00,11.00,6.94,1.00,1.00
2024-10-16T13:52:00Z,56.00,27.00,13.00,11.00,6.94,1.00,1.00
2024-10-16T15:50:00Z,56.00,27.00,13.00,11.00,6.94,1.00,1.00
2024-10-16T16:19:00Z,56.00,27.00,13.00,11.00,6.94,3.00,1.00
2024-10-16T17:16:00Z,55.00,27.00,13.00,11.00,6.94,3.00,1.00
2024-10-16T17:27:00Z,55.00,27.00,13.00,11.00,6.94,3.00,1.00
2024-10-16T18:02:00Z,56.00,27.00,13.00,11.00,6.94,3.00,1.00
2024-10-16T18:23:00Z,56.00,27.00,13.00,11.00,6.94,3.00,1.00
2024-10-16T19:02:00Z,56.00,27.00,13.00,11.00,6.94,3.00,1.00
2024-10-16T19:52:00Z,59.00,27.00,13.00,11.00,6.94,3.00,1.00
2024-10-16T21:25:00Z,60.44,27.00,13.00,11.00,6.94,3.00,1.00
2024-10-16T21:26:00Z,62.24,27.00,13.00,11.00,6.94,3.00,1.00
2024-10-16T21:27:00Z,62.09,27.00,13.00,11.00,6.94,3.00,1.00
2024-10-16T21:38:00Z,62.00,27.00,13.00,11.00,6.94,3.00,1.00
2024-10-16T23:47:00Z,62.00,27.00,13.00,11.00,11.89,3.00,1.00
2024-10-17T03:20:00Z,62.00,27.00,13.00,11.00,11.89,2.00,1.00
2024-10-17T03:27:00Z,60.00,27.00,13.00,11.00,11.89,2.00,1.00
2024-10-17T05:58:00Z,59.00,27.00,13.00,11.00,11.89,2.00,1.00
2024-10-17T12:03:00Z,54.00,27.00,13.00,11.00,11.89,2.00,1.00
2024-10-17T14:45:00Z,54.00,27.00,13.00,11.00,3.49,2.00,1.00
2024-10-17T16:43:00Z,49.00,27.00,13.00,11.00,3.49,2.00,1.00
2024-10-17T17:20:00Z,49.00,27.00,13.00,11.00,3.49,2.00,1.00
2024-10-17T17:27:00Z,50.00,27.00,13.00,11.00,3.49,2.00,1.00
2024-10-17T18:14:00Z,50.00,27.00,13.00,11.00,3.49,2.00,1.00
2024-10-17T18:26:00Z,50.00,27.00,13.00,11.00,3.49,1.83,1.00
2024-10-17T18:42:00Z,50.00,27.00,13.00,11.00,3.49,2.00,1.00
2024-10-17T18:43:00Z,48.00,27.00,13.00,11.00,3.49,1.93,1.00
2024-10-17T19:18:00Z,48.00,27.00,13.00,11.00,3.49,1.93,1.00
2024-10-17T20:02:00Z,52.12,27.00,13.00,11.00,3.49,1.93,1.00
2024-10-17T22:39:00Z,52.12,27.00,13.00,11.00,3.49,1.00,1.00
2024-10-17T23:43:00Z,58.95,27.00,13.00,11.00,3.49,1.00,1.00
2024-10-18T01:37:00Z,56.00,27.00,13.00,11.00,3.49,1.00,1.00
2024-10-18T01:40:00Z,57.00,27.00,13.00,11.00,3.49,1.00,1.00
2024-10-18T04:25:00Z,59.62,27.00,13.00,11.00,3.49,1.00,1.00
2024-10-18T04:29:00Z,60.00,27.00,13.00,11.00,3.49,1.00,1.00
2024-10-18T13:15:00Z,60.00,27.00,13.00,11.00,3.49,1.00,1.00
2024-10-18T13:20:00Z,60.00,27.00,13.00,11.00,3.49,1.00,1.00
2024-10-18T13:22:00Z,60.00,27.00,13.00,11.00,3.49,1.00,1.00
2024-10-18T14:04:00Z,59.00,27.00,13.00,11.00,3.49,1.00,1.00
2024-10-18T15:01:00Z,60.00,27.00,13.00,11.00,3.49,1.00,1.00
2024-10-18T16:11:00Z,57.00,27.00,13.00,11.00,3.49,1.00,1.00
2024-10-18T17:19:00Z,60.00,27.00,13.00,11.00,3.49,1.00,1.00
2024-10-18T17:46:00Z,60.00,27.00,13.00,11.00,3.49,1.00,1.00
2024-10-18T17:55:00Z,57.00,27.00,13.00,11.00,3.49,1.00,1.00
2024-10-18T18:28:00Z,60.00,27.00,13.00,11.00,3.49,1.00,1.00
2024-10-18T18:44:00Z,60.00,27.00,13.00,11.00,3.00,1.00,1.00
2024-10-18T19:00:00Z,59.00,27.00,13.00,11.00,3.00,1.00,1.00
2024-10-18T19:09:00Z,60.00,27.00,13.00,11.00,3.00,1.00,1.00
2024-10-18T19:51:00Z,60.00,27.00,13.00,11.00,3.00,1.00,1.00
2024-10-18T23:16:00Z,60.00,27.00,13.00,11.00,3.00,1.00,1.00
2024-10-18T23:18:00Z,60.00,27.00,13.00,11.00,3.00,1.00,1.00
2024-10-19T01:40:00Z,60.00,27.00,13.00,11.00,3.00,1.00,1.00
2024-10-19T01:52:00Z,60.00,27.00,13.00,11.00,3.00,1.00,1.00
2024-10-19T03:02:00Z,59.00,27.00,13.00,11.00,3.00,1.00,1.00
2024-10-19T12:31:00Z,59.00,27.00,13.00,11.00,2.00,1.00,1.00
2024-10-19T14:22:00Z,59.00,27.00,21.00,11.00,2.00,1.00,1.00
2024-10-19T14:31:00Z,59.00,27.00,21.00,11.00,2.00,1.00,1.00
2024-10-19T17:43:00Z,59.00,27.00,21.00,11.00,2.00,1.00,1.00
2024-10-19T20:42:00Z,59.00,27.00,21.00,11.00,2.00,1.00,1.00
2024-10-19T22:27:00Z,59.00,27.00,21.00,11.00,2.00,1.00,1.00
2024-10-19T22:28:00Z,59.00,27.00,21.00,11.39,2.00,1.00,1.00
2024-10-20T00:30:00Z,59.00,27.00,21.00,12.00,2.00,1.00,1.00
2024-10-20T01:02:00Z,59.00,27.00,21.00,12.00,2.00,1.00,1.00
2024-10-20T01:06:00Z,59.00,27.00,21.00,10.00,2.00,1.00,1.00
2024-10-20T01:35:00Z,59.00,27.00,20.00,10.00,2.00,1.00,1.00
2024-10-20T05:27:00Z,59.00,27.00,20.00,10.00,4.00,1.00,1.00
2024-10-20T18:25:00Z,59.00,27.00,21.00,10.00,4.00,1.00,1.00
2024-10-20T20:43:00Z,59.00,27.00,21.00,10.00,4.00,1.00,1.00
2024-10-20T20:44:00Z,59.00,27.00,21.00,16.00,4.00,1.00,1.00
2024-10-20T20:58:00Z,59.00,27.00,23.65,16.00,4.00,1.00,1.00
2024-10-20T23:01:00Z,59.00,27.00,22.00,16.00,4.00,1.00,1.00
2024-10-20T23:08:00Z,59.00,27.00,22.00,16.00,4.00,1.00,1.00
2024-10-21T02:39:00Z,59.00,27.00,22.00,13.00,4.00,1.00,1.00
2024-10-21T03:25:00Z,59.00,27.00,19.00,13.00,4.00,1.00,1.00
2024-10-21T03:27:00Z,59.00,27.00,18.00,13.00,4.00,1.00,1.00
2024-10-21T03:28:00Z,59.00,27.00,18.00,9.00,4.00,1.00,1.00
2024-10-21T03:38:00Z,59.00,27.00,22.00,9.00,4.00,1.00,1.00
2024-10-21T04:57:00Z,59.00,27.00,22.00,27.41,4.00,1.00,1.00
2024-10-21T12:40:00Z,59.00,27.00,22.00,10.00,4.00,1.00,1.00
2024-10-21T12:56:00Z,59.00,27.00,22.00,8.00,4.00,1.00,1.00
2024-10-21T13:09:00Z,59.00,27.00,20.00,8.00,4.00,1.00,1.00
2024-10-21T15:16:00Z,59.00,27.00,18.00,9.00,4.00,1.00,1.00
2024-10-21T16:58:00Z,59.00,27.00,18.00,10.00,4.00,1.00,1.00
2024-10-21T17:10:00Z,59.00,27.00,19.00,10.00,4.00,1.00,1.00
2024-10-21T17:11:00Z,59.00,27.00,19.00,10.00,4.00,1.00,1.00
2024-10-21T18:27:00Z,59.00,27.00,19.00,10.00,3.87,1.00,1.00
2024-10-21T21:04:00Z,59.00,27.00,19.00,12.00,10.96,1.00,1.00
2024-10-21T21:58:00Z,59.00,27.00,19.00,10.00,10.96,1.00,1.00
2024-10-21T22:47:00Z,59.00,27.00,19.00,12.00,10.96,1.00,1.00
2024-10-21T22:49:00Z,59.00,27.00,19.00,12.00,10.96,1.00,1.00
2024-10-21T23:02:00Z,59.00,27.00,19.00,10.00,10.96,1.00,1.00
2024-10-21T23:07:00Z,59.00,27.00,19.00,10.00,10.96,1.00,1.00
2024-10-21T23:19:00Z,59.00,27.00,19.00,13.00,10.96,1.00,1.00
2024-10-21T23:23:00Z,59.00,27.00,19.00,12.00,10.96,1.00,1.00
2024-10-21T23:30:00Z,59.00,27.00,20.00,12.00,10.96,1.00,1.00
2024-10-21T23:35:00Z,59.00,27.00,17.00,12.00,10.96,1.00,1.00
2024-10-21T23:39:00Z,59.00,27.00,17.00,12.00,10.96,1.00,1.00
2024-10-21T23:41:00Z,59.00,27.00,17.00,12.00,10.96,1.00,1.00
2024-10-22T00:21:00Z,59.00,27.00,19.00,12.00,10.96,1.00,1.00
2024-10-22T00:23:00Z,59.00,27.00,19.00,12.00,3.00,1.00,1.00
2024-10-22T00:37:00Z,59.00,27.00,19.00,10.00,3.00,1.00,1.00
2024-10-22T00:49:00Z,59.00,27.00,19.00,10.00,3.00,1.00,1.00
2024-10-22T03:35:00Z,59.00,27.00,19.00,10.00,10.00,1.00,1.00
2024-10-22T04:32:00Z,59.00,27.00,19.00,12.00,10.00,1.00,1.00
2024-10-22T12:55:00Z,59.00,27.00,20.14,12.00,10.00,1.00,1.00
2024-10-22T19:00:00Z,59.00,31.00,20.14,12.00,10.00,1.00,1.00
2024-10-22T20:10:00Z,59.00,39.00,20.14,12.00,10.00,1.00,1.00
2024-10-22T21:31:00Z,59.00,40.00,20.14,12.00,10.00,1.00,1.00
2024-10-22T21:45:00Z,59.00,40.31,20.14,12.00,10.00,1.00,1.00
2024-10-22T21:51:00Z,59.00,32.46,20.14,12.00,10.00,1.00,1.00
2024-10-22T22:04:00Z,59.00,32.46,20.14,12.00,10.00,2.00,1.00
2024-10-23T00:34:00Z,59.00,32.46,20.14,12.00,4.00,2.00,1.00
2024-10-23T03:06:00Z,59.00,41.00,20.14,12.00,4.00,2.00,1.00
2024-10-23T12:35:00Z,59.00,41.00,20.14,12.00,9.03,2.00,1.00
2024-10-23T13:35:00Z,59.00,38.00,20.14,12.00,9.03,2.00,1.00
2024-10-23T14:58:00Z,59.00,38.00,20.14,12.00,5.00,2.00,1.00
2024-10-23T15:05:00Z,59.00,38.00,20.14,12.00,5.00,2.00,1.00
2024-10-23T15:31:00Z,59.00,38.00,20.14,12.00,5.00,2.00,1.00
2024-10-23T17:00:00Z,59.00,37.00,20.14,12.00,5.00,2.00,1.00
2024-10-23T20:34:00Z,59.00,38.00,20.14,12.00,5.00,2.00,1.00
2024-10-23T22:13:00Z,59.00,34.00,20.14,12.00,5.00,2.00,1.00
2024-10-23T23:00:00Z,59.00,34.00,20.14,12.00,5.00,2.00,1.00
2024-10-24T00:31:00Z,59.00,38.00,20.14,12.00,5.00,2.00,1.00
2024-10-24T00:56:00Z,59.00,39.24,20.14,12.00,5.00,2.00,1.00
2024-10-24T04:57:00Z,59.00,41.00,20.14,12.00,5.00,2.00,1.00
2024-10-24T12:42:00Z,59.00,41.00,20.14,12.00,5.00,2.00,1.00
2024-10-24T13:06:00Z,59.00,37.00,20.14,12.00,5.00,2.00,1.00
2024-10-24T15:28:00Z,59.00,36.34,20.14,12.00,5.00,2.00,1.00
2024-10-24T16:01:00Z,59.00,35.62,20.14,12.00,5.00,2.00,1.00
2024-10-24T16:29:00Z,59.00,35.62,20.14,12.00,5.00,3.00,1.00
2024-10-24T16:45:00Z,59.00,40.00,20.14,12.00,5.00,3.00,1.00
2024-10-24T16:55:00Z,59.00,40.00,20.14,12.00,5.00,3.00,1.00
2024-10-24T17:00:00Z,59.00,39.00,20.14,12.00,5.00,3.00,1.00
2024-10-24T17:05:00Z,59.00,39.00,20.14,12.00,5.00,3.00,1.00
2024-10-24T17:24:00Z,59.00,39.00,20.14,12.00,5.00,3.00,1.00
2024-10-24T17:30:00Z,59.00,39.00,20.14,12.00,5.00,3.00,1.00
2024-10-24T17:37:00Z,59.00,39.00,20.14,12.00,5.00,3.00,1.00
2024-10-24T18:13:00Z,59.00,39.00,20.14,12.00,5.00,3.00,1.00
2024-10-24T18:55:00Z,59.00,39.00,20.14,12.00,5.00,3.00,1.00
2024-10-24T19:36:00Z,59.00,39.00,20.14,12.00,5.00,3.00,1.00
2024-10-24T19:57:00Z,59.00,41.00,20.14,12.00,5.00,3.00,1.00
2024-10-24T20:31:00Z,59.00,41.00,20.14,12.00,5.00,3.00,1.00
2024-10-24T21:17:00Z,59.00,43.00,20.14,12.00,6.00,3.00,1.00
2024-10-24T21:18:00Z,59.00,43.00,20.14,12.00,6.00,3.00,1.00
2024-10-24T21:21:00Z,59.00,43.00,20.14,12.00,6.00,3.00,1.00
2024-10-24T22:05:00Z,59.00,43.00,20.14,12.00,6.00,3.00,1.00
2024-10-24T22:19:00Z,59.00,39.00,20.14,12.00,6.00,3.00,1.00
2024-10-24T22:49:00Z,59.00,43.00,20.14,12.00,6.00,3.00,1.00
2024-10-24T23:13:00Z,59.00,43.00,20.14,12.00,6.00,3.00,1.00
2024-10-25T01:51:00Z,59.00,40.00,20.14,12.00,6.00,3.00,1.00
2024-10-25T13:02:00Z,59.00,40.00,20.14,12.00,8.00,3.00,1.00
2024-10-25T13:32:00Z,59.00,40.00,20.14,12.00,9.00,3.00,1.00
2024-10-25T14:38:00Z,59.00,43.00,20.14,12.00,9.00,3.00,1.00
2024-10-25T14:41:00Z,59.00,43.00,20.14,12.00,9.00,3.00,1.00
2024-10-25T15:26:00Z,59.00,46.00,20.14,12.00,9.00,3.00,1.00
2024-10-25T17:57:00Z,59.00,44.16,20.14,12.00,9.00,3.00,1.00
2024-10-25T18:11:00Z,59.00,41.00,20.14,12.00,9.00,3.00,1.00
2024-10-25T20:29:00Z,59.00,40.00,20.14,12.00,9.00,3.00,1.00
2024-10-25T21:52:00Z,59.00,40.00,20.14,12.00,6.00,3.00,1.00
2024-10-25T22:56:00Z,59.00,40.00,20.14,12.00,6.00,3.00,1.00
2024-10-25T23:26:00Z,59.00,41.54,20.14,12.00,6.00,3.00,1.00
2024-10-26T14:29:00Z,53.32,41.54,20.14,12.00,6.00,3.00,1.00
2024-10-26T15:17:00Z,52.00,41.54,20.14,12.00,6.00,3.00,1.00
2024-10-26T15:22:00Z,59.00,41.54,20.14,12.00,6.00,3.00,1.00
2024-10-26T17:03:00Z,59.00,41.54,20.14,12.00,6.00,3.00,1.00
2024-10-26T17:23:00Z,59.00,43.71,20.14,12.00,6.00,3.00,1.00
2024-10-26T18:39:00Z,59.00,43.71,20.14,12.00,6.00,3.00,1.00
2024-10-26T20:47:00Z,59.00,40.00,20.14,12.00,6.00,3.00,1.00
2024-10-26T21:57:00Z,59.00,44.00,20.14,12.00,6.00,3.00,1.00
2024-10-26T22:08:00Z,59.00,40.00,20.14,12.00,6.00,3.00,1.00
2024-10-27T00:20:00Z,54.00,40.00,20.14,12.00,6.00,3.00,1.00
2024-10-27T01:02:00Z,54.00,40.00,20.14,12.00,6.00,3.00,1.00
2024-10-27T12:23:00Z,54.00,40.00,20.14,12.00,6.00,3.00,1.00
2024-10-27T15:45:00Z,54.00,40.00,20.14,12.00,6.00,3.00,1.00
2024-10-27T20:04:00Z,61.01,40.00,20.14,12.00,6.00,3.00,1.00
2024-10-27T22:29:00Z,61.01,40.00,18.79,12.00,6.00,3.00,1.00
2024-10-27T23:25:00Z,61.01,40.00,18.79,11.00,6.00,3.00,1.00
2024-10-28T01:09:00Z,61.01,43.00,18.79,11.00,6.00,3.00,1.00
2024-10-28T01:50:00Z,61.01,43.00,20.00,11.00,6.00,3.00,1.00
2024-10-28T03:51:00Z,57.00,43.00,20.00,11.00,6.00,3.00,1.00
2024-10-28T03:52:00Z,57.00,43.00,20.00,11.00,5.00,3.00,1.00
2024-10-28T04:57:00Z,57.00,41.00,20.00,11.00,5.00,3.00,1.00
2024-10-28T12:37:00Z,57.00,43.00,20.00,11.00,5.00,3.00,1.00
2024-10-28T12:39:00Z,62.61,43.00,20.00,11.00,5.00,3.00,1.00
2024-10-28T12:46:00Z,63.00,43.00,20.00,11.00,5.00,3.00,1.00
2024-10-28T12:47:00Z,63.00,44.00,20.00,11.00,5.00,3.00,1.00
2024-10-28T14:11:00Z,63.00,44.00,20.00,10.00,5.00,3.00,1.00
2024-10-28T14:20:00Z,63.00,44.00,20.00,10.00,5.00,3.00,1.00
2024-10-28T14:26:00Z,63.00,44.19,20.00,10.00,5.00,3.00,1.00
2024-10-28T16:02:00Z,63.00,40.68,20.00,10.00,5.00,3.00,1.00
2024-10-28T16:08:00Z,63.00,40.68,20.00,11.00,5.00,3.00,1.00
2024-10-28T16:09:00Z,63.00,40.68,20.00,11.00,6.00,3.00,1.00
2024-10-28T16:31:00Z,63.00,44.00,20.00,11.00,6.00,3.00,1.00
2024-10-28T16:48:00Z,63.00,46.38,20.00,11.00,6.00,3.00,1.00
2024-10-28T18:14:00Z,63.94,46.38,20.00,11.00,6.00,3.00,1.00
2024-10-28T18:16:00Z,63.94,46.38,21.00,11.00,6.00,3.00,1.00
2024-10-28T19:01:00Z,63.94,46.38,21.00,11.00,5.00,3.00,1.00
2024-10-28T19:39:00Z,63.94,46.38,21.00,11.00,5.00,3.00,1.00
2024-10-28T19:46:00Z,63.94,44.00,21.00,11.00,5.00,3.00,1.00
2024-10-28T20:03:00Z,60.00,44.00,21.00,11.00,5.00,3.00,1.00
2024-10-28T20:28:00Z,60.00,44.00,17.00,11.00,5.00,3.00,1.00
2024-10-28T21:16:00Z,60.00,44.00,17.00,11.00,5.00,3.00,1.00
2024-10-28T21:50:00Z,65.00,44.00,22.00,11.00,5.00,3.00,1.00
2024-10-28T21:51:00Z,65.00,44.00,22.00,12.00,5.00,3.00,1.00
2024-10-28T21:57:00Z,65.00,50.00,22.00,12.00,5.00,3.00,1.00
2024-10-28T22:05:00Z,65.00,50.00,22.00,12.00,5.00,3.00,1.00
2024-10-28T22:06:00Z,65.00,50.00,22.00,12.00,5.00,3.00,1.00
2024-10-28T22:07:00Z,65.00,50.00,22.00,12.00,5.00,3.00,1.00
2024-10-28T22:08:00Z,65.00,50.00,22.00,12.00,5.00,3.00,1.00
2024-10-28T22:09:00Z,65.00,50.00,22.00,12.00,5.00,3.00,1.00
2024-10-28T22:12:00Z,65.00,50.00,22.00,12.00,5.00,3.00,1.00
2024-10-28T22:13:00Z,65.00,50.00,22.00,12.00,5.00,3.00,1.00
2024-10-28T22:21:00Z,65.00,50.00,22.00,12.00,5.00,3.00,1.00
2024-10-28T22:23:00Z,65.00,50.00,22.00,12.00,5.00,3.00,1.00
2024-10-28T23:11:00Z,65.00,50.00,22.00,12.00,5.00,3.00,1.00
2024-10-28T23:12:00Z,65.00,50.00,21.00,12.00,5.00,3.00,1.00
2024-10-28T23:13:00Z,65.00,50.00,21.00,12.00,5.00,3.00,1.00
2024-10-28T23:38:00Z,65.00,51.70,21.00,12.00,5.00,3.00,1.00
2024-10-28T23:41:00Z,65.00,44.00,21.00,12.00,5.00,3.00,1.00
2024-10-29T00:23:00Z,65.00,49.00,21.00,12.00,5.00,3.00,1.00
2024-10-29T00:29:00Z,65.00,49.00,21.00,12.00,5.00,3.00,1.00
2024-10-29T01:14:00Z,65.00,49.00,21.00,12.00,5.00,3.00,1.00
2024-10-29T02:11:00Z,66.00,49.00,21.00,12.00,5.00,3.00,1.00
2024-10-29T02:16:00Z,68.00,49.00,21.00,12.00,5.00,3.00,1.00
2024-10-29T02:21:00Z,68.00,54.67,21.00,12.00,5.00,3.00,1.00
2024-10-29T02:23:00Z,71.04,54.67,21.00,12.00,5.00,3.00,1.00
2024-10-29T03:23:00Z,72.00,54.67,21.00,12.00,5.00,3.00,1.00
2024-10-29T03:24:00Z,78.59,54.67,21.00,12.00,5.00,3.00,1.00
2024-10-29T03:29:00Z,78.59,61.25,21.00,12.00,5.00,3.00,1.00
2024-10-29T03:32:00Z,78.59,56.00,21.00,12.00,5.00,3.00,1.00
2024-10-29T03:36:00Z,78.59,62.00,21.00,12.00,5.00,3.00,1.00
2024-10-29T03:53:00Z,78.59,62.00,21.00,12.00,5.00,3.00,1.00
2024-10-29T04:13:00Z,78.59,54.00,22.00,12.00,5.00,3.00,1.00
2024-10-29T04:14:00Z,78.59,54.00,22.00,12.00,5.00,3.00,1.00
2024-10-29T04:25:00Z,78.00,54.00,22.00,12.00,5.00,3.00,1.00
2024-10-29T05:45:00Z,78.00,54.00,22.00,11.00,5.00,3.00,1.00
2024-10-29T12:01:00Z,78.00,54.00,22.00,12.51,5.00,3.00,1.00
2024-10-29T12:16:00Z,78.00,54.00,22.00,14.16,5.00,3.00,1.00
2024-10-29T12:41:00Z,78.00,54.00,22.00,14.16,5.00,3.00,1.00
2024-10-29T13:20:00Z,79.00,54.00,22.00,14.16,5.00,3.00,1.00
2024-10-29T13:55:00Z,79.00,54.00,22.00,14.16,5.00,3.00,1.00
2024-10-29T14:08:00Z,79.00,63.00,22.00,14.16,5.00,3.00,1.00
2024-10-29T15:42:00Z,79.00,63.00,22.00,14.16,5.00,3.00,1.00
2024-10-29T15:50:00Z,82.00,63.00,22.00,14.16,5.00,3.00,1.00
2024-10-29T16:06:00Z,82.00,63.00,21.00,14.16,5.00,3.00,1.00
2024-10-29T16:34:00Z,87.96,63.00,21.00,14.16,5.00,3.00,1.00
2024-10-29T17:39:00Z,87.96,63.00,21.00,13.00,5.00,3.00,1.00
2024-10-29T18:08:00Z,87.96,63.00,21.00,13.00,5.00,3.00,1.00
2024-10-29T18:14:00Z,87.96,63.00,21.00,14.00,5.00,3.00,1.00
2024-10-29T18:15:00Z,87.96,63.00,21.00,14.00,5.00,3.00,1.00
2024-10-29T18:16:00Z,87.96,63.00,21.00,15.00,5.00,3.00,1.00
2024-10-29T18:17:00Z,87.96,63.00,21.00,16.00,5.00,3.00,1.00
2024-10-29T18:26:00Z,87.96,63.00,21.00,16.00,5.00,2.00,1.00
2024-10-29T18:27:00Z,87.96,63.00,21.00,16.00,5.00,2.00,1.00
2024-10-29T18:35:00Z,87.96,63.00,21.00,16.00,5.00,2.00,1.00
2024-10-29T19:00:00Z,87.96,63.00,21.00,16.00,5.00,2.00,1.00
2024-10-29T19:15:00Z,87.96,63.00,21.00,16.00,5.00,2.00,1.00
2024-10-29T19:58:00Z,87.96,63.00,21.00,16.00,5.00,2.00,1.00
2024-10-29T19:59:00Z,87.96,63.00,21.00,16.00,5.00,2.00,1.00
2024-10-29T20:58:00Z,87.96,63.00,21.00,15.00,5.00,2.00,1.00
2024-10-29T20:59:00Z,87.96,63.00,21.00,15.00,5.00,2.00,1.00
2024-10-29T22:33:00Z,87.96,63.00,21.00,15.00,5.00,2.00,1.00
2024-10-29T23:07:00Z,87.96,63.00,21.00,15.00,5.00,2.00,1.00
2024-10-29T23:59:00Z,87.96,63.00,21.00,15.00,5.00,2.00,1.00
2024-10-30T00:58:00Z,87.96,63.00,21.00,10.00,5.00,2.00,1.00
2024-10-30T01:17:00Z,87.96,63.00,21.00,15.00,5.00,2.00,1.00
2024-10-30T02:19:00Z,87.96,63.00,21.00,15.00,5.00,2.00,1.00
2024-10-30T02:21:00Z,87.96,63.00,21.00,15.00,5.00,2.00,1.00
2024-10-30T03:31:00Z,87.96,63.00,21.00,16.00,5.00,2.00,1.00
2024-10-30T03:33:00Z,87.96,63.00,21.00,16.00,5.00,2.00,1.00
2024-10-30T03:49:00Z,87.96,63.00,21.00,16.00,5.00,2.00,1.00
2024-10-30T04:28:00Z,87.96,63.00,21.00,15.00,5.00,2.00,1.00
2024-10-30T05:00:00Z,87.96,63.00,21.00,15.00,5.00,2.00,1.00
2024-10-30T05:05:00Z,87.96,63.00,21.00,15.00,5.00,2.00,1.00
2024-10-30T05:15:00Z,87.96,63.00,21.00,15.00,5.00,2.00,1.00
2024-10-30T15:05:00Z,87.96,63.00,21.00,14.00,5.00,2.00,1.00
2024-10-30T16:23:00Z,87.96,63.00,21.00,14.00,5.00,2.00,1.00
2024-10-30T16:51:00Z,87.96,63.00,21.00,14.00,5.00,2.00,1.00
2024-10-30T16:53:00Z,87.96,63.00,21.00,14.00,5.00,2.00,1.00
2024-10-30T20:45:00Z,87.96,63.00,21.00,11.00,5.00,2.00,1.00
2024-10-30T20:46:00Z,87.96,63.00,21.00,11.00,5.00,2.00,1.00
2024-10-31T01:02:00Z,87.96,63.00,21.00,11.00,4.00,2.00,1.00
2024-10-31T14:11:00Z,87.96,63.00,21.00,11.00,4.00,2.00,1.00
2024-10-31T15:16:00Z,87.96,63.00,21.00,12.00,4.00,2.00,1.00
2024-10-31T18:14:00Z,87.96,63.00,21.00,11.00,4.00,2.00,1.00
2024-10-31T18:47:00Z,87.96,63.00,21.00,12.00,4.00,2.00,1.00
2024-10-31T18:56:00Z,87.96,63.00,21.00,12.00,4.00,2.00,1.00
2024-10-31T18:57:00Z,87.96,63.00,21.00,10.00,4.00,2.00,1.00
2024-10-31T19:07:00Z,87.96,63.00,21.00,10.00,4.00,2.00,1.00
2024-10-31T19:26:00Z,87.96,63.00,21.00,10.00,4.00,2.00,1.00
2024-10-31T20:56:00Z,87.96,63.00,21.00,10.00,4.00,2.00,1.00
2024-11-01T00:21:00Z,87.96,63.00,21.00,10.00,4.00,2.00,1.00
2024-11-01T01:02:00Z,87.96,63.00,21.00,13.00,4.00,2.00,1.00
2024-11-01T01:03:00Z,87.96,63.00,21.00,10.00,4.00,2.00,1.00
2024-11-01T18:14:00Z,87.96,63.00,21.00,10.00,3.00,2.00,1.00
2024-11-01T21:55:00Z,87.96,63.00,21.00,10.00,3.00,2.00,1.00
2024-11-02T02:42:00Z,87.96,63.00,21.00,10.00,3.00,2.00,1.00
2024-11-02T04:57:00Z,87.96,63.00,21.00,11.00,3.00,2.00,1.00
2024-11-02T16:34:00Z,66.00,63.00,21.00,11.00,3.00,2.00,1.00
2024-11-02T19:12:00Z,66.00,48.00,21.00,11.00,3.00,2.00,1.00
2024-11-02T20:08:00Z,66.00,48.00,25.00,11.00,3.00,2.00,1.00
2024-11-02T20:43:00Z,67.13,48.00,25.00,11.00,3.00,2.00,1.00
2024-11-02T21:53:00Z,66.00,48.00,25.00,11.00,3.00,2.00,1.00
2024-11-02T23:13:00Z,66.00,44.05,25.00,11.00,3.00,2.00,1.00
2024-11-03T00:45:00Z,66.00,44.05,25.00,11.00,3.00,2.00,1.00
2024-11-03T01:33:00Z,66.00,44.05,25.00,11.00,3.00,2.00,1.00
2024-11-03T01:49:00Z,66.00,44.05,25.00,11.00,3.00,2.00,1.00
2024-11-03T02:05:00Z,66.00,44.05,25.00,11.00,3.00,2.00,1.00
2024-11-03T02:27:00Z,66.00,44.05,21.61,11.00,3.00,2.00,1.00
2024-11-03T02:31:00Z,64.00,44.05,21.61,11.00,3.00,2.00,1.00
2024-11-03T02:49:00Z,64.00,41.00,21.61,11.00,3.00,2.00,1.00
2024-11-03T02:50:00Z,64.00,41.00,21.00,10.00,3.00,2.00,1.00
2024-11-03T03:06:00Z,64.00,41.00,21.00,10.00,3.00,2.00,1.00
2024-11-03T03:25:00Z,64.00,41.00,21.00,9.00,3.00,2.00,1.00
2024-11-03T03:28:00Z,64.00,41.00,21.00,9.00,3.00,2.00,1.00
2024-11-03T03:29:00Z,64.00,41.00,21.00,9.00,3.00,2.00,1.00
2024-11-03T03:47:00Z,64.00,41.00,21.00,8.00,3.00,2.00,1.00
2024-11-03T03:53:00Z,62.92,41.00,21.00,8.00,3.00,2.00,1.00
2024-11-03T13:02:00Z,62.92,38.12,21.00,8.00,3.00,2.00,1.00
2024-11-03T14:35:00Z,60.00,38.12,21.00,8.00,3.00,2.00,1.00
2024-11-03T14:38:00Z,64.93,38.12,21.00,8.00,3.00,2.00,1.00
2024-11-03T17:27:00Z,60.00,38.12,21.00,8.00,3.00,2.00,1.00
2024-11-03T17:36:00Z,60.00,37.00,21.00,8.00,3.00,2.00,1.00
2024-11-03T17:37:00Z,60.00,37.00,21.00,8.00,3.00,2.00,1.00
2024-11-03T20:13:00Z,60.00,48.18,21.00,8.00,3.00,2.00,1.00
2024-11-03T20:14:00Z,60.00,48.18,23.00,8.00,3.00,2.00,1.00
2024-11-03T21:40:00Z,60.00,38.00,23.00,8.00,3.00,2.00,1.00
2024-11-03T22:27:00Z,60.00,38.00,19.00,8.00,3.00,2.00,1.00
2024-11-03T23:24:00Z,64.97,38.00,19.00,8.00,3.00,2.00,1.00
2024-11-04T04:38:00Z,64.97,49.41,19.00,8.00,3.00,2.00,1.00
2024-11-04T04:39:00Z,64.97,49.41,23.07,11.20,3.00,2.00,1.00
2024-11-04T14:40:00Z,64.97,49.41,19.00,11.20,3.00,2.00,1.00
2024-11-04T14:56:00Z,60.00,49.41,19.00,11.20,3.00,2.00,1.00
2024-11-04T15:52:00Z,59.03,49.85,19.00,11.20,3.00,2.00,1.00
2024-11-04T17:04:00Z,59.03,48.00,19.00,11.20,3.00,2.00,1.00
2024-11-04T17:19:00Z,59.03,48.00,19.00,11.20,3.00,2.00,1.00
2024-11-04T18:07:00Z,59.03,42.00,19.00,11.20,3.00,2.00,1.00
2024-11-04T19:44:00Z,57.00,42.00,19.00,11.20,3.00,2.00,1.00
2024-11-04T20:35:00Z,57.00,42.00,19.00,11.20,3.00,2.00,1.00
2024-11-04T20:48:00Z,57.00,42.00,19.00,11.20,3.00,2.00,1.00
2024-11-04T21:34:00Z,57.00,45.00,19.00,11.20,3.00,2.00,1.00
2024-11-04T21:39:00Z,64.00,45.00,19.00,11.20,3.00,2.00,1.00
2024-11-04T21:41:00Z,64.00,45.00,19.00,11.20,3.00,2.00,1.00
2024-11-05T00:23:00Z,64.00,42.00,19.00,11.20,3.00,2.00,1.00
2024-11-05T00:28:00Z,64.00,47.97,19.00,11.20,3.00,2.00,1.00
2024-11-05T02:10:00Z,64.00,47.97,19.00,11.20,4.00,2.00,1.00
2024-11-05T02:24:00Z,57.00,47.97,19.00,11.20,4.00,2.00,1.00
2024-11-05T03:02:00Z,57.00,44.00,19.00,11.20,4.00,2.00,1.00
2024-11-05T03:13:00Z,56.48,44.00,19.00,11.20,4.00,2.00,1.00
2024-11-05T03:28:00Z,56.48,44.00,24.00,11.20,4.00,2.00,1.00
2024-11-05T04:32:00Z,56.48,42.50,24.00,11.20,4.00,2.00,1.00
2024-11-05T07:09:00Z,56.48,42.50,24.00,9.00,4.00,2.00,1.00
2024-11-05T13:39:00Z,56.48,39.00,24.00,9.00,4.00,2.00,1.00
2024-11-05T14:26:00Z,56.48,39.00,24.00,10.90,4.00,2.00,1.00
2024-11-05T14:27:00Z,56.48,39.00,24.00,10.90,4.00,2.00,1.00
2024-11-05T14:28:00Z,56.48,39.00,24.00,11.00,4.00,2.00,1.00
2024-11-05T14:34:00Z,61.00,39.00,24.00,11.00,4.00,2.00,1.00
2024-11-05T14:48:00Z,57.00,39.00,24.00,11.00,4.00,2.00,1.00
2024-11-05T14:54:00Z,57.00,45.00,24.00,11.00,4.00,2.00,1.00
2024-11-05T15:29:00Z,62.00,45.00,24.00,11.00,4.00,2.00,1.00
2024-11-05T18:06:00Z,62.00,45.00,24.00,11.00,4.00,2.00,1.00
2024-11-05T18:07:00Z,62.00,45.00,24.00,11.00,4.00,2.00,1.00
2024-11-05T18:54:00Z,62.00,45.00,24.00,11.00,4.00,2.00,1.00
2024-11-05T19:58:00Z,60.14,45.00,24.00,11.00,4.00,2.00,1.00
2024-11-05T20:25:00Z,69.35,45.00,24.00,11.00,4.00,2.00,1.00
2024-11-05T20:35:00Z,69.35,45.00,24.00,11.00,4.00,2.00,1.00
2024-11-05T20:58:00Z,69.35,46.00,24.00,11.00,4.00,2.00,1.00
2024-11-05T21:01:00Z,69.35,46.00,24.88,11.00,4.00,2.00,1.00
2024-11-05T23:18:00Z,69.35,46.00,24.88,11.00,4.00,2.00,1.00
2024-11-06T01:05:00Z,69.35,46.00,24.88,11.00,4.00,2.00,1.00
2024-11-06T02:17:00Z,69.35,54.00,24.00,11.00,4.00,2.00,1.00
2024-11-06T02:53:00Z,79.00,54.00,24.00,11.00,4.00,2.00,1.00
2024-11-06T02:58:00Z,79.00,54.05,24.00,11.00,4.00,2.00,1.00
2024-11-06T03:05:00Z,79.00,69.58,25.00,11.00,4.00,2.00,1.00
2024-11-06T03:07:00Z,92.38,62.00,25.00,11.00,4.00,2.00,1.00
2024-11-06T03:09:00Z,95.18,62.00,25.00,11.00,4.00,2.00,1.00
2024-11-06T03:11:00Z,96.00,62.00,25.00,11.00,4.00,2.00,1.00
2024-11-06T03:12:00Z,95.00,62.00,25.00,11.00,4.00,2.00,1.00
2024-11-06T03:17:00Z,98.00,62.00,25.00,11.00,4.00,2.00,1.00
2024-11-06T03:31:00Z,98.00,62.00,25.00,11.00,4.00,2.00,1.00
2024-11-06T03:53:00Z,98.00,71.00,25.00,11.00,4.00,2.00,1.00
2024-11-06T04:03:00Z,98.00,72.00,25.00,11.00,4.00,2.00,1.00
2024-11-06T04:05:00Z,98.00,72.00,25.00,11.00,4.00,2.00,1.00
2024-11-06T04:27:00Z,98.00,82.00,25.00,11.00,4.00,2.00,1.00
2024-11-06T04:47:00Z,94.00,82.00,25.00,11.00,4.00,2.00,1.00
2024-11-06T04:50:00Z,94.00,65.25,25.00,11.00,4.00,2.00,1.00
2024-11-06T04:56:00Z,95.44,65.25,25.00,11.00,4.00,2.00,1.00
2024-11-06T04:58:00Z,95.44,65.25,25.38,11.00,4.00,2.00,1.00
2024-11-06T05:13:00Z,97.00,65.25,25.38,11.00,4.00,2.00,1.00
2024-11-06T05:20:00Z,97.00,65.25,25.38,11.00,4.00,2.00,1.00
2024-11-06T05:36:00Z,63.17,65.25,25.38,11.00,4.00,2.00,1.00
2024-11-06T05:37:00Z,63.17,65.15,25.38,11.00,4.00,2.00,1.00
2024-11-06T05:48:00Z,64.00,65.15,25.38,11.00,4.00,2.00,1.00
2024-11-06T05:49:00Z,97.00,65.15,25.38,11.00,4.00,2.00,1.00
2024-11-06T06:18:00Z,97.00,87.00,25.38,11.00,4.00,2.00,1.00
2024-11-06T06:20:00Z,97.00,87.00,25.38,11.00,4.00,2.00,1.00
2024-11-06T06:21:00Z,98.00,87.00,25.38,11.00,4.00,2.00,1.00
2024-11-06T06:23:00Z,98.00,87.00,25.38,11.00,4.00,2.00,1.00
2024-11-06T06:24:00Z,98.52,87.00,25.38,11.00,4.00,2.00,1.00
2024-11-06T06:25:00Z,99.00,87.00,25.38,11.00,4.00,2.00,1.00
2024-11-06T06:39:00Z,97.00,87.00,25.38,11.00,4.00,2.00,1.00
2024-11-06T07:45:00Z,97.00,62.39,25.38,11.00,4.00,2.00,1.00
2024-11-06T08:46:00Z,64.00,62.39,25.38,11.00,4.00,2.00,1.00
2024-11-06T11:21:00Z,64.00,80.00,25.38,11.00,4.00,2.00,1.00
2024-11-06T13:07:00Z,96.00,80.00,25.38,11.00,4.00,2.00,1.00
2024-11-06T13:08:00Z,64.00,80.00,25.38,11.00,4.00,2.00,1.00
2024-11-06T13:35:00Z,95.00,80.00,25.38,11.00,4.00,2.00,1.00
2024-11-06T14:10:00Z,95.00,51.00,25.38,11.00,4.00,2.00,1.00
2024-11-06T15:01:00Z,95.00,51.00,25.38,11.00,4.00,2.00,1.00
2024-11-06T15:04:00Z,64.00,51.00,25.38,11.00,4.00,2.00,1.00
2024-11-06T15:06:00Z,64.00,75.00,25.38,11.00,4.00,2.00,1.00
2024-11-06T15:21:00Z,94.40,75.00,25.38,11.00,4.00,2.00,1.00
2024-11-06T15:22:00Z,94.40,79.00,25.38,11.00,4.00,2.00,1.00
2024-11-06T15:30:00Z,94.40,79.00,25.38,11.00,4.00,2.00,1.00
2024-11-06T15:33:00Z,94.40,79.00,25.38,11.00,4.00,2.00,1.00
2024-11-06T15:53:00Z,94.00,79.00,25.38,11.00,4.00,2.00,1.00
2024-11-06T16:38:00Z,94.00,79.00,25.38,11.00,4.00,2.00,1.00
2024-11-06T16:39:00Z,95.93,79.00,25.38,11.00,4.00,2.00,1.00
2024-11-06T16:45:00Z,78.00,79.00,25.38,11.00,4.00,2.00,1.00
2024-11-06T16:56:00Z,78.00,79.00,30.00,11.00,4.00,2.00,1.00
2024-11-06T18:04:00Z,78.00,79.00,30.00,11.00,4.00,2.00,1.00
2024-11-06T18:11:00Z,96.00,79.00,30.00,11.00,4.00,2.00,1.00
2024-11-06T18:28:00Z,83.44,79.00,30.00,11.00,4.00,2.00,1.00
2024-11-06T18:29:00Z,83.44,79.00,27.00,11.00,4.00,2.00,1.00
2024-11-06T18:31:00Z,97.00,79.00,27.00,11.00,4.00,2.00,1.00
2024-11-06T18:35:00Z,97.00,79.00,27.00,11.00,4.00,2.00,1.00
2024-11-06T18:55:00Z,81.56,79.00,27.00,11.00,4.00,2.00,1.00
2024-11-06T18:56:00Z,81.56,79.00,48.60,11.00,4.00,2.00,1.00
2024-11-06T19:04:00Z,96.00,79.00,48.60,11.00,4.00,2.00,1.00
2024-11-06T19:13:00Z,96.00,80.54,48.60,11.00,4.00,2.00,1.00
2024-11-06T19:25:00Z,97.00,80.54,48.60,11.00,4.00,2.00,1.00
2024-11-06T19:46:00Z,97.00,84.00,48.60,11.00,4.00,2.00,1.00
2024-11-06T20:00:00Z,97.00,84.00,48.60,11.00,4.00,2.00,1.00
2024-11-06T20:09:00Z,97.00,74.76,48.60,11.00,4.00,2.00,1.00
2024-11-06T20:21:00Z,97.00,74.76,54.82,11.00,4.00,2.00,1.00
2024-11-06T20:33:00Z,97.00,74.76,54.82,11.00,4.00,2.00,1.00
2024-11-06T21:18:00Z,96.00,74.76,54.82,11.00,4.00,2.00,1.00
2024-11-06T21:34:00Z,97.00,74.76,54.82,11.00,4.00,2.00,1.00
2024-11-06T21:42:00Z,97.00,74.76,54.82,11.00,4.00,2.00,1.00
2024-11-06T21:59:00Z,97.00,79.00,54.82,11.00,4.00,2.00,1.00
2024-11-06T22:50:00Z,97.00,79.00,70.50,11.00,4.00,2.00,1.00
2024-11-06T23:02:00Z,98.00,71.18,70.50,11.00,4.00,2.00,1.00
2024-11-06T23:09:00Z,98.00,71.18,70.50,11.00,4.00,2.00,1.00
2024-11-06T23:20:00Z,98.00,71.18,70.50,11.00,4.00,2.00,1.00
2024-11-06T23:32:00Z,98.00,71.18,70.50,11.00,4.00,2.00,1.00
2024-11-07T00:05:00Z,98.00,71.18,70.50,11.00,4.00,2.00,1.00
2024-11-07T00:13:00Z,97.66,71.18,70.50,11.00,4.00,2.00,1.00
2024-11-07T00:15:00Z,97.66,79.00,70.50,11.00,4.00,2.00,1.00
2024-11-07T00:32:00Z,97.66,79.00,57.62,11.00,4.00,2.00,1.00
2024-11-07T00:38:00Z,97.00,79.00,57.62,11.00,4.00,2.00,1.00
2024-11-07T00:41:00Z,97.00,79.00,57.62,11.00,4.00,2.00,1.00
2024-11-07T01:34:00Z,97.00,63.73,57.62,11.00,4.00,2.00,1.00
2024-11-07T02:49:00Z,97.00,82.31,57.62,11.00,4.00,2.00,1.00
2024-11-07T03:16:00Z,96.00,82.31,57.62,11.00,4.00,2.00,1.00
2024-11-07T04:28:00Z,96.00,82.31,47.00,11.00,4.00,2.00,1.00
2024-11-07T07:37:00Z,97.00,82.31,47.00,11.00,4.00,2.00,1.00
2024-11-07T07:53:00Z,96.68,82.31,47.00,11.00,4.00,2.00,1.00
2024-11-07T09:24:00Z,95.00,82.31,47.00,11.00,4.00,2.00,1.00
2024-11-07T12:18:00Z,95.00,83.47,47.00,11.00,4.00,2.00,1.00
2024-11-07T12:22:00Z,95.00,83.47,47.00,11.00,4.00,2.00,1.00
2024-11-07T13:02:00Z,94.00,83.47,47.00,11.00,4.00,2.00,1.00
2024-11-07T13:34:00Z,94.00,83.47,47.00,11.00,4.00,2.00,1.00
2024-11-07T14:34:00Z,94.30,83.47,47.00,11.00,4.00,2.00,1.00
2024-11-07T14:52:00Z,94.00,61.83,47.00,11.00,4.00,2.00,1.00
2024-11-07T15:30:00Z,94.00,61.83,40.00,11.00,4.00,2.00,1.00
2024-11-07T15:55:00Z,94.00,61.83,40.00,11.00,4.00,2.00,1.00
2024-11-07T16:05:00Z,95.00,61.83,40.00,11.00,4.00,2.00,1.00
2024-11-07T16:11:00Z,95.00,83.15,40.00,11.00,4.00,2.00,1.00
2024-11-07T19:57:00Z,95.00,83.15,40.00,11.00,4.00,2.00,1.00
2024-11-07T20:23:00Z,95.00,70.00,40.00,11.00,4.00,2.00,1.00
2024-11-07T20:42:00Z,95.00,84.00,40.00,11.00,4.00,2.00,1.00
2024-11-07T20:50:00Z,95.00,84.00,40.00,11.00,4.00,2.00,1.00
2024-11-07T22:05:00Z,95.00,69.00,40.00,11.00,4.00,2.00,1.00
2024-11-07T23:51:00Z,95.00,69.00,47.00,11.00,4.00,2.00,1.00
2024-11-07T23:52:00Z,95.00,69.00,47.00,11.00,4.00,2.00,1.00
2024-11-08T02:50:00Z,95.00,69.00,47.23,11.00,4.00,2.00,1.00
2024-11-08T03:39:00Z,95.00,69.00,45.00,11.00,4.00,2.00,1.00
2024-11-08T03:41:00Z,95.00,84.00,44.00,11.00,4.00,2.00,1.00
2024-11-08T03:45:00Z,95.00,84.00,44.00,11.00,4.00,2.00,1.00
2024-11-08T11:56:00Z,95.00,75.60,44.00,11.00,4.00,2.00,1.00
2024-11-08T11:57:00Z,95.00,73.42,42.33,11.00,4.00,2.00,1.00
2024-11-08T11:58:00Z,95.00,73.42,34.93,11.00,4.00,2.00,1.00
2024-11-08T11:59:00Z,95.00,70.00,34.93,11.00,4.00,2.00,1.00
2024-11-08T13:51:00Z,95.00,82.00,34.93,11.00,4.00,2.00,1.00
2024-11-08T16:46:00Z,95.00,71.00,34.93,11.00,4.00,2.00,1.00
2024-11-08T16:48:00Z,95.00,71.00,34.93,11.00,4.00,1.00,1.00
2024-11-08T17:34:00Z,95.00,79.00,43.50,11.00,4.00,1.00,1.00
2024-11-08T17:36:00Z,95.00,80.00,43.50,11.00,4.00,1.00,1.00
2024-11-08T19:02:00Z,95.00,84.00,43.50,11.00,4.00,1.00,1.00
2024-11-08T19:13:00Z,95.00,84.00,42.00,11.00,4.00,1.00,1.00
2024-11-08T19:18:00Z,95.00,84.00,42.00,11.00,4.00,1.00,1.00
2024-11-08T19:42:00Z,95.00,84.00,42.00,11.00,4.00,1.00,1.00
2024-11-08T19:43:00Z,95.00,84.00,44.57,11.00,4.00,1.00,1.00
2024-11-08T19:47:00Z,95.00,84.00,44.93,11.00,4.00,1.00,1.00
2024-11-08T20:02:00Z,95.00,84.00,44.98,11.00,4.00,1.00,1.00
2024-11-09T01:15:00Z,95.00,84.00,38.00,11.00,4.00,1.00,1.00
2024-11-09T04:59:00Z,95.00,84.00,43.94,11.00,4.00,1.00,1.00
2024-11-09T17:05:00Z,95.00,84.00,28.59,11.00,4.00,1.00,1.00
2024-11-10T01:15:00Z,95.00,84.00,35.00,11.00,4.00,1.00,1.00
2024-11-10T01:41:00Z,95.00,80.00,35.00,11.00,4.00,1.00,1.00
2024-11-10T01:47:00Z,95.00,80.00,35.00,11.00,4.00,1.00,1.00
2024-11-10T03:17:00Z,95.00,77.00,35.00,11.00,4.00,1.00,1.00
2024-11-10T03:18:00Z,95.00,81.49,35.00,11.00,4.00,1.00,1.00
2024-11-10T03:19:00Z,95.00,81.49,37.60,11.00,4.00,1.00,1.00
2024-11-10T03:22:00Z,95.00,90.18,37.60,11.00,4.00,1.00,1.00
2024-11-10T03:23:00Z,95.00,90.18,46.42,11.00,4.00,1.00,1.00
2024-11-10T04:02:00Z,95.00,90.18,26.63,11.00,4.00,1.00,1.00
2024-11-10T05:11:00Z,95.00,90.18,49.46,11.00,4.00,1.00,1.00
2024-11-10T05:22:00Z,95.00,90.18,39.00,11.00,4.00,1.00,1.00
2024-11-10T07:40:00Z,95.00,95.00,39.00,11.00,4.00,1.00,1.00
2024-11-10T13:07:00Z,95.00,95.00,39.00,11.00,4.00,1.00,1.00
2024-11-10T13:40:00Z,95.00,95.00,39.00,11.00,4.00,1.00,1.00
2024-11-10T13:52:00Z,95.00,95.00,39.00,11.00,4.00,1.00,1.00
2024-11-10T14:20:00Z,95.00,95.00,54.64,11.00,4.00,1.00,1.00
2024-11-10T14:21:00Z,95.00,96.00,54.64,11.00,4.00,1.00,1.00
2024-11-10T14:41:00Z,95.00,95.27,54.64,11.00,4.00,1.00,1.00
2024-11-10T14:53:00Z,95.00,99.00,54.64,11.00,4.00,1.00,1.00
2024-11-10T15:00:00Z,95.00,95.19,54.64,11.00,4.00,1.00,1.00
2024-11-10T15:15:00Z,95.00,95.19,46.00,11.00,4.00,1.00,1.00
2024-11-10T18:07:00Z,95.00,97.00,46.00,11.00,4.00,1.00,1.00
2024-11-10T18:12:00Z,95.00,97.00,46.00,11.00,4.00,1.00,1.00
2024-11-10T18:14:00Z,95.00,97.00,46.00,11.00,4.00,1.00,1.00
2024-11-10T18:27:00Z,95.00,97.00,56.00,11.00,4.00,1.00,1.00
2024-11-10T18:29:00Z,95.00,97.00,47.00,11.00,4.00,1.00,1.00
2024-11-10T18:35:00Z,95.00,97.00,46.00,11.00,4.00,1.00,1.00
2024-11-10T18:58:00Z,95.00,97.00,57.50,11.00,4.00,1.00,1.00
2024-11-10T19:23:00Z,95.00,98.00,57.50,11.00,4.00,1.00,1.00
2024-11-10T19:37:00Z,95.00,98.00,57.50,11.00,4.00,1.00,1.00
2024-11-10T20:02:00Z,95.00,98.00,57.50,11.00,4.00,1.00,1.00
2024-11-10T20:45:00Z,95.00,98.00,49.00,11.00,4.00,1.00,1.00
2024-11-10T21:06:00Z,95.00,98.00,48.23,11.00,4.00,1.00,1.00
2024-11-10T21:11:00Z,95.00,98.00,48.23,11.00,4.00,1.00,1.00
2024-11-10T22:09:00Z,95.00,98.00,45.00,11.00,4.00,1.00,1.00
2024-11-10T22:14:00Z,95.00,98.00,56.73,11.00,4.00,1.00,1.00
2024-11-10T22:48:00Z,95.00,98.00,47.00,11.00,4.00,1.00,1.00
2024-11-10T23:26:00Z,95.00,98.00,47.00,11.00,4.00,1.00,1.00
2024-11-10T23:28:00Z,95.00,97.50,57.42,11.00,4.00,1.00,1.00
2024-11-10T23:29:00Z,95.00,97.50,58.00,11.00,4.00,1.00,1.00
2024-11-10T23:48:00Z,95.00,97.50,49.00,11.00,4.00,1.00,1.00
2024-11-10T23:50:00Z,95.00,97.50,68.00,11.00,4.00,1.00,1.00
2024-11-10T23:56:00Z,95.00,97.00,68.00,11.00,4.00,1.00,1.00
2024-11-10T23:57:00Z,95.00,97.00,68.00,11.00,4.00,1.00,1.00
2024-11-11T00:26:00Z,95.00,97.00,68.00,11.00,3.00,1.00,1.00
2024-11-11T01:12:00Z,95.00,97.00,60.00,11.00,3.00,1.00,1.00
2024-11-11T01:17:00Z,95.00,97.00,58.00,11.00,3.00,1.00,1.00
2024-11-11T01:44:00Z,95.00,97.00,67.43,11.00,3.00,1.00,1.00
2024-11-11T01:45:00Z,95.00,97.00,68.00,11.00,3.00,1.00,1.00
2024-11-11T01:53:00Z,95.00,97.00,68.00,11.00,2.00,1.00,1.00
2024-11-11T02:13:00Z,95.00,97.00,59.00,11.00,2.00,1.00,1.00
2024-11-11T02:29:00Z,95.00,97.00,59.00,11.00,2.00,1.00,1.00
2024-11-11T03:40:00Z,95.00,99.00,59.00,11.00,2.00,1.00,1.00
2024-11-11T03:41:00Z,95.00,99.00,75.18,11.00,2.00,1.00,1.00
2024-11-11T03:42:00Z,95.00,99.00,80.77,11.00,2.00,1.00,1.00
2024-11-11T06:19:00Z,95.00,99.00,68.25,11.00,2.00,1.00,1.00
2024-11-11T06:39:00Z,95.00,99.00,68.25,11.00,2.00,1.00,1.00
2024-11-11T06:44:00Z,95.00,99.00,58.59,11.00,2.00,1.00,1.00
2024-11-11T13:19:00Z,95.00,99.00,49.00,11.00,2.00,1.00,1.00
2024-11-11T14:36:00Z,95.00,97.00,49.00,11.00,2.00,1.00,1.00
2024-11-11T14:37:00Z,95.00,97.00,49.00,11.00,2.00,1.00,1.00
2024-11-11T15:30:00Z,95.00,96.00,49.00,11.00,2.00,1.00,1.00
2024-11-11T15:31:00Z,95.00,96.00,65.00,11.00,2.00,1.00,1.00
2024-11-11T15:37:00Z,95.00,96.00,68.00,11.00,2.00,1.00,1.00
2024-11-11T16:18:00Z,95.00,96.00,73.00,11.00,2.00,1.00,1.00
2024-11-11T16:20:00Z,95.00,99.00,73.00,11.00,2.00,1.00,1.00
2024-11-11T16:38:00Z,95.00,99.00,73.00,11.00,3.00,1.00,1.00
2024-11-11T16:56:00Z,95.00,99.00,53.18,11.00,3.00,1.00,1.00
2024-11-11T16:57:00Z,95.00,99.00,58.00,11.00,3.00,1.00,1.00
2024-11-11T17:09:00Z,95.00,99.00,50.00,11.00,3.00,1.00,1.00
2024-11-11T17:10:00Z,95.00,99.00,64.00,11.00,1.00,1.00,1.00
2024-11-11T17:11:00Z,95.00,99.00,64.00,11.00,1.00,1.00,1.00
2024-11-11T17:12:00Z,95.00,99.00,64.00,11.00,1.00,1.00,1.00
2024-11-11T17:47:00Z,95.00,99.00,67.00,11.00,1.00,1.00,1.00
2024-11-11T17:53:00Z,95.00,99.00,70.00,11.00,1.00,1.00,1.00
2024-11-11T19:09:00Z,95.00,99.00,76.21,11.00,1.00,1.00,1.00
2024-11-11T19:10:00Z,95.00,99.00,76.21,11.00,3.92,1.00,1.00
2024-11-11T19:38:00Z,95.00,99.00,76.21,11.00,2.00,1.00,1.00
2024-11-11T19:54:00Z,95.00,99.00,77.00,11.00,2.00,1.00,1.00
2024-11-11T20:05:00Z,95.00,99.00,79.80,11.00,2.00,1.00,1.00
2024-11-11T20:13:00Z,95.00,99.00,87.00,11.00,2.00,1.00,1.00
2024-11-11T20:23:00Z,95.00,99.00,81.10,11.00,2.00,1.00,1.00
2024-11-11T20:37:00Z,95.00,99.00,82.00,11.00,2.00,1.00,1.00
2024-11-11T20:41:00Z,95.00,99.00,92.10,11.00,2.00,1.00,1.00
2024-11-11T20:59:00Z,95.00,99.00,90.00,11.00,2.00,1.00,1.00
2024-11-11T21:01:00Z,95.00,99.00,90.00,11.00,2.00,1.00,1.00
2024-11-11T21:04:00Z,95.00,99.00,89.00,11.00,2.00,1.00,1.00
2024-11-11T21:10:00Z,95.00,99.00,85.00,11.00,2.00,1.00,1.00
2024-11-11T21:23:00Z,95.00,99.00,85.00,11.00,4.29,1.00,1.00
2024-11-11T21:26:00Z,95.00,99.00,93.00,11.00,4.29,1.00,1.00
2024-11-11T21:34:00Z,95.00,99.00,91.00,11.00,4.29,1.00,1.00
2024-11-11T21:42:00Z,95.00,99.00,91.00,11.00,1.31,1.00,1.00
2024-11-11T21:47:00Z,95.00,99.00,94.00,11.00,1.31,1.00,1.00
2024-11-11T21:50:00Z,95.00,99.00,96.00,11.00,1.31,1.00,1.00
2024-11-11T21:58:00Z,95.00,99.00,92.00,11.00,1.31,1.00,1.00
2024-11-11T22:19:00Z,95.00,99.00,93.00,11.00,1.31,1.00,1.00
2024-11-11T22:38:00Z,95.00,99.00,92.00,11.00,1.31,1.00,1.00
2024-11-11T23:34:00Z,95.00,99.00,93.00,11.00,1.31,1.00,1.00
2024-11-11T23:35:00Z,95.00,99.00,96.00,11.00,1.31,1.00,1.00
2024-11-11T23:43:00Z,95.00,99.00,93.00,11.00,1.31,1.00,1.00
2024-11-11T23:44:00Z,95.00,99.00,93.00,11.00,15.28,1.00,1.00
2024-11-11T23:45:00Z,95.00,99.00,93.00,11.00,15.28,2.00,1.00
2024-11-11T23:58:00Z,95.00,99.00,88.45,11.00,15.28,2.00,1.00
2024-11-12T01:05:00Z,95.00,99.00,92.00,11.00,15.28,2.00,1.00
2024-11-12T01:16:00Z,95.00,99.00,92.00,11.00,15.28,2.00,1.00
2024-11-12T01:20:00Z,95.00,99.00,92.00,11.00,15.28,2.00,1.00
2024-11-12T01:33:00Z,95.00,99.00,94.00,11.00,15.28,2.00,1.00
2024-11-12T01:40:00Z,95.00,99.00,94.00,11.00,15.28,2.00,1.00
2024-11-12T01:54:00Z,95.00,99.00,83.41,11.00,15.28,2.00,1.00
2024-11-12T01:55:00Z,95.00,99.00,86.00,11.00,15.28,2.00,1.00
2024-11-12T02:03:00Z,95.00,99.00,92.00,11.00,15.28,2.00,1.00
2024-11-12T02:04:00Z,95.00,99.00,93.67,11.00,15.28,2.00,1.00
2024-11-12T02:22:00Z,95.00,99.00,93.67,11.00,9.00,2.00,1.00
2024-11-12T02:39:00Z,95.00,99.00,92.00,11.00,9.00,2.00,1.00
2024-11-12T02:44:00Z,95.00,99.00,92.00,11.00,9.49,2.00,1.00
2024-11-12T04:35:00Z,95.00,99.00,96.00,11.00,9.49,2.00,1.00
2024-11-12T13:07:00Z,95.00,99.00,92.57,11.00,9.49,2.00,1.00
2024-11-12T14:55:00Z,95.00,99.00,92.57,62.00,9.49,2.00,1.00
2024-11-12T15:26:00Z,95.00,99.00,92.57,60.00,9.49,2.00,1.00
2024-11-12T16:05:00Z,95.00,99.00,92.57,54.00,9.49,2.00,1.00
2024-11-12T18:00:00Z,95.00,99.00,92.57,51.46,9.49,2.00,1.00
2024-11-12T18:52:00Z,95.00,99.00,92.57,51.46,3.00,2.00,1.00
2024-11-12T21:38:00Z,95.00,99.00,92.57,55.00,3.00,2.00,1.00
2024-11-12T23:55:00Z,95.00,99.00,92.57,55.00,3.00,2.00,1.00
2024-11-13T02:11:00Z,95.00,99.00,92.57,55.00,3.00,2.00,1.00
2024-11-13T13:49:00Z,95.00,99.00,92.57,63.19,3.00,2.00,1.00
2024-11-13T14:37:00Z,95.00,99.00,92.57,64.00,3.00,2.00,1.00
2024-11-13T14:44:00Z,95.00,99.00,92.57,67.00,3.00,2.00,1.00
2024-11-13T14:45:00Z,95.00,99.00,92.57,67.00,3.00,2.00,1.00
2024-11-13T15:00:00Z,95.00,99.00,92.57,69.00,3.00,2.00,1.00
2024-11-13T15:01:00Z,95.00,99.00,92.57,69.00,4.36,2.00,1.00
2024-11-13T15:13:00Z,95.00,99.00,92.57,73.76,4.36,2.00,1.00
2024-11-13T15:49:00Z,95.00,99.00,92.57,78.70,4.36,2.00,1.00
2024-11-13T16:35:00Z,95.00,99.00,92.57,79.00,4.36,2.00,1.00
2024-11-13T16:36:00Z,95.00,99.00,92.57,79.00,5.00,2.00,1.00
2024-11-13T16:47:00Z,95.00,99.00,92.57,84.00,6.00,2.00,1.00
2024-11-13T16:55:00Z,95.00,99.00,92.57,82.00,6.00,2.00,1.00
2024-11-13T17:00:00Z,95.00,99.00,92.57,78.00,6.00,2.00,1.00
2024-11-13T17:05:00Z,95.00,99.00,92.57,78.00,6.00,2.00,1.00
2024-11-13T17:07:00Z,95.00,99.00,92.57,78.00,6.00,2.00,1.00
2024-11-13T17:57:00Z,95.00,99.00,92.57,74.06,6.00,2.00,1.00
2024-11-13T18:04:00Z,95.00,99.00,92.57,78.00,6.00,2.00,1.00
2024-11-13T19:00:00Z,95.00,99.00,92.57,75.00,6.00,2.00,1.00
2024-11-13T19:14:00Z,95.00,99.00,92.57,74.00,6.00,2.00,1.00
2024-11-13T19:20:00Z,95.00,99.00,92.57,73.00,6.00,2.00,1.00
2024-11-13T19:21:00Z,95.00,99.00,92.57,71.00,6.00,2.00,1.00
2024-11-13T19:38:00Z,95.00,99.00,92.57,69.00,6.00,2.00,1.00
2024-11-13T19:57:00Z,95.00,99.00,92.57,69.00,6.62,2.00,1.00
2024-11-14T06:49:00Z,95.00,99.00,92.57,65.14,6.62,2.00,1.00
2024-11-14T06:54:00Z,95.00,99.00,92.57,61.36,6.62,2.00,1.00
2024-11-14T14:07:00Z,95.00,99.00,92.57,69.50,6.62,2.00,1.00
2024-11-14T15:54:00Z,95.00,99.00,92.57,69.00,6.62,2.00,1.00
2024-11-14T18:03:00Z,95.00,99.00,92.57,68.11,6.62,2.00,1.00
2024-11-14T18:14:00Z,95.00,99.00,92.57,62.09,6.62,2.00,1.00
2024-11-14T18:15:00Z,95.00,99.00,92.57,60.00,6.62,2.00,1.00
2024-11-14T21:49:00Z,95.00,99.00,92.57,61.11,6.62,2.00,1.00
2024-11-15T00:00:00Z,95.00,99.00,92.57,61.11,3.00,2.00,1.00
2024-11-15T02:21:00Z,95.00,99.00,92.57,64.00,3.00,2.00,1.00
2024-11-15T03:50:00Z,95.00,99.00,92.57,60.00,3.00,2.00,1.00
2024-11-15T03:51:00Z,95.00,99.00,92.57,59.00,3.00,2.00,1.00
2024-11-15T03:53:00Z,95.00,99.00,92.57,68.70,3.00,2.00,1.00
2024-11-15T04:30:00Z,95.00,99.00,92.57,62.00,3.00,2.00,1.00
2024-11-15T14:37:00Z,95.00,99.00,92.57,62.00,4.00,2.00,1.00
2024-11-15T14:43:00Z,95.00,99.00,92.57,59.33,4.00,2.00,1.00
2024-11-15T16:00:00Z,95.00,99.00,92.57,54.14,4.00,2.00,1.00
2024-11-15T16:03:00Z,95.00,99.00,92.57,51.38,4.00,2.00,1.00
2024-11-15T16:53:00Z,95.00,99.00,92.57,51.38,3.00,2.00,1.00
2024-11-16T15:29:00Z,95.00,99.00,92.57,64.97,3.00,2.00,1.00
2024-11-16T16:33:00Z,95.00,99.00,92.57,70.00,3.00,2.00,1.00
2024-11-16T16:39:00Z,95.00,99.00,92.57,78.51,3.00,2.00,1.00
2024-11-16T17:48:00Z,95.00,99.00,92.57,60.65,3.00,2.00,1.00
2024-11-16T18:54:00Z,95.00,99.00,92.57,60.65,11.89,2.00,1.00
2024-11-16T19:09:00Z,95.00,99.00,92.57,60.65,2.00,2.00,1.00
2024-11-16T19:49:00Z,95.00,99.00,92.57,59.00,2.00,2.00,1.00
2024-11-16T23:41:00Z,95.00,99.00,92.57,64.30,2.00,2.00,1.00
2024-11-17T00:14:00Z,95.00,99.00,92.57,64.20,2.00,2.00,1.00
2024-11-17T01:25:00Z,95.00,99.00,92.57,66.67,2.00,2.00,1.00
2024-11-17T01:46:00Z,95.00,99.00,92.57,66.59,2.00,2.00,1.00
2024-11-17T01:51:00Z,95.00,99.00,92.57,67.00,2.00,2.00,1.00
2024-11-17T01:59:00Z,95.00,99.00,92.57,67.00,2.00,2.00,1.00
2024-11-17T02:02:00Z,95.00,99.00,92.57,60.00,2.00,2.00,1.00
2024-11-17T02:08:00Z,95.00,99.00,92.57,61.00,2.00,2.00,1.00
2024-11-17T02:16:00Z,95.00,99.00,92.57,69.00,2.00,2.00,1.00
2024-11-17T02:17:00Z,95.00,99.00,92.57,69.00,7.00,2.00,1.00
2024-11-17T02:20:00Z,95.00,99.00,92.57,61.00,7.00,2.00,1.00
2024-11-17T02:53:00Z,95.00,99.00,92.57,62.00,7.00,2.00,1.00
2024-11-17T02:54:00Z,95.00,99.00,92.57,60.58,7.00,2.00,1.00
2024-11-17T03:04:00Z,95.00,99.00,92.57,70.00,7.00,2.00,1.00
2024-11-17T03:05:00Z,95.00,99.00,92.57,70.00,24.11,2.00,1.00
2024-11-17T04:40:00Z,95.00,99.00,92.57,70.00,24.11,2.00,1.00
2024-11-17T13:57:00Z,95.00,99.00,92.57,57.42,24.11,2.00,1.00
2024-11-17T15:52:00Z,95.00,99.00,92.57,59.00,24.11,2.00,1.00
2024-11-17T17:18:00Z,95.00,99.00,92.57,59.00,3.20,2.00,1.00
2024-11-17T18:07:00Z,95.00,99.00,92.57,59.00,3.00,2.00,1.00
2024-11-17T19:31:00Z,95.00,99.00,92.57,59.00,3.00,2.00,1.00
2024-11-17T20:32:00Z,95.00,99.00,92.57,59.00,3.00,2.00,1.00
2024-11-17T20:53:00Z,95.00,99.00,92.57,53.77,3.00,2.00,1.00
2024-11-17T21:31:00Z,95.00,99.00,92.57,50.00,3.00,2.00,1.00
2024-11-17T21:52:00Z,95.00,99.00,92.57,57.65,3.00,2.00,1.00
2024-11-17T23:10:00Z,95.00,99.00,92.57,59.46,3.00,2.00,1.00
2024-11-17T23:43:00Z,95.00,99.00,92.57,65.39,3.00,2.00,1.00
2024-11-18T00:58:00Z,95.00,99.00,92.57,66.30,3.00,2.00,1.00
2024-11-18T01:35:00Z,95.00,99.00,92.57,67.00,3.00,2.00,1.00
2024-11-18T01:38:00Z,95.00,99.00,92.57,68.00,3.00,2.00,1.00
2024-11-18T01:40:00Z,95.00,99.00,92.57,52.00,3.00,2.00,1.00
2024-11-18T01:46:00Z,95.00,99.00,92.57,68.00,3.00,2.00,1.00
2024-11-18T02:03:00Z,95.00,99.00,92.57,68.00,3.00,2.00,1.00
2024-11-18T02:54:00Z,95.00,99.00,92.57,67.00,3.00,2.00,1.00
2024-11-18T02:56:00Z,95.00,99.00,92.57,67.00,12.75,2.00,1.00
2024-11-18T03:13:00Z,95.00,99.00,92.57,67.00,12.75,2.00,1.00
2024-11-18T03:31:00Z,95.00,99.00,92.57,67.00,12.75,2.00,1.00
2024-11-18T04:00:00Z,95.00,99.00,92.57,68.00,12.75,2.00,1.00
2024-11-18T04:54:00Z,95.00,99.00,92.57,69.11,12.75,2.00,1.00
2024-11-18T05:27:00Z,95.00,99.00,92.57,69.11,23.82,2.00,1.00
2024-11-18T05:56:00Z,95.00,99.00,92.57,61.92,23.82,2.00,1.00
2024-11-18T06:08:00Z,95.00,99.00,92.57,65.00,23.82,2.00,1.00
2024-11-18T06:34:00Z,95.00,99.00,92.57,66.00,23.82,2.00,1.00
2024-11-18T06:35:00Z,95.00,99.00,92.57,66.00,23.82,2.00,1.00
2024-11-18T06:48:00Z,95.00,99.00,92.57,66.00,23.82,2.00,1.00
2024-11-18T07:09:00Z,95.00,99.00,92.57,71.67,23.82,2.00,1.00
2024-11-18T07:53:00Z,95.00,99.00,92.57,72.00,23.82,2.00,1.00
2024-11-18T07:55:00Z,95.00,99.00,92.57,72.00,24.84,2.00,1.00
2024-11-18T13:07:00Z,95.00,99.00,92.57,72.00,6.00,2.00,1.00
2024-11-18T13:12:00Z,95.00,99.00,92.57,72.00,41.73,2.00,1.00
2024-11-18T13:34:00Z,95.00,99.00,92.57,62.00,41.73,2.00,1.00
2024-11-18T14:00:00Z,95.00,99.00,92.57,61.51,41.73,2.00,1.00
2024-11-18T14:20:00Z,95.00,99.00,92.57,54.00,41.73,2.00,1.00
2024-11-18T14:21:00Z,95.00,99.00,92.57,54.00,5.15,2.00,1.00
2024-11-18T14:41:00Z,95.00,99.00,92.57,54.00,6.00,2.00,1.00
2024-11-18T14:50:00Z,95.00,99.00,92.57,55.00,6.00,2.00,1.00
2024-11-18T15:52:00Z,95.00,99.00,92.57,55.00,8.00,2.00,1.00
2024-11-18T16:10:00Z,95.00,99.00,92.57,72.32,8.00,2.00,1.00
2024-11-18T16:15:00Z,95.00,99.00,92.57,72.32,11.00,2.00,1.00
2024-11-18T16:17:00Z,95.00,99.00,92.57,61.00,11.00,2.00,1.00
2024-11-18T16:50:00Z,95.00,99.00,92.57,61.04,11.00,2.00,1.00
2024-11-18T16:56:00Z,95.00,99.00,92.57,61.04,8.00,2.00,1.00
2024-11-18T17:04:00Z,95.00,99.00,92.57,62.00,8.00,2.00,1.00
2024-11-18T17:05:00Z,95.00,99.00,92.57,73.00,8.00,2.00,1.00
2024-11-18T17:36:00Z,95.00,99.00,92.57,62.00,8.00,2.00,1.00
2024-11-18T17:37:00Z,95.00,99.00,92.57,61.00,8.00,2.00,1.00
2024-11-18T17:43:00Z,95.00,99.00,92.57,70.94,8.00,2.00,1.00
2024-11-18T17:59:00Z,95.00,99.00,92.57,61.00,8.00,2.00,1.00
2024-11-18T18:30:00Z,95.00,99.00,92.57,70.00,8.00,2.00,1.00
2024-11-18T19:40:00Z,95.00,99.00,92.57,62.00,8.00,2.00,1.00
2024-11-18T19:55:00Z,95.00,99.00,92.57,69.65,8.00,2.00,1.00
2024-11-18T20:16:00Z,95.00,99.00,92.57,64.00,8.00,2.00,1.00
2024-11-18T20:40:00Z,95.00,99.00,92.57,64.00,8.00,2.00,1.00
2024-11-18T20:43:00Z,95.00,99.00,92.57,70.00,8.00,2.00,1.00
2024-11-18T21:17:00Z,95.00,99.00,92.57,63.00,8.00,2.00,1.00
2024-11-18T21:25:00Z,95.00,99.00,92.57,63.00,8.00,2.00,1.00
2024-11-18T22:04:00Z,95.00,99.00,92.57,70.00,8.00,2.00,1.00
2024-11-18T22:24:00Z,95.00,99.00,92.57,70.00,3.00,2.00,1.00
2024-11-18T23:41:00Z,95.00,99.00,92.57,70.76,3.00,2.00,1.00
2024-11-18T23:44:00Z,95.00,99.00,92.57,70.76,2.00,2.00,1.00
2024-11-18T23:48:00Z,95.00,99.00,92.57,63.00,2.00,2.00,1.00
2024-11-18T23:54:00Z,95.00,99.00,92.57,63.00,2.00,2.00,1.00
2024-11-18T23:56:00Z,95.00,99.00,92.57,61.00,2.00,2.00,1.00
2024-11-19T00:21:00Z,95.00,99.00,92.57,69.53,2.00,2.00,1.00
2024-11-19T00:26:00Z,95.00,99.00,92.57,70.00,2.00,2.00,1.00
2024-11-19T01:14:00Z,95.00,99.00,92.57,69.00,2.00,2.00,1.00
2024-11-19T01:45:00Z,95.00,99.00,92.57,70.00,2.00,2.00,1.00
2024-11-19T02:00:00Z,95.00,99.00,92.57,70.00,4.12,2.00,1.00
2024-11-19T02:17:00Z,95.00,99.00,92.57,70.97,4.12,2.00,1.00
2024-11-19T02:43:00Z,95.00,99.00,92.57,72.17,4.12,2.00,1.00
2024-11-19T03:28:00Z,95.00,99.00,92.57,64.13,4.12,2.00,1.00
2024-11-19T04:33:00Z,95.00,99.00,92.57,60.95,4.12,2.00,1.00
2024-11-19T04:39:00Z,95.00,99.00,92.57,71.00,4.12,2.00,1.00
2024-11-19T04:58:00Z,95.00,99.00,92.57,71.00,4.12,2.00,1.00
2024-11-19T04:59:00Z,95.00,99.00,92.57,71.00,8.79,2.00,1.00
2024-11-19T05:41:00Z,95.00,99.00,92.57,71.00,8.79,2.00,1.00
2024-11-19T05:42:00Z,95.00,99.00,92.57,71.00,14.96,2.00,1.00
2024-11-19T06:08:00Z,95.00,99.00,92.57,72.00,14.96,2.00,1.00
2024-11-19T06:37:00Z,95.00,99.00,92.57,72.00,14.96,2.00,1.00
2024-11-19T06:50:00Z,95.00,99.00,92.57,61.78,14.96,2.00,1.00
2024-11-19T07:16:00Z,95.00,99.00,92.57,71.00,14.96,2.00,1.00
2024-11-19T07:40:00Z,95.00,99.00,92.57,59.00,14.96,2.00,1.00
2024-11-19T07:41:00Z,95.00,99.00,92.57,59.00,14.96,2.00,1.00
2024-11-19T14:00:00Z,95.00,99.00,92.57,58.68,14.96,2.00,1.00
2024-11-19T14:18:00Z,95.00,99.00,92.57,70.00,14.96,2.00,1.00
2024-11-19T14:58:00Z,95.00,99.00,92.57,71.96,14.96,2.00,1.00
2024-11-19T15:41:00Z,95.00,99.00,92.57,61.00,14.96,2.00,1.00
2024-11-19T15:42:00Z,95.00,99.00,92.57,73.86,14.96,2.00,1.00
2024-11-19T17:25:00Z,95.00,99.00,92.57,75.42,14.96,2.00,1.00
2024-11-19T19:36:00Z,95.00,99.00,92.57,76.00,14.96,2.00,1.00
2024-11-19T19:54:00Z,95.00,99.00,92.57,76.00,14.96,2.00,1.00
2024-11-19T19:58:00Z,95.00,99.00,92.57,76.00,14.96,2.00,1.00
2024-11-19T20:21:00Z,95.00,99.00,92.57,69.28,14.96,2.00,1.00
2024-11-19T20:25:00Z,95.00,99.00,92.57,69.00,14.96,2.00,1.00
2024-11-19T20:31:00Z,95.00,99.00,92.57,75.00,14.96,2.00,1.00
2024-11-19T21:32:00Z,95.00,99.00,92.57,75.00,8.00,2.00,1.00
2024-11-19T21:50:00Z,95.00,99.00,92.57,75.00,8.00,2.00,1.00
2024-11-19T22:16:00Z,95.00,99.00,92.57,75.00,9.00,2.00,1.00
2024-11-19T23:10:00Z,95.00,99.00,92.57,75.00,8.00,2.00,1.00
2024-11-19T23:21:00Z,95.00,99.00,92.57,71.00,8.00,2.00,1.00
2024-11-19T23:55:00Z,95.00,99.00,92.57,71.00,8.00,2.00,1.00
2024-11-20T00:14:00Z,95.00,99.00,92.57,71.00,8.00,2.00,1.00
2024-11-20T00:38:00Z,95.00,99.00,92.57,71.06,8.00,2.00,1.00
2024-11-20T02:01:00Z,95.00,99.00,92.57,72.00,8.00,2.00,1.00
2024-11-20T02:02:00Z,95.00,99.00,92.57,72.00,3.00,2.00,1.00
2024-11-20T02:44:00Z,95.00,99.00,92.57,72.00,3.00,2.00,1.00
2024-11-20T02:56:00Z,95.00,99.00,92.57,75.07,3.00,2.00,1.00
2024-11-20T05:12:00Z,95.00,99.00,92.57,75.07,5.00,2.00,1.00
2024-11-20T05:31:00Z,95.00,99.00,92.57,68.00,5.00,2.00,1.00
2024-11-20T05:45:00Z,95.00,99.00,92.57,75.00,5.00,2.00,1.00
2024-11-20T13:05:00Z,95.00,99.00,92.57,75.00,3.00,2.00,1.00
2024-11-20T14:07:00Z,95.00,99.00,92.57,75.00,5.00,2.00,1.00
2024-11-20T14:15:00Z,95.00,99.00,92.57,78.05,5.00,2.00,1.00
2024-11-20T15:37:00Z,95.00,99.00,92.57,80.00,5.00,2.00,1.00
2024-11-20T15:42:00Z,95.00,99.00,92.57,81.00,5.00,2.00,1.00
2024-11-20T16:24:00Z,95.00,99.00,92.57,80.00,5.00,2.00,1.00
2024-11-20T16:25:00Z,95.00,99.00,92.57,80.00,6.67,2.00,1.00
2024-11-20T17:34:00Z,95.00,99.00,92.57,73.00,6.67,2.00,1.00
2024-11-20T17:46:00Z,95.00,99.00,92.57,73.00,6.00,2.00,1.00
2024-11-20T18:19:00Z,95.00,99.00,92.57,76.00,6.00,2.00,1.00
2024-11-20T18:38:00Z,95.00,99.00,92.57,76.00,3.00,2.00,1.00
2024-11-20T19:13:00Z,95.00,99.00,92.57,79.00,3.00,2.00,1.00
2024-11-20T20:22:00Z,95.00,99.00,92.57,79.00,3.00,2.00,1.00
2024-11-20T20:51:00Z,95.00,99.00,92.57,79.00,6.00,2.00,1.00
2024-11-20T21:45:00Z,95.00,99.00,92.57,76.73,6.00,2.00,1.00
2024-11-21T00:38:00Z,95.00,99.00,92.57,76.73,6.00,2.00,1.00
2024-11-21T01:27:00Z,95.00,99.00,92.57,80.00,6.00,2.00,1.00
2024-11-21T02:59:00Z,95.00,99.00,92.57,80.00,6.00,2.00,1.00
2024-11-21T03:48:00Z,95.00,99.00,92.57,80.00,6.00,2.00,1.00
2024-11-21T04:10:00Z,95.00,99.00,92.57,83.25,6.00,2.00,1.00
2024-11-21T04:12:00Z,95.00,99.00,92.57,86.00,6.00,2.00,1.00
2024-11-21T04:57:00Z,95.00,99.00,92.57,86.00,6.00,2.00,1.00
2024-11-21T05:02:00Z,95.00,99.00,92.57,89.00,6.00,2.00,1.00
2024-11-21T05:12:00Z,95.00,99.00,92.57,90.13,6.00,2.00,1.00
2024-11-21T13:16:00Z,95.00,99.00,92.57,90.13,5.97,2.00,1.00
2024-11-21T13:23:00Z,95.00,99.00,92.57,90.13,7.00,2.00,1.00
2024-11-21T13:36:00Z,95.00,99.00,92.57,90.13,23.95,2.00,1.00
2024-11-21T14:39:00Z,95.00,99.00,92.57,93.00,23.95,2.00,1.00
2024-11-21T14:54:00Z,95.00,99.00,92.57,95.00,23.95,2.00,1.00
2024-11-21T14:55:00Z,95.00,99.00,92.57,95.56,23.95,2.00,1.00
2024-11-21T15:04:00Z,95.00,99.00,92.57,95.00,23.95,2.00,1.00
2024-11-21T15:05:00Z,95.00,99.00,92.57,95.00,23.95,2.00,1.00
2024-11-21T15:06:00Z,95.00,99.00,92.57,95.00,23.95,2.00,1.00
2024-11-21T15:10:00Z,95.00,99.00,92.57,86.00,23.95,2.00,1.00
2024-11-21T15:35:00Z,95.00,99.00,92.57,86.00,23.95,2.00,1.00
2024-11-21T16:07:00Z,95.00,99.00,92.57,92.00,23.95,2.00,1.00
2024-11-21T16:26:00Z,95.00,99.00,92.57,92.00,18.80,2.00,1.00
2024-11-21T17:22:00Z,95.00,99.00,92.57,92.00,12.00,2.00,1.00
2024-11-21T17:28:00Z,95.00,99.00,92.57,86.00,12.00,2.00,1.00
2024-11-21T17:57:00Z,95.00,99.00,92.57,92.00,12.00,2.00,1.00
2024-11-21T18:01:00Z,95.00,99.00,92.57,92.00,12.00,2.00,1.00
2024-11-21T18:02:00Z,95.00,99.00,92.57,90.00,12.00,2.00,1.00
2024-11-21T18:12:00Z,95.00,99.00,92.57,89.00,12.00,2.00,1.00
2024-11-21T18:38:00Z,95.00,99.00,92.57,92.00,12.00,2.00,1.00
2024-11-21T18:50:00Z,95.00,99.00,92.57,92.00,17.45,2.00,1.00
2024-11-21T18:53:00Z,95.00,99.00,92.57,92.00,27.16,2.00,1.00
2024-11-21T18:57:00Z,95.00,99.00,92.57,92.00,27.16,2.00,1.00
2024-11-21T19:09:00Z,95.00,99.00,92.57,91.91,27.16,2.00,1.00
2024-11-21T19:16:00Z,95.00,99.00,92.57,93.00,27.16,2.00,1.00
2024-11-21T19:18:00Z,95.00,99.00,92.57,94.00,11.00,2.00,1.00
2024-11-21T19:19:00Z,95.00,99.00,92.57,94.00,19.85,2.00,1.00
2024-11-21T19:20:00Z,95.00,99.00,92.57,94.00,19.85,2.00,1.00
2024-11-21T19:28:00Z,95.00,99.00,92.57,92.00,19.85,2.00,1.00
2024-11-21T19:29:00Z,95.00,99.00,92.57,92.00,19.85,2.00,1.00
2024-11-21T20:36:00Z,95.00,99.00,92.57,92.00,19.85,2.00,1.00
2024-11-21T20:56:00Z,95.00,99.00,92.57,90.23,19.85,2.00,1.00
2024-11-21T21:33:00Z,95.00,99.00,92.57,89.19,19.85,2.00,1.00
2024-11-21T23:00:00Z,95.00,99.00,92.57,90.00,19.85,2.00,1.00
2024-11-21T23:26:00Z,95.00,99.00,92.57,90.00,12.00,2.00,1.00
2024-11-21T23:44:00Z,95.00,99.00,92.57,91.00,12.00,2.00,1.00
2024-11-22T00:01:00Z,95.00,99.00,92.57,90.00,12.00,2.00,1.00
2024-11-22T00:03:00Z,95.00,99.00,92.57,90.00,12.00,2.00,1.00
2024-11-22T00:39:00Z,95.00,99.00,92.57,90.00,12.00,2.00,1.00
2024-11-22T00:52:00Z,95.00,99.00,92.57,90.00,12.40,2.00,1.00
2024-11-22T00:53:00Z,95.00,99.00,92.57,90.00,14.00,2.00,1.00
2024-11-22T01:16:00Z,95.00,99.00,92.57,90.00,13.00,2.00,1.00
2024-11-22T01:17:00Z,95.00,99.00,92.57,90.00,13.00,2.00,1.00
2024-11-22T01:25:00Z,95.00,99.00,92.57,90.00,13.00,2.00,1.00
2024-11-22T01:26:00Z,95.00,99.00,92.57,94.51,13.00,2.00,1.00
2024-11-22T01:51:00Z,95.00,99.00,92.57,90.00,13.00,2.00,1.00
2024-11-22T02:06:00Z,95.00,99.00,92.57,90.00,13.00,2.00,1.00
2024-11-22T02:24:00Z,95.00,99.00,92.57,90.00,13.00,2.00,1.00
2024-11-22T02:25:00Z,95.00,99.00,92.57,91.00,13.00,2.00,1.00
2024-11-22T02:27:00Z,95.00,99.00,92.57,93.55,13.00,2.00,1.00
2024-11-22T02:29:00Z,95.00,99.00,92.57,93.55,13.00,2.00,1.00
2024-11-22T02:43:00Z,95.00,99.00,92.57,93.55,12.00,2.00,1.00
2024-11-22T02:57:00Z,95.00,99.00,92.57,93.55,12.04,2.00,1.00
2024-11-22T03:17:00Z,95.00,99.00,92.57,94.00,12.04,2.00,1.00
2024-11-22T03:36:00Z,95.00,99.00,92.57,93.00,12.04,2.00,1.00
2024-11-22T03:51:00Z,95.00,99.00,92.57,93.00,12.04,2.00,1.00
2024-11-22T03:59:00Z,95.00,99.00,92.57,93.00,12.00,2.00,1.00
2024-11-22T04:02:00Z,95.00,99.00,92.57,93.00,12.00,2.00,1.00
2024-11-22T04:27:00Z,95.00,99.00,92.57,93.00,12.80,2.00,1.00
2024-11-22T04:30:00Z,95.00,99.00,92.57,93.00,12.80,2.00,1.00
2024-11-22T04:31:00Z,95.00,99.00,92.57,93.00,13.00,2.00,1.00
2024-11-22T04:36:00Z,95.00,99.00,92.57,94.00,13.00,2.00,1.00
2024-11-22T04:45:00Z,95.00,99.00,92.57,96.00,13.00,2.00,1.00
2024-11-22T04:51:00Z,95.00,99.00,92.57,96.00,11.68,2.00,1.00
2024-11-22T05:15:00Z,95.00,99.00,92.57,96.00,12.00,2.00,1.00
2024-11-22T05:26:00Z,95.00,99.00,92.57,94.58,12.00,2.00,1.00
2024-11-22T06:49:00Z,95.00,99.00,92.57,94.58,11.00,2.00,1.00
2024-11-22T07:10:00Z,95.00,99.00,92.57,96.00,11.00,2.00,1.00
2024-11-22T07:20:00Z,95.00,99.00,92.57,96.50,11.00,2.00,1.00
2024-11-22T07:48:00Z,95.00,99.00,92.57,96.50,12.00,2.00,1.00
2024-11-22T07:59:00Z,95.00,99.00,92.57,96.50,13.00,2.00,1.00
2024-11-22T13:03:00Z,95.00,99.00,92.57,96.50,12.00,2.00,1.00
2024-11-22T13:08:00Z,95.00,99.00,92.57,93.00,12.00,2.00,1.00
2024-11-22T13:10:00Z,95.00,99.00,92.57,93.00,12.00,2.00,1.00
2024-11-22T13:24:00Z,95.00,99.00,92.57,93.00,12.00,2.00,1.00
2024-11-22T13:35:00Z,95.00,99.00,92.57,92.60,12.00,2.00,1.00
2024-11-22T14:06:00Z,95.00,99.00,92.57,92.60,18.00,2.00,1.00
2024-11-22T14:19:00Z,95.00,99.00,92.57,89.00,18.00,2.00,1.00
2024-11-22T14:27:00Z,95.00,99.00,92.57,89.00,14.00,2.00,1.00
2024-11-22T14:33:00Z,95.00,99.00,92.57,89.00,14.00,2.00,1.00
2024-11-22T14:59:00Z,95.00,99.00,92.57,90.00,14.00,2.00,1.00
2024-11-22T15:07:00Z,95.00,99.00,92.57,90.00,14.00,2.00,1.00
2024-11-22T15:30:00Z,95.00,99.00,92.57,90.00,14.00,2.00,1.00
2024-11-22T16:09:00Z,95.00,99.00,92.57,89.04,14.00,2.00,1.00
2024-11-22T16:20:00Z,95.00,99.00,92.57,90.00,14.00,2.00,1.00
2024-11-22T16:21:00Z,95.00,99.00,92.57,90.00,14.00,2.00,1.00
2024-11-22T16:36:00Z,95.00,99.00,92.57,90.00,15.00,2.00,1.00
2024-11-22T16:55:00Z,95.00,99.00,92.57,90.00,15.00,2.00,1.00
2024-11-22T16:57:00Z,95.00,99.00,92.57,94.00,15.00,2.00,1.00
2024-11-22T17:02:00Z,95.00,99.00,92.57,94.00,15.00,2.00,1.00
2024-11-22T17:04:00Z,95.00,99.00,92.57,94.00,17.00,2.00,1.00
2024-11-22T17:06:00Z,95.00,99.00,92.57,94.00,17.00,2.00,1.00
2024-11-22T17:11:00Z,95.00,99.00,92.57,95.00,17.00,2.00,1.00
2024-11-22T17:25:00Z,95.00,99.00,92.57,95.00,17.00,2.00,1.00
2024-11-22T17:29:00Z,95.00,99.00,92.57,90.00,17.00,2.00,1.00
2024-11-22T17:45:00Z,95.00,99.00,92.57,90.00,17.00,2.00,1.00
2024-11-22T18:07:00Z,95.00,99.00,92.57,90.00,13.85,2.00,1.00
2024-11-22T18:57:00Z,95.00,99.00,92.57,90.00,13.85,2.00,1.00
2024-11-22T19:12:00Z,95.00,99.00,92.57,90.00,12.00,2.00,1.00
2024-11-22T19:17:00Z,95.00,99.00,92.57,94.00,12.00,2.00,1.00
2024-11-22T19:18:00Z,95.00,99.00,92.57,94.98,12.00,2.00,1.00
2024-11-22T19:24:00Z,95.00,99.00,92.57,94.98,13.00,2.00,1.00
2024-11-22T19:44:00Z,95.00,99.00,92.57,95.00,13.00,2.00,1.00
2024-11-22T19:58:00Z,95.00,99.00,92.57,95.00,13.00,2.00,1.00
2024-11-22T19:59:00Z,95.00,99.00,92.57,95.00,13.00,2.00,1.00
2024-11-22T20:39:00Z,95.00,99.00,92.57,95.00,13.00,2.00,1.00
2024-11-22T20:57:00Z,95.00,99.00,92.57,95.00,13.00,2.00,1.00
2024-11-22T21:43:00Z,95.00,99.00,92.57,95.00,11.29,2.00,1.00
2024-11-22T21:50:00Z,95.00,99.00,92.57,95.00,8.00,2.00,1.00
2024-11-22T21:51:00Z,95.00,99.00,92.57,95.00,8.00,2.00,1.00
2024-11-22T21:55:00Z,95.00,99.00,92.57,95.00,11.00,2.00,1.00
2024-11-22T22:03:00Z,95.00,99.00,92.57,95.00,11.00,2.00,1.00
2024-11-22T22:09:00Z,95.00,99.00,92.57,95.00,11.00,2.00,1.00
2024-11-22T22:27:00Z,95.00,99.00,92.57,91.00,11.40,2.00,1.00
2024-11-22T22:46:00Z,95.00,99.00,92.57,91.00,11.40,2.00,1.00
2024-11-22T22:49:00Z,95.00,99.00,92.57,91.00,12.00,2.00,1.00
2024-11-22T22:53:00Z,95.00,99.00,92.57,91.00,12.00,2.00,1.00
2024-11-22T23:06:00Z,95.00,99.00,92.57,91.00,12.00,2.00,1.00
2024-11-22T23:12:00Z,95.00,99.00,92.57,90.00,12.00,2.00,1.00
2024-11-22T23:27:00Z,95.00,99.00,92.57,90.00,12.00,2.00,1.00
2024-11-22T23:38:00Z,95.00,99.00,92.57,90.00,11.00,2.00,1.00
2024-11-23T00:26:00Z,95.00,99.00,92.57,90.00,10.00,2.00,1.00
2024-11-23T00:35:00Z,95.00,99.00,92.57,95.00,10.00,2.00,1.00
2024-11-23T00:37:00Z,95.00,99.00,92.57,89.04,10.00,2.00,1.00
2024-11-23T00:55:00Z,95.00,99.00,92.57,89.00,10.00,3.00,1.00
2024-11-23T01:04:00Z,95.00,99.00,92.57,95.00,10.00,3.00,1.00
2024-11-23T01:08:00Z,95.00,99.00,92.57,95.00,12.00,3.00,1.00
2024-11-23T01:09:00Z,95.00,99.00,92.57,89.00,12.00,3.00,1.00
2024-11-23T01:49:00Z,95.00,99.00,92.57,89.00,10.00,3.00,1.00
2024-11-23T02:22:00Z,95.00,99.00,92.57,89.00,12.00,3.00,1.00
2024-11-23T04:25:00Z,95.00,99.00,92.57,89.00,11.00,3.00,1.00
2024-11-23T04:46:00Z,95.00,99.00,92.57,90.00,11.00,3.00,1.00
2024-11-23T05:26:00Z,95.00,99.00,92.57,89.42,11.00,3.00,1.00
2024-11-23T06:06:00Z,95.00,99.00,92.57,89.42,11.00,1.00,1.00
2024-11-23T06:20:00Z,95.00,99.00,92.57,85.00,11.00,1.00,1.00
2024-11-23T06:54:00Z,95.00,99.00,92.57,85.00,11.00,1.00,1.00
2024-11-23T07:48:00Z,95.00,99.00,92.57,85.00,9.00,1.00,1.00
2024-11-23T14:55:00Z,95.00,99.00,92.57,85.00,9.00,1.00,1.00
2024-11-23T15:09:00Z,95.00,99.00,92.57,94.75,9.00,1.00,1.00
2024-11-23T15:10:00Z,95.00,99.00,92.57,95.00,9.00,1.00,1.00
2024-11-23T15:56:00Z,95.00,99.00,92.57,95.00,9.00,1.00,1.00
2024-11-23T16:10:00Z,95.00,99.00,92.57,87.00,9.00,1.00,1.00
2024-11-23T16:52:00Z,95.00,99.00,92.57,87.00,9.00,1.00,1.00
2024-11-23T17:21:00Z,95.00,99.00,92.57,85.25,9.00,1.00,1.00
2024-11-23T17:31:00Z,95.00,99.00,92.57,88.00,10.00,1.00,1.00
2024-11-23T17:37:00Z,95.00,99.00,92.57,89.00,10.00,1.00,1.00
2024-11-23T17:43:00Z,95.00,99.00,92.57,89.00,10.00,1.00,1.00
2024-11-23T17:51:00Z,95.00,99.00,92.57,89.00,10.00,1.00,1.00
2024-11-23T17:55:00Z,95.00,99.00,92.57,86.00,10.00,1.00,1.00
2024-11-23T20:08:00Z,95.00,99.00,92.57,90.96,10.00,1.00,1.00
2024-11-23T20:21:00Z,95.00,99.00,92.57,90.96,8.00,1.00,1.00
2024-11-23T20:22:00Z,95.00,99.00,92.57,85.03,8.00,1.00,1.00
2024-11-23T20:25:00Z,95.00,99.00,92.57,85.03,7.27,1.00,1.00
2024-11-23T20:26:00Z,95.00,99.00,92.57,85.03,10.00,1.00,1.00
2024-11-23T21:05:00Z,95.00,99.00,92.57,84.00,10.00,1.00,1.00
2024-11-23T21:54:00Z,95.00,99.00,92.57,84.00,10.00,1.00,1.00
2024-11-23T21:57:00Z,95.00,99.00,92.57,84.00,10.00,1.00,1.00
2024-11-23T22:07:00Z,95.00,99.00,92.57,79.00,10.00,1.00,1.00
2024-11-24T01:26:00Z,95.00,99.00,92.57,84.43,10.00,1.00,1.00
2024-11-24T01:28:00Z,95.00,99.00,92.57,84.43,9.20,1.00,1.00
2024-11-24T02:17:00Z,95.00,99.00,92.57,84.43,9.20,1.00,1.00
2024-11-24T02:28:00Z,95.00,99.00,92.57,88.00,9.20,1.00,1.00
2024-11-24T03:14:00Z,95.00,99.00,92.57,88.00,9.20,1.00,1.00
2024-11-24T04:24:00Z,95.00,99.00,92.57,82.00,9.20,1.00,1.00
2024-11-24T04:52:00Z,95.00,99.00,92.57,81.40,9.20,1.00,1.00
2024-11-24T13:25:00Z,95.00,99.00,92.57,90.58,9.20,1.00,1.00
2024-11-24T15:19:00Z,95.00,99.00,92.57,81.05,9.20,1.00,1.00
2024-11-24T15:44:00Z,95.00,99.00,92.57,80.00,9.20,1.00,1.00
2024-11-24T15:46:00Z,95.00,99.00,92.57,78.00,9.20,1.00,1.00
2024-11-24T15:47:00Z,95.00,99.00,92.57,78.00,9.20,1.00,1.00
2024-11-24T15:49:00Z,95.00,99.00,92.57,82.00,9.20,1.00,1.00
2024-11-24T16:07:00Z,95.00,99.00,92.57,82.00,7.00,1.00,1.00
2024-11-24T16:14:00Z,95.00,99.00,92.57,77.00,7.00,1.00,1.00
2024-11-24T16:16:00Z,95.00,99.00,92.57,77.00,7.00,1.00,1.00
2024-11-24T17:01:00Z,95.00,99.00,92.57,77.00,7.00,1.00,1.00
2024-11-24T17:05:00Z,95.00,99.00,92.57,82.00,7.00,1.00,1.00
2024-11-24T17:37:00Z,95.00,99.00,92.57,73.63,7.00,1.00,1.00
2024-11-24T17:40:00Z,95.00,99.00,92.57,73.00,7.00,1.00,1.00
2024-11-24T19:34:00Z,95.00,99.00,92.57,80.00,7.00,1.00,1.00
2024-11-24T20:52:00Z,95.00,99.00,92.57,80.00,7.00,1.00,1.00
2024-11-24T21:45:00Z,95.00,99.00,92.57,80.00,7.00,1.00,1.00
2024-11-24T21:50:00Z,95.00,99.00,92.57,81.00,7.00,1.00,1.00
2024-11-24T21:51:00Z,95.00,99.00,92.57,81.00,7.00,1.00,1.00
2024-11-24T21:52:00Z,95.00,99.00,92.57,82.00,7.00,1.00,1.00
2024-11-24T21:53:00Z,95.00,99.00,92.57,82.40,7.00,1.00,1.00
2024-11-24T21:55:00Z,95.00,99.00,92.57,84.07,7.00,1.00,1.00
2024-11-24T22:31:00Z,95.00,99.00,92.57,83.00,7.00,1.00,1.00
2024-11-24T22:32:00Z,95.00,99.00,92.57,80.00,7.00,1.00,1.00
2024-11-24T23:13:00Z,95.00,99.00,92.57,80.55,7.00,1.00,1.00
2024-11-24T23:15:00Z,95.00,99.00,92.57,85.22,7.00,1.00,1.00
2024-11-24T23:38:00Z,95.00,99.00,92.57,87.93,7.00,1.00,1.00
2024-11-25T00:33:00Z,95.00,99.00,92.57,78.00,7.00,1.00,1.00
2024-11-25T00:55:00Z,95.00,99.00,92.57,87.72,7.00,1.00,1.00
2024-11-25T01:19:00Z,95.00,99.00,92.57,79.00,7.00,1.00,1.00
2024-11-25T01:51:00Z,95.00,99.00,92.57,89.75,7.00,1.00,1.00
2024-11-25T02:44:00Z,95.00,99.00,92.57,84.00,7.00,1.00,1.00
2024-11-25T05:02:00Z,95.00,99.00,92.57,85.00,7.00,1.00,1.00
2024-11-25T05:09:00Z,95.00,99.00,92.57,87.00,7.00,1.00,1.00
2024-11-25T05:11:00Z,95.00,99.00,92.57,87.00,6.00,1.00,1.00
2024-11-25T05:14:00Z,95.00,99.00,92.57,85.00,6.00,1.00,1.00
2024-11-25T05:22:00Z,95.00,99.00,92.57,85.00,6.00,1.00,1.00
2024-11-25T05:31:00Z,95.00,99.00,92.57,87.00,6.00,1.00,1.00
2024-11-25T05:38:00Z,95.00,99.00,92.57,87.00,7.00,1.00,1.00
2024-11-25T05:51:00Z,95.00,99.00,92.57,86.00,7.00,1.00,1.00
2024-11-25T06:07:00Z,95.00,99.00,92.57,86.00,7.00,1.00,1.00
2024-11-25T07:03:00Z,95.00,99.00,92.57,87.00,7.00,1.00,1.00
2024-11-25T13:24:00Z,95.00,99.00,92.57,87.00,7.00,1.00,1.00
2024-11-25T14:14:00Z,95.00,99.00,92.57,78.91,7.00,1.00,1.00
2024-11-25T14:22:00Z,95.00,99.00,92.57,76.18,7.00,1.00,1.00
2024-11-25T14:41:00Z,95.00,99.00,92.57,86.00,7.00,1.00,1.00
2024-11-25T14:49:00Z,95.00,99.00,92.57,86.00,7.00,1.00,1.00
2024-11-25T14:53:00Z,95.00,99.00,92.57,82.94,7.00,1.00,1.00
2024-11-25T16:03:00Z,95.00,99.00,92.57,80.00,7.00,1.00,1.00
2024-11-25T16:11:00Z,95.00,99.00,92.57,82.00,7.00,1.00,1.00
2024-11-25T16:24:00Z,95.00,99.00,92.57,80.00,7.00,1.00,1.00
2024-11-25T16:42:00Z,95.00,99.00,92.57,81.00,7.00,1.00,1.00
2024-11-25T17:04:00Z,95.00,99.00,92.57,81.00,7.00,1.00,1.00
2024-11-25T17:13:00Z,95.00,99.00,92.57,80.22,7.00,1.00,1.00
2024-11-25T17:16:00Z,95.00,99.00,92.57,75.12,7.00,1.00,1.00
2024-11-25T17:29:00Z,95.00,99.00,92.57,74.00,7.00,1.00,1.00
2024-11-25T17:32:00Z,95.00,99.00,92.57,69.00,7.00,1.00,1.00
2024-11-25T17:35:00Z,95.00,99.00,92.57,70.00,7.00,1.00,1.00
2024-11-25T17:40:00Z,95.00,99.00,92.57,70.00,7.00,1.00,1.00
2024-11-25T17:41:00Z,95.00,99.00,92.57,70.00,7.00,1.00,1.00
2024-11-25T17:43:00Z,95.00,99.00,92.57,70.00,7.00,1.00,1.00
2024-11-25T17:44:00Z,95.00,99.00,92.57,68.00,7.00,1.00,1.00
2024-11-25T17:47:00Z,95.00,99.00,92.57,70.00,7.00,1.00,1.00
2024-11-25T18:00:00Z,95.00,99.00,92.57,70.00,7.00,1.00,1.00
2024-11-25T18:05:00Z,95.00,99.00,92.57,70.00,7.00,1.00,1.00
2024-11-25T18:14:00Z,95.00,99.00,92.57,70.00,7.00,1.00,1.00
2024-11-25T18:17:00Z,95.00,99.00,92.57,70.00,7.00,1.00,1.00
2024-11-25T18:29:00Z,95.00,99.00,92.57,70.00,7.00,1.00,1.00
2024-11-25T18:32:00Z,95.00,99.00,92.57,70.00,7.00,1.00,1.00
2024-11-25T18:36:00Z,95.00,99.00,92.57,70.00,7.00,1.00,1.00
2024-11-25T18:37:00Z,95.00,99.00,92.57,70.00,7.00,1.00,1.00
2024-11-25T18:48:00Z,95.00,99.00,92.57,66.46,7.00,1.00,1.00
2024-11-25T18:57:00Z,95.00,99.00,92.57,70.00,7.00,1.00,1.00
2024-11-25T19:00:00Z,95.00,99.00,92.57,70.00,7.00,1.00,1.00
2024-11-25T19:04:00Z,95.00,99.00,92.57,70.00,7.00,1.00,1.00
2024-11-25T19:10:00Z,95.00,99.00,92.57,70.00,7.00,1.00,1.00
2024-11-25T19:34:00Z,95.00,99.00,92.57,65.00,7.00,1.00,1.00
2024-11-25T19:37:00Z,95.00,99.00,92.57,64.00,7.00,1.00,1.00
2024-11-25T20:03:00Z,95.00,99.00,92.57,66.00,7.00,1.00,1.00
2024-11-25T20:04:00Z,95.00,99.00,92.57,66.00,7.00,1.00,1.00
2024-11-25T21:45:00Z,95.00,99.00,92.57,65.89,7.00,1.00,1.00
2024-11-25T22:01:00Z,95.00,99.00,92.57,66.00,7.00,1.00,1.00
2024-11-25T22:04:00Z,95.00,99.00,92.57,66.00,7.00,1.00,1.00
2024-11-25T22:10:00Z,95.00,99.00,92.57,76.00,7.00,1.00,1.00
2024-11-25T22:18:00Z,95.00,99.00,92.57,76.70,7.00,1.00,1.00
2024-11-25T22:22:00Z,95.00,99.00,92.57,65.08,7.00,1.00,1.00
2024-11-25T22:29:00Z,95.00,99.00,92.57,65.00,7.00,1.00,1.00
2024-11-25T22:32:00Z,95.00,99.00,92.57,65.00,5.00,1.00,1.00
2024-11-25T22:39:00Z,95.00,99.00,92.57,61.65,5.00,1.00,1.00
2024-11-25T22:41:00Z,95.00,99.00,92.57,55.60,5.00,1.00,1.00
2024-11-25T22:59:00Z,95.00,99.00,92.57,77.00,5.00,1.00,1.00
2024-11-25T23:12:00Z,95.00,99.00,92.57,60.00,5.00,1.00,1.00
2024-11-25T23:32:00Z,95.00,99.00,92.57,62.00,5.00,1.00,1.00
2024-11-25T23:35:00Z,95.00,99.00,92.57,62.00,5.00,1.00,1.00
2024-11-25T23:46:00Z,95.00,99.00,92.57,74.00,5.00,1.00,1.00
2024-11-26T00:01:00Z,95.00,99.00,92.57,71.00,5.00,1.00,1.00
2024-11-26T00:31:00Z,95.00,99.00,92.57,59.08,5.00,1.00,1.00
2024-11-26T01:29:00Z,95.00,99.00,92.57,69.00,5.00,1.00,1.00
2024-11-26T01:31:00Z,95.00,99.00,92.57,59.00,5.00,1.00,1.00
2024-11-26T01:34:00Z,95.00,99.00,92.57,68.00,5.00,1.00,1.00
2024-11-26T01:37:00Z,95.00,99.00,92.57,59.00,5.00,1.00,1.00
2024-11-26T02:00:00Z,95.00,99.00,92.57,67.60,5.00,1.00,1.00
2024-11-26T02:24:00Z,95.00,99.00,92.57,68.00,5.00,1.00,1.00
2024-11-26T03:38:00Z,95.00,99.00,92.57,69.67,5.00,1.00,1.00
2024-11-26T04:47:00Z,95.00,99.00,92.57,70.00,5.00,1.00,1.00
2024-11-26T06:06:00Z,95.00,99.00,92.57,70.00,6.70,1.00,1.00
2024-11-26T06:09:00Z,95.00,99.00,92.57,70.00,6.70,1.00,1.00
2024-11-26T13:04:00Z,95.00,99.00,92.57,62.00,6.70,1.00,1.00
2024-11-26T13:05:00Z,95.00,99.00,92.57,58.12,6.70,1.00,1.00
2024-11-26T14:23:00Z,95.00,99.00,92.57,58.12,5.00,1.00,1.00
2024-11-26T14:31:00Z,95.00,99.00,92.57,66.22,5.00,1.00,1.00
2024-11-26T14:36:00Z,95.00,99.00,92.57,53.00,5.00,1.00,1.00
2024-11-26T15:00:00Z,95.00,99.00,92.57,53.00,8.65,1.00,1.00
2024-11-26T15:12:00Z,95.00,99.00,92.57,54.00,8.65,1.00,1.00
2024-11-26T15:32:00Z,95.00,99.00,92.57,53.00,8.65,1.00,1.00
2024-11-26T15:33:00Z,95.00,99.00,92.57,52.00,8.65,1.00,1.00
2024-11-26T16:22:00Z,95.00,99.00,92.57,52.00,4.00,1.00,1.00
2024-11-26T16:28:00Z,95.00,99.00,92.57,63.00,4.00,1.00,1.00
2024-11-26T17:59:00Z,95.00,99.00,92.57,63.00,9.15,1.00,1.00
2024-11-26T18:06:00Z,95.00,99.00,92.57,56.90,9.15,1.00,1.00
2024-11-26T19:12:00Z,95.00,99.00,92.57,51.41,9.15,1.00,1.00
2024-11-26T20:24:00Z,95.00,99.00,92.57,52.00,9.15,1.00,1.00
2024-11-26T20:40:00Z,95.00,99.00,92.57,51.16,9.15,1.00,1.00
2024-11-26T20:53:00Z,95.00,99.00,92.57,57.00,9.15,1.00,1.00
2024-11-26T21:07:00Z,95.00,99.00,92.57,51.00,9.15,1.00,1.00
2024-11-26T21:34:00Z,95.00,99.00,92.57,61.00,9.15,1.00,1.00
2024-11-26T22:02:00Z,95.00,99.00,92.57,61.00,6.00,1.00,1.00
2024-11-26T22:11:00Z,95.00,99.00,92.57,60.00,6.00,1.00,1.00
2024-11-26T22:25:00Z,95.00,99.00,92.57,60.00,6.00,1.00,1.00
2024-11-26T23:13:00Z,95.00,99.00,92.57,58.00,6.00,1.00,1.00
2024-11-26T23:19:00Z,95.00,99.00,92.57,58.00,6.00,1.00,1.00
2024-11-26T23:28:00Z,95.00,99.00,92.57,51.00,6.00,1.00,1.00
2024-11-26T23:42:00Z,95.00,99.00,92.57,60.00,6.00,1.00,1.00
2024-11-27T00:24:00Z,95.00,99.00,92.57,53.00,6.00,1.00,1.00
2024-11-27T00:51:00Z,95.00,99.00,92.57,53.00,3.48,1.00,1.00
2024-11-27T01:52:00Z,95.00,99.00,92.57,53.00,6.00,1.00,1.00
2024-11-27T03:08:00Z,95.00,99.00,92.57,61.25,6.00,1.00,1.00
2024-11-27T03:58:00Z,95.00,99.00,92.57,62.00,6.00,1.00,1.00
2024-11-27T04:02:00Z,95.00,99.00,92.57,55.48,6.00,1.00,1.00
2024-11-27T04:37:00Z,95.00,99.00,92.57,54.00,6.00,1.00,1.00
2024-11-27T04:42:00Z,95.00,99.00,92.57,55.00,6.00,1.00,1.00
2024-11-27T06:33:00Z,95.00,99.00,92.57,62.00,6.00,1.00,1.00
2024-11-27T13:48:00Z,95.00,99.00,92.57,62.00,3.00,1.00,1.00
2024-11-27T14:24:00Z,95.00,99.00,92.57,62.00,5.69,1.00,1.00
2024-11-27T14:26:00Z,95.00,99.00,92.57,63.00,5.69,1.00,1.00
2024-11-27T14:40:00Z,95.00,99.00,92.57,68.00,5.69,1.00,1.00
2024-11-27T15:32:00Z,95.00,99.00,92.57,70.96,5.69,1.00,1.00
2024-11-27T15:37:00Z,95.00,99.00,92.57,70.88,5.69,1.00,1.00
2024-11-27T15:52:00Z,95.00,99.00,92.57,63.00,5.69,1.00,1.00
2024-11-27T15:53:00Z,95.00,99.00,92.57,72.00,5.69,1.00,1.00
2024-11-27T16:04:00Z,95.00,99.00,92.57,73.94,5.69,1.00,1.00
2024-11-27T16:28:00Z,95.00,99.00,92.57,73.94,7.02,1.00,1.00
2024-11-27T16:38:00Z,95.00,99.00,92.57,74.00,7.02,1.00,1.00
2024-11-27T16:45:00Z,95.00,99.00,92.57,68.88,7.02,1.00,1.00
2024-11-27T17:12:00Z,95.00,99.00,92.57,68.88,7.02,1.00,1.00
2024-11-27T17:59:00Z,95.00,99.00,92.57,71.00,7.02,1.00,1.00
2024-11-27T18:15:00Z,95.00,99.00,92.57,79.54,7.02,1.00,1.00
2024-11-27T18:52:00Z,95.00,99.00,92.57,72.00,7.02,1.00,1.00
2024-11-27T20:45:00Z,95.00,99.00,92.57,74.00,7.02,1.00,1.00
2024-11-27T21:31:00Z,95.00,99.00,92.57,72.00,7.02,1.00,1.00
2024-11-27T22:17:00Z,95.00,99.00,92.57,74.00,7.02,1.00,1.00
2024-11-27T22:46:00Z,95.00,99.00,92.57,72.00,7.02,1.00,1.00
2024-11-28T01:21:00Z,95.00,99.00,92.57,72.00,5.00,1.00,1.00
2024-11-28T01:55:00Z,95.00,99.00,92.57,72.68,5.00,1.00,1.00
2024-11-28T02:09:00Z,95.00,99.00,92.57,77.00,5.00,1.00,1.00
2024-11-28T02:36:00Z,95.00,99.00,92.57,77.00,5.00,1.00,1.00
2024-11-28T03:10:00Z,95.00,99.00,92.57,77.00,4.00,1.00,1.00
2024-11-28T05:01:00Z,95.00,99.00,92.57,72.00,4.00,1.00,1.00
2024-11-28T05:54:00Z,95.00,99.00,92.57,71.01,4.00,1.00,1.00
2024-11-28T07:49:00Z,95.00,99.00,92.57,78.00,4.00,1.00,1.00
2024-11-28T15:42:00Z,95.00,99.00,92.57,70.00,4.00,1.00,1.00
2024-11-28T16:28:00Z,95.00,99.00,92.57,70.00,4.00,1.00,1.00
2024-11-28T18:15:00Z,95.00,99.00,92.57,67.73,4.00,1.00,1.00
2024-11-28T18:20:00Z,95.00,99.00,92.57,76.00,4.00,1.00,1.00
2024-11-28T20:30:00Z,95.00,99.00,92.57,67.00,4.00,1.00,1.00
2024-11-29T00:02:00Z,95.00,99.00,92.57,72.66,4.00,1.00,1.00
2024-11-29T03:50:00Z,95.00,99.00,92.57,73.00,4.00,1.00,1.00
2024-11-29T06:11:00Z,95.00,99.00,92.57,74.86,4.00,1.00,1.00
2024-11-29T13:35:00Z,95.00,99.00,92.57,81.13,4.00,1.00,1.00
2024-11-29T14:33:00Z,95.00,99.00,92.57,72.00,4.00,1.00,1.00
2024-11-29T16:23:00Z,95.00,99.00,92.57,84.00,4.00,1.00,1.00
2024-11-29T16:45:00Z,95.00,99.00,92.57,84.00,4.00,1.00,1.00
2024-11-29T16:46:00Z,95.00,99.00,92.57,84.00,5.00,1.00,1.00
2024-11-29T17:07:00Z,95.00,99.00,92.57,79.02,5.00,1.00,1.00
2024-11-29T17:09:00Z,95.00,99.00,92.57,79.02,4.00,1.00,1.00
2024-11-29T17:23:00Z,95.00,99.00,92.57,74.81,4.00,1.00,1.00
2024-11-29T18:45:00Z,95.00,99.00,92.57,74.81,4.00,1.00,1.00
2024-11-29T18:51:00Z,95.00,99.00,92.57,74.81,3.00,1.00,1.00
2024-11-29T21:09:00Z,95.00,99.00,92.57,74.81,4.00,1.00,1.00
2024-11-29T22:10:00Z,95.00,99.00,92.57,81.00,4.00,1.00,1.00
2024-11-29T22:53:00Z,95.00,99.00,92.57,81.00,4.00,1.00,1.00
2024-11-29T23:07:00Z,95.00,99.00,92.57,77.00,4.00,1.00,1.00
2024-11-29T23:08:00Z,95.00,99.00,92.57,77.00,3.00,1.00,1.00
2024-11-29T23:29:00Z,95.00,99.00,92.57,77.00,3.00,1.00,1.00
2024-11-29T23:49:00Z,95.00,99.00,92.57,77.00,3.00,1.00,1.00
2024-11-30T00:29:00Z,95.00,99.00,92.57,81.00,3.00,1.00,1.00
2024-11-30T02:25:00Z,95.00,99.00,92.57,81.00,3.00,1.00,1.00
2024-11-30T02:33:00Z,95.00,99.00,92.57,76.00,3.00,1.00,1.00
2024-11-30T02:34:00Z,95.00,99.00,92.57,75.00,3.00,1.00,1.00
2024-11-30T02:44:00Z,95.00,99.00,92.57,80.58,3.00,1.00,1.00
2024-11-30T04:21:00Z,95.00,99.00,92.57,80.58,4.98,1.00,1.00
2024-11-30T05:01:00Z,95.00,99.00,92.57,80.58,4.98,1.00,1.00
2024-11-30T05:51:00Z,95.00,99.00,92.57,71.63,4.98,1.00,1.00
2024-11-30T14:32:00Z,95.00,99.00,92.57,68.76,4.98,1.00,1.00
2024-11-30T15:36:00Z,95.00,99.00,92.57,68.76,3.00,1.00,1.00
2024-11-30T15:51:00Z,95.00,99.00,92.57,68.76,3.00,1.00,1.00
2024-11-30T17:46:00Z,95.00,99.00,92.57,68.76,3.91,1.00,1.00
2024-11-30T18:01:00Z,95.00,99.00,92.57,74.61,3.91,1.00,1.00
2024-11-30T18:27:00Z,95.00,99.00,92.57,69.50,3.91,1.00,1.00
2024-11-30T18:51:00Z,95.00,99.00,92.57,74.00,3.91,1.00,1.00
2024-11-30T21:04:00Z,95.00,99.00,92.57,74.00,3.00,1.00,1.00
2024-11-30T21:05:00Z,95.00,99.00,92.57,74.00,3.00,1.00,1.00
2024-11-30T21:24:00Z,95.00,99.00,92.57,75.00,3.00,1.00,1.00
2024-11-30T22:21:00Z,95.00,99.00,92.57,75.00,3.00,1.00,1.00
2024-11-30T22:46:00Z,95.00,99.00,92.57,69.00,3.00,1.00,1.00
2024-11-30T23:19:00Z,95.00,99.00,92.57,69.00,3.00,1.00,1.00
2024-11-30T23:37:00Z,95.00,99.00,92.57,68.65,3.00,1.00,1.00
2024-12-01T00:09:00Z,95.00,99.00,92.57,74.00,3.00,1.00,1.00
2024-12-01T00:14:00Z,95.00,99.00,92.57,74.00,3.00,1.00,1.00
2024-12-01T01:14:00Z,95.00,99.00,92.57,74.46,3.00,1.00,1.00
2024-12-01T02:37:00Z,95.00,99.00,92.57,74.46,3.00,1.00,1.00
2024-12-01T03:09:00Z,95.00,99.00,92.57,70.00,3.00,1.00,1.00
2024-12-01T03:18:00Z,95.00,99.00,92.57,70.10,3.00,1.00,1.00
2024-12-01T03:30:00Z,95.00,99.00,92.57,70.00,3.00,1.00,1.00
2024-12-01T04:19:00Z,95.00,99.00,92.57,69.12,3.00,1.00,1.00
2024-12-01T04:36:00Z,95.00,99.00,92.57,69.00,3.00,1.00,1.00
2024-12-01T04:50:00Z,95.00,99.00,92.57,75.63,3.00,1.00,1.00
2024-12-01T07:30:00Z,95.00,99.00,92.57,75.63,3.00,1.00,1.00
2024-12-01T13:19:00Z,95.00,99.00,92.57,71.00,3.00,1.00,1.00
2024-12-01T14:07:00Z,95.00,99.00,92.57,71.00,2.00,1.00,1.00
2024-12-01T14:46:00Z,95.00,99.00,92.57,76.00,2.00,1.00,1.00
2024-12-01T14:58:00Z,95.00,99.00,92.57,71.00,2.00,1.00,1.00
2024-12-01T16:06:00Z,95.00,99.00,92.57,71.00,2.00,1.00,1.00
2024-12-01T18:35:00Z,95.00,99.00,92.57,71.97,2.00,1.00,1.00
2024-12-01T18:48:00Z,95.00,99.00,92.57,71.97,3.00,1.00,1.00
2024-12-01T19:04:00Z,95.00,99.00,92.57,75.00,3.00,1.00,1.00
2024-12-01T19:46:00Z,95.00,99.00,92.57,75.00,4.00,1.00,1.00
2024-12-01T19:53:00Z,95.00,99.00,92.57,75.00,4.00,1.00,1.00
2024-12-01T20:13:00Z,95.00,99.00,92.57,76.00,4.00,1.00,1.00
2024-12-01T22:44:00Z,95.00,99.00,92.57,72.00,4.00,1.00,1.00
2024-12-02T00:17:00Z,95.00,99.00,92.57,72.05,4.00,1.00,1.00
2024-12-02T00:47:00Z,95.00,99.00,92.57,84.34,4.00,1.00,1.00
2024-12-02T00:50:00Z,95.00,99.00,92.57,84.34,4.00,1.00,1.00
2024-12-02T01:30:00Z,95.00,99.00,92.57,74.00,4.00,1.00,1.00
2024-12-02T02:13:00Z,95.00,99.00,92.57,74.00,3.00,1.00,1.00
2024-12-02T02:17:00Z,95.00,99.00,92.57,82.00,3.00,1.00,1.00
2024-12-02T02:28:00Z,95.00,99.00,92.57,83.00,3.00,1.00,1.00
2024-12-02T02:56:00Z,95.00,99.00,92.57,83.00,4.00,1.00,1.00
2024-12-02T02:58:00Z,95.00,99.00,92.57,83.00,4.00,1.00,1.00
2024-12-02T03:53:00Z,95.00,99.00,92.57,73.00,4.00,1.00,1.00
2024-12-02T04:11:00Z,95.00,99.00,92.57,72.79,4.00,1.00,1.00
2024-12-02T06:30:00Z,95.00,99.00,92.57,72.79,3.00,1.00,1.00
2024-12-02T13:04:00Z,95.00,99.00,92.57,68.00,3.00,1.00,1.00
2024-12-02T13:24:00Z,95.00,99.00,92.57,66.00,3.00,1.00,1.00
2024-12-02T13:26:00Z,95.00,99.00,92.57,65.00,3.00,1.00,1.00
2024-12-02T13:37:00Z,95.00,99.00,92.57,65.00,3.00,1.00,1.00
2024-12-02T13:49:00Z,95.00,99.00,92.57,65.00,3.00,1.00,1.00
2024-12-02T14:02:00Z,95.00,99.00,92.57,65.00,3.00,1.00,1.00
2024-12-02T14:59:00Z,95.00,99.00,92.57,66.00,3.00,1.00,1.00
2024-12-02T15:26:00Z,95.00,99.00,92.57,68.00,3.00,1.00,1.00
2024-12-02T15:27:00Z,95.00,99.00,92.57,69.00,3.00,1.00,1.00
2024-12-02T16:00:00Z,95.00,99.00,92.57,75.94,4.00,1.00,1.00
2024-12-02T16:27:00Z,95.00,99.00,92.57,71.50,4.00,1.00,1.00
2024-12-02T16:28:00Z,95.00,99.00,92.57,72.00,4.00,1.00,1.00
2024-12-02T17:35:00Z,95.00,99.00,92.57,68.00,4.00,1.00,1.00
2024-12-02T18:00:00Z,95.00,99.00,92.57,73.00,4.00,1.00,1.00
2024-12-02T18:04:00Z,95.00,99.00,92.57,65.86,4.00,1.00,1.00
2024-12-02T18:05:00Z,95.00,99.00,92.57,65.86,3.00,1.00,1.00
2024-12-02T18:18:00Z,95.00,99.00,92.57,73.00,3.00,1.00,1.00
2024-12-02T18:38:00Z,95.00,99.00,92.57,75.09,3.00,1.00,1.00
2024-12-02T19:11:00Z,95.00,99.00,92.57,62.42,3.00,1.00,1.00
2024-12-02T19:26:00Z,95.00,99.00,92.57,74.96,3.00,1.00,1.00
2024-12-02T20:21:00Z,95.00,99.00,92.57,70.00,3.00,1.00,1.00
2024-12-02T21:36:00Z,95.00,99.00,92.57,74.00,3.00,1.00,1.00
2024-12-02T22:05:00Z,95.00,99.00,92.57,74.20,3.00,1.00,1.00
2024-12-02T22:11:00Z,95.00,99.00,92.57,62.74,3.00,1.00,1.00
2024-12-02T22:28:00Z,95.00,99.00,92.57,69.00,3.00,1.00,1.00
2024-12-02T23:35:00Z,95.00,99.00,92.57,74.93,3.00,1.00,1.00
2024-12-03T00:00:00Z,95.00,99.00,92.57,74.93,3.00,1.00,1.00
2024-12-03T00:39:00Z,95.00,99.00,92.57,62.16,3.00,1.00,1.00
2024-12-03T00:40:00Z,95.00,99.00,92.57,63.20,3.00,1.00,1.00
2024-12-03T02:43:00Z,95.00,99.00,92.57,72.00,3.00,1.00,1.00
2024-12-03T03:03:00Z,95.00,99.00,92.57,72.00,2.00,1.00,1.00
2024-12-03T03:27:00Z,95.00,99.00,92.57,72.00,2.00,1.00,1.00
2024-12-03T03:28:00Z,95.00,99.00,92.57,63.04,2.00,1.00,1.00
2024-12-03T03:34:00Z,95.00,99.00,92.57,62.03,2.00,1.00,1.00
2024-12-03T03:49:00Z,95.00,99.00,92.57,72.06,2.00,1.00,1.00
2024-12-03T05:02:00Z,95.00,99.00,92.57,64.60,2.00,1.00,1.00
2024-12-03T07:38:00Z,95.00,99.00,92.57,64.07,2.00,1.00,1.00
2024-12-03T13:21:00Z,95.00,99.00,92.57,64.07,3.00,1.00,1.00
2024-12-03T14:03:00Z,95.00,99.00,92.57,64.14,3.00,1.00,1.00
2024-12-03T14:04:00Z,95.00,99.00,92.57,64.00,3.00,1.00,1.00
2024-12-03T14:06:00Z,95.00,99.00,92.57,64.00,3.00,1.00,1.00
2024-12-03T14:42:00Z,95.00,99.00,92.57,58.72,3.00,1.00,1.00
2024-12-03T14:45:00Z,95.00,99.00,92.57,62.00,3.00,1.00,1.00
2024-12-03T14:54:00Z,95.00,99.00,92.57,66.00,3.00,1.00,1.00
2024-12-03T15:16:00Z,95.00,99.00,92.57,67.99,3.00,1.00,1.00
2024-12-03T17:20:00Z,95.00,99.00,92.57,67.99,2.00,1.00,1.00
2024-12-03T17:22:00Z,95.00,99.00,92.57,63.00,2.00,1.00,1.00
2024-12-03T18:16:00Z,95.00,99.00,92.57,69.95,2.00,1.00,1.00
2024-12-03T20:10:00Z,95.00,99.00,92.57,60.58,2.00,1.00,1.00
2024-12-03T20:42:00Z,95.00,99.00,92.57,67.00,2.00,1.00,1.00
2024-12-03T20:54:00Z,95.00,99.00,92.57,67.00,2.00,1.00,1.00
2024-12-03T22:13:00Z,95.00,99.00,92.57,65.00,2.00,1.00,1.00
2024-12-03T22:15:00Z,95.00,99.00,92.57,66.80,2.00,1.00,1.00
2024-12-04T00:13:00Z,95.00,99.00,92.57,64.00,2.00,1.00,1.00
2024-12-04T00:26:00Z,95.00,99.00,92.57,64.00,2.00,1.00,1.00
2024-12-04T00:28:00Z,95.00,99.00,92.57,64.00,2.00,1.00,1.00
2024-12-04T00:48:00Z,95.00,99.00,92.57,68.00,2.00,1.00,1.00
2024-12-04T01:40:00Z,95.00,99.00,92.57,64.00,2.00,1.00,1.00
2024-12-04T03:14:00Z,95.00,99.00,92.57,65.00,2.00,1.00,1.00
2024-12-04T04:31:00Z,95.00,99.00,92.57,65.00,2.00,1.00,1.00
2024-12-04T06:42:00Z,95.00,99.00,92.57,68.00,2.00,1.00,1.00
2024-12-04T07:34:00Z,95.00,99.00,92.57,68.00,3.00,1.00,1.00
2024-12-04T13:05:00Z,95.00,99.00,92.57,66.00,3.00,1.00,1.00
2024-12-04T14:37:00Z,95.00,99.00,92.57,65.54,3.00,1.00,1.00
2024-12-04T15:12:00Z,95.00,99.00,92.57,67.00,3.00,1.00,1.00
2024-12-04T16:01:00Z,95.00,99.00,92.57,65.00,3.00,1.00,1.00
2024-12-04T16:40:00Z,95.00,99.00,92.57,65.00,3.00,1.00,1.00
2024-12-04T17:10:00Z,95.00,99.00,92.57,67.00,3.00,1.00,1.00
2024-12-04T18:35:00Z,95.00,99.00,92.57,67.00,3.00,1.00,1.00
2024-12-04T19:12:00Z,95.00,99.00,92.57,67.00,3.00,2.00,1.00
2024-12-04T19:32:00Z,95.00,99.00,92.57,65.00,3.00,2.00,1.00
2024-12-04T19:38:00Z,95.00,99.00,92.57,65.00,3.00,2.00,1.00
2024-12-04T19:42:00Z,95.00,99.00,92.57,65.00,3.00,2.00,1.00
2024-12-04T19:57:00Z,95.00,99.00,92.57,66.85,3.00,2.00,1.00
2024-12-04T20:02:00Z,95.00,99.00,92.57,67.00,3.00,2.00,1.00
2024-12-04T20:07:00Z,95.00,99.00,92.57,68.00,3.00,2.00,1.00
2024-12-04T20:08:00Z,95.00,99.00,92.57,69.35,3.00,2.00,1.00
2024-12-04T20:11:00Z,95.00,99.00,92.57,70.00,3.00,2.00,1.00
2024-12-04T20:13:00Z,95.00,99.00,92.57,72.48,3.00,2.00,1.00
2024-12-04T20:23:00Z,95.00,99.00,92.57,74.00,3.00,2.00,1.00
2024-12-04T20:28:00Z,95.00,99.00,92.57,75.99,3.00,2.00,1.00
2024-12-04T20:38:00Z,95.00,99.00,92.57,75.99,3.00,2.00,1.00
2024-12-04T20:44:00Z,95.00,99.00,92.57,76.00,3.00,2.00,1.00
2024-12-04T20:46:00Z,95.00,99.00,92.57,78.98,3.00,2.00,1.00
2024-12-04T20:47:00Z,95.00,99.00,92.57,80.00,3.00,2.00,1.00
2024-12-04T20:53:00Z,95.00,99.00,92.57,83.36,3.00,2.00,1.00
2024-12-04T20:58:00Z,95.00,99.00,92.57,86.25,3.00,2.00,1.00
2024-12-04T20:59:00Z,95.00,99.00,92.57,91.59,3.00,2.00,1.00
2024-12-04T21:07:00Z,95.00,99.00,92.57,91.59,4.61,2.00,1.00
2024-12-04T21:08:00Z,95.00,99.00,92.57,79.00,4.61,2.00,1.00
2024-12-04T21:09:00Z,95.00,99.00,92.57,81.50,4.61,2.00,1.00
2024-12-04T21:10:00Z,95.00,99.00,92.57,82.00,4.61,2.00,1.00
2024-12-04T21:11:00Z,95.00,99.00,92.57,82.00,4.61,1.00,1.00
2024-12-04T21:12:00Z,95.00,99.00,92.57,82.00,4.00,1.00,1.00
2024-12-04T21:15:00Z,95.00,99.00,92.57,85.33,4.00,1.00,1.00
2024-12-04T21:16:00Z,95.00,99.00,92.57,82.03,4.00,1.00,1.00
2024-12-04T21:21:00Z,95.00,99.00,92.57,82.00,4.00,1.00,1.00
2024-12-04T21:31:00Z,95.00,99.00,92.57,77.62,5.98,1.00,1.00
2024-12-04T21:38:00Z,95.00,99.00,92.57,76.82,5.98,1.00,1.00
2024-12-04T21:44:00Z,95.00,99.00,92.57,80.00,5.98,1.00,1.00
2024-12-04T21:59:00Z,95.00,99.00,92.57,84.00,5.98,1.00,1.00
2024-12-04T22:18:00Z,95.00,99.00,92.57,73.41,5.98,1.00,1.00
2024-12-04T22:26:00Z,95.00,99.00,92.57,73.41,6.00,2.00,1.00
2024-12-04T23:11:00Z,95.00,99.00,92.57,81.00,6.00,2.00,1.00
2024-12-04T23:23:00Z,95.00,99.00,92.57,79.00,6.00,2.00,1.00
2024-12-04T23:55:00Z,95.00,99.00,92.57,79.00,6.00,2.00,1.00
2024-12-05T00:13:00Z,95.00,99.00,92.57,81.00,6.00,2.00,1.00
2024-12-05T00:17:00Z,95.00,99.00,92.57,81.00,6.00,2.00,1.00
2024-12-05T00:21:00Z,95.00,99.00,92.57,81.00,6.00,2.00,1.00
2024-12-05T02:32:00Z,95.00,99.00,92.57,79.97,6.00,2.00,1.00
2024-12-05T02:34:00Z,95.00,99.00,92.57,80.00,6.00,2.00,1.00
2024-12-05T02:35:00Z,95.00,99.00,92.57,88.93,6.00,2.00,1.00
2024-12-05T02:36:00Z,95.00,99.00,92.57,94.64,6.00,2.00,1.00
2024-12-05T02:37:00Z,95.00,99.00,92.57,95.79,6.00,2.00,1.00
2024-12-05T02:38:00Z,95.00,99.00,92.57,97.00,6.00,2.00,1.00
2024-12-05T02:39:00Z,95.00,99.00,92.57,98.96,6.00,2.00,1.00
2024-12-05T02:40:00Z,95.00,99.00,92.57,98.00,6.00,2.00,1.00
2024-12-05T02:41:00Z,95.00,99.00,92.57,99.00,6.00,2.00,1.00
2024-12-05T02:42:00Z,95.00,99.00,92.57,99.00,6.00,2.00,1.00
2024-12-05T02:44:00Z,95.00,99.00,92.57,99.00,6.00,2.00,1.00
2024-12-05T02:46:00Z,95.00,99.00,92.57,99.00,7.00,2.00,1.00
2024-12-05T02:48:00Z,95.00,99.00,92.57,99.00,7.15,2.00,1.00
2024-12-05T02:49:00Z,95.00,99.00,92.57,99.00,8.00,2.00,1.00
2024-12-05T02:51:00Z,95.00,99.00,92.57,99.00,8.00,2.00,1.00
2024-12-05T02:54:00Z,95.00,99.00,92.57,99.00,6.99,2.00,1.00
2024-12-05T03:01:00Z,95.00,99.00,92.57,99.00,6.00,2.00,1.00
2024-12-05T03:02:00Z,95.00,99.00,92.57,99.00,6.00,2.00,1.00
2024-12-05T03:03:00Z,95.00,99.00,92.57,99.00,6.00,2.00,1.00
2024-12-05T03:06:00Z,95.00,99.00,92.57,99.00,7.00,2.00,1.00
2024-12-05T03:07:00Z,95.00,99.00,92.57,99.00,7.00,2.00,1.00
2024-12-05T03:08:00Z,95.00,99.00,92.57,99.00,7.00,2.00,1.00
2024-12-05T03:10:00Z,95.00,99.00,92.57,99.00,7.00,2.00,1.00
2024-12-05T03:11:00Z,95.00,99.00,92.57,99.00,7.00,2.00,1.00
2024-12-05T03:12:00Z,95.00,99.00,92.57,99.00,6.00,2.00,1.00
2024-12-05T03:15:00Z,95.00,99.00,92.57,99.00,6.00,2.00,1.00
2024-12-05T03:16:00Z,95.00,99.00,92.57,99.00,6.00,2.00,1.00
2024-12-05T03:17:00Z,95.00,99.00,92.57,99.00,6.00,2.00,1.00
2024-12-05T03:19:00Z,95.00,99.00,92.57,99.00,7.00,2.00,1.00
2024-12-05T03:20:00Z,95.00,99.00,92.57,99.00,7.00,2.00,1.00
2024-12-05T03:21:00Z,95.00,99.00,92.57,99.00,7.69,2.00,1.00
2024-12-05T03:22:00Z,95.00,99.00,92.57,99.00,6.00,2.00,1.00
2024-12-05T03:27:00Z,95.00,99.00,92.57,99.00,12.00,2.00,1.00
2024-12-05T03:36:00Z,95.00,99.00,92.57,99.00,9.00,2.00,1.00
2024-12-05T03:54:00Z,95.00,99.00,92.57,99.00,14.84,2.00,1.00
2024-12-05T03:55:00Z,95.00,99.00,92.57,99.00,22.00,2.00,1.00
2024-12-05T03:57:00Z,95.00,99.00,92.57,99.00,20.00,2.00,1.00
2024-12-05T04:29:00Z,95.00,99.00,92.57,99.00,16.97,2.00,1.00
2024-12-05T04:33:00Z,95.00,99.00,92.57,99.00,11.00,2.00,1.00
2024-12-05T04:42:00Z,95.00,99.00,92.57,99.00,11.00,2.00,1.00
2024-12-05T04:46:00Z,95.00,99.00,92.57,99.00,11.00,2.00,1.00
2024-12-05T04:47:00Z,95.00,99.00,92.57,99.00,17.69,2.00,1.00
2024-12-05T04:50:00Z,95.00,99.00,92.57,99.00,10.80,2.00,1.00
2024-12-05T04:53:00Z,95.00,99.00,92.57,99.00,11.00,2.00,1.00
2024-12-05T05:02:00Z,95.00,99.00,92.57,99.00,17.00,2.00,1.00
2024-12-05T05:15:00Z,95.00,99.00,92.57,99.00,17.00,2.00,1.00
2024-12-05T05:45:00Z,95.00,99.00,92.57,99.00,12.00,2.00,1.00
2024-12-05T05:50:00Z,95.00,99.00,92.57,99.00,10.00,2.00,1.00
2024-12-05T05:52:00Z,95.00,99.00,92.57,99.00,10.00,2.00,1.00
2024-12-05T05:59:00Z,95.00,99.00,92.57,99.00,10.08,2.00,1.00
2024-12-05T06:24:00Z,95.00,99.00,92.57,99.00,15.00,2.00,1.00
2024-12-05T06:26:00Z,95.00,99.00,92.57,99.00,15.00,2.00,1.00
2024-12-05T07:15:00Z,95.00,99.00,92.57,99.00,11.00,2.00,1.00
2024-12-05T07:52:00Z,95.00,99.00,92.57,99.00,10.00,2.00,1.00
2024-12-05T14:40:00Z,95.00,99.00,92.57,99.00,10.00,2.00,1.00
2024-12-05T14:52:00Z,95.00,99.00,92.57,99.00,9.00,2.00,1.00
2024-12-05T15:02:00Z,95.00,99.00,92.57,99.00,10.71,2.00,1.00
2024-12-05T15:03:00Z,95.00,99.00,92.57,99.00,8.95,2.00,1.00
2024-12-05T15:12:00Z,95.00,99.00,92.57,99.00,11.00,2.00,1.00
2024-12-05T15:17:00Z,95.00,99.00,92.57,99.00,8.90,2.00,1.00
2024-12-05T15:22:00Z,95.00,99.00,92.57,99.00,17.25,2.00,1.00
2024-12-05T15:46:00Z,95.00,99.00,92.57,99.00,11.00,2.00,1.00
2024-12-05T16:23:00Z,95.00,99.00,92.57,99.00,11.00,2.00,1.00
2024-12-05T17:37:00Z,95.00,99.00,92.57,99.00,11.00,2.00,1.00
2024-12-05T18:18:00Z,95.00,99.00,92.57,99.00,11.00,2.00,1.00
2024-12-05T18:26:00Z,95.00,99.00,92.57,99.00,11.00,2.00,1.00
2024-12-05T18:33:00Z,95.00,99.00,92.57,99.00,11.00,2.00,1.00
2024-12-05T18:37:00Z,95.00,99.00,92.57,99.00,12.00,2.00,1.00
2024-12-05T18:42:00Z,95.00,99.00,92.57,99.00,9.00,2.00,1.00
2024-12-05T18:43:00Z,95.00,99.00,92.57,99.00,11.00,2.00,1.00
2024-12-05T19:01:00Z,95.00,99.00,92.57,99.00,9.00,2.00,1.00
2024-12-05T19:04:00Z,95.00,99.00,92.57,99.00,10.00,2.00,1.00
2024-12-05T19:05:00Z,95.00,99.00,92.57,99.00,10.00,2.00,1.00
2024-12-05T19:06:00Z,95.00,99.00,92.57,99.00,8.00,2.00,1.00
2024-12-05T19:10:00Z,95.00,99.00,92.57,99.00,7.00,2.00,1.00
2024-12-05T19:15:00Z,95.00,99.00,92.57,99.00,7.00,2.00,1.00
2024-12-05T19:24:00Z,95.00,99.00,92.57,99.00,7.52,2.00,1.00
2024-12-05T19:27:00Z,95.00,99.00,92.57,99.00,7.00,2.00,1.00
2024-12-05T19:43:00Z,95.00,99.00,92.57,99.00,8.00,2.00,1.00
2024-12-05T20:03:00Z,95.00,99.00,92.57,99.00,8.00,1.00,1.00
2024-12-05T20:14:00Z,95.00,99.00,92.57,99.00,8.00,1.00,1.00
2024-12-05T20:17:00Z,95.00,99.00,92.57,99.00,8.00,1.00,1.00
2024-12-05T20:21:00Z,95.00,99.00,92.57,99.00,8.00,1.00,1.00
2024-12-05T20:22:00Z,95.00,99.00,92.57,99.00,9.21,1.00,1.00
2024-12-05T20:34:00Z,95.00,99.00,92.57,99.00,9.89,1.00,1.00
2024-12-05T20:36:00Z,95.00,99.00,92.57,99.00,8.00,1.00,1.00
2024-12-05T20:37:00Z,95.00,99.00,92.57,99.00,8.00,1.00,1.00
2024-12-05T20:56:00Z,95.00,99.00,92.57,99.00,9.00,1.00,1.00
2024-12-05T20:59:00Z,95.00,99.00,92.57,99.00,10.00,1.00,1.00
2024-12-05T21:21:00Z,95.00,99.00,92.57,99.00,10.00,1.00,1.00
2024-12-05T21:37:00Z,95.00,99.00,92.57,99.00,9.00,1.00,1.00
2024-12-05T22:01:00Z,95.00,99.00,92.57,99.00,9.00,1.00,1.00
2024-12-05T22:08:00Z,95.00,99.00,92.57,99.00,8.36,1.00,1.00
2024-12-05T22:14:00Z,95.00,99.00,92.57,99.00,9.80,1.00,1.00
2024-12-05T22:28:00Z,95.00,99.00,92.57,99.00,9.00,1.00,1.00
2024-12-05T22:31:00Z,95.00,99.00,92.57,99.00,8.00,1.00,1.00
2024-12-05T22:33:00Z,95.00,99.00,92.57,99.00,8.00,1.00,1.00
2024-12-05T22:34:00Z,95.00,99.00,92.57,99.00,8.00,1.00,1.00
2024-12-05T22:40:00Z,95.00,99.00,92.57,99.00,7.00,1.00,1.00
2024-12-05T23:10:00Z,95.00,99.00,92.57,99.00,8.00,1.00,1.00
2024-12-05T23:17:00Z,95.00,99.00,92.57,99.00,7.00,1.00,1.00
2024-12-06T00:07:00Z,95.00,99.00,92.57,99.00,7.00,1.00,1.00
2024-12-06T01:20:00Z,95.00,99.00,92.57,99.00,7.00,1.00,1.00
2024-12-06T01:32:00Z,95.00,99.00,92.57,99.00,7.00,1.00,1.00
2024-12-06T01:37:00Z,95.00,99.00,92.57,99.00,8.59,1.00,1.00
2024-12-06T02:07:00Z,95.00,99.00,92.57,99.00,7.00,1.00,1.00
2024-12-06T02:30:00Z,95.00,99.00,92.57,99.00,7.00,1.00,1.00
2024-12-06T02:33:00Z,95.00,99.00,92.57,99.00,7.00,1.00,1.00
2024-12-06T02:35:00Z,95.00,99.00,92.57,99.00,7.00,1.00,1.00
2024-12-06T02:55:00Z,95.00,99.00,92.57,99.00,9.82,1.00,1.00
2024-12-06T03:14:00Z,95.00,99.00,92.57,99.00,9.82,1.00,1.00
2024-12-06T03:15:00Z,95.00,99.00,92.57,99.00,9.82,1.00,1.00
2024-12-06T03:18:00Z,95.00,99.00,92.57,99.00,8.00,1.00,1.00
2024-12-06T03:47:00Z,95.00,99.00,92.57,99.00,8.00,1.00,1.00
2024-12-06T03:48:00Z,95.00,99.00,92.57,99.00,7.00,1.00,1.00
2024-12-06T04:15:00Z,95.00,99.00,92.57,99.00,9.00,1.00,1.00
2024-12-06T05:12:00Z,95.00,99.00,92.57,99.00,9.15,1.00,1.00
2024-12-06T05:16:00Z,95.00,99.00,92.57,99.00,10.00,1.00,1.00
2024-12-06T05:17:00Z,95.00,99.00,92.57,99.00,10.00,1.00,1.00
2024-12-06T05:22:00Z,95.00,99.00,92.57,99.00,8.00,1.00,1.00
2024-12-06T14:38:00Z,95.00,99.00,92.57,99.00,8.00,1.00,1.00
2024-12-06T14:51:00Z,95.00,99.00,92.57,99.00,9.18,1.00,1.00
2024-12-06T15:11:00Z,95.00,99.00,92.57,99.00,7.00,1.00,1.00
2024-12-06T15:12:00Z,95.00,99.00,92.57,99.00,7.00,1.00,1.00
2024-12-06T15:20:00Z,95.00,99.00,92.57,99.00,9.49,1.00,1.00
2024-12-06T15:37:00Z,95.00,99.00,92.57,99.00,6.00,1.00,1.00
2024-12-06T16:20:00Z,95.00,99.00,92.57,99.00,8.81,1.00,1.00
2024-12-06T16:51:00Z,95.00,99.00,92.57,99.00,10.00,1.00,1.00
2024-12-06T16:58:00Z,95.00,99.00,92.57,99.00,5.77,1.00,1.00
2024-12-06T17:49:00Z,95.00,99.00,92.57,99.00,7.00,1.00,1.00
2024-12-06T19:06:00Z,95.00,99.00,92.57,99.00,7.00,1.00,1.00
2024-12-06T19:17:00Z,95.00,99.00,92.57,99.00,7.00,2.00,1.00
2024-12-06T19:23:00Z,95.00,99.00,92.57,99.00,8.76,2.00,1.00
2024-12-06T19:36:00Z,95.00,99.00,92.57,99.00,3.79,2.00,1.00
2024-12-06T20:17:00Z,95.00,99.00,92.57,99.00,3.00,2.00,1.00
2024-12-06T20:39:00Z,95.00,99.00,92.57,99.00,7.00,2.00,1.00
2024-12-06T20:49:00Z,95.00,99.00,92.57,99.00,6.72,2.00,1.00
2024-12-06T21:07:00Z,95.00,99.00,92.57,99.00,7.00,2.00,1.00
2024-12-06T22:15:00Z,95.00,99.00,92.57,99.00,4.00,2.00,1.00
2024-12-06T22:17:00Z,95.00,99.00,92.57,99.00,7.04,2.00,1.00
2024-12-06T22:20:00Z,95.00,99.00,92.57,99.00,9.26,2.00,1.00
2024-12-06T22:32:00Z,95.00,99.00,92.57,99.00,10.00,2.00,1.00
2024-12-06T22:38:00Z,95.00,99.00,92.57,99.00,11.00,2.00,1.00
2024-12-06T22:46:00Z,95.00,99.00,92.57,99.00,10.00,2.00,1.00
2024-12-06T23:42:00Z,95.00,99.00,92.57,99.00,6.00,2.00,1.00
2024-12-07T00:24:00Z,95.00,99.00,92.57,99.00,5.01,2.00,1.00
2024-12-07T00:45:00Z,95.00,99.00,92.57,99.00,8.40,2.00,1.00
2024-12-07T01:25:00Z,95.00,99.00,92.57,99.00,10.00,2.00,1.00
2024-12-07T01:30:00Z,95.00,99.00,92.57,99.00,9.00,2.00,1.00
2024-12-07T02:04:00Z,95.00,99.00,92.57,99.00,9.00,2.00,1.00
2024-12-07T02:05:00Z,95.00,99.00,92.57,99.00,9.00,2.00,1.00
2024-12-07T02:06:00Z,95.00,99.00,92.57,99.00,9.00,2.00,1.00
2024-12-07T02:28:00Z,95.00,99.00,92.57,99.00,9.00,2.00,1.00
2024-12-07T02:37:00Z,95.00,99.00,92.57,99.00,9.00,2.00,1.00
2024-12-07T03:04:00Z,95.00,99.00,92.57,99.00,6.00,2.00,1.00
2024-12-07T03:55:00Z,95.00,99.00,92.57,99.00,6.00,2.00,1.00
2024-12-07T04:20:00Z,95.00,99.00,92.57,99.00,9.00,2.00,1.00
2024-12-07T04:54:00Z,95.00,99.00,92.57,99.00,5.42,2.00,1.00
2024-12-07T04:55:00Z,95.00,99.00,92.57,99.00,4.00,2.00,1.00
2024-12-07T15:57:00Z,95.00,99.00,92.57,99.00,7.22,2.00,1.00
2024-12-07T16:35:00Z,95.00,99.00,92.57,99.00,7.00,2.00,1.00
2024-12-07T17:30:00Z,95.00,99.00,92.57,99.00,4.61,2.00,1.00
2024-12-07T19:33:00Z,95.00,99.00,92.57,99.00,8.02,2.00,1.00
2024-12-07T19:37:00Z,95.00,99.00,92.57,99.00,9.11,2.00,1.00
2024-12-07T19:44:00Z,95.00,99.00,92.57,99.00,9.00,2.00,1.00
2024-12-07T19:45:00Z,95.00,99.00,92.57,99.00,6.00,2.00,1.00
2024-12-07T19:46:00Z,95.00,99.00,92.57,99.00,9.00,2.00,1.00
2024-12-07T20:45:00Z,95.00,99.00,92.57,99.00,6.00,2.00,1.00
2024-12-07T20:48:00Z,95.00,99.00,92.57,99.00,8.00,2.00,1.00
2024-12-07T21:24:00Z,95.00,99.00,92.57,99.00,5.25,2.00,1.00
2024-12-07T21:59:00Z,95.00,99.00,92.57,99.00,8.38,2.00,1.00
2024-12-07T22:04:00Z,95.00,99.00,92.57,99.00,5.00,2.00,1.00
2024-12-07T22:05:00Z,95.00,99.00,92.57,99.00,9.00,2.00,1.00
2024-12-07T22:06:00Z,95.00,99.00,92.57,99.00,9.00,2.00,1.00
2024-12-07T22:08:00Z,95.00,99.00,92.57,99.00,4.00,2.00,1.00
2024-12-07T22:09:00Z,95.00,99.00,92.57,99.00,4.00,2.00,1.00
2024-12-07T22:24:00Z,95.00,99.00,92.57,99.00,4.00,1.00,1.00
2024-12-07T22:28:00Z,95.00,99.00,92.57,99.00,3.08,1.00,1.00
2024-12-07T22:41:00Z,95.00,99.00,92.57,99.00,7.91,1.00,1.00
2024-12-07T23:03:00Z,95.00,99.00,92.57,99.00,8.00,1.00,1.00
2024-12-07T23:40:00Z,95.00,99.00,92.57,99.00,5.00,1.00,1.00
2024-12-08T02:26:00Z,95.00,99.00,92.57,99.00,8.51,1.00,1.00
2024-12-08T03:11:00Z,95.00,99.00,92.57,99.00,9.00,1.00,1.00
2024-12-08T16:57:00Z,95.00,99.00,92.57,99.00,5.51,1.00,1.00
2024-12-08T18:59:00Z,95.00,99.00,92.57,99.00,4.00,1.00,1.00
2024-12-08T21:55:00Z,95.00,99.00,92.57,99.00,4.00,2.00,1.00
2024-12-08T22:12:00Z,95.00,99.00,92.57,99.00,7.00,2.00,1.00
2024-12-08T22:29:00Z,95.00,99.00,92.57,99.00,7.00,2.00,1.00
2024-12-08T22:38:00Z,95.00,99.00,92.57,99.00,4.00,2.00,1.00
2024-12-08T23:05:00Z,95.00,99.00,92.57,99.00,4.00,2.00,1.00
2024-12-08T23:20:00Z,95.00,99.00,92.57,99.00,7.00,2.00,1.00
2024-12-08T23:28:00Z,95.00,99.00,92.57,99.00,7.81,2.00,1.00
2024-12-09T00:04:00Z,95.00,99.00,92.57,99.00,8.80,2.00,1.00
2024-12-09T00:05:00Z,95.00,99.00,92.57,99.00,11.00,2.00,1.00
2024-12-09T00:06:00Z,95.00,99.00,92.57,99.00,11.00,2.00,1.00
2024-12-09T01:41:00Z,95.00,99.00,92.57,99.00,5.00,2.00,1.00
2024-12-09T02:12:00Z,95.00,99.00,92.57,99.00,5.00,2.00,1.00
2024-12-09T02:19:00Z,95.00,99.00,92.57,99.00,5.00,2.00,1.00
2024-12-09T07:10:00Z,95.00,99.00,92.57,99.00,7.00,2.00,1.00
2024-12-09T14:01:00Z,95.00,99.00,92.57,99.00,4.00,2.00,1.00
2024-12-09T14:09:00Z,95.00,99.00,92.57,99.00,4.00,2.00,1.00
2024-12-09T14:23:00Z,95.00,99.00,92.57,99.00,4.00,2.00,1.00
2024-12-09T15:17:00Z,95.00,99.00,92.57,99.00,4.00,2.00,1.00
2024-12-09T15:31:00Z,95.00,99.00,92.57,99.00,3.79,2.00,1.00
2024-12-09T18:11:00Z,95.00,99.00,92.57,99.00,5.00,2.00,1.00
2024-12-09T19:35:00Z,95.00,99.00,92.57,99.00,6.82,2.00,1.00
2024-12-09T19:52:00Z,95.00,99.00,92.57,99.00,5.00,2.00,1.00
2024-12-09T20:33:00Z,95.00,99.00,92.57,99.00,4.00,2.00,1.00
2024-12-09T20:51:00Z,95.00,99.00,92.57,99.00,4.00,2.00,1.00
2024-12-09T20:53:00Z,95.00,99.00,92.57,99.00,4.00,2.00,1.00
2024-12-09T20:56:00Z,95.00,99.00,92.57,99.00,4.00,2.00,1.00
2024-12-09T21:14:00Z,95.00,99.00,92.57,99.00,4.00,2.00,1.00
2024-12-09T21:43:00Z,95.00,99.00,92.57,99.00,5.00,2.00,1.00
2024-12-09T22:45:00Z,95.00,99.00,92.57,99.00,4.00,2.00,1.00
2024-12-09T23:19:00Z,95.00,99.00,92.57,99.00,4.00,2.00,1.00
2024-12-09T23:42:00Z,95.00,99.00,92.57,99.00,4.00,2.00,1.00
2024-12-09T23:56:00Z,95.00,99.00,92.57,99.00,5.00,2.00,1.00
2024-12-10T00:25:00Z,95.00,99.00,92.57,99.00,4.00,2.00,1.00
2024-12-10T01:01:00Z,95.00,99.00,92.57,99.00,4.00,2.00,1.00
2024-12-10T02:19:00Z,95.00,99.00,92.57,99.00,4.00,2.00,1.00
2024-12-10T06:34:00Z,95.00,99.00,92.57,99.00,4.00,2.00,1.00
2024-12-10T15:20:00Z,95.00,99.00,92.57,99.00,5.00,2.00,1.00
2024-12-10T17:57:00Z,95.00,99.00,92.57,99.00,4.95,2.00,1.00
2024-12-10T19:19:00Z,95.00,99.00,92.57,99.00,3.00,2.00,1.00
2024-12-10T20:44:00Z,95.00,99.00,92.57,99.00,3.00,2.00,1.00
2024-12-10T22:02:00Z,95.00,99.00,92.57,99.00,5.00,2.00,1.00
2024-12-10T22:12:00Z,95.00,99.00,92.57,99.00,3.00,2.00,1.00
2024-12-10T23:06:00Z,95.00,99.00,92.57,99.00,5.00,2.00,1.00
2024-12-10T23:18:00Z,95.00,99.00,92.57,99.00,7.59,2.00,1.00
2024-12-10T23:19:00Z,95.00,99.00,92.57,99.00,7.59,1.00,1.00
2024-12-11T00:48:00Z,95.00,99.00,92.57,99.00,5.00,1.00,1.00
2024-12-11T00:51:00Z,95.00,99.00,92.57,99.00,3.00,1.00,1.00
2024-12-11T03:55:00Z,95.00,99.00,92.57,99.00,3.00,1.00,1.00
2024-12-11T14:34:00Z,95.00,99.00,92.57,99.00,6.85,1.00,1.00
2024-12-11T16:26:00Z,95.00,99.00,92.57,99.00,2.87,1.00,1.00
2024-12-11T16:30:00Z,95.00,99.00,92.57,99.00,6.75,1.00,1.00
2024-12-11T19:00:00Z,95.00,99.00,92.57,99.00,2.67,1.00,1.00
2024-12-11T19:34:00Z,95.00,99.00,92.57,99.00,4.00,1.00,1.00
2024-12-11T20:46:00Z,95.00,99.00,92.57,99.00,6.59,1.00,1.00
2024-12-11T22:11:00Z,95.00,99.00,92.57,99.00,6.32,1.00,1.00
2024-12-11T22:48:00Z,95.00,99.00,92.57,99.00,7.00,1.00,1.00
2024-12-12T06:27:00Z,95.00,99.00,92.57,99.00,3.00,1.00,1.00
2024-12-12T16:37:00Z,95.00,99.00,92.57,99.00,9.08,1.00,1.00
2024-12-12T16:47:00Z,95.00,99.00,92.57,99.00,5.00,1.00,1.00
2024-12-12T16:56:00Z,95.00,99.00,92.57,99.00,5.00,1.00,1.00
2024-12-12T17:02:00Z,95.00,99.00,92.57,99.00,5.00,1.00,1.00
2024-12-12T19:36:00Z,95.00,99.00,92.57,99.00,5.00,1.00,1.00
2024-12-12T21:16:00Z,95.00,99.00,92.57,99.00,4.00,1.00,1.00
2024-12-12T22:16:00Z,95.00,99.00,92.57,99.00,4.00,1.00,1.00
2024-12-13T01:19:00Z,95.00,99.00,92.57,99.00,4.00,1.00,1.00
2024-12-13T01:50:00Z,95.00,99.00,92.57,99.00,6.01,1.00,1.00
2024-12-13T01:51:00Z,95.00,99.00,92.57,99.00,7.00,1.00,1.00
2024-12-13T05:52:00Z,95.00,99.00,92.57,99.00,7.00,1.00,1.00
2024-12-17T07:25:00Z,95.00,99.00,92.57,99.00,5.00,1.00,1.00
2024-12-17T13:33:00Z,95.00,99.00,92.57,99.00,4.74,1.00,1.00
2024-12-17T13:41:00Z,95.00,99.00,92.57,99.00,5.00,1.00,1.00
2024-12-17T13:43:00Z,95.00,99.00,92.57,99.00,5.00,1.00,1.00
2024-12-17T15:05:00Z,95.00,99.00,92.57,99.00,5.00,1.00,1.00
2024-12-17T15:45:00Z,95.00,99.00,92.57,99.00,4.00,1.00,1.00
2024-12-17T17:14:00Z,95.00,99.00,92.57,99.00,4.00,1.00,1.00
2024-12-17T17:45:00Z,95.00,99.00,92.57,99.00,4.00,1.00,1.00
2024-12-17T17:47:00Z,95.00,99.00,92.57,99.00,3.01,1.00,1.00
2024-12-17T19:01:00Z,95.00,99.00,92.57,99.00,4.82,1.00,1.00
2024-12-17T19:27:00Z,95.00,99.00,92.57,99.00,3.00,1.00,1.00
2024-12-17T20:16:00Z,95.00,99.00,92.57,99.00,5.00,1.00,1.00
2024-12-17T20:37:00Z,95.00,99.00,92.57,99.00,5.00,1.00,1.00
2024-12-17T20:45:00Z,95.00,99.00,92.57,99.00,5.00,1.00,1.00
2024-12-17T21:07:00Z,95.00,99.00,92.57,99.00,4.00,1.00,1.00
2024-12-17T21:59:00Z,95.00,99.00,92.57,99.00,3.00,1.00,1.00
2024-12-17T23:41:00Z,95.00,99.00,92.57,99.00,4.00,1.00,1.00
2024-12-17T23:44:00Z,95.00,99.00,92.57,99.00,4.00,1.00,1.00
2024-12-18T00:18:00Z,95.00,99.00,92.57,99.00,3.00,1.00,1.00
2024-12-18T00:48:00Z,95.00,99.00,92.57,99.00,3.00,1.00,1.00
2024-12-18T00:57:00Z,95.00,99.00,92.57,99.00,4.00,1.00,1.00
2024-12-18T02:40:00Z,95.00,99.00,92.57,99.00,4.00,1.00,1.00
2024-12-18T02:52:00Z,95.00,99.00,92.57,99.00,4.00,1.00,1.00
2024-12-18T05:21:00Z,95.00,99.00,92.57,99.00,4.00,1.00,1.00
2024-12-18T13:53:00Z,95.00,99.00,92.57,99.00,3.00,1.00,1.00
2024-12-18T14:43:00Z,95.00,99.00,92.57,99.00,3.00,1.00,1.00
2024-12-18T15:27:00Z,95.00,99.00,92.57,99.00,4.11,1.00,1.00
2024-12-18T16:04:00Z,95.00,99.00,92.57,99.00,3.00,1.00,1.00
2024-12-18T16:21:00Z,95.00,99.00,92.57,99.00,3.00,1.00,1.00
2024-12-18T17:38:00Z,95.00,99.00,92.57,99.00,4.00,1.00,1.00
2024-12-18T19:28:00Z,95.00,99.00,92.57,99.00,4.00,1.00,1.00
2024-12-18T19:46:00Z,95.00,99.00,92.57,99.00,5.23,1.00,1.00
2024-12-18T20:06:00Z,95.00,99.00,92.57,99.00,3.00,1.00,1.00
2024-12-18T20:28:00Z,95.00,99.00,92.57,99.00,2.04,1.00,1.00
2024-12-18T20:52:00Z,95.00,99.00,92.57,99.00,2.00,1.00,1.00
2024-12-18T21:17:00Z,95.00,99.00,92.57,99.00,2.00,1.00,1.00
2024-12-18T21:21:00Z,95.00,99.00,92.57,99.00,3.00,1.00,1.00
2024-12-18T21:28:00Z,95.00,99.00,92.57,99.00,2.00,1.00,1.00
2024-12-18T22:11:00Z,95.00,99.00,92.57,99.00,3.00,1.00,1.00
2024-12-18T23:46:00Z,95.00,99.00,92.57,99.00,2.00,1.00,1.00
2024-12-18T23:51:00Z,95.00,99.00,92.57,99.00,3.00,1.00,1.00
2024-12-19T01:15:00Z,95.00,99.00,92.57,99.00,1.35,1.00,1.00
2024-12-19T01:54:00Z,95.00,99.00,92.57,99.00,3.54,1.00,1.00
2024-12-19T02:41:00Z,95.00,99.00,92.57,99.00,4.00,1.00,1.00
2024-12-19T13:03:00Z,95.00,99.00,92.57,99.00,1.21,1.00,1.00
2024-12-19T14:11:00Z,95.00,99.00,92.57,99.00,3.00,1.00,1.00
2024-12-19T14:52:00Z,95.00,99.00,92.57,99.00,1.87,1.00,1.00
2024-12-19T16:34:00Z,95.00,99.00,92.57,99.00,1.00,1.00,1.00
2024-12-19T17:03:00Z,95.00,99.00,92.57,99.00,3.00,1.00,1.00
2024-12-19T17:06:00Z,95.00,99.00,92.57,99.00,3.00,1.00,1.00
2024-12-19T18:46:00Z,95.00,99.00,92.57,99.00,2.00,1.00,1.00
2024-12-19T19:58:00Z,95.00,99.00,92.57,99.00,2.00,1.00,1.00
2024-12-19T20:27:00Z,95.00,99.00,92.57,99.00,2.00,1.00,1.00
2024-12-19T22:16:00Z,95.00,99.00,92.57,99.00,2.00,1.00,1.00
2024-12-19T22:17:00Z,95.00,99.00,92.57,99.00,3.00,1.00,1.00
2024-12-19T22:18:00Z,95.00,99.00,92.57,99.00,3.00,1.00,1.00
2024-12-19T22:20:00Z,95.00,99.00,92.57,99.00,1.00,1.00,1.00
2024-12-19T23:04:00Z,95.00,99.00,92.57,99.00,2.00,1.00,1.00
2024-12-20T00:43:00Z,95.00,99.00,92.57,99.00,3.00,1.00,1.00
2024-12-20T02:49:00Z,95.00,99.00,92.57,99.00,2.00,1.00,1.00
2024-12-20T02:56:00Z,95.00,99.00,92.57,99.00,2.00,1.00,1.00
2024-12-20T03:02:00Z,95.00,99.00,92.57,99.00,2.00,1.00,1.00
2024-12-20T04:05:00Z,95.00,99.00,92.57,99.00,3.00,1.00,1.00
2024-12-20T05:51:00Z,95.00,99.00,92.57,99.00,3.00,1.00,1.00
2024-12-20T13:03:00Z,95.00,99.00,92.57,99.00,2.00,1.00,1.00
2024-12-20T13:11:00Z,95.00,99.00,92.57,99.00,3.00,1.00,1.00
2024-12-20T14:12:00Z,95.00,99.00,92.57,99.00,2.00,1.00,1.00
2024-12-20T14:17:00Z,95.00,99.00,92.57,99.00,3.00,1.00,1.00
2024-12-20T14:44:00Z,95.00,99.00,92.57,99.00,3.00,1.00,1.00
2024-12-20T16:31:00Z,95.00,99.00,92.57,99.00,2.00,1.00,1.00
2024-12-20T17:15:00Z,95.00,99.00,92.57,99.00,3.00,1.00,1.00
2024-12-20T17:21:00Z,95.00,99.00,92.57,99.00,1.18,1.00,1.00
2024-12-31T19:49:00Z,95.00,99.00,92.57,99.00,1.00,1.00,1.00