timestamp,Above $100000
2025-11-25T16:01:00Z,52.00
2025-11-25T16:09:00Z,49.00
2025-11-25T16:12:00Z,53.00
2025-11-25T16:20:00Z,48.00
2025-11-25T16:30:00Z,48.00
2025-11-25T16:32:00Z,48.00
2025-11-25T17:04:00Z,49.00
2025-11-25T17:33:00Z,51.00
2025-11-25T17:37:00Z,51.08
2025-11-25T17:38:00Z,52.00
2025-11-25T17:39:00Z,51.00
2025-11-25T17:41:00Z,51.99
2025-11-25T17:44:00Z,51.00
2025-11-25T17:49:00Z,50.47
2025-11-25T18:13:00Z,50.00
2025-11-25T18:15:00Z,53.00
2025-11-25T18:16:00Z,50.00
2025-11-25T18:25:00Z,53.00
2025-11-25T18:26:00Z,53.00
2025-11-25T18:28:00Z,53.00
2025-11-25T18:32:00Z,53.00
2025-11-25T18:34:00Z,53.00
2025-11-25T18:42:00Z,53.00
2025-11-25T18:54:00Z,53.00
2025-11-25T18:58:00Z,53.00
2025-11-25T19:08:00Z,48.00
2025-11-25T19:10:00Z,52.73
2025-11-25T19:21:00Z,52.00
2025-11-25T19:34:00Z,48.00
2025-11-25T19:36:00Z,52.00
2025-11-25T19:38:00Z,51.00
2025-11-25T19:41:00Z,46.00
2025-11-25T19:43:00Z,49.00
2025-11-25T19:44:00Z,45.00
2025-11-25T19:45:00Z,49.00
2025-11-25T19:46:00Z,49.00
2025-11-25T19:51:00Z,48.00
2025-11-25T19:59:00Z,48.00
2025-11-25T20:00:00Z,48.00
2025-11-25T20:01:00Z,47.00
2025-11-25T20:03:00Z,48.00
2025-11-25T20:04:00Z,47.00
2025-11-25T20:05:00Z,48.00
2025-11-25T20:08:00Z,46.99
2025-11-25T20:10:00Z,48.00
2025-11-25T20:15:00Z,46.99
2025-11-25T20:22:00Z,46.00
2025-11-25T20:26:00Z,46.00
2025-11-25T20:31:00Z,45.00
2025-11-25T20:32:00Z,45.00
2025-11-25T20:33:00Z,46.00
2025-11-25T20:42:00Z,46.00
2025-11-25T20:45:00Z,46.00
2025-11-25T20:50:00Z,45.00
2025-11-25T20:51:00Z,46.00
2025-11-25T21:05:00Z,45.00
2025-11-25T21:07:00Z,46.00
2025-11-25T21:09:00Z,45.00
2025-11-25T21:10:00Z,46.00
2025-11-25T21:13:00Z,46.00
2025-11-25T21:16:00Z,46.00
2025-11-25T21:18:00Z,45.00
2025-11-25T21:19:00Z,45.00
2025-11-25T21:20:00Z,44.20
2025-11-25T21:26:00Z,45.00
2025-11-25T21:27:00Z,44.00
2025-11-25T21:40:00Z,44.00
2025-11-25T21:41:00Z,44.00
2025-11-25T21:49:00Z,45.00
2025-11-25T21:50:00Z,44.00
2025-11-25T21:53:00Z,45.00
2025-11-25T21:54:00Z,44.00
2025-11-25T22:01:00Z,44.62
2025-11-25T22:02:00Z,44.39
2025-11-25T22:03:00Z,42.94
2025-11-25T22:04:00Z,43.00
2025-11-25T22:05:00Z,43.81
2025-11-25T22:06:00Z,41.27
2025-11-25T22:07:00Z,41.88
2025-11-25T22:08:00Z,44.00
2025-11-25T22:09:00Z,43.84
2025-11-25T22:10:00Z,43.74
2025-11-25T22:11:00Z,43.44
2025-11-25T22:12:00Z,43.88
2025-11-25T22:13:00Z,43.33
2025-11-25T22:14:00Z,43.00
2025-11-25T22:15:00Z,43.00
2025-11-25T22:16:00Z,43.00
2025-11-25T22:17:00Z,40.68
2025-11-25T22:18:00Z,43.03
2025-11-25T22:19:00Z,40.00
2025-11-25T22:20:00Z,41.47
2025-11-25T22:21:00Z,41.75
2025-11-25T22:22:00Z,40.00
2025-11-25T22:23:00Z,43.06
2025-11-25T22:24:00Z,41.85
2025-11-25T22:25:00Z,44.00
2025-11-25T22:26:00Z,44.00
2025-11-25T22:27:00Z,41.89
2025-11-25T22:28:00Z,44.00
2025-11-25T22:32:00Z,43.20
2025-11-25T22:34:00Z,43.86
2025-11-25T22:35:00Z,43.00
2025-11-25T22:36:00Z,44.00
2025-11-25T22:38:00Z,44.00
2025-11-25T22:39:00Z,42.46
2025-11-25T22:41:00Z,43.00
2025-11-25T22:42:00Z,43.58
2025-11-25T22:43:00Z,42.00
2025-11-25T22:44:00Z,42.93
2025-11-25T22:45:00Z,43.00
2025-11-25T22:46:00Z,43.00
2025-11-25T22:49:00Z,42.00
2025-11-25T22:51:00Z,43.00
2025-11-25T22:54:00Z,42.00
2025-11-25T22:55:00Z,42.00
2025-11-25T22:56:00Z,43.00
2025-11-25T22:57:00Z,43.00
2025-11-25T22:59:00Z,43.00
2025-11-25T23:00:00Z,44.00
2025-11-25T23:01:00Z,43.00
2025-11-25T23:02:00Z,44.00
2025-11-25T23:07:00Z,42.00
2025-11-25T23:08:00Z,43.72
2025-11-25T23:10:00Z,44.00
2025-11-25T23:12:00Z,44.00
2025-11-25T23:14:00Z,42.95
2025-11-25T23:15:00Z,44.00
2025-11-25T23:16:00Z,42.01
2025-11-25T23:18:00Z,42.00
2025-11-25T23:21:00Z,42.00
2025-11-25T23:22:00Z,43.45
2025-11-25T23:25:00Z,43.00
2025-11-25T23:26:00Z,44.00
2025-11-25T23:30:00Z,43.90
2025-11-25T23:31:00Z,44.23
2025-11-25T23:34:00Z,42.00
2025-11-25T23:38:00Z,44.00
2025-11-25T23:39:00Z,41.00
2025-11-25T23:41:00Z,44.00
2025-11-25T23:42:00Z,44.00
2025-11-25T23:44:00Z,44.32
2025-11-25T23:51:00Z,42.00
2025-11-25T23:52:00Z,42.00
2025-11-25T23:53:00Z,42.17
2025-11-25T23:54:00Z,41.81
2025-11-25T23:55:00Z,45.00
2025-11-25T23:56:00Z,41.00
2025-11-26T00:02:00Z,44.00
2025-11-26T00:04:00Z,41.00
2025-11-26T00:05:00Z,41.00
2025-11-26T00:06:00Z,44.00
2025-11-26T00:08:00Z,44.00
2025-11-26T00:13:00Z,44.00
2025-11-26T00:16:00Z,41.00
2025-11-26T00:17:00Z,44.00
2025-11-26T00:22:00Z,41.31
2025-11-26T00:35:00Z,41.00
2025-11-26T00:36:00Z,43.00
2025-11-26T00:47:00Z,43.12
2025-11-26T00:50:00Z,41.00
2025-11-26T00:59:00Z,44.00
2025-11-26T01:05:00Z,41.00
2025-11-26T01:06:00Z,41.00
2025-11-26T01:07:00Z,43.53
2025-11-26T01:08:00Z,41.00
2025-11-26T01:10:00Z,41.00
2025-11-26T01:16:00Z,43.25
2025-11-26T01:17:00Z,44.00
2025-11-26T01:19:00Z,44.00
2025-11-26T01:20:00Z,42.00
2025-11-26T01:29:00Z,41.00
2025-11-26T01:33:00Z,42.00
2025-11-26T01:41:00Z,42.00
2025-11-26T01:45:00Z,42.00
2025-11-26T01:46:00Z,42.23
2025-11-26T01:47:00Z,41.00
2025-11-26T01:48:00Z,41.00
2025-11-26T01:49:00Z,43.88
2025-11-26T01:52:00Z,41.24
2025-11-26T01:58:00Z,41.00
2025-11-26T02:02:00Z,41.00
2025-11-26T02:04:00Z,43.00
2025-11-26T02:07:00Z,43.00
2025-11-26T02:11:00Z,41.00
2025-11-26T02:12:00Z,42.46
2025-11-26T02:13:00Z,43.00
2025-11-26T02:15:00Z,41.00
2025-11-26T02:18:00Z,42.51
2025-11-26T02:21:00Z,42.00
2025-11-26T02:22:00Z,43.00
2025-11-26T02:23:00Z,41.00
2025-11-26T02:28:00Z,41.00
2025-11-26T02:31:00Z,42.00
2025-11-26T02:32:00Z,42.00
2025-11-26T02:33:00Z,42.00
2025-11-26T02:34:00Z,41.00
2025-11-26T02:35:00Z,42.00
2025-11-26T02:36:00Z,42.00
2025-11-26T02:37:00Z,41.00
2025-11-26T02:42:00Z,40.00
2025-11-26T02:45:00Z,41.00
2025-11-26T02:46:00Z,39.19
2025-11-26T02:48:00Z,39.00
2025-11-26T02:49:00Z,38.39
2025-11-26T02:52:00Z,37.00
2025-11-26T02:54:00Z,40.00
2025-11-26T02:56:00Z,37.00
2025-11-26T03:01:00Z,40.00
2025-11-26T03:08:00Z,40.00
2025-11-26T03:11:00Z,40.00
2025-11-26T03:18:00Z,40.00
2025-11-26T03:19:00Z,40.00
2025-11-26T03:21:00Z,40.00
2025-11-26T03:27:00Z,40.00
2025-11-26T03:29:00Z,40.00
2025-11-26T03:36:00Z,40.00
2025-11-26T03:38:00Z,39.00
2025-11-26T03:39:00Z,38.53
2025-11-26T03:40:00Z,40.49
2025-11-26T03:41:00Z,39.00
2025-11-26T03:42:00Z,38.23
2025-11-26T03:43:00Z,41.00
2025-11-26T03:49:00Z,39.79
2025-11-26T03:50:00Z,40.10
2025-11-26T03:53:00Z,38.00
2025-11-26T03:55:00Z,40.00
2025-11-26T03:56:00Z,40.00
2025-11-26T03:57:00Z,40.00
2025-11-26T03:58:00Z,40.00
2025-11-26T04:02:00Z,40.00
2025-11-26T04:07:00Z,38.00
2025-11-26T04:09:00Z,40.00
2025-11-26T04:10:00Z,39.00
2025-11-26T04:14:00Z,40.00
2025-11-26T04:15:00Z,40.00
2025-11-26T04:17:00Z,39.00
2025-11-26T04:19:00Z,38.00
2025-11-26T04:20:00Z,38.00
2025-11-26T04:21:00Z,38.00
2025-11-26T04:26:00Z,38.00
2025-11-26T04:29:00Z,39.00
2025-11-26T04:33:00Z,39.00
2025-11-26T04:34:00Z,38.00
2025-11-26T04:36:00Z,39.00
2025-11-26T04:37:00Z,39.00
2025-11-26T04:38:00Z,38.00
2025-11-26T04:40:00Z,38.13
2025-11-26T04:41:00Z,38.00
2025-11-26T04:44:00Z,39.00
2025-11-26T04:47:00Z,38.00
2025-11-26T04:48:00Z,38.85
2025-11-26T04:49:00Z,38.00
2025-11-26T04:50:00Z,38.05
2025-11-26T04:51:00Z,39.00
2025-11-26T04:55:00Z,38.00
2025-11-26T04:58:00Z,39.00
2025-11-26T05:01:00Z,39.00
2025-11-26T05:04:00Z,39.00
2025-11-26T05:05:00Z,39.00
2025-11-26T05:06:00Z,39.00
2025-11-26T05:11:00Z,39.00
2025-11-26T05:12:00Z,39.00
2025-11-26T05:13:00Z,38.94
2025-11-26T05:14:00Z,38.89
2025-11-26T05:19:00Z,38.00
2025-11-26T05:23:00Z,38.00
2025-11-26T05:26:00Z,38.00
2025-11-26T05:27:00Z,38.00
2025-11-26T05:30:00Z,39.00
2025-11-26T05:31:00Z,39.00
2025-11-26T05:32:00Z,38.00
2025-11-26T05:33:00Z,39.00
2025-11-26T05:37:00Z,38.30
2025-11-26T05:39:00Z,39.00
2025-11-26T05:40:00Z,38.00
2025-11-26T05:45:00Z,39.00
2025-11-26T05:51:00Z,39.00
2025-11-26T05:53:00Z,38.00
2025-11-26T05:56:00Z,39.00
2025-11-26T05:57:00Z,39.00
2025-11-26T05:58:00Z,39.00
2025-11-26T05:59:00Z,38.00
2025-11-26T06:00:00Z,38.00
2025-11-26T06:01:00Z,39.00
2025-11-26T06:03:00Z,38.00
2025-11-26T06:04:00Z,39.00
2025-11-26T06:05:00Z,38.00
2025-11-26T06:06:00Z,38.00
2025-11-26T06:08:00Z,38.36
2025-11-26T06:09:00Z,38.00
2025-11-26T06:10:00Z,38.00
2025-11-26T06:12:00Z,38.00
2025-11-26T06:13:00Z,39.00
2025-11-26T06:16:00Z,38.80
2025-11-26T06:17:00Z,39.00
2025-11-26T06:18:00Z,39.00
2025-11-26T06:19:00Z,38.13
2025-11-26T06:20:00Z,38.03
2025-11-26T06:21:00Z,38.00
2025-11-26T06:25:00Z,38.00
2025-11-26T06:27:00Z,38.31
2025-11-26T06:29:00Z,38.00
2025-11-26T06:30:00Z,39.00
2025-11-26T06:31:00Z,38.14
2025-11-26T06:32:00Z,38.10
2025-11-26T06:33:00Z,37.08
2025-11-26T06:34:00Z,37.25
2025-11-26T06:35:00Z,36.33
2025-11-26T06:38:00Z,36.97
2025-11-26T06:39:00Z,36.00
2025-11-26T06:40:00Z,36.00
2025-11-26T06:41:00Z,36.00
2025-11-26T06:43:00Z,38.79
2025-11-26T06:44:00Z,38.61
2025-11-26T06:45:00Z,38.35
2025-11-26T06:47:00Z,38.00
2025-11-26T06:48:00Z,38.00
2025-11-26T06:49:00Z,37.55
2025-11-26T06:50:00Z,37.94
2025-11-26T06:51:00Z,38.00
2025-11-26T06:52:00Z,38.00
2025-11-26T06:53:00Z,38.32
2025-11-26T06:54:00Z,38.54
2025-11-26T06:55:00Z,38.00
2025-11-26T06:56:00Z,37.85
2025-11-26T06:57:00Z,38.35
2025-11-26T06:58:00Z,38.32
2025-11-26T07:00:00Z,37.76
2025-11-26T07:01:00Z,37.00
2025-11-26T07:02:00Z,38.00
2025-11-26T07:03:00Z,39.00
2025-11-26T07:04:00Z,37.51
2025-11-26T07:06:00Z,38.00
2025-11-26T07:07:00Z,37.00
2025-11-26T07:11:00Z,38.00
2025-11-26T07:12:00Z,38.00
2025-11-26T07:14:00Z,37.96
2025-11-26T07:16:00Z,38.00
2025-11-26T07:17:00Z,37.68
2025-11-26T07:18:00Z,37.00
2025-11-26T07:19:00Z,37.00
2025-11-26T07:20:00Z,38.00
2025-11-26T07:21:00Z,37.01
2025-11-26T07:23:00Z,38.00
2025-11-26T07:25:00Z,37.00
2025-11-26T07:26:00Z,36.00
2025-11-26T07:28:00Z,37.32
2025-11-26T07:29:00Z,37.93
2025-11-26T07:30:00Z,38.00
2025-11-26T07:31:00Z,37.00
2025-11-26T07:32:00Z,37.96
2025-11-26T07:34:00Z,37.00
2025-11-26T07:37:00Z,38.00
2025-11-26T07:38:00Z,38.00
2025-11-26T07:39:00Z,37.00
2025-11-26T07:41:00Z,37.00
2025-11-26T07:43:00Z,37.00
2025-11-26T07:47:00Z,38.00
2025-11-26T07:48:00Z,38.00
2025-11-26T07:49:00Z,38.77
2025-11-26T07:50:00Z,38.98
2025-11-26T07:54:00Z,39.00
2025-11-26T07:57:00Z,39.00
2025-11-26T07:58:00Z,39.00
2025-11-26T08:04:00Z,39.00
2025-11-26T08:07:00Z,38.00
2025-11-26T08:08:00Z,39.00
2025-11-26T08:12:00Z,38.00
2025-11-26T08:14:00Z,39.00
2025-11-26T08:15:00Z,39.00
2025-11-26T08:16:00Z,38.16
2025-11-26T08:17:00Z,37.00
2025-11-26T08:18:00Z,39.00
2025-11-26T08:19:00Z,38.00
2025-11-26T08:20:00Z,36.05
2025-11-26T08:22:00Z,38.00
2025-11-26T08:23:00Z,38.00
2025-11-26T08:29:00Z,38.58
2025-11-26T08:31:00Z,38.39
2025-11-26T08:33:00Z,39.00
2025-11-26T08:34:00Z,39.00
2025-11-26T08:38:00Z,39.00
2025-11-26T08:39:00Z,36.25
2025-11-26T08:40:00Z,38.86
2025-11-26T08:41:00Z,39.00
2025-11-26T08:44:00Z,39.00
2025-11-26T08:47:00Z,38.00
2025-11-26T08:51:00Z,39.00
2025-11-26T08:55:00Z,38.00
2025-11-26T08:56:00Z,38.59
2025-11-26T08:57:00Z,39.00
2025-11-26T08:58:00Z,38.00
2025-11-26T09:01:00Z,38.00
2025-11-26T09:09:00Z,39.00
2025-11-26T09:14:00Z,39.00
2025-11-26T09:15:00Z,39.23
2025-11-26T09:16:00Z,38.00
2025-11-26T09:17:00Z,38.00
2025-11-26T09:18:00Z,38.00
2025-11-26T09:22:00Z,39.20
2025-11-26T09:23:00Z,37.61
2025-11-26T09:24:00Z,38.60
2025-11-26T09:27:00Z,38.00
2025-11-26T09:29:00Z,38.00
2025-11-26T09:31:00Z,39.00
2025-11-26T09:36:00Z,39.00
2025-11-26T09:37:00Z,38.00
2025-11-26T09:39:00Z,38.00
2025-11-26T09:45:00Z,37.16
2025-11-26T09:48:00Z,38.00
2025-11-26T09:51:00Z,38.00
2025-11-26T09:54:00Z,36.00
2025-11-26T09:57:00Z,37.75
2025-11-26T10:01:00Z,36.00
2025-11-26T10:07:00Z,37.03
2025-11-26T10:10:00Z,37.00
2025-11-26T10:11:00Z,37.00
2025-11-26T10:12:00Z,37.00
2025-11-26T10:13:00Z,36.86
2025-11-26T10:14:00Z,37.00
2025-11-26T10:18:00Z,37.00
2025-11-26T10:24:00Z,37.00
2025-11-26T10:25:00Z,36.00
2025-11-26T10:26:00Z,36.00
2025-11-26T10:27:00Z,37.00
2025-11-26T10:28:00Z,37.00
2025-11-26T10:29:00Z,36.00
2025-11-26T10:35:00Z,36.85
2025-11-26T10:37:00Z,36.89
2025-11-26T10:38:00Z,37.00
2025-11-26T10:41:00Z,36.00
2025-11-26T10:43:00Z,36.00
2025-11-26T10:46:00Z,37.00
2025-11-26T10:47:00Z,37.00
2025-11-26T10:49:00Z,36.00
2025-11-26T10:53:00Z,37.00
2025-11-26T10:54:00Z,38.00
2025-11-26T10:57:00Z,37.00
2025-11-26T10:59:00Z,37.00
2025-11-26T11:05:00Z,38.00
2025-11-26T11:07:00Z,38.00
2025-11-26T11:10:00Z,38.00
2025-11-26T11:11:00Z,37.00
2025-11-26T11:13:00Z,38.00
2025-11-26T11:14:00Z,37.00
2025-11-26T11:15:00Z,37.00
2025-11-26T11:16:00Z,38.00
2025-11-26T11:17:00Z,38.00
2025-11-26T11:18:00Z,37.50
2025-11-26T11:19:00Z,37.00
2025-11-26T11:20:00Z,38.00
2025-11-26T11:21:00Z,37.00
2025-11-26T11:22:00Z,37.49
2025-11-26T11:25:00Z,38.00
2025-11-26T11:26:00Z,37.88
2025-11-26T11:29:00Z,37.00
2025-11-26T11:32:00Z,37.00
2025-11-26T11:35:00Z,37.00
2025-11-26T11:37:00Z,38.00
2025-11-26T11:39:00Z,37.00
2025-11-26T11:42:00Z,38.00
2025-11-26T11:45:00Z,38.00
2025-11-26T11:49:00Z,38.00
2025-11-26T11:51:00Z,37.00
2025-11-26T11:53:00Z,37.19
2025-11-26T11:57:00Z,37.51
2025-11-26T11:58:00Z,37.03
2025-11-26T12:00:00Z,37.00
2025-11-26T12:01:00Z,37.76
2025-11-26T12:02:00Z,37.00
2025-11-26T12:04:00Z,38.00
2025-11-26T12:06:00Z,37.00
2025-11-26T12:07:00Z,37.94
2025-11-26T12:08:00Z,37.00
2025-11-26T12:09:00Z,37.99
2025-11-26T12:10:00Z,38.00
2025-11-26T12:11:00Z,37.00
2025-11-26T12:12:00Z,38.00
2025-11-26T12:13:00Z,36.89
2025-11-26T12:16:00Z,37.00
2025-11-26T12:20:00Z,36.05
2025-11-26T12:23:00Z,37.00
2025-11-26T12:24:00Z,37.00
2025-11-26T12:31:00Z,36.00
2025-11-26T12:34:00Z,37.00
2025-11-26T12:36:00Z,37.74
2025-11-26T12:39:00Z,38.00
2025-11-26T12:40:00Z,37.00
2025-11-26T12:41:00Z,37.14
2025-11-26T12:42:00Z,36.65
2025-11-26T12:43:00Z,36.00
2025-11-26T12:45:00Z,36.00
2025-11-26T12:47:00Z,36.75
2025-11-26T12:48:00Z,37.00
2025-11-26T12:50:00Z,38.00
2025-11-26T12:52:00Z,38.00
2025-11-26T12:53:00Z,37.87
2025-11-26T12:54:00Z,37.00
2025-11-26T12:55:00Z,37.04
2025-11-26T12:56:00Z,37.00
2025-11-26T12:58:00Z,37.00
2025-11-26T12:59:00Z,37.00
2025-11-26T13:00:00Z,37.97
2025-11-26T13:01:00Z,37.50
2025-11-26T13:02:00Z,37.42
2025-11-26T13:03:00Z,37.38
2025-11-26T13:07:00Z,37.94
2025-11-26T13:10:00Z,38.00
2025-11-26T13:12:00Z,37.00
2025-11-26T13:18:00Z,37.00
2025-11-26T13:20:00Z,37.00
2025-11-26T13:23:00Z,38.00
2025-11-26T13:24:00Z,38.00
2025-11-26T13:28:00Z,38.00
2025-11-26T13:32:00Z,37.00
2025-11-26T13:39:00Z,38.00
2025-11-26T13:53:00Z,38.00
2025-11-26T13:59:00Z,37.00
2025-11-26T14:02:00Z,38.00
2025-11-26T14:07:00Z,37.00
2025-11-26T14:11:00Z,37.00
2025-11-26T14:15:00Z,37.00
2025-11-26T14:25:00Z,37.00
2025-11-26T14:29:00Z,38.00
2025-11-26T14:31:00Z,38.00
2025-11-26T14:35:00Z,38.00
2025-11-26T14:36:00Z,37.00
2025-11-26T14:43:00Z,37.00
2025-11-26T14:47:00Z,38.00
2025-11-26T14:50:00Z,38.00
2025-11-26T14:52:00Z,38.00
2025-11-26T14:54:00Z,37.00
2025-11-26T14:55:00Z,37.00
2025-11-26T14:59:00Z,38.00
2025-11-26T15:01:00Z,38.00
2025-11-26T15:02:00Z,37.96
2025-11-26T15:03:00Z,37.00
2025-11-26T15:04:00Z,37.00
2025-11-26T15:11:00Z,38.00
2025-11-26T15:12:00Z,37.00
2025-11-26T15:15:00Z,37.00
2025-11-26T15:17:00Z,37.00
2025-11-26T15:18:00Z,38.00
2025-11-26T15:19:00Z,37.00
2025-11-26T15:20:00Z,37.00
2025-11-26T15:21:00Z,38.00
2025-11-26T15:26:00Z,38.00
2025-11-26T15:27:00Z,37.00
2025-11-26T15:28:00Z,37.00
2025-11-26T15:29:00Z,36.00
2025-11-26T15:30:00Z,37.00
2025-11-26T15:32:00Z,36.00
2025-11-26T15:37:00Z,36.80
2025-11-26T15:49:00Z,36.77
2025-11-26T15:50:00Z,36.00
2025-11-26T15:52:00Z,37.00
2025-11-26T15:53:00Z,37.00
2025-11-26T15:54:00Z,36.00
2025-11-26T15:58:00Z,37.00
2025-11-26T16:10:00Z,37.00
2025-11-26T16:13:00Z,36.00
2025-11-26T16:15:00Z,36.00
2025-11-26T16:22:00Z,36.12
2025-11-26T16:24:00Z,37.00
2025-11-26T16:25:00Z,37.00
2025-11-26T16:26:00Z,36.00
2025-11-26T16:28:00Z,37.00
2025-11-26T16:33:00Z,37.00
2025-11-26T16:34:00Z,38.00
2025-11-26T16:37:00Z,38.00
2025-11-26T16:38:00Z,38.00
2025-11-26T16:42:00Z,38.00
2025-11-26T16:45:00Z,38.00
2025-11-26T16:47:00Z,38.00
2025-11-26T16:48:00Z,38.00
2025-11-26T16:56:00Z,37.00
2025-11-26T16:57:00Z,38.00
2025-11-26T17:01:00Z,37.00
2025-11-26T17:03:00Z,37.99
2025-11-26T17:07:00Z,38.00
2025-11-26T17:08:00Z,38.00
2025-11-26T17:11:00Z,37.00
2025-11-26T17:19:00Z,38.00
2025-11-26T17:22:00Z,37.00
2025-11-26T17:23:00Z,38.00
2025-11-26T17:24:00Z,38.00
2025-11-26T17:25:00Z,37.95
2025-11-26T17:26:00Z,37.00
2025-11-26T17:27:00Z,37.92
2025-11-26T17:28:00Z,37.98
2025-11-26T17:29:00Z,38.00
2025-11-26T17:31:00Z,38.00
2025-11-26T17:32:00Z,38.00
2025-11-26T17:35:00Z,38.00
2025-11-26T17:36:00Z,38.40
2025-11-26T17:38:00Z,39.00
2025-11-26T17:39:00Z,39.00
2025-11-26T17:41:00Z,38.00
2025-11-26T17:47:00Z,38.10
2025-11-26T17:48:00Z,38.65
2025-11-26T17:50:00Z,40.00
2025-11-26T17:52:00Z,40.00
2025-11-26T17:54:00Z,40.00
2025-11-26T17:56:00Z,41.00
2025-11-26T17:57:00Z,40.00
2025-11-26T18:00:00Z,41.00
2025-11-26T18:01:00Z,40.28
2025-11-26T18:02:00Z,40.00
2025-11-26T18:03:00Z,41.95
2025-11-26T18:04:00Z,42.00
2025-11-26T18:05:00Z,41.30
2025-11-26T18:06:00Z,42.00
2025-11-26T18:07:00Z,43.00
2025-11-26T18:08:00Z,43.00
2025-11-26T18:09:00Z,43.00
2025-11-26T18:10:00Z,43.00
2025-11-26T18:11:00Z,44.00
2025-11-26T18:14:00Z,44.00
2025-11-26T18:15:00Z,44.00
2025-11-26T18:16:00Z,44.00
2025-11-26T18:17:00Z,43.95
2025-11-26T18:20:00Z,44.00
2025-11-26T18:21:00Z,44.00
2025-11-26T18:22:00Z,43.00
2025-11-26T18:24:00Z,44.00
2025-11-26T18:25:00Z,44.00
2025-11-26T18:26:00Z,44.00
2025-11-26T18:28:00Z,44.00
2025-11-26T18:30:00Z,44.00
2025-11-26T18:32:00Z,44.00
2025-11-26T18:37:00Z,44.00
2025-11-26T18:39:00Z,44.49
2025-11-26T18:42:00Z,46.10
2025-11-26T18:45:00Z,46.00
2025-11-26T18:48:00Z,45.00
2025-11-26T18:50:00Z,46.44
2025-11-26T18:51:00Z,48.00
2025-11-26T18:55:00Z,48.00
2025-11-26T18:59:00Z,48.53
2025-11-26T19:01:00Z,49.00
2025-11-26T19:02:00Z,48.00
2025-11-26T19:03:00Z,49.00
2025-11-26T19:04:00Z,49.00
2025-11-26T19:05:00Z,49.00
2025-11-26T19:06:00Z,49.00
2025-11-26T19:09:00Z,48.08
2025-11-26T19:10:00Z,47.00
2025-11-26T19:12:00Z,47.00
2025-11-26T19:15:00Z,48.49
2025-11-26T19:17:00Z,49.00
2025-11-26T19:20:00Z,49.00
2025-11-26T19:21:00Z,48.97
2025-11-26T19:24:00Z,49.00
2025-11-26T19:26:00Z,49.00
2025-11-26T19:31:00Z,48.05
2025-11-26T19:32:00Z,50.00
2025-11-26T19:34:00Z,47.00
2025-11-26T19:40:00Z,50.00
2025-11-26T19:41:00Z,47.29
2025-11-26T19:42:00Z,47.00
2025-11-26T19:44:00Z,49.00
2025-11-26T19:45:00Z,49.00
2025-11-26T19:47:00Z,47.00
2025-11-26T19:48:00Z,49.00
2025-11-26T19:49:00Z,49.00
2025-11-26T19:54:00Z,49.00
2025-11-26T19:55:00Z,49.00
2025-11-26T19:56:00Z,49.00
2025-11-26T20:01:00Z,48.00
2025-11-26T20:03:00Z,49.00
2025-11-26T20:04:00Z,49.00
2025-11-26T20:06:00Z,49.00
2025-11-26T20:08:00Z,48.00
2025-11-26T20:11:00Z,49.00
2025-11-26T20:12:00Z,49.00
2025-11-26T20:13:00Z,49.00
2025-11-26T20:15:00Z,49.00
2025-11-26T20:16:00Z,49.00
2025-11-26T20:18:00Z,49.97
2025-11-26T20:19:00Z,50.00
2025-11-26T20:23:00Z,49.72
2025-11-26T20:29:00Z,49.63
2025-11-26T20:33:00Z,49.03
2025-11-26T20:34:00Z,48.00
2025-11-26T20:35:00Z,50.00
2025-11-26T20:38:00Z,49.00
2025-11-26T20:39:00Z,47.00
2025-11-26T20:42:00Z,49.00
2025-11-26T20:43:00Z,49.28
2025-11-26T20:45:00Z,50.00
2025-11-26T20:47:00Z,47.78
2025-11-26T20:49:00Z,50.00
2025-11-26T20:54:00Z,49.00
2025-11-26T21:00:00Z,50.00
2025-11-26T21:01:00Z,47.39
2025-11-26T21:02:00Z,48.00
2025-11-26T21:03:00Z,50.00
2025-11-26T21:05:00Z,47.00
2025-11-26T21:07:00Z,49.00
2025-11-26T21:08:00Z,49.84
2025-11-26T21:18:00Z,49.00
2025-11-26T21:19:00Z,50.00
2025-11-26T21:20:00Z,49.22
2025-11-26T21:22:00Z,50.00
2025-11-26T21:29:00Z,48.95
2025-11-26T21:30:00Z,50.00
2025-11-26T21:32:00Z,48.00
2025-11-26T21:33:00Z,49.34
2025-11-26T21:35:00Z,50.00
2025-11-26T21:38:00Z,50.00
2025-11-26T21:41:00Z,48.00
2025-11-26T21:42:00Z,49.96
2025-11-26T21:44:00Z,50.00
2025-11-26T21:46:00Z,50.00
2025-11-26T21:48:00Z,50.00
2025-11-26T21:49:00Z,50.00
2025-11-26T21:51:00Z,50.00
2025-11-26T21:53:00Z,48.00
2025-11-26T22:00:00Z,49.77
2025-11-26T22:04:00Z,49.00
2025-11-26T22:06:00Z,49.00
2025-11-26T22:08:00Z,49.00
2025-11-26T22:10:00Z,49.00
2025-11-26T22:13:00Z,49.00
2025-11-26T22:14:00Z,49.00
2025-11-26T22:16:00Z,49.57
2025-11-26T22:18:00Z,49.84
2025-11-26T22:20:00Z,49.84
2025-11-26T22:21:00Z,49.73
2025-11-26T22:22:00Z,50.00
2025-11-26T22:24:00Z,48.00
2025-11-26T22:25:00Z,49.00
2025-11-26T22:31:00Z,50.00
2025-11-26T22:34:00Z,48.00
2025-11-26T22:36:00Z,49.00
2025-11-26T22:38:00Z,50.00
2025-11-26T22:40:00Z,49.00
2025-11-26T22:42:00Z,49.50
2025-11-26T22:43:00Z,50.00
2025-11-26T22:46:00Z,50.00
2025-11-26T22:49:00Z,50.00
2025-11-26T22:52:00Z,50.00
2025-11-26T22:53:00Z,49.00
2025-11-26T22:57:00Z,50.00
2025-11-26T22:59:00Z,50.00
2025-11-26T23:04:00Z,49.01
2025-11-26T23:07:00Z,50.00
2025-11-26T23:09:00Z,50.00
2025-11-26T23:11:00Z,49.06
2025-11-26T23:13:00Z,50.00
2025-11-26T23:19:00Z,49.00
2025-11-26T23:27:00Z,49.00
2025-11-26T23:28:00Z,48.34
2025-11-26T23:32:00Z,49.00
2025-11-26T23:34:00Z,49.00
2025-11-26T23:35:00Z,48.00
2025-11-26T23:38:00Z,49.00
2025-11-26T23:39:00Z,48.35
2025-11-26T23:41:00Z,48.00
2025-11-26T23:44:00Z,49.09
2025-11-26T23:47:00Z,49.75
2025-11-26T23:48:00Z,49.25
2025-11-26T23:49:00Z,49.00
2025-11-26T23:52:00Z,48.00
2025-11-26T23:53:00Z,48.00
2025-11-26T23:56:00Z,49.75
2025-11-26T23:58:00Z,50.00
2025-11-26T23:59:00Z,50.00
2025-11-27T00:01:00Z,50.00
2025-11-27T00:04:00Z,49.00
2025-11-27T00:08:00Z,49.00
2025-11-27T00:11:00Z,49.00
2025-11-27T00:13:00Z,50.00
2025-11-27T00:14:00Z,50.00
2025-11-27T00:16:00Z,50.00
2025-11-27T00:18:00Z,50.00
2025-11-27T00:19:00Z,49.00
2025-11-27T00:30:00Z,50.00
2025-11-27T00:32:00Z,49.00
2025-11-27T00:39:00Z,49.00
2025-11-27T00:41:00Z,50.00
2025-11-27T00:44:00Z,49.00
2025-11-27T00:54:00Z,50.00
2025-11-27T00:57:00Z,49.00
2025-11-27T01:03:00Z,49.00
2025-11-27T01:05:00Z,50.00
2025-11-27T01:08:00Z,49.00
2025-11-27T01:10:00Z,49.33
2025-11-27T01:13:00Z,50.00
2025-11-27T01:14:00Z,50.00
2025-11-27T01:18:00Z,50.80
2025-11-27T01:23:00Z,51.00
2025-11-27T01:25:00Z,51.00
2025-11-27T01:26:00Z,51.00
2025-11-27T01:36:00Z,51.00
2025-11-27T01:37:00Z,50.00
2025-11-27T01:38:00Z,51.00
2025-11-27T01:42:00Z,51.00
2025-11-27T01:47:00Z,51.99
2025-11-27T01:48:00Z,50.75
2025-11-27T01:49:00Z,52.00
2025-11-27T01:53:00Z,50.00
2025-11-27T01:57:00Z,51.00
2025-11-27T02:00:00Z,51.78
2025-11-27T02:02:00Z,51.93
2025-11-27T02:03:00Z,52.62
2025-11-27T02:05:00Z,52.00
2025-11-27T02:06:00Z,53.00
2025-11-27T02:08:00Z,53.88
2025-11-27T02:09:00Z,54.00
2025-11-27T02:13:00Z,53.00
2025-11-27T02:16:00Z,53.00
2025-11-27T02:17:00Z,53.00
2025-11-27T02:19:00Z,53.00
2025-11-27T02:20:00Z,54.00
2025-11-27T02:22:00Z,55.00
2025-11-27T02:23:00Z,55.00
2025-11-27T02:28:00Z,55.12
2025-11-27T02:30:00Z,56.00
2025-11-27T02:31:00Z,57.00
2025-11-27T02:32:00Z,57.00
2025-11-27T02:33:00Z,57.00
2025-11-27T02:34:00Z,56.00
2025-11-27T02:36:00Z,55.40
2025-11-27T02:40:00Z,57.00
2025-11-27T02:44:00Z,57.86
2025-11-27T02:45:00Z,58.00
2025-11-27T02:46:00Z,58.00
2025-11-27T02:47:00Z,57.98
2025-11-27T02:51:00Z,57.00
2025-11-27T02:52:00Z,58.00
2025-11-27T02:53:00Z,58.00
2025-11-27T02:54:00Z,59.00
2025-11-27T02:55:00Z,59.00
2025-11-27T02:57:00Z,58.03
2025-11-27T03:00:00Z,58.13
2025-11-27T03:02:00Z,57.00
2025-11-27T03:06:00Z,59.00
2025-11-27T03:07:00Z,59.00
2025-11-27T03:10:00Z,57.68
2025-11-27T03:12:00Z,57.49
2025-11-27T03:13:00Z,58.00
2025-11-27T03:17:00Z,57.00
2025-11-27T03:20:00Z,57.00
2025-11-27T03:22:00Z,59.00
2025-11-27T03:26:00Z,57.00
2025-11-27T03:27:00Z,58.00
2025-11-27T03:31:00Z,58.00
2025-11-27T03:32:00Z,58.00
2025-11-27T03:35:00Z,58.00
2025-11-27T03:38:00Z,58.00
2025-11-27T03:43:00Z,57.00
2025-11-27T03:44:00Z,58.00
2025-11-27T03:45:00Z,57.00
2025-11-27T03:48:00Z,57.00
2025-11-27T03:49:00Z,57.00
2025-11-27T03:50:00Z,58.00
2025-11-27T03:55:00Z,57.00
2025-11-27T03:56:00Z,58.00
2025-11-27T03:58:00Z,58.00
2025-11-27T04:00:00Z,57.00
2025-11-27T04:01:00Z,57.00
2025-11-27T04:03:00Z,58.00
2025-11-27T04:04:00Z,58.00
2025-11-27T04:25:00Z,57.80
2025-11-27T04:26:00Z,57.00
2025-11-27T04:28:00Z,58.90
2025-11-27T04:30:00Z,58.00
2025-11-27T04:37:00Z,58.00
2025-11-27T04:38:00Z,57.00
2025-11-27T04:45:00Z,57.00
2025-11-27T04:46:00Z,57.00
2025-11-27T04:53:00Z,57.00
2025-11-27T04:56:00Z,57.00
2025-11-27T05:02:00Z,55.00
2025-11-27T05:06:00Z,57.00
2025-11-27T05:07:00Z,55.22
2025-11-27T05:08:00Z,57.00
2025-11-27T05:12:00Z,57.00
2025-11-27T05:16:00Z,58.00
2025-11-27T05:24:00Z,58.00
2025-11-27T05:25:00Z,58.00
2025-11-27T05:30:00Z,58.00
2025-11-27T05:35:00Z,58.00
2025-11-27T05:36:00Z,58.00
2025-11-27T05:38:00Z,57.00
2025-11-27T05:42:00Z,58.00
2025-11-27T05:43:00Z,58.00
2025-11-27T05:44:00Z,58.00
2025-11-27T05:46:00Z,57.00
2025-11-27T05:47:00Z,57.00
2025-11-27T05:49:00Z,58.00
2025-11-27T05:51:00Z,58.00
2025-11-27T05:52:00Z,58.00
2025-11-27T05:54:00Z,58.00
2025-11-27T05:55:00Z,58.00
2025-11-27T05:56:00Z,56.22
2025-11-27T06:00:00Z,57.00
2025-11-27T06:02:00Z,55.05
2025-11-27T06:03:00Z,57.76
2025-11-27T06:07:00Z,57.00
2025-11-27T06:08:00Z,59.00
2025-11-27T06:19:00Z,60.87
2025-11-27T06:20:00Z,61.00
2025-11-27T06:24:00Z,60.64
2025-11-27T06:30:00Z,57.00
2025-11-27T06:33:00Z,60.00
2025-11-27T06:42:00Z,60.69
2025-11-27T06:59:00Z,60.20
2025-11-27T07:01:00Z,60.00
2025-11-27T07:09:00Z,60.00
2025-11-27T07:16:00Z,60.00
2025-11-27T07:35:00Z,60.00
2025-11-27T07:40:00Z,60.00
2025-11-27T07:41:00Z,58.14
2025-11-27T07:44:00Z,57.54
2025-11-27T07:49:00Z,57.00
2025-11-27T07:50:00Z,57.00
2025-11-27T10:19:00Z,59.00
2025-11-27T10:22:00Z,60.00
2025-11-27T10:27:00Z,58.00
2025-11-27T10:47:00Z,60.75
2025-11-27T10:54:00Z,61.00
2025-11-27T10:55:00Z,58.00
2025-11-27T11:01:00Z,61.67
2025-11-27T11:07:00Z,58.00
2025-11-27T11:11:00Z,61.00
2025-11-27T11:12:00Z,61.60
2025-11-27T11:15:00Z,61.97
2025-11-27T11:17:00Z,62.00
2025-11-27T11:22:00Z,62.00
2025-11-27T11:23:00Z,61.00
2025-11-27T11:29:00Z,62.00
2025-11-27T11:34:00Z,58.10
2025-11-27T11:49:00Z,58.00
2025-11-27T12:06:00Z,58.00
2025-11-27T12:15:00Z,62.20
2025-11-27T12:17:00Z,57.51
2025-11-27T12:22:00Z,58.00
2025-11-27T12:23:00Z,61.83
2025-11-27T12:24:00Z,58.00
2025-11-27T12:32:00Z,56.95
2025-11-27T12:35:00Z,60.00
2025-11-27T12:45:00Z,61.50
2025-11-27T13:11:00Z,57.64
2025-11-27T13:17:00Z,60.00
2025-11-27T13:36:00Z,57.00
2025-11-27T13:38:00Z,59.00
2025-11-27T13:42:00Z,57.02
2025-11-27T13:44:00Z,60.00
2025-11-27T13:47:00Z,57.06
2025-11-27T13:54:00Z,56.00
2025-11-27T14:13:00Z,57.00
2025-11-27T14:26:00Z,56.00
2025-11-27T14:30:00Z,56.00
2025-11-27T14:31:00Z,56.00
2025-11-27T14:33:00Z,56.00
2025-11-27T14:41:00Z,57.00
2025-11-27T14:51:00Z,56.00
2025-11-27T14:54:00Z,56.00
2025-11-27T14:55:00Z,56.00
2025-11-27T14:58:00Z,56.00
2025-11-27T15:10:00Z,57.00
2025-11-27T15:11:00Z,56.00
2025-11-27T15:18:00Z,57.00
2025-11-27T15:20:00Z,57.21
2025-11-27T15:24:00Z,56.07
2025-11-27T15:26:00Z,57.00
2025-11-27T15:29:00Z,57.00
2025-11-27T15:33:00Z,56.00
2025-11-27T15:36:00Z,57.00
2025-11-27T15:38:00Z,56.00
2025-11-27T15:39:00Z,57.00
2025-11-27T15:42:00Z,57.00
2025-11-27T15:47:00Z,56.00
2025-11-27T15:48:00Z,56.00
2025-11-27T15:49:00Z,56.00
2025-11-27T15:52:00Z,58.00
2025-11-27T15:56:00Z,58.00
2025-11-27T16:03:00Z,57.00
2025-11-27T16:04:00Z,57.00
2025-11-27T16:10:00Z,57.62
2025-11-27T16:11:00Z,56.71
2025-11-27T16:14:00Z,57.00
2025-11-27T16:17:00Z,56.00
2025-11-27T16:18:00Z,57.00
2025-11-27T16:19:00Z,57.67
2025-11-27T16:20:00Z,58.00
2025-11-27T16:30:00Z,57.00
2025-11-27T16:32:00Z,56.00
2025-11-27T16:40:00Z,57.00
2025-11-27T16:45:00Z,57.00
2025-11-27T16:47:00Z,58.00
2025-11-27T16:50:00Z,57.00
2025-11-27T16:55:00Z,56.91
2025-11-27T17:00:00Z,56.00
2025-11-27T17:02:00Z,56.00
2025-11-27T17:04:00Z,56.00
2025-11-27T17:05:00Z,57.30
2025-11-27T17:06:00Z,57.00
2025-11-27T17:09:00Z,56.27
2025-11-27T17:11:00Z,57.00
2025-11-27T17:12:00Z,56.00
2025-11-27T17:15:00Z,57.92
2025-11-27T17:23:00Z,59.00
2025-11-27T17:26:00Z,59.00
2025-11-27T17:28:00Z,59.00
2025-11-27T17:29:00Z,58.93
2025-11-27T17:38:00Z,57.00
2025-11-27T17:47:00Z,58.00
2025-11-27T17:49:00Z,57.00
2025-11-27T17:53:00Z,56.00
2025-11-27T17:55:00Z,56.00
2025-11-27T18:02:00Z,57.00
2025-11-27T18:04:00Z,56.00
2025-11-27T18:05:00Z,57.00
2025-11-27T18:08:00Z,57.00
2025-11-27T18:09:00Z,57.00
2025-11-27T18:10:00Z,57.00
2025-11-27T18:13:00Z,57.00
2025-11-27T18:18:00Z,57.00
2025-11-27T18:19:00Z,57.00
2025-11-27T18:22:00Z,56.62
2025-11-27T18:24:00Z,56.00
2025-11-27T18:32:00Z,58.00
2025-11-27T18:33:00Z,58.00
2025-11-27T18:34:00Z,58.00
2025-11-27T18:37:00Z,57.00
2025-11-27T18:40:00Z,57.00
2025-11-27T18:42:00Z,57.00
2025-11-27T18:43:00Z,58.00
2025-11-27T18:48:00Z,57.00
2025-11-27T18:51:00Z,58.00
2025-11-27T18:53:00Z,57.00
2025-11-27T18:54:00Z,57.00
2025-11-27T18:56:00Z,58.00
2025-11-27T18:57:00Z,57.00
2025-11-27T18:58:00Z,58.00
2025-11-27T19:06:00Z,58.00
2025-11-27T19:07:00Z,58.00
2025-11-27T19:11:00Z,58.00
2025-11-27T19:12:00Z,58.00
2025-11-27T19:16:00Z,56.11
2025-11-27T19:17:00Z,55.00
2025-11-27T19:19:00Z,57.00
2025-11-27T19:24:00Z,58.47
2025-11-27T19:27:00Z,57.00
2025-11-27T19:28:00Z,57.00
2025-11-27T19:30:00Z,57.00
2025-11-27T19:36:00Z,58.00
2025-11-27T19:37:00Z,57.00
2025-11-27T19:39:00Z,57.00
2025-11-27T19:40:00Z,56.00
2025-11-27T19:44:00Z,58.00
2025-11-27T19:53:00Z,57.00
2025-11-27T19:55:00Z,56.00
2025-11-27T19:59:00Z,57.00
2025-11-27T20:03:00Z,57.90
2025-11-27T20:08:00Z,56.00
2025-11-27T20:11:00Z,56.00
2025-11-27T20:12:00Z,56.00
2025-11-27T20:17:00Z,57.00
2025-11-27T20:22:00Z,56.56
2025-11-27T20:28:00Z,56.00
2025-11-27T20:33:00Z,58.13
2025-11-27T20:34:00Z,58.00
2025-11-27T20:36:00Z,57.81
2025-11-27T20:38:00Z,58.00
2025-11-27T20:43:00Z,59.00
2025-11-27T20:50:00Z,58.00
2025-11-27T20:52:00Z,58.00
2025-11-27T20:56:00Z,59.00
2025-11-27T21:00:00Z,59.00
2025-11-27T21:07:00Z,56.47
2025-11-27T21:10:00Z,58.00
2025-11-27T21:13:00Z,56.00
2025-11-27T21:16:00Z,56.00
2025-11-27T21:17:00Z,58.00
2025-11-27T21:22:00Z,56.00
2025-11-27T21:23:00Z,57.95
2025-11-27T21:27:00Z,56.00
2025-11-27T21:29:00Z,57.12
2025-11-27T21:30:00Z,57.55
2025-11-27T21:32:00Z,56.43
2025-11-27T21:34:00Z,57.75
2025-11-27T21:35:00Z,56.33
2025-11-27T21:39:00Z,56.00
2025-11-27T21:41:00Z,56.00
2025-11-27T21:45:00Z,56.00
2025-11-27T21:54:00Z,55.29
2025-11-27T21:55:00Z,58.87
2025-11-27T22:00:00Z,59.67
2025-11-27T22:03:00Z,57.12
2025-11-27T22:06:00Z,57.00
2025-11-27T22:19:00Z,57.00
2025-11-27T22:21:00Z,56.70
2025-11-27T22:33:00Z,56.00
2025-11-27T22:41:00Z,57.00
2025-11-27T22:42:00Z,56.00
2025-11-27T22:44:00Z,58.00
2025-11-27T22:46:00Z,58.00
2025-11-27T22:48:00Z,57.36
2025-11-27T22:52:00Z,57.75
2025-11-27T23:25:00Z,56.00
2025-11-27T23:28:00Z,57.79
2025-11-27T23:30:00Z,57.79
2025-11-27T23:31:00Z,56.00
2025-11-27T23:36:00Z,57.44
2025-11-27T23:42:00Z,57.84
2025-11-27T23:43:00Z,57.00
2025-11-27T23:47:00Z,57.43
2025-11-27T23:53:00Z,56.00
2025-11-27T23:56:00Z,57.95
2025-11-28T00:14:00Z,58.00
2025-11-28T00:23:00Z,58.00
2025-11-28T00:25:00Z,57.00
2025-11-28T00:41:00Z,58.00
2025-11-28T00:45:00Z,57.00
2025-11-28T00:46:00Z,58.00
2025-11-28T00:50:00Z,57.00
2025-11-28T00:55:00Z,57.00
2025-11-28T00:56:00Z,58.00
2025-11-28T01:02:00Z,58.00
2025-11-28T01:03:00Z,58.03
2025-11-28T01:04:00Z,58.18
2025-11-28T01:05:00Z,56.75
2025-11-28T01:06:00Z,57.73
2025-11-28T01:07:00Z,57.95
2025-11-28T01:08:00Z,58.52
2025-11-28T01:09:00Z,57.25
2025-11-28T01:10:00Z,58.00
2025-11-28T01:11:00Z,58.11
2025-11-28T01:12:00Z,57.00
2025-11-28T01:13:00Z,58.26
2025-11-28T01:14:00Z,57.44
2025-11-28T01:15:00Z,57.78
2025-11-28T01:16:00Z,56.62
2025-11-28T01:17:00Z,55.45
2025-11-28T01:18:00Z,56.17
2025-11-28T01:19:00Z,56.07
2025-11-28T01:20:00Z,55.00
2025-11-28T01:21:00Z,55.00
2025-11-28T01:22:00Z,55.64
2025-11-28T01:23:00Z,57.87
2025-11-28T01:24:00Z,58.00
2025-11-28T01:25:00Z,58.00
2025-11-28T01:26:00Z,58.00
2025-11-28T01:27:00Z,58.00
2025-11-28T01:29:00Z,58.00
2025-11-28T01:31:00Z,58.00
2025-11-28T01:35:00Z,57.88
2025-11-28T01:36:00Z,58.00
2025-11-28T01:43:00Z,56.40
2025-11-28T01:45:00Z,58.00
2025-11-28T01:53:00Z,58.00
2025-11-28T01:56:00Z,58.00
2025-11-28T01:58:00Z,58.00
2025-11-28T02:01:00Z,56.74
2025-11-28T02:02:00Z,58.00
2025-11-28T02:03:00Z,58.00
2025-11-28T02:04:00Z,57.00
2025-11-28T02:05:00Z,58.00
2025-11-28T02:10:00Z,56.00
2025-11-28T02:11:00Z,57.00
2025-11-28T02:14:00Z,57.54
2025-11-28T02:18:00Z,56.82
2025-11-28T02:20:00Z,57.00
2025-11-28T02:32:00Z,56.00
2025-11-28T02:33:00Z,56.00
2025-11-28T02:34:00Z,56.00
2025-11-28T02:35:00Z,56.37
2025-11-28T02:42:00Z,55.00
2025-11-28T02:43:00Z,56.00
2025-11-28T02:48:00Z,55.15
2025-11-28T02:49:00Z,56.00
2025-11-28T02:55:00Z,55.00
2025-11-28T02:57:00Z,55.00
2025-11-28T02:59:00Z,55.00
2025-11-28T03:02:00Z,57.00
2025-11-28T03:06:00Z,56.00
2025-11-28T03:12:00Z,57.72
2025-11-28T03:14:00Z,58.00
2025-11-28T03:15:00Z,58.00
2025-11-28T03:19:00Z,58.00
2025-11-28T03:22:00Z,57.80
2025-11-28T03:26:00Z,58.00
2025-11-28T03:28:00Z,58.00
2025-11-28T03:32:00Z,56.00
2025-11-28T03:35:00Z,58.00
2025-11-28T03:37:00Z,58.00
2025-11-28T03:38:00Z,57.00
2025-11-28T03:40:00Z,57.00
2025-11-28T03:44:00Z,58.00
2025-11-28T03:45:00Z,56.00
2025-11-28T03:46:00Z,58.00
2025-11-28T03:51:00Z,57.00
2025-11-28T04:01:00Z,58.00
2025-11-28T04:05:00Z,58.00
2025-11-28T04:06:00Z,56.00
2025-11-28T04:09:00Z,58.00
2025-11-28T04:10:00Z,56.00
2025-11-28T04:18:00Z,58.00
2025-11-28T04:24:00Z,58.00
2025-11-28T04:28:00Z,58.00
2025-11-28T04:34:00Z,57.00
2025-11-28T04:36:00Z,58.00
2025-11-28T04:37:00Z,58.00
2025-11-28T04:42:00Z,56.73
2025-11-28T04:54:00Z,58.00
2025-11-28T04:55:00Z,57.00
2025-11-28T04:58:00Z,58.00
2025-11-28T05:00:00Z,57.00
2025-11-28T05:03:00Z,57.22
2025-11-28T05:05:00Z,58.00
2025-11-28T05:07:00Z,58.00
2025-11-28T05:08:00Z,57.00
2025-11-28T05:09:00Z,56.00
2025-11-28T05:13:00Z,57.00
2025-11-28T05:14:00Z,57.00
2025-11-28T05:15:00Z,56.00
2025-11-28T05:17:00Z,57.00
2025-11-28T05:18:00Z,57.00
2025-11-28T05:25:00Z,56.00
2025-11-28T05:29:00Z,60.85
2025-11-28T05:37:00Z,58.00
2025-11-28T05:44:00Z,59.00
2025-11-28T05:55:00Z,58.00
2025-11-28T05:56:00Z,58.00
2025-11-28T06:00:00Z,58.00
2025-11-28T06:04:00Z,58.62
2025-11-28T06:05:00Z,60.92
2025-11-28T06:06:00Z,61.02
2025-11-28T06:18:00Z,57.00
2025-11-28T06:26:00Z,61.45
2025-11-28T06:33:00Z,58.57
2025-11-28T06:35:00Z,60.00
2025-11-28T06:39:00Z,60.00
2025-11-28T07:03:00Z,60.51
2025-11-28T07:08:00Z,60.00
2025-11-28T07:15:00Z,58.44
2025-11-28T07:20:00Z,58.00
2025-11-28T07:27:00Z,58.00
2025-11-28T07:30:00Z,58.00
2025-11-28T07:35:00Z,60.00
2025-11-28T07:43:00Z,60.00
2025-11-28T07:44:00Z,58.00
2025-11-28T07:47:00Z,60.00
2025-11-28T07:53:00Z,60.00
2025-11-28T08:11:00Z,58.00
2025-11-28T08:29:00Z,57.67
2025-11-28T08:30:00Z,57.00
2025-11-28T08:31:00Z,58.00
2025-11-28T08:43:00Z,57.00
2025-11-28T08:44:00Z,60.00
2025-11-28T09:14:00Z,60.00
2025-11-28T09:19:00Z,58.00
2025-11-28T09:38:00Z,59.73
2025-11-28T09:50:00Z,59.83
2025-11-28T09:51:00Z,60.00
2025-11-28T09:52:00Z,60.00
2025-11-28T10:23:00Z,57.00
2025-11-28T10:25:00Z,57.00
2025-11-28T10:27:00Z,57.00
2025-11-28T10:34:00Z,57.00
2025-11-28T10:44:00Z,58.00
2025-11-28T10:59:00Z,57.00
2025-11-28T11:03:00Z,58.00
2025-11-28T11:05:00Z,59.00
2025-11-28T11:26:00Z,59.00
2025-11-28T11:40:00Z,59.00
2025-11-28T11:56:00Z,59.00
2025-11-28T12:07:00Z,59.00
2025-11-28T12:33:00Z,58.00
2025-11-28T12:43:00Z,59.00
2025-11-28T12:46:00Z,59.00
2025-11-28T12:54:00Z,59.00
2025-11-28T12:55:00Z,59.00
2025-11-28T12:56:00Z,58.00
2025-11-28T13:01:00Z,58.00
2025-11-28T13:08:00Z,57.00
2025-11-28T13:14:00Z,57.00
2025-11-28T13:16:00Z,58.00
2025-11-28T13:28:00Z,57.00
2025-11-28T13:35:00Z,57.00
2025-11-28T13:37:00Z,57.00
2025-11-28T13:40:00Z,57.94
2025-11-28T13:48:00Z,58.00
2025-11-28T13:50:00Z,58.00
2025-11-28T14:00:00Z,60.00
2025-11-28T14:02:00Z,60.00
2025-11-28T14:04:00Z,59.00
2025-11-28T14:07:00Z,59.00
2025-11-28T14:13:00Z,60.00
2025-11-28T14:16:00Z,59.00
2025-11-28T14:28:00Z,62.97
2025-11-28T14:29:00Z,62.00
2025-11-28T14:30:00Z,63.00
2025-11-28T14:31:00Z,62.00
2025-11-28T14:34:00Z,61.00
2025-11-28T14:40:00Z,61.00
2025-11-28T14:42:00Z,61.00
2025-11-28T14:43:00Z,61.00
2025-11-28T14:46:00Z,61.00
2025-11-28T14:51:00Z,61.00
2025-11-28T14:52:00Z,61.00
2025-11-28T14:57:00Z,61.00
2025-11-28T14:59:00Z,61.00
2025-11-28T15:08:00Z,61.00
2025-11-28T15:09:00Z,61.00
2025-11-28T15:15:00Z,59.00
2025-11-28T15:16:00Z,59.00
2025-11-28T15:17:00Z,60.00
2025-11-28T15:18:00Z,60.00
2025-11-28T15:24:00Z,59.00
2025-11-28T15:28:00Z,60.00
2025-11-28T15:36:00Z,60.00
2025-11-28T15:37:00Z,59.00
2025-11-28T15:38:00Z,60.00
2025-11-28T15:40:00Z,60.00
2025-11-28T15:46:00Z,60.00
2025-11-28T15:48:00Z,60.00
2025-11-28T15:50:00Z,60.00
2025-11-28T15:51:00Z,60.00
2025-11-28T15:58:00Z,60.00
2025-11-28T15:59:00Z,60.00
2025-11-28T16:02:00Z,60.57
2025-11-28T16:03:00Z,60.00
2025-11-28T16:04:00Z,59.00
2025-11-28T16:05:00Z,59.00
2025-11-28T16:12:00Z,58.99
2025-11-28T16:21:00Z,59.00
2025-11-28T16:22:00Z,59.00
2025-11-28T16:24:00Z,59.00
2025-11-28T16:29:00Z,58.00
2025-11-28T16:30:00Z,57.00
2025-11-28T16:33:00Z,58.00
2025-11-28T16:45:00Z,57.00
2025-11-28T16:48:00Z,58.38
2025-11-28T16:49:00Z,60.00
2025-11-28T16:50:00Z,59.41
2025-11-28T16:51:00Z,59.78
2025-11-28T16:58:00Z,59.00
2025-11-28T16:59:00Z,58.00
2025-11-28T17:05:00Z,59.00
2025-11-28T17:06:00Z,58.00
2025-11-28T17:07:00Z,58.00
2025-11-28T17:12:00Z,59.00
2025-11-28T17:15:00Z,59.00
2025-11-28T17:20:00Z,57.00
2025-11-28T17:21:00Z,57.00
2025-11-28T17:22:00Z,57.87
2025-11-28T17:27:00Z,58.00
2025-11-28T17:28:00Z,57.00
2025-11-28T17:30:00Z,58.00
2025-11-28T17:35:00Z,57.00
2025-11-28T17:37:00Z,58.00
2025-11-28T17:38:00Z,58.85
2025-11-28T17:40:00Z,58.00
2025-11-28T18:07:00Z,54.68
2025-11-28T18:09:00Z,54.13
2025-11-28T18:11:00Z,53.00
2025-11-28T18:19:00Z,53.00
2025-11-28T18:21:00Z,53.00
2025-11-28T18:24:00Z,53.00
2025-11-28T18:25:00Z,53.00
2025-11-28T18:26:00Z,52.00
2025-11-28T18:27:00Z,52.00
2025-11-28T18:32:00Z,52.70
2025-11-28T18:36:00Z,53.00
2025-11-28T18:40:00Z,53.00
2025-11-28T18:42:00Z,53.00
2025-11-28T18:49:00Z,53.00
2025-11-28T18:53:00Z,53.00
2025-11-28T18:54:00Z,53.00
2025-11-28T19:00:00Z,53.00
2025-11-28T19:01:00Z,53.00
2025-11-28T19:04:00Z,53.00
2025-11-28T19:13:00Z,53.00
2025-11-28T19:16:00Z,53.00
2025-11-28T19:26:00Z,52.00
2025-11-28T19:34:00Z,53.00
2025-11-28T19:45:00Z,52.00
2025-11-28T19:51:00Z,52.00
2025-11-28T19:52:00Z,52.83
2025-11-28T19:53:00Z,53.00
2025-11-28T20:00:00Z,53.00
2025-11-28T20:02:00Z,52.00
2025-11-28T20:03:00Z,52.00
2025-11-28T20:12:00Z,53.00
2025-11-28T20:19:00Z,52.00
2025-11-28T20:20:00Z,52.00
2025-11-28T20:21:00Z,52.00
2025-11-28T20:22:00Z,53.00
2025-11-28T20:26:00Z,53.00
2025-11-28T20:35:00Z,53.00
2025-11-28T20:40:00Z,53.00
2025-11-28T20:46:00Z,53.00
2025-11-28T20:47:00Z,52.00
2025-11-28T20:48:00Z,53.00
2025-11-28T20:50:00Z,53.00
2025-11-28T20:53:00Z,53.00
2025-11-28T21:01:00Z,53.00
2025-11-28T21:04:00Z,53.00
2025-11-28T21:05:00Z,53.00
2025-11-28T21:09:00Z,53.00
2025-11-28T21:19:00Z,53.00
2025-11-28T21:20:00Z,53.00
2025-11-28T21:26:00Z,53.00
2025-11-28T21:35:00Z,52.00
2025-11-28T21:38:00Z,53.00
2025-11-28T21:49:00Z,53.00
2025-11-28T21:53:00Z,53.00
2025-11-28T21:54:00Z,52.00
2025-11-28T21:56:00Z,53.00
2025-11-28T21:57:00Z,53.36
2025-11-28T22:06:00Z,54.00
2025-11-28T22:11:00Z,54.00
2025-11-28T22:15:00Z,54.00
2025-11-28T22:20:00Z,53.00
2025-11-28T22:21:00Z,54.00
2025-11-28T22:22:00Z,53.00
2025-11-28T22:24:00Z,53.25
2025-11-28T22:29:00Z,54.00
2025-11-28T22:30:00Z,53.00
2025-11-28T22:34:00Z,54.00
2025-11-28T22:40:00Z,53.00
2025-11-28T22:41:00Z,52.00
2025-11-28T22:48:00Z,52.92
2025-11-28T22:49:00Z,54.00
2025-11-28T22:51:00Z,54.00
2025-11-28T22:52:00Z,54.00
2025-11-28T22:58:00Z,52.62
2025-11-28T23:00:00Z,53.95
2025-11-28T23:08:00Z,54.00
2025-11-28T23:11:00Z,54.00
2025-11-28T23:14:00Z,53.00
2025-11-28T23:16:00Z,54.00
2025-11-28T23:20:00Z,53.00
2025-11-28T23:22:00Z,52.05
2025-11-28T23:28:00Z,54.00
2025-11-28T23:29:00Z,53.00
2025-11-28T23:34:00Z,52.00
2025-11-28T23:37:00Z,54.00
2025-11-28T23:44:00Z,54.00
2025-11-28T23:46:00Z,52.00
2025-11-28T23:47:00Z,53.66
2025-11-28T23:49:00Z,53.00
2025-11-28T23:50:00Z,53.00
2025-11-28T23:51:00Z,53.00
2025-11-28T23:52:00Z,52.00
2025-11-28T23:54:00Z,53.00
2025-11-28T23:56:00Z,53.00
2025-11-29T00:00:00Z,53.00
2025-11-29T00:02:00Z,53.00
2025-11-29T00:04:00Z,53.00
2025-11-29T00:07:00Z,53.00
2025-11-29T00:11:00Z,53.00
2025-11-29T00:12:00Z,53.00
2025-11-29T00:13:00Z,53.00
2025-11-29T00:15:00Z,53.00
2025-11-29T00:18:00Z,52.00
2025-11-29T00:21:00Z,53.00
2025-11-29T00:29:00Z,53.00
2025-11-29T00:34:00Z,53.00
2025-11-29T00:42:00Z,53.00
2025-11-29T00:46:00Z,53.00
2025-11-29T00:57:00Z,52.00
2025-11-29T01:03:00Z,53.00
2025-11-29T01:07:00Z,52.00
2025-11-29T01:12:00Z,53.00
2025-11-29T01:16:00Z,52.55
2025-11-29T01:19:00Z,52.00
2025-11-29T01:20:00Z,53.00
2025-11-29T01:24:00Z,50.71
2025-11-29T01:26:00Z,52.00
2025-11-29T01:27:00Z,52.00
2025-11-29T01:28:00Z,52.00
2025-11-29T01:29:00Z,52.00
2025-11-29T01:31:00Z,52.00
2025-11-29T01:33:00Z,50.54
2025-11-29T01:37:00Z,51.00
2025-11-29T01:40:00Z,51.00
2025-11-29T01:43:00Z,51.00
2025-11-29T01:45:00Z,49.00
2025-11-29T01:48:00Z,51.00
2025-11-29T01:56:00Z,52.00
2025-11-29T01:57:00Z,51.68
2025-11-29T02:01:00Z,49.00
2025-11-29T02:09:00Z,52.00
2025-11-29T02:14:00Z,52.00
2025-11-29T02:19:00Z,49.00
2025-11-29T02:23:00Z,52.00
2025-11-29T02:24:00Z,52.00
2025-11-29T02:28:00Z,49.00
2025-11-29T02:34:00Z,49.00
2025-11-29T02:35:00Z,48.00
2025-11-29T02:42:00Z,48.00
2025-11-29T02:45:00Z,51.00
2025-11-29T02:47:00Z,50.00
2025-11-29T02:48:00Z,50.00
2025-11-29T02:49:00Z,49.98
2025-11-29T02:51:00Z,50.00
2025-11-29T02:52:00Z,50.00
2025-11-29T02:53:00Z,50.00
2025-11-29T02:56:00Z,50.00
2025-11-29T03:00:00Z,50.00
2025-11-29T03:03:00Z,50.00
2025-11-29T03:04:00Z,50.00
2025-11-29T03:18:00Z,49.00
2025-11-29T03:22:00Z,50.00
2025-11-29T03:24:00Z,50.00
2025-11-29T03:26:00Z,48.40
2025-11-29T03:27:00Z,50.00
2025-11-29T03:39:00Z,48.00
2025-11-29T03:43:00Z,50.00
2025-11-29T03:45:00Z,48.05
2025-11-29T03:49:00Z,48.58
2025-11-29T03:50:00Z,49.00
2025-11-29T04:00:00Z,49.00
2025-11-29T04:16:00Z,48.00
2025-11-29T04:17:00Z,49.00
2025-11-29T04:19:00Z,49.00
2025-11-29T04:28:00Z,48.00
2025-11-29T04:32:00Z,48.00
2025-11-29T04:34:00Z,49.00
2025-11-29T04:35:00Z,49.00
2025-11-29T04:42:00Z,49.00
2025-11-29T04:43:00Z,49.00
2025-11-29T04:48:00Z,48.00
2025-11-29T04:50:00Z,49.00
2025-11-29T04:51:00Z,49.00
2025-11-29T04:53:00Z,49.00
2025-11-29T04:57:00Z,49.00
2025-11-29T04:58:00Z,48.91
2025-11-29T05:02:00Z,49.00
2025-11-29T05:07:00Z,49.00
2025-11-29T05:13:00Z,48.00
2025-11-29T05:17:00Z,48.00
2025-11-29T05:28:00Z,49.00
2025-11-29T05:31:00Z,49.00
2025-11-29T05:32:00Z,49.00
2025-11-29T05:34:00Z,49.00
2025-11-29T05:39:00Z,49.00
2025-11-29T05:42:00Z,49.00
2025-11-29T05:43:00Z,48.00
2025-11-29T05:47:00Z,49.00
2025-11-29T05:54:00Z,49.00
2025-11-29T05:56:00Z,49.00
2025-11-29T06:02:00Z,49.00
2025-11-29T06:03:00Z,49.00
2025-11-29T06:04:00Z,49.39
2025-11-29T06:12:00Z,50.00
2025-11-29T06:14:00Z,49.00
2025-11-29T06:15:00Z,49.00
2025-11-29T06:19:00Z,48.00
2025-11-29T06:23:00Z,48.26
2025-11-29T06:32:00Z,49.00
2025-11-29T06:43:00Z,48.00
2025-11-29T06:59:00Z,49.00
2025-11-29T07:03:00Z,49.00
2025-11-29T07:04:00Z,49.00
2025-11-29T07:08:00Z,50.00
2025-11-29T07:15:00Z,49.78
2025-11-29T07:18:00Z,48.00
2025-11-29T07:44:00Z,49.93
2025-11-29T07:45:00Z,49.00
2025-11-29T07:46:00Z,48.00
2025-11-29T07:49:00Z,49.00
2025-11-29T07:53:00Z,48.00
2025-11-29T07:55:00Z,49.00
2025-11-29T08:05:00Z,49.00
2025-11-29T08:13:00Z,50.00
2025-11-29T08:15:00Z,48.00
2025-11-29T08:17:00Z,49.46
2025-11-29T08:58:00Z,48.00
2025-11-29T08:59:00Z,49.00
2025-11-29T09:03:00Z,48.00
2025-11-29T09:05:00Z,50.00
2025-11-29T09:07:00Z,48.00
2025-11-29T09:14:00Z,49.00
2025-11-29T09:21:00Z,49.00
2025-11-29T09:23:00Z,50.00
2025-11-29T09:59:00Z,49.00
2025-11-29T10:13:00Z,48.00
2025-11-29T11:16:00Z,49.00
2025-11-29T11:20:00Z,49.00
2025-11-29T11:22:00Z,48.00
2025-11-29T11:40:00Z,48.00
2025-11-29T11:50:00Z,49.00
2025-11-29T12:12:00Z,48.00
2025-11-29T12:21:00Z,49.00
2025-11-29T12:25:00Z,49.00
2025-11-29T12:26:00Z,49.00
2025-11-29T12:33:00Z,48.00
2025-11-29T12:36:00Z,48.00
2025-11-29T13:17:00Z,48.00
2025-11-29T13:21:00Z,48.00
2025-11-29T13:33:00Z,49.00
2025-11-29T13:41:00Z,49.00
2025-11-29T14:00:00Z,49.00
2025-11-29T14:02:00Z,48.00
2025-11-29T14:03:00Z,48.00
2025-11-29T14:05:00Z,48.00
2025-11-29T14:12:00Z,48.00
2025-11-29T14:27:00Z,48.00
2025-11-29T14:30:00Z,48.78
2025-11-29T14:31:00Z,49.00
2025-11-29T14:37:00Z,49.00
2025-11-29T14:41:00Z,49.00
2025-11-29T14:46:00Z,49.00
2025-11-29T14:51:00Z,49.00
2025-11-29T14:53:00Z,48.80
2025-11-29T14:55:00Z,49.00
2025-11-29T15:00:00Z,49.00
2025-11-29T15:10:00Z,49.00
2025-11-29T15:16:00Z,48.00
2025-11-29T15:17:00Z,48.00
2025-11-29T15:19:00Z,49.00
2025-11-29T15:26:00Z,49.00
2025-11-29T15:27:00Z,49.00
2025-11-29T15:28:00Z,49.00
2025-11-29T15:29:00Z,49.00
2025-11-29T15:31:00Z,49.00
2025-11-29T15:36:00Z,49.28
2025-11-29T15:39:00Z,48.00
2025-11-29T15:46:00Z,48.84
2025-11-29T15:48:00Z,49.00
2025-11-29T15:49:00Z,49.00
2025-11-29T15:50:00Z,48.93
2025-11-29T15:51:00Z,49.46
2025-11-29T15:52:00Z,48.09
2025-11-29T15:53:00Z,50.00
2025-11-29T15:54:00Z,49.82
2025-11-29T15:55:00Z,50.00
2025-11-29T15:56:00Z,50.00
2025-11-29T15:57:00Z,48.00
2025-11-29T15:58:00Z,50.00
2025-11-29T15:59:00Z,49.02
2025-11-29T16:00:00Z,49.00
2025-11-29T16:01:00Z,49.00
2025-11-29T16:02:00Z,50.00
2025-11-29T16:03:00Z,50.00
2025-11-29T16:05:00Z,50.00
2025-11-29T16:06:00Z,50.34
2025-11-29T16:08:00Z,50.44
2025-11-29T16:10:00Z,49.00
2025-11-29T16:12:00Z,50.00
2025-11-29T16:13:00Z,50.00
2025-11-29T16:14:00Z,51.02
2025-11-29T16:16:00Z,51.28
2025-11-29T16:17:00Z,51.00
2025-11-29T16:20:00Z,51.00
2025-11-29T16:21:00Z,52.00
2025-11-29T16:22:00Z,51.00
2025-11-29T16:23:00Z,49.65
2025-11-29T16:24:00Z,52.00
2025-11-29T16:25:00Z,49.89
2025-11-29T16:26:00Z,51.00
2025-11-29T16:27:00Z,51.96
2025-11-29T16:28:00Z,50.00
2025-11-29T16:29:00Z,51.12
2025-11-29T16:30:00Z,52.00
2025-11-29T16:32:00Z,49.32
2025-11-29T16:33:00Z,49.19
2025-11-29T16:34:00Z,52.00
2025-11-29T16:35:00Z,51.00
2025-11-29T16:36:00Z,50.76
2025-11-29T16:37:00Z,51.84
2025-11-29T16:38:00Z,52.00
2025-11-29T16:39:00Z,50.42
2025-11-29T16:43:00Z,49.51
2025-11-29T16:47:00Z,49.00
2025-11-29T16:48:00Z,51.00
2025-11-29T16:49:00Z,52.00
2025-11-29T16:52:00Z,50.00
2025-11-29T16:53:00Z,52.00
2025-11-29T16:55:00Z,49.00
2025-11-29T16:58:00Z,52.00
2025-11-29T17:02:00Z,49.00
2025-11-29T17:09:00Z,51.00
2025-11-29T17:10:00Z,49.00
2025-11-29T17:13:00Z,50.60
2025-11-29T17:14:00Z,49.00
2025-11-29T17:22:00Z,52.00
2025-11-29T17:23:00Z,50.50
2025-11-29T17:26:00Z,49.00
2025-11-29T17:27:00Z,52.00
2025-11-29T17:37:00Z,52.00
2025-11-29T17:43:00Z,52.00
2025-11-29T17:46:00Z,55.13
2025-11-29T17:48:00Z,50.95
2025-11-29T17:49:00Z,53.11
2025-11-29T17:50:00Z,52.94
2025-11-29T17:51:00Z,54.00
2025-11-29T17:54:00Z,54.00
2025-11-29T17:59:00Z,52.00
2025-11-29T18:02:00Z,53.00
2025-11-29T18:04:00Z,53.00
2025-11-29T18:07:00Z,53.99
2025-11-29T18:10:00Z,54.78
2025-11-29T18:12:00Z,55.41
2025-11-29T18:14:00Z,55.00
2025-11-29T18:21:00Z,53.00
2025-11-29T18:22:00Z,53.00
2025-11-29T18:25:00Z,53.88
2025-11-29T18:33:00Z,53.00
2025-11-29T18:37:00Z,54.00
2025-11-29T18:38:00Z,54.00
2025-11-29T18:45:00Z,53.00
2025-11-29T18:54:00Z,53.00
2025-11-29T18:58:00Z,53.00
2025-11-29T19:00:00Z,54.00
2025-11-29T19:02:00Z,53.00
2025-11-29T19:03:00Z,54.00
2025-11-29T19:12:00Z,54.00
2025-11-29T19:16:00Z,54.00
2025-11-29T19:18:00Z,54.00
2025-11-29T19:21:00Z,53.00
2025-11-29T19:23:00Z,53.00
2025-11-29T19:24:00Z,52.78
2025-11-29T19:27:00Z,52.00
2025-11-29T19:28:00Z,51.03
2025-11-29T19:33:00Z,50.00
2025-11-29T19:36:00Z,51.46
2025-11-29T19:38:00Z,52.00
2025-11-29T19:45:00Z,51.00
2025-11-29T19:50:00Z,50.10
2025-11-29T19:58:00Z,50.50
2025-11-29T20:01:00Z,50.01
2025-11-29T20:02:00Z,50.00
2025-11-29T20:04:00Z,50.00
2025-11-29T20:06:00Z,50.00
2025-11-29T20:07:00Z,50.00
2025-11-29T20:08:00Z,51.00
2025-11-29T20:09:00Z,50.00
2025-11-29T20:14:00Z,50.00
2025-11-29T20:16:00Z,49.25
2025-11-29T20:25:00Z,50.00
2025-11-29T20:27:00Z,50.00
2025-11-29T20:36:00Z,51.00
2025-11-29T20:46:00Z,49.00
2025-11-29T20:55:00Z,49.00
2025-11-29T20:58:00Z,50.00
2025-11-29T20:59:00Z,50.00
2025-11-29T21:05:00Z,49.00
2025-11-29T21:06:00Z,50.00
2025-11-29T21:07:00Z,50.00
2025-11-29T21:10:00Z,50.00
2025-11-29T21:14:00Z,50.00
2025-11-29T21:16:00Z,50.00
2025-11-29T21:20:00Z,49.00
2025-11-29T21:27:00Z,50.89
2025-11-29T21:32:00Z,51.00
2025-11-29T21:36:00Z,50.45
2025-11-29T21:48:00Z,51.00
2025-11-29T21:52:00Z,51.00
2025-11-29T21:55:00Z,51.00
2025-11-29T21:58:00Z,50.00
2025-11-29T22:08:00Z,50.00
2025-11-29T22:12:00Z,51.00
2025-11-29T22:14:00Z,50.00
2025-11-29T22:16:00Z,50.00
2025-11-29T22:19:00Z,51.41
2025-11-29T22:25:00Z,50.13
2025-11-29T22:26:00Z,52.00
2025-11-29T22:27:00Z,52.00
2025-11-29T22:30:00Z,51.96
2025-11-29T22:38:00Z,52.00
2025-11-29T22:44:00Z,52.00
2025-11-29T22:46:00Z,51.93
2025-11-29T22:48:00Z,52.00
2025-11-29T22:57:00Z,50.00
2025-11-29T23:00:00Z,50.16
2025-11-29T23:17:00Z,50.00
2025-11-29T23:18:00Z,49.84
2025-11-29T23:21:00Z,50.00
2025-11-29T23:24:00Z,51.00
2025-11-29T23:25:00Z,50.61
2025-11-29T23:31:00Z,51.00
2025-11-29T23:33:00Z,49.00
2025-11-29T23:35:00Z,51.00
2025-11-29T23:40:00Z,50.98
2025-11-29T23:44:00Z,51.00
2025-11-29T23:45:00Z,51.00
2025-11-29T23:52:00Z,50.00
2025-11-29T23:57:00Z,51.98
2025-11-29T23:59:00Z,52.00
2025-11-30T00:04:00Z,51.00
2025-11-30T00:07:00Z,51.00
2025-11-30T00:08:00Z,51.00
2025-11-30T00:09:00Z,51.00
2025-11-30T00:12:00Z,51.00
2025-11-30T00:16:00Z,51.00
2025-11-30T00:17:00Z,51.00
2025-11-30T00:18:00Z,50.52
2025-11-30T00:19:00Z,51.00
2025-11-30T00:20:00Z,49.00
2025-11-30T00:21:00Z,50.00
2025-11-30T00:22:00Z,50.86
2025-11-30T00:24:00Z,51.00
2025-11-30T00:25:00Z,51.00
2025-11-30T00:26:00Z,50.84
2025-11-30T00:27:00Z,51.00
2025-11-30T00:28:00Z,50.68
2025-11-30T00:29:00Z,50.87
2025-11-30T00:30:00Z,50.95
2025-11-30T00:31:00Z,50.00
2025-11-30T00:32:00Z,50.00
2025-11-30T00:33:00Z,50.19
2025-11-30T00:34:00Z,50.35
2025-11-30T00:35:00Z,49.00
2025-11-30T00:36:00Z,49.31
2025-11-30T00:37:00Z,51.00
2025-11-30T00:38:00Z,50.85
2025-11-30T00:39:00Z,51.00
2025-11-30T00:41:00Z,49.52
2025-11-30T00:42:00Z,49.00
2025-11-30T00:43:00Z,49.00
2025-11-30T00:44:00Z,49.50
2025-11-30T00:45:00Z,51.00
2025-11-30T00:46:00Z,48.59
2025-11-30T00:47:00Z,50.00
2025-11-30T00:48:00Z,48.00
2025-11-30T00:49:00Z,48.21
2025-11-30T00:50:00Z,48.00
2025-11-30T00:51:00Z,50.00
2025-11-30T00:53:00Z,50.00
2025-11-30T00:54:00Z,48.00
2025-11-30T00:55:00Z,49.32
2025-11-30T00:56:00Z,49.49
2025-11-30T00:57:00Z,49.68
2025-11-30T00:58:00Z,48.40
2025-11-30T01:00:00Z,48.46
2025-11-30T01:01:00Z,50.00
2025-11-30T01:02:00Z,49.47
2025-11-30T01:03:00Z,49.73
2025-11-30T01:04:00Z,49.55
2025-11-30T01:05:00Z,48.29
2025-11-30T01:07:00Z,48.00
2025-11-30T01:08:00Z,49.28
2025-11-30T01:09:00Z,50.00
2025-11-30T01:10:00Z,49.97
2025-11-30T01:13:00Z,49.45
2025-11-30T01:14:00Z,50.37
2025-11-30T01:15:00Z,50.33
2025-11-30T01:16:00Z,49.69
2025-11-30T01:17:00Z,49.56
2025-11-30T01:18:00Z,50.90
2025-11-30T01:19:00Z,50.06
2025-11-30T01:20:00Z,49.00
2025-11-30T01:21:00Z,51.00
2025-11-30T01:22:00Z,49.78
2025-11-30T01:23:00Z,50.00
2025-11-30T01:24:00Z,49.85
2025-11-30T01:26:00Z,50.00
2025-11-30T01:27:00Z,49.86
2025-11-30T01:28:00Z,50.00
2025-11-30T01:29:00Z,50.00
2025-11-30T01:30:00Z,49.52
2025-11-30T01:31:00Z,49.00
2025-11-30T01:34:00Z,50.00
2025-11-30T01:35:00Z,50.00
2025-11-30T01:36:00Z,49.55
2025-11-30T01:37:00Z,50.00
2025-11-30T01:38:00Z,49.79
2025-11-30T01:39:00Z,49.00
2025-11-30T01:40:00Z,49.51
2025-11-30T01:41:00Z,49.84
2025-11-30T01:42:00Z,51.00
2025-11-30T01:43:00Z,49.00
2025-11-30T01:44:00Z,49.00
2025-11-30T01:45:00Z,51.00
2025-11-30T01:46:00Z,49.00
2025-11-30T01:47:00Z,50.50
2025-11-30T01:48:00Z,51.00
2025-11-30T01:50:00Z,51.00
2025-11-30T01:52:00Z,49.00
2025-11-30T01:53:00Z,50.30
2025-11-30T01:54:00Z,49.00
2025-11-30T01:55:00Z,49.00
2025-11-30T01:56:00Z,51.00
2025-11-30T01:57:00Z,51.00
2025-11-30T01:58:00Z,51.00
2025-11-30T01:59:00Z,49.00
2025-11-30T02:00:00Z,50.75
2025-11-30T02:01:00Z,49.00
2025-11-30T02:02:00Z,51.00
2025-11-30T02:05:00Z,50.91
2025-11-30T02:07:00Z,49.00
2025-11-30T02:08:00Z,50.28
2025-11-30T02:10:00Z,49.00
2025-11-30T02:11:00Z,51.00
2025-11-30T02:12:00Z,51.00
2025-11-30T02:13:00Z,51.00
2025-11-30T02:14:00Z,51.00
2025-11-30T02:15:00Z,50.25
2025-11-30T02:16:00Z,50.00
2025-11-30T02:17:00Z,50.23
2025-11-30T02:18:00Z,51.00
2025-11-30T02:19:00Z,51.00
2025-11-30T02:20:00Z,50.00
2025-11-30T02:21:00Z,50.90
2025-11-30T02:22:00Z,50.64
2025-11-30T02:23:00Z,51.00
2025-11-30T02:24:00Z,50.00
2025-11-30T02:25:00Z,50.04
2025-11-30T02:26:00Z,50.00
2025-11-30T02:28:00Z,51.00
2025-11-30T02:29:00Z,51.00
2025-11-30T02:31:00Z,50.75
2025-11-30T02:32:00Z,50.00
2025-11-30T02:35:00Z,50.15
2025-11-30T02:36:00Z,50.00
2025-11-30T02:37:00Z,50.00
2025-11-30T02:38:00Z,50.82
2025-11-30T02:39:00Z,51.00
2025-11-30T02:40:00Z,50.01
2025-11-30T02:41:00Z,50.80
2025-11-30T02:43:00Z,50.90
2025-11-30T02:44:00Z,50.55
2025-11-30T02:45:00Z,50.00
2025-11-30T02:46:00Z,50.00
2025-11-30T02:47:00Z,51.00
2025-11-30T02:48:00Z,51.00
2025-11-30T02:51:00Z,50.64
2025-11-30T02:53:00Z,51.00
2025-11-30T02:54:00Z,51.00
2025-11-30T02:55:00Z,50.70
2025-11-30T02:56:00Z,50.86
2025-11-30T02:57:00Z,50.44
2025-11-30T02:58:00Z,51.00
2025-11-30T03:02:00Z,50.15
2025-11-30T03:03:00Z,51.00
2025-11-30T03:04:00Z,50.40
2025-11-30T03:05:00Z,51.00
2025-11-30T03:06:00Z,51.00
2025-11-30T03:07:00Z,51.00
2025-11-30T03:08:00Z,50.98
2025-11-30T03:09:00Z,50.49
2025-11-30T03:10:00Z,51.00
2025-11-30T03:11:00Z,50.47
2025-11-30T03:13:00Z,51.00
2025-11-30T03:14:00Z,50.13
2025-11-30T03:15:00Z,50.00
2025-11-30T03:16:00Z,50.99
2025-11-30T03:17:00Z,50.66
2025-11-30T03:19:00Z,51.00
2025-11-30T03:20:00Z,50.00
2025-11-30T03:21:00Z,51.00
2025-11-30T03:22:00Z,50.66
2025-11-30T03:24:00Z,50.22
2025-11-30T03:25:00Z,51.00
2025-11-30T03:26:00Z,50.50
2025-11-30T03:29:00Z,50.80
2025-11-30T03:30:00Z,50.66
2025-11-30T03:31:00Z,51.12
2025-11-30T03:32:00Z,51.98
2025-11-30T03:33:00Z,50.00
2025-11-30T03:35:00Z,51.94
2025-11-30T03:36:00Z,50.06
2025-11-30T03:37:00Z,51.00
2025-11-30T03:38:00Z,52.00
2025-11-30T03:39:00Z,50.78
2025-11-30T03:40:00Z,51.00
2025-11-30T03:41:00Z,50.00
2025-11-30T03:42:00Z,51.00
2025-11-30T03:43:00Z,50.00
2025-11-30T03:44:00Z,50.00
2025-11-30T03:46:00Z,51.00
2025-11-30T03:50:00Z,50.65
2025-11-30T03:51:00Z,51.00
2025-11-30T03:52:00Z,50.13
2025-11-30T03:53:00Z,50.45
2025-11-30T03:55:00Z,51.00
2025-11-30T03:57:00Z,50.37
2025-11-30T03:58:00Z,50.75
2025-11-30T03:59:00Z,50.00
2025-11-30T04:00:00Z,50.97
2025-11-30T04:01:00Z,50.81
2025-11-30T04:02:00Z,50.37
2025-11-30T04:03:00Z,50.75
2025-11-30T04:04:00Z,50.00
2025-11-30T04:05:00Z,51.00
2025-11-30T04:06:00Z,51.00
2025-11-30T04:07:00Z,50.00
2025-11-30T04:08:00Z,50.00
2025-11-30T04:09:00Z,50.21
2025-11-30T04:11:00Z,51.00
2025-11-30T04:12:00Z,51.00
2025-11-30T04:13:00Z,51.00
2025-11-30T04:14:00Z,50.93
2025-11-30T04:15:00Z,50.00
2025-11-30T04:16:00Z,51.00
2025-11-30T04:18:00Z,50.55
2025-11-30T04:19:00Z,50.00
2025-11-30T04:21:00Z,50.00
2025-11-30T04:22:00Z,50.48
2025-11-30T04:23:00Z,50.22
2025-11-30T04:24:00Z,51.00
2025-11-30T04:25:00Z,50.00
2025-11-30T04:26:00Z,50.57
2025-11-30T04:28:00Z,50.93
2025-11-30T04:29:00Z,50.00
2025-11-30T04:30:00Z,51.00
2025-11-30T04:31:00Z,51.00
2025-11-30T04:36:00Z,51.00
2025-11-30T04:38:00Z,50.00
2025-11-30T04:41:00Z,51.00
2025-11-30T04:42:00Z,50.00
2025-11-30T04:43:00Z,50.00
2025-11-30T04:59:00Z,50.00
2025-11-30T05:09:00Z,51.00
2025-11-30T05:13:00Z,51.00
2025-11-30T05:18:00Z,51.00
2025-11-30T05:21:00Z,51.00
2025-11-30T05:22:00Z,50.00
2025-11-30T05:28:00Z,51.00
2025-11-30T05:34:00Z,51.00
2025-11-30T05:40:00Z,51.00
2025-11-30T05:45:00Z,51.00
2025-11-30T05:53:00Z,51.00
2025-11-30T05:57:00Z,51.00
2025-11-30T06:01:00Z,50.50
2025-11-30T06:06:00Z,51.00
2025-11-30T06:08:00Z,51.00
2025-11-30T06:09:00Z,51.00
2025-11-30T06:10:00Z,51.00
2025-11-30T06:11:00Z,50.00
2025-11-30T06:14:00Z,51.00
2025-11-30T06:15:00Z,51.00
2025-11-30T06:17:00Z,51.00
2025-11-30T06:18:00Z,50.75
2025-11-30T06:19:00Z,50.00
2025-11-30T06:20:00Z,50.49
2025-11-30T06:24:00Z,50.00
2025-11-30T06:25:00Z,51.00
2025-11-30T06:27:00Z,51.00
2025-11-30T06:28:00Z,51.00
2025-11-30T06:30:00Z,51.00
2025-11-30T06:33:00Z,50.00
2025-11-30T06:34:00Z,51.00
2025-11-30T06:36:00Z,51.00
2025-11-30T06:39:00Z,50.97
2025-11-30T06:40:00Z,50.08
2025-11-30T06:41:00Z,51.00
2025-11-30T06:43:00Z,50.12
2025-11-30T06:45:00Z,50.00
2025-11-30T06:46:00Z,51.00
2025-11-30T06:47:00Z,51.00
2025-11-30T06:48:00Z,51.00
2025-11-30T06:49:00Z,50.00
2025-11-30T06:51:00Z,51.00
2025-11-30T06:53:00Z,50.00
2025-11-30T06:55:00Z,51.00
2025-11-30T06:56:00Z,51.00
2025-11-30T06:57:00Z,51.00
2025-11-30T06:59:00Z,51.00
2025-11-30T07:00:00Z,50.00
2025-11-30T07:02:00Z,50.00
2025-11-30T07:07:00Z,50.00
2025-11-30T07:09:00Z,51.00
2025-11-30T07:10:00Z,51.00
2025-11-30T07:11:00Z,51.00
2025-11-30T07:12:00Z,51.00
2025-11-30T07:14:00Z,51.00
2025-11-30T07:16:00Z,51.00
2025-11-30T07:18:00Z,51.00
2025-11-30T07:19:00Z,50.98
2025-11-30T07:20:00Z,51.00
2025-11-30T07:23:00Z,50.00
2025-11-30T07:28:00Z,51.00
2025-11-30T07:37:00Z,51.00
2025-11-30T07:42:00Z,51.00
2025-11-30T07:43:00Z,51.00
2025-11-30T07:58:00Z,49.11
2025-11-30T08:07:00Z,50.00
2025-11-30T08:08:00Z,50.00
2025-11-30T08:15:00Z,50.00
2025-11-30T08:18:00Z,49.00
2025-11-30T08:27:00Z,50.00
2025-11-30T08:29:00Z,52.33
2025-11-30T08:31:00Z,52.00
2025-11-30T08:47:00Z,50.00
2025-11-30T09:12:00Z,52.00
2025-11-30T09:15:00Z,52.00
2025-11-30T09:17:00Z,51.00
2025-11-30T09:20:00Z,50.75
2025-11-30T09:21:00Z,52.00
2025-11-30T09:23:00Z,50.00
2025-11-30T09:31:00Z,50.00
2025-11-30T09:41:00Z,52.00
2025-11-30T09:48:00Z,52.42
2025-11-30T09:58:00Z,53.00
2025-11-30T10:01:00Z,53.00
2025-11-30T10:21:00Z,53.00
2025-11-30T10:41:00Z,51.00
2025-11-30T10:52:00Z,51.00
2025-11-30T10:54:00Z,52.00
2025-11-30T11:21:00Z,51.00
2025-11-30T11:46:00Z,53.00
2025-11-30T11:50:00Z,53.00
2025-11-30T12:06:00Z,53.00
2025-11-30T12:10:00Z,51.00
2025-11-30T12:25:00Z,53.00
2025-11-30T12:34:00Z,51.00
2025-11-30T12:37:00Z,51.00
2025-11-30T12:38:00Z,53.00
2025-11-30T12:51:00Z,53.00
2025-11-30T12:55:00Z,52.00
2025-11-30T13:08:00Z,53.00
2025-11-30T13:11:00Z,52.00
2025-11-30T13:13:00Z,53.00
2025-11-30T13:14:00Z,53.78
2025-11-30T13:15:00Z,54.00
2025-11-30T13:18:00Z,53.00
2025-11-30T13:21:00Z,54.00
2025-11-30T13:27:00Z,53.00
2025-11-30T13:30:00Z,53.00
2025-11-30T13:33:00Z,53.00
2025-11-30T13:45:00Z,53.00
2025-11-30T13:47:00Z,53.00
2025-11-30T13:51:00Z,52.00
2025-11-30T13:52:00Z,52.00
2025-11-30T14:09:00Z,53.00
2025-11-30T14:14:00Z,53.17
2025-11-30T14:33:00Z,51.75
2025-11-30T14:50:00Z,53.00
2025-11-30T14:55:00Z,53.00
2025-11-30T14:58:00Z,53.00
2025-11-30T15:00:00Z,54.00
2025-11-30T15:15:00Z,52.00
2025-11-30T15:18:00Z,54.00
2025-11-30T15:25:00Z,54.90
2025-11-30T15:36:00Z,54.00
2025-11-30T15:37:00Z,53.00
2025-11-30T15:42:00Z,54.00
2025-11-30T15:46:00Z,53.00
2025-11-30T15:47:00Z,54.00
2025-11-30T15:49:00Z,54.00
2025-11-30T15:51:00Z,53.00
2025-11-30T16:01:00Z,54.00
2025-11-30T16:02:00Z,53.00
2025-11-30T16:03:00Z,54.00
2025-11-30T16:08:00Z,53.00
2025-11-30T16:12:00Z,53.00
2025-11-30T16:15:00Z,54.00
2025-11-30T16:16:00Z,54.00
2025-11-30T16:18:00Z,53.89
2025-11-30T16:20:00Z,54.00
2025-11-30T16:23:00Z,54.00
2025-11-30T16:24:00Z,54.00
2025-11-30T16:25:00Z,53.00
2025-11-30T16:26:00Z,53.01
2025-11-30T16:27:00Z,53.00
2025-11-30T16:28:00Z,53.00
2025-11-30T16:30:00Z,53.00
2025-11-30T16:32:00Z,54.00
2025-11-30T16:33:00Z,53.00
2025-11-30T16:34:00Z,53.44
2025-11-30T16:35:00Z,53.00
2025-11-30T16:36:00Z,53.44
2025-11-30T16:38:00Z,53.00
2025-11-30T16:39:00Z,54.00
2025-11-30T16:40:00Z,53.70
2025-11-30T16:41:00Z,54.00
2025-11-30T16:42:00Z,53.33
2025-11-30T16:43:00Z,54.00
2025-11-30T16:44:00Z,53.00
2025-11-30T16:45:00Z,53.93
2025-11-30T16:48:00Z,53.00
2025-11-30T16:49:00Z,53.00
2025-11-30T16:51:00Z,54.00
2025-11-30T16:52:00Z,54.00
2025-11-30T16:53:00Z,54.00
2025-11-30T16:54:00Z,53.53
2025-11-30T16:55:00Z,54.00
2025-11-30T16:56:00Z,53.00
2025-11-30T16:57:00Z,53.89
2025-11-30T16:58:00Z,53.00
2025-11-30T16:59:00Z,53.97
2025-11-30T17:00:00Z,53.00
2025-11-30T17:01:00Z,53.12
2025-11-30T17:02:00Z,54.00
2025-11-30T17:03:00Z,53.33
2025-11-30T17:04:00Z,53.09
2025-11-30T17:05:00Z,53.97
2025-11-30T17:06:00Z,54.00
2025-11-30T17:07:00Z,53.39
2025-11-30T17:08:00Z,53.00
2025-11-30T17:09:00Z,54.00
2025-11-30T17:10:00Z,53.00
2025-11-30T17:11:00Z,53.00
2025-11-30T17:13:00Z,54.00
2025-11-30T17:14:00Z,53.00
2025-11-30T17:16:00Z,54.00
2025-11-30T17:17:00Z,53.88
2025-11-30T17:18:00Z,53.51
2025-11-30T17:19:00Z,54.00
2025-11-30T17:20:00Z,53.63
2025-11-30T17:21:00Z,53.95
2025-11-30T17:22:00Z,53.42
2025-11-30T17:23:00Z,54.00
2025-11-30T17:25:00Z,53.78
2025-11-30T17:26:00Z,54.00
2025-11-30T17:27:00Z,54.00
2025-11-30T17:28:00Z,53.98
2025-11-30T17:29:00Z,53.00
2025-11-30T17:30:00Z,53.00
2025-11-30T17:31:00Z,53.00
2025-11-30T17:32:00Z,53.70
2025-11-30T17:33:00Z,54.00
2025-11-30T17:35:00Z,53.99
2025-11-30T17:36:00Z,53.00
2025-11-30T17:37:00Z,53.00
2025-11-30T17:38:00Z,54.00
2025-11-30T17:39:00Z,53.64
2025-11-30T17:40:00Z,53.00
2025-11-30T17:41:00Z,53.98
2025-11-30T17:42:00Z,54.00
2025-11-30T17:43:00Z,54.25
2025-11-30T17:44:00Z,53.00
2025-11-30T17:45:00Z,53.00
2025-11-30T17:46:00Z,54.82
2025-11-30T17:47:00Z,53.00
2025-11-30T17:48:00Z,53.03
2025-11-30T17:49:00Z,54.49
2025-11-30T17:50:00Z,54.00
2025-11-30T17:51:00Z,54.85
2025-11-30T17:52:00Z,53.44
2025-11-30T17:53:00Z,54.81
2025-11-30T17:54:00Z,54.25
2025-11-30T17:55:00Z,53.45
2025-11-30T17:56:00Z,53.03
2025-11-30T17:58:00Z,53.88
2025-11-30T17:59:00Z,54.00
2025-11-30T18:00:00Z,53.07
2025-11-30T18:01:00Z,53.50
2025-11-30T18:02:00Z,53.00
2025-11-30T18:03:00Z,53.02
2025-11-30T18:04:00Z,54.00
2025-11-30T18:05:00Z,54.00
2025-11-30T18:06:00Z,53.52
2025-11-30T18:07:00Z,53.33
2025-11-30T18:08:00Z,53.05
2025-11-30T18:09:00Z,54.00
2025-11-30T18:10:00Z,53.00
2025-11-30T18:11:00Z,54.00
2025-11-30T18:12:00Z,53.00
2025-11-30T18:13:00Z,54.00
2025-11-30T18:14:00Z,53.00
2025-11-30T18:15:00Z,53.33
2025-11-30T18:16:00Z,53.00
2025-11-30T18:17:00Z,54.00
2025-11-30T18:19:00Z,54.00
2025-11-30T18:20:00Z,54.00
2025-11-30T18:22:00Z,53.00
2025-11-30T18:23:00Z,54.00
2025-11-30T18:25:00Z,53.00
2025-11-30T18:28:00Z,53.00
2025-11-30T18:30:00Z,54.00
2025-11-30T18:33:00Z,53.00
2025-11-30T18:37:00Z,54.00
2025-11-30T18:38:00Z,53.00
2025-11-30T18:41:00Z,54.00
2025-11-30T18:42:00Z,53.00
2025-11-30T18:50:00Z,53.00
2025-11-30T18:51:00Z,53.00
2025-11-30T18:53:00Z,54.00
2025-11-30T18:57:00Z,53.93
2025-11-30T19:00:00Z,54.00
2025-11-30T19:03:00Z,54.00
2025-11-30T19:04:00Z,54.00
2025-11-30T19:05:00Z,53.00
2025-11-30T19:06:00Z,53.00
2025-11-30T19:07:00Z,53.00
2025-11-30T19:13:00Z,54.00
2025-11-30T19:15:00Z,54.00
2025-11-30T19:18:00Z,54.00
2025-11-30T19:19:00Z,54.00
2025-11-30T19:20:00Z,53.00
2025-11-30T19:23:00Z,53.90
2025-11-30T19:24:00Z,53.13
2025-11-30T19:27:00Z,54.00
2025-11-30T19:28:00Z,54.00
2025-11-30T19:29:00Z,53.68
2025-11-30T19:30:00Z,54.00
2025-11-30T19:31:00Z,53.96
2025-11-30T19:34:00Z,53.00
2025-11-30T19:35:00Z,53.00
2025-11-30T19:41:00Z,53.00
2025-11-30T19:44:00Z,53.00
2025-11-30T19:46:00Z,54.00
2025-11-30T19:48:00Z,54.00
2025-11-30T19:52:00Z,53.00
2025-11-30T19:54:00Z,54.00
2025-11-30T19:56:00Z,53.00
2025-11-30T19:57:00Z,54.00
2025-11-30T19:58:00Z,53.00
2025-11-30T20:00:00Z,54.00
2025-11-30T20:04:00Z,54.00
2025-11-30T20:05:00Z,53.93
2025-11-30T20:09:00Z,53.00
2025-11-30T20:10:00Z,53.00
2025-11-30T20:12:00Z,54.00
2025-11-30T20:16:00Z,54.00
2025-11-30T20:18:00Z,54.00
2025-11-30T20:20:00Z,53.11
2025-11-30T20:25:00Z,54.00
2025-11-30T20:29:00Z,53.00
2025-11-30T20:32:00Z,53.00
2025-11-30T20:33:00Z,53.85
2025-11-30T20:34:00Z,54.00
2025-11-30T20:36:00Z,53.00
2025-11-30T20:40:00Z,54.00
2025-11-30T20:51:00Z,53.00
2025-11-30T20:56:00Z,53.00
2025-11-30T21:00:00Z,53.00
2025-11-30T21:02:00Z,54.00
2025-11-30T21:04:00Z,54.00
2025-11-30T21:05:00Z,54.00
2025-11-30T21:09:00Z,54.00
2025-11-30T21:11:00Z,53.00
2025-11-30T21:12:00Z,53.00
2025-11-30T21:14:00Z,54.00
2025-11-30T21:15:00Z,54.00
2025-11-30T21:16:00Z,54.00
2025-11-30T21:17:00Z,53.05
2025-11-30T21:18:00Z,53.00
2025-11-30T21:20:00Z,54.00
2025-11-30T21:23:00Z,53.13
2025-11-30T21:24:00Z,52.00
2025-11-30T21:25:00Z,52.00
2025-11-30T21:27:00Z,53.00
2025-11-30T21:28:00Z,52.00
2025-11-30T21:31:00Z,53.00
2025-11-30T21:37:00Z,53.00
2025-11-30T21:38:00Z,53.00
2025-11-30T21:41:00Z,53.00
2025-11-30T21:42:00Z,54.00
2025-11-30T21:43:00Z,52.00
2025-11-30T21:45:00Z,53.13
2025-11-30T21:46:00Z,54.00
2025-11-30T21:48:00Z,52.00
2025-11-30T21:49:00Z,54.00
2025-11-30T21:52:00Z,54.00
2025-11-30T21:53:00Z,54.00
2025-11-30T21:56:00Z,54.00
2025-11-30T22:02:00Z,54.00
2025-11-30T22:04:00Z,54.00
2025-11-30T22:18:00Z,54.55
2025-11-30T22:21:00Z,55.00
2025-11-30T22:23:00Z,54.00
2025-11-30T22:24:00Z,54.00
2025-11-30T22:26:00Z,55.00
2025-11-30T22:31:00Z,55.00
2025-11-30T22:33:00Z,54.25
2025-11-30T22:37:00Z,54.00
2025-11-30T22:38:00Z,53.00
2025-11-30T22:42:00Z,53.00
2025-11-30T22:43:00Z,53.00
2025-11-30T22:44:00Z,54.00
2025-11-30T22:49:00Z,53.00
2025-11-30T22:52:00Z,55.00
2025-11-30T22:53:00Z,55.00
2025-11-30T22:54:00Z,55.00
2025-11-30T23:01:00Z,55.00
2025-11-30T23:06:00Z,55.00
2025-11-30T23:14:00Z,55.00
2025-11-30T23:15:00Z,53.00
2025-11-30T23:19:00Z,53.00
2025-11-30T23:24:00Z,54.00
2025-11-30T23:27:00Z,54.00
2025-11-30T23:31:00Z,54.00
2025-11-30T23:32:00Z,54.00
2025-11-30T23:34:00Z,54.00
2025-11-30T23:36:00Z,53.00
2025-11-30T23:41:00Z,53.00
2025-11-30T23:43:00Z,53.00
2025-11-30T23:47:00Z,53.00
2025-11-30T23:49:00Z,53.00
2025-11-30T23:54:00Z,54.00
2025-11-30T23:55:00Z,53.00
2025-11-30T23:59:00Z,54.00
2025-12-01T00:01:00Z,53.00
2025-12-01T00:05:00Z,52.00
2025-12-01T00:06:00Z,54.00
2025-12-01T00:07:00Z,51.16
2025-12-01T00:08:00Z,51.00
2025-12-01T00:11:00Z,52.00
2025-12-01T00:13:00Z,51.70
2025-12-01T00:14:00Z,51.00
2025-12-01T00:17:00Z,51.00
2025-12-01T00:19:00Z,51.00
2025-12-01T00:20:00Z,51.00
2025-12-01T00:22:00Z,51.00
2025-12-01T00:23:00Z,51.00
2025-12-01T00:28:00Z,52.00
2025-12-01T00:29:00Z,52.00
2025-12-01T00:31:00Z,51.00
2025-12-01T00:32:00Z,51.62
2025-12-01T00:33:00Z,50.87
2025-12-01T00:35:00Z,50.00
2025-12-01T00:36:00Z,50.00
2025-12-01T00:38:00Z,50.00
2025-12-01T00:40:00Z,49.00
2025-12-01T00:41:00Z,50.00
2025-12-01T00:42:00Z,49.00
2025-12-01T00:43:00Z,48.46
2025-12-01T00:44:00Z,48.49
2025-12-01T00:45:00Z,48.06
2025-12-01T00:47:00Z,47.00
2025-12-01T00:48:00Z,46.48
2025-12-01T00:49:00Z,45.47
2025-12-01T00:51:00Z,45.37
2025-12-01T00:52:00Z,45.35
2025-12-01T00:54:00Z,45.23
2025-12-01T00:55:00Z,45.00
2025-12-01T00:56:00Z,47.00
2025-12-01T01:01:00Z,44.40
2025-12-01T01:04:00Z,45.14
2025-12-01T01:05:00Z,47.11
2025-12-01T01:06:00Z,47.00
2025-12-01T01:07:00Z,47.82
2025-12-01T01:08:00Z,44.38
2025-12-01T01:09:00Z,47.00
2025-12-01T01:10:00Z,45.00
2025-12-01T01:12:00Z,44.08
2025-12-01T01:13:00Z,46.00
2025-12-01T01:14:00Z,45.00
2025-12-01T01:16:00Z,44.00
2025-12-01T01:18:00Z,44.03
2025-12-01T01:20:00Z,46.91
2025-12-01T01:21:00Z,44.75
2025-12-01T01:22:00Z,45.00
2025-12-01T01:25:00Z,45.00
2025-12-01T01:26:00Z,45.00
2025-12-01T01:28:00Z,44.00
2025-12-01T01:30:00Z,44.00
2025-12-01T01:33:00Z,43.00
2025-12-01T01:34:00Z,44.57
2025-12-01T01:35:00Z,43.30
2025-12-01T01:36:00Z,43.00
2025-12-01T01:37:00Z,43.00
2025-12-01T01:38:00Z,43.00
2025-12-01T01:44:00Z,44.59
2025-12-01T01:46:00Z,43.00
2025-12-01T01:47:00Z,45.44
2025-12-01T01:51:00Z,45.00
2025-12-01T01:52:00Z,45.00
2025-12-01T02:00:00Z,44.00
2025-12-01T02:04:00Z,45.00
2025-12-01T02:05:00Z,45.00
2025-12-01T02:06:00Z,44.00
2025-12-01T02:07:00Z,44.00
2025-12-01T02:10:00Z,43.74
2025-12-01T02:11:00Z,42.00
2025-12-01T02:13:00Z,43.00
2025-12-01T02:14:00Z,43.97
2025-12-01T02:15:00Z,44.84
2025-12-01T02:16:00Z,43.12
2025-12-01T02:17:00Z,44.02
2025-12-01T02:18:00Z,44.00
2025-12-01T02:19:00Z,43.11
2025-12-01T02:22:00Z,43.00
2025-12-01T02:23:00Z,42.00
2025-12-01T02:24:00Z,43.21
2025-12-01T02:27:00Z,42.00
2025-12-01T02:28:00Z,43.31
2025-12-01T02:35:00Z,42.00
2025-12-01T02:36:00Z,42.98
2025-12-01T02:37:00Z,42.33
2025-12-01T02:40:00Z,41.17
2025-12-01T02:41:00Z,42.00
2025-12-01T02:43:00Z,41.00
2025-12-01T02:44:00Z,41.19
2025-12-01T02:45:00Z,40.00
2025-12-01T02:46:00Z,40.00
2025-12-01T02:49:00Z,40.40
2025-12-01T02:51:00Z,41.00
2025-12-01T02:52:00Z,40.00
2025-12-01T02:53:00Z,40.00
2025-12-01T02:54:00Z,41.00
2025-12-01T02:55:00Z,40.00
2025-12-01T02:56:00Z,41.00
2025-12-01T02:59:00Z,41.00
2025-12-01T03:01:00Z,40.00
2025-12-01T03:05:00Z,40.00
2025-12-01T03:06:00Z,40.00
2025-12-01T03:07:00Z,40.00
2025-12-01T03:10:00Z,40.00
2025-12-01T03:11:00Z,40.75
2025-12-01T03:12:00Z,39.00
2025-12-01T03:13:00Z,40.00
2025-12-01T03:14:00Z,41.00
2025-12-01T03:16:00Z,41.00
2025-12-01T03:18:00Z,40.48
2025-12-01T03:19:00Z,41.00
2025-12-01T03:20:00Z,40.00
2025-12-01T03:21:00Z,40.00
2025-12-01T03:22:00Z,39.00
2025-12-01T03:24:00Z,38.78
2025-12-01T03:27:00Z,39.00
2025-12-01T03:29:00Z,39.12
2025-12-01T03:30:00Z,39.00
2025-12-01T03:31:00Z,38.42
2025-12-01T03:33:00Z,39.83
2025-12-01T03:35:00Z,38.00
2025-12-01T03:40:00Z,39.00
2025-12-01T03:41:00Z,38.00
2025-12-01T03:42:00Z,38.30
2025-12-01T03:43:00Z,38.09
2025-12-01T03:45:00Z,38.46
2025-12-01T03:46:00Z,37.00
2025-12-01T03:47:00Z,38.73
2025-12-01T03:48:00Z,38.45
2025-12-01T03:51:00Z,35.32
2025-12-01T03:53:00Z,37.00
2025-12-01T03:54:00Z,38.00
2025-12-01T03:56:00Z,38.86
2025-12-01T03:57:00Z,36.00
2025-12-01T03:59:00Z,37.33
2025-12-01T04:00:00Z,37.00
2025-12-01T04:01:00Z,39.51
2025-12-01T04:02:00Z,39.98
2025-12-01T04:04:00Z,40.00
2025-12-01T04:05:00Z,37.00
2025-12-01T04:06:00Z,37.00
2025-12-01T04:13:00Z,40.00
2025-12-01T04:14:00Z,37.83
2025-12-01T04:15:00Z,36.00
2025-12-01T04:18:00Z,38.91
2025-12-01T04:19:00Z,36.00
2025-12-01T04:21:00Z,38.00
2025-12-01T04:22:00Z,36.00
2025-12-01T04:23:00Z,36.69
2025-12-01T04:26:00Z,38.00
2025-12-01T04:27:00Z,38.88
2025-12-01T04:28:00Z,38.00
2025-12-01T04:34:00Z,38.00
2025-12-01T04:36:00Z,37.00
2025-12-01T04:37:00Z,37.00
2025-12-01T04:38:00Z,37.00
2025-12-01T04:40:00Z,37.00
2025-12-01T04:42:00Z,37.00
2025-12-01T04:43:00Z,36.00
2025-12-01T04:44:00Z,36.00
2025-12-01T04:46:00Z,37.00
2025-12-01T04:47:00Z,36.00
2025-12-01T04:50:00Z,36.00
2025-12-01T04:56:00Z,36.00
2025-12-01T05:02:00Z,36.00
2025-12-01T05:03:00Z,36.92
2025-12-01T05:04:00Z,36.00
2025-12-01T05:06:00Z,36.00
2025-12-01T05:07:00Z,37.00
2025-12-01T05:08:00Z,36.28
2025-12-01T05:11:00Z,37.00
2025-12-01T05:12:00Z,36.77
2025-12-01T05:13:00Z,36.00
2025-12-01T05:15:00Z,35.00
2025-12-01T05:16:00Z,36.00
2025-12-01T05:17:00Z,35.14
2025-12-01T05:18:00Z,35.00
2025-12-01T05:21:00Z,35.00
2025-12-01T05:24:00Z,36.00
2025-12-01T05:26:00Z,36.00
2025-12-01T05:29:00Z,36.28
2025-12-01T05:31:00Z,37.00
2025-12-01T05:32:00Z,36.00
2025-12-01T05:33:00Z,37.00
2025-12-01T05:34:00Z,35.28
2025-12-01T05:39:00Z,36.00
2025-12-01T05:47:00Z,36.00
2025-12-01T05:48:00Z,36.00
2025-12-01T05:49:00Z,35.00
2025-12-01T05:51:00Z,36.81
2025-12-01T05:56:00Z,35.00
2025-12-01T05:57:00Z,35.00
2025-12-01T05:59:00Z,35.00
2025-12-01T06:05:00Z,35.00
2025-12-01T06:16:00Z,35.00
2025-12-01T06:19:00Z,35.00
2025-12-01T06:20:00Z,36.00
2025-12-01T06:22:00Z,36.00
2025-12-01T06:26:00Z,35.00
2025-12-01T06:33:00Z,35.00
2025-12-01T06:34:00Z,36.00
2025-12-01T06:35:00Z,35.30
2025-12-01T06:38:00Z,35.00
2025-12-01T06:40:00Z,36.00
2025-12-01T06:43:00Z,36.00
2025-12-01T06:47:00Z,35.00
2025-12-01T06:49:00Z,36.01
2025-12-01T06:59:00Z,36.00
2025-12-01T07:02:00Z,36.89
2025-12-01T07:04:00Z,37.00
2025-12-01T07:06:00Z,37.00
2025-12-01T07:07:00Z,36.00
2025-12-01T07:09:00Z,37.00
2025-12-01T07:16:00Z,35.95
2025-12-01T07:20:00Z,35.00
2025-12-01T07:30:00Z,35.59
2025-12-01T07:32:00Z,36.00
2025-12-01T07:39:00Z,36.00
2025-12-01T07:47:00Z,36.00
2025-12-01T07:51:00Z,37.00
2025-12-01T08:13:00Z,36.00
2025-12-01T08:14:00Z,35.00
2025-12-01T08:16:00Z,36.00
2025-12-01T08:21:00Z,35.00
2025-12-01T08:31:00Z,36.00
2025-12-01T08:38:00Z,35.00
2025-12-01T08:44:00Z,35.00
2025-12-01T08:45:00Z,36.00
2025-12-01T08:48:00Z,36.00
2025-12-01T08:50:00Z,36.00
2025-12-01T08:59:00Z,36.00
2025-12-01T09:00:00Z,36.00
2025-12-01T09:05:00Z,36.00
2025-12-01T09:07:00Z,36.00
2025-12-01T09:33:00Z,34.00
2025-12-01T09:36:00Z,34.00
2025-12-01T09:37:00Z,34.00
2025-12-01T09:41:00Z,34.00
2025-12-01T09:42:00Z,35.00
2025-12-01T09:46:00Z,35.00
2025-12-01T09:49:00Z,35.00
2025-12-01T09:51:00Z,35.06
2025-12-01T09:56:00Z,35.32
2025-12-01T10:05:00Z,35.00
2025-12-01T10:10:00Z,35.00
2025-12-01T10:20:00Z,35.00
2025-12-01T10:21:00Z,35.00
2025-12-01T10:33:00Z,34.00
2025-12-01T10:40:00Z,35.00
2025-12-01T10:46:00Z,36.00
2025-12-01T10:47:00Z,36.00
2025-12-01T10:59:00Z,36.00
2025-12-01T11:03:00Z,34.00
2025-12-01T11:07:00Z,36.00
2025-12-01T11:24:00Z,36.86
2025-12-01T11:31:00Z,36.00
2025-12-01T11:32:00Z,36.00
2025-12-01T11:33:00Z,36.00
2025-12-01T11:38:00Z,37.00
2025-12-01T11:42:00Z,35.00
2025-12-01T11:54:00Z,36.80
2025-12-01T11:55:00Z,36.00
2025-12-01T12:06:00Z,35.00
2025-12-01T12:14:00Z,35.00
2025-12-01T12:16:00Z,36.00
2025-12-01T12:18:00Z,35.00
2025-12-01T12:21:00Z,36.00
2025-12-01T12:25:00Z,35.00
2025-12-01T12:27:00Z,36.00
2025-12-01T12:28:00Z,35.00
2025-12-01T12:33:00Z,35.00
2025-12-01T12:35:00Z,32.64
2025-12-01T12:36:00Z,33.32
2025-12-01T12:37:00Z,33.50
2025-12-01T12:39:00Z,33.00
2025-12-01T12:40:00Z,33.71
2025-12-01T12:43:00Z,32.00
2025-12-01T12:44:00Z,32.00
2025-12-01T12:45:00Z,32.26
2025-12-01T12:46:00Z,32.00
2025-12-01T12:47:00Z,33.00
2025-12-01T12:48:00Z,31.00
2025-12-01T12:49:00Z,31.00
2025-12-01T12:50:00Z,31.00
2025-12-01T12:51:00Z,31.99
2025-12-01T12:52:00Z,31.00
2025-12-01T12:53:00Z,31.07
2025-12-01T12:54:00Z,31.53
2025-12-01T12:56:00Z,32.00
2025-12-01T12:57:00Z,30.00
2025-12-01T12:58:00Z,30.24
2025-12-01T12:59:00Z,30.49
2025-12-01T13:00:00Z,31.00
2025-12-01T13:01:00Z,31.00
2025-12-01T13:03:00Z,30.93
2025-12-01T13:05:00Z,30.00
2025-12-01T13:07:00Z,30.15
2025-12-01T13:08:00Z,31.96
2025-12-01T13:09:00Z,30.00
2025-12-01T13:10:00Z,30.00
2025-12-01T13:12:00Z,28.84
2025-12-01T13:15:00Z,30.00
2025-12-01T13:16:00Z,28.60
2025-12-01T13:18:00Z,30.00
2025-12-01T13:19:00Z,30.00
2025-12-01T13:20:00Z,30.00
2025-12-01T13:21:00Z,28.32
2025-12-01T13:22:00Z,28.88
2025-12-01T13:23:00Z,29.00
2025-12-01T13:25:00Z,30.00
2025-12-01T13:26:00Z,30.00
2025-12-01T13:27:00Z,29.26
2025-12-01T13:28:00Z,30.00
2025-12-01T13:29:00Z,28.06
2025-12-01T13:30:00Z,28.20
2025-12-01T13:31:00Z,28.00
2025-12-01T13:33:00Z,28.88
2025-12-01T13:35:00Z,29.00
2025-12-01T13:37:00Z,29.00
2025-12-01T13:38:00Z,28.00
2025-12-01T13:39:00Z,28.00
2025-12-01T13:41:00Z,28.00
2025-12-01T13:43:00Z,29.22
2025-12-01T13:44:00Z,29.24
2025-12-01T13:45:00Z,30.00
2025-12-01T13:46:00Z,30.00
2025-12-01T13:47:00Z,29.52
2025-12-01T13:48:00Z,28.00
2025-12-01T13:49:00Z,30.00
2025-12-01T13:50:00Z,28.66
2025-12-01T13:53:00Z,28.00
2025-12-01T13:54:00Z,30.00
2025-12-01T13:56:00Z,29.00
2025-12-01T13:57:00Z,30.00
2025-12-01T13:58:00Z,28.63
2025-12-01T14:00:00Z,28.00
2025-12-01T14:01:00Z,28.00
2025-12-01T14:02:00Z,29.00
2025-12-01T14:03:00Z,27.76
2025-12-01T14:04:00Z,29.00
2025-12-01T14:05:00Z,28.00
2025-12-01T14:09:00Z,29.00
2025-12-01T14:10:00Z,29.26
2025-12-01T14:11:00Z,29.15
2025-12-01T14:12:00Z,30.00
2025-12-01T14:14:00Z,29.96
2025-12-01T14:15:00Z,30.00
2025-12-01T14:16:00Z,29.58
2025-12-01T14:17:00Z,29.18
2025-12-01T14:18:00Z,29.32
2025-12-01T14:20:00Z,30.00
2025-12-01T14:23:00Z,29.00
2025-12-01T14:24:00Z,30.00
2025-12-01T14:25:00Z,30.00
2025-12-01T14:26:00Z,29.00
2025-12-01T14:27:00Z,29.73
2025-12-01T14:28:00Z,29.98
2025-12-01T14:29:00Z,30.00
2025-12-01T14:30:00Z,30.00
2025-12-01T14:31:00Z,29.00
2025-12-01T14:33:00Z,29.00
2025-12-01T14:34:00Z,29.87
2025-12-01T14:35:00Z,29.00
2025-12-01T14:36:00Z,30.00
2025-12-01T14:37:00Z,29.34
2025-12-01T14:38:00Z,29.00
2025-12-01T14:39:00Z,30.00
2025-12-01T14:41:00Z,29.96
2025-12-01T14:42:00Z,30.00
2025-12-01T14:43:00Z,30.00
2025-12-01T14:44:00Z,29.00
2025-12-01T14:45:00Z,30.00
2025-12-01T14:46:00Z,30.00
2025-12-01T14:47:00Z,29.00
2025-12-01T14:48:00Z,29.00
2025-12-01T14:52:00Z,30.00
2025-12-01T14:53:00Z,29.02
2025-12-01T14:55:00Z,30.00
2025-12-01T14:56:00Z,29.00
2025-12-01T14:57:00Z,30.00
2025-12-01T14:59:00Z,30.00
2025-12-01T15:00:00Z,30.00
2025-12-01T15:02:00Z,30.00
2025-12-01T15:05:00Z,29.00
2025-12-01T15:08:00Z,29.00
2025-12-01T15:09:00Z,30.00
2025-12-01T15:10:00Z,30.00
2025-12-01T15:12:00Z,29.75
2025-12-01T15:13:00Z,29.00
2025-12-01T15:14:00Z,30.00
2025-12-01T15:15:00Z,29.00
2025-12-01T15:16:00Z,30.00
2025-12-01T15:18:00Z,29.58
2025-12-01T15:21:00Z,29.00
2025-12-01T15:22:00Z,29.23
2025-12-01T15:23:00Z,30.00
2025-12-01T15:24:00Z,29.00
2025-12-01T15:25:00Z,29.99
2025-12-01T15:26:00Z,28.95
2025-12-01T15:27:00Z,30.00
2025-12-01T15:29:00Z,28.59
2025-12-01T15:30:00Z,30.00
2025-12-01T15:33:00Z,29.00
2025-12-01T15:35:00Z,28.17
2025-12-01T15:38:00Z,27.17
2025-12-01T15:39:00Z,27.11
2025-12-01T15:41:00Z,27.00
2025-12-01T15:42:00Z,25.42
2025-12-01T15:43:00Z,22.18
2025-12-01T15:44:00Z,22.11
2025-12-01T15:45:00Z,23.00
2025-12-01T15:46:00Z,22.95
2025-12-01T15:48:00Z,22.11
2025-12-01T15:49:00Z,22.00
2025-12-01T15:50:00Z,23.00
2025-12-01T15:51:00Z,23.87
2025-12-01T15:53:00Z,23.34
2025-12-01T15:55:00Z,24.00
2025-12-01T15:58:00Z,24.00
2025-12-01T16:00:00Z,24.00
2025-12-01T16:01:00Z,24.00
2025-12-01T16:02:00Z,23.00
2025-12-01T16:03:00Z,24.00
2025-12-01T16:06:00Z,23.00
2025-12-01T16:10:00Z,23.44
2025-12-01T16:12:00Z,22.00
2025-12-01T16:15:00Z,23.00
2025-12-01T16:17:00Z,22.00
2025-12-01T16:19:00Z,24.00
2025-12-01T16:20:00Z,22.00
2025-12-01T16:23:00Z,21.00
2025-12-01T16:24:00Z,21.00
2025-12-01T16:25:00Z,22.00
2025-12-01T16:28:00Z,24.00
2025-12-01T16:31:00Z,22.69
2025-12-01T16:32:00Z,23.87
2025-12-01T16:34:00Z,25.00
2025-12-01T16:35:00Z,25.00
2025-12-01T16:36:00Z,25.49
2025-12-01T16:37:00Z,25.00
2025-12-01T16:38:00Z,24.00
2025-12-01T16:39:00Z,26.00
2025-12-01T16:41:00Z,25.00
2025-12-01T16:43:00Z,25.00
2025-12-01T16:45:00Z,26.00
2025-12-01T16:46:00Z,25.00
2025-12-01T16:49:00Z,25.00
2025-12-01T16:54:00Z,24.23
2025-12-01T16:57:00Z,25.00
2025-12-01T16:59:00Z,25.46
2025-12-01T17:05:00Z,25.92
2025-12-01T17:07:00Z,25.35
2025-12-01T17:09:00Z,26.14
2025-12-01T17:10:00Z,25.02
2025-12-01T17:15:00Z,24.00
2025-12-01T17:17:00Z,24.00
2025-12-01T17:18:00Z,24.98
2025-12-01T17:19:00Z,25.00
2025-12-01T17:28:00Z,25.00
2025-12-01T17:35:00Z,26.00
2025-12-01T17:42:00Z,25.00
2025-12-01T17:43:00Z,24.00
2025-12-01T17:44:00Z,24.02
2025-12-01T17:47:00Z,25.00
2025-12-01T17:48:00Z,24.09
2025-12-01T18:01:00Z,25.92
2025-12-01T18:05:00Z,25.00
2025-12-01T18:06:00Z,26.17
2025-12-01T18:08:00Z,26.00
2025-12-01T18:09:00Z,25.00
2025-12-01T18:16:00Z,26.00
2025-12-01T18:17:00Z,26.34
2025-12-01T18:20:00Z,25.00
2025-12-01T18:21:00Z,27.00
2025-12-01T18:25:00Z,25.00
2025-12-01T18:26:00Z,26.00
2025-12-01T18:28:00Z,26.84
2025-12-01T18:32:00Z,27.00
2025-12-01T18:33:00Z,25.03
2025-12-01T18:37:00Z,27.00
2025-12-01T18:38:00Z,27.00
2025-12-01T18:39:00Z,27.00
2025-12-01T18:40:00Z,26.00
2025-12-01T18:44:00Z,26.00
2025-12-01T18:45:00Z,25.00
2025-12-01T18:48:00Z,25.47
2025-12-01T18:57:00Z,26.00
2025-12-01T18:58:00Z,26.00
2025-12-01T18:59:00Z,25.00
2025-12-01T19:00:00Z,25.00
2025-12-01T19:01:00Z,25.00
2025-12-01T19:08:00Z,25.00
2025-12-01T19:10:00Z,24.00
2025-12-01T19:11:00Z,25.00
2025-12-01T19:13:00Z,24.00
2025-12-01T19:15:00Z,25.00
2025-12-01T19:18:00Z,23.41
2025-12-01T19:29:00Z,25.00
2025-12-01T19:30:00Z,26.00
2025-12-01T19:31:00Z,21.65
2025-12-01T19:40:00Z,25.33
2025-12-01T19:41:00Z,25.00
2025-12-01T19:42:00Z,23.00
2025-12-01T19:44:00Z,25.00
2025-12-01T19:46:00Z,23.25
2025-12-01T19:50:00Z,25.00
2025-12-01T19:54:00Z,23.00
2025-12-01T19:55:00Z,25.00
2025-12-01T19:56:00Z,25.00
2025-12-01T19:58:00Z,25.85
2025-12-01T20:00:00Z,26.00
2025-12-01T20:01:00Z,25.00
2025-12-01T20:05:00Z,25.00
2025-12-01T20:07:00Z,25.00
2025-12-01T20:11:00Z,26.00
2025-12-01T20:13:00Z,25.00
2025-12-01T20:14:00Z,26.00
2025-12-01T20:17:00Z,25.00
2025-12-01T20:18:00Z,24.00
2025-12-01T20:21:00Z,24.96
2025-12-01T20:22:00Z,26.00
2025-12-01T20:23:00Z,25.94
2025-12-01T20:24:00Z,25.09
2025-12-01T20:25:00Z,26.00
2025-12-01T20:29:00Z,25.00
2025-12-01T20:37:00Z,26.00
2025-12-01T20:38:00Z,26.00
2025-12-01T20:39:00Z,25.00
2025-12-01T20:43:00Z,26.00
2025-12-01T20:46:00Z,25.73
2025-12-01T20:47:00Z,25.30
2025-12-01T20:49:00Z,25.46
2025-12-01T20:50:00Z,26.00
2025-12-01T20:51:00Z,25.94
2025-12-01T20:52:00Z,26.00
2025-12-01T20:59:00Z,26.00
2025-12-01T21:03:00Z,25.22
2025-12-01T21:07:00Z,25.00
2025-12-01T21:12:00Z,26.00
2025-12-01T21:15:00Z,25.94
2025-12-01T21:18:00Z,26.85
2025-12-01T21:22:00Z,27.00
2025-12-01T21:23:00Z,27.00
2025-12-01T21:24:00Z,27.00
2025-12-01T21:26:00Z,27.00
2025-12-01T21:27:00Z,26.00
2025-12-01T21:28:00Z,26.99
2025-12-01T21:29:00Z,26.96
2025-12-01T21:30:00Z,27.00
2025-12-01T21:31:00Z,27.00
2025-12-01T21:33:00Z,27.00
2025-12-01T21:34:00Z,27.00
2025-12-01T21:35:00Z,27.00
2025-12-01T21:36:00Z,27.00
2025-12-01T21:38:00Z,27.00
2025-12-01T21:39:00Z,27.00
2025-12-01T21:41:00Z,27.00
2025-12-01T21:42:00Z,27.00
2025-12-01T21:43:00Z,28.00
2025-12-01T21:49:00Z,28.00
2025-12-01T21:52:00Z,28.00
2025-12-01T21:54:00Z,28.00
2025-12-01T21:57:00Z,27.00
2025-12-01T21:59:00Z,28.00
2025-12-01T22:00:00Z,28.00
2025-12-01T22:01:00Z,27.04
2025-12-01T22:03:00Z,28.00
2025-12-01T22:05:00Z,27.00
2025-12-01T22:07:00Z,28.00
2025-12-01T22:10:00Z,28.00
2025-12-01T22:11:00Z,29.00
2025-12-01T22:12:00Z,29.00
2025-12-01T22:13:00Z,30.00
2025-12-01T22:15:00Z,30.00
2025-12-01T22:16:00Z,28.39
2025-12-01T22:19:00Z,29.00
2025-12-01T22:21:00Z,30.00
2025-12-01T22:24:00Z,30.00
2025-12-01T22:25:00Z,30.00
2025-12-01T22:26:00Z,29.00
2025-12-01T22:27:00Z,29.00
2025-12-01T22:29:00Z,30.00
2025-12-01T22:33:00Z,30.00
2025-12-01T22:48:00Z,30.00
2025-12-01T22:49:00Z,30.00
2025-12-01T22:50:00Z,30.00
2025-12-01T22:52:00Z,29.00
2025-12-01T22:55:00Z,30.32
2025-12-01T22:57:00Z,31.00
2025-12-01T22:58:00Z,33.00
2025-12-01T22:59:00Z,34.92
2025-12-01T23:00:00Z,37.09
2025-12-01T23:01:00Z,39.00
2025-12-01T23:02:00Z,40.43
2025-12-01T23:04:00Z,39.00
2025-12-01T23:05:00Z,39.01
2025-12-01T23:06:00Z,39.87
2025-12-01T23:08:00Z,37.06
2025-12-01T23:09:00Z,37.79
2025-12-01T23:10:00Z,37.01
2025-12-01T23:11:00Z,38.00
2025-12-01T23:12:00Z,37.00
2025-12-01T23:13:00Z,37.17
2025-12-01T23:14:00Z,39.09
2025-12-01T23:15:00Z,37.00
2025-12-01T23:17:00Z,35.03
2025-12-01T23:22:00Z,36.00
2025-12-01T23:23:00Z,35.00
2025-12-01T23:26:00Z,35.00
2025-12-01T23:27:00Z,35.00
2025-12-01T23:28:00Z,34.19
2025-12-01T23:30:00Z,36.00
2025-12-01T23:31:00Z,35.00
2025-12-01T23:33:00Z,36.00
2025-12-01T23:41:00Z,35.00
2025-12-01T23:42:00Z,36.00
2025-12-01T23:46:00Z,35.00
2025-12-01T23:50:00Z,35.98
2025-12-01T23:51:00Z,36.00
2025-12-01T23:52:00Z,35.00
2025-12-01T23:53:00Z,36.00
2025-12-01T23:55:00Z,35.00
2025-12-01T23:56:00Z,36.00
2025-12-01T23:58:00Z,35.00
2025-12-02T00:00:00Z,35.33
2025-12-02T00:05:00Z,35.00
2025-12-02T00:08:00Z,35.00
2025-12-02T00:09:00Z,35.00
2025-12-02T00:12:00Z,36.00
2025-12-02T00:13:00Z,35.00
2025-12-02T00:15:00Z,35.02
2025-12-02T00:16:00Z,35.00
2025-12-02T00:17:00Z,34.00
2025-12-02T00:19:00Z,34.00
2025-12-02T00:27:00Z,32.00
2025-12-02T00:28:00Z,33.00
2025-12-02T00:33:00Z,32.23
2025-12-02T00:36:00Z,32.00
2025-12-02T00:37:00Z,33.00
2025-12-02T00:40:00Z,32.00
2025-12-02T00:41:00Z,33.00
2025-12-02T00:42:00Z,33.00
2025-12-02T00:45:00Z,32.00
2025-12-02T00:48:00Z,33.00
2025-12-02T00:51:00Z,32.00
2025-12-02T00:57:00Z,32.00
2025-12-02T00:59:00Z,32.00
2025-12-02T01:01:00Z,32.00
2025-12-02T01:03:00Z,32.00
2025-12-02T01:07:00Z,33.50
2025-12-02T01:08:00Z,34.00
2025-12-02T01:09:00Z,33.00
2025-12-02T01:10:00Z,32.99
2025-12-02T01:11:00Z,33.00
2025-12-02T01:12:00Z,33.00
2025-12-02T01:13:00Z,33.00
2025-12-02T01:15:00Z,33.00
2025-12-02T01:16:00Z,33.01
2025-12-02T01:23:00Z,32.89
2025-12-02T01:26:00Z,33.00
2025-12-02T01:28:00Z,31.47
2025-12-02T01:30:00Z,32.00
2025-12-02T01:32:00Z,33.00
2025-12-02T01:36:00Z,32.00
2025-12-02T01:37:00Z,32.00
2025-12-02T01:38:00Z,32.00
2025-12-02T01:40:00Z,32.00
2025-12-02T01:42:00Z,33.00
2025-12-02T01:45:00Z,32.00
2025-12-02T01:46:00Z,31.18
2025-12-02T01:50:00Z,31.00
2025-12-02T01:52:00Z,31.00
2025-12-02T01:53:00Z,32.03
2025-12-02T01:55:00Z,31.00
2025-12-02T01:58:00Z,31.00
2025-12-02T02:03:00Z,31.00
2025-12-02T02:07:00Z,31.00
2025-12-02T02:08:00Z,31.00
2025-12-02T02:11:00Z,31.00
2025-12-02T02:15:00Z,31.29
2025-12-02T02:16:00Z,33.48
2025-12-02T02:18:00Z,32.97
2025-12-02T02:20:00Z,34.00
2025-12-02T02:21:00Z,31.38
2025-12-02T02:25:00Z,33.03
2025-12-02T02:26:00Z,33.00
2025-12-02T02:30:00Z,31.88
2025-12-02T02:32:00Z,32.00
2025-12-02T02:34:00Z,31.00
2025-12-02T02:35:00Z,32.00
2025-12-02T02:38:00Z,32.00
2025-12-02T02:39:00Z,32.00
2025-12-02T02:40:00Z,32.00
2025-12-02T02:42:00Z,31.00
2025-12-02T02:43:00Z,31.00
2025-12-02T02:45:00Z,31.00
2025-12-02T02:46:00Z,31.23
2025-12-02T02:47:00Z,31.00
2025-12-02T02:48:00Z,32.00
2025-12-02T02:51:00Z,32.00
2025-12-02T02:52:00Z,31.00
2025-12-02T02:53:00Z,31.45
2025-12-02T02:54:00Z,31.01
2025-12-02T02:56:00Z,32.00
2025-12-02T03:01:00Z,31.00
2025-12-02T03:02:00Z,32.83
2025-12-02T03:03:00Z,31.00
2025-12-02T03:04:00Z,32.50
2025-12-02T03:05:00Z,32.00
2025-12-02T03:06:00Z,33.00
2025-12-02T03:08:00Z,32.99
2025-12-02T03:09:00Z,32.86
2025-12-02T03:10:00Z,31.06
2025-12-02T03:11:00Z,32.00
2025-12-02T03:12:00Z,33.00
2025-12-02T03:15:00Z,32.09
2025-12-02T03:17:00Z,33.00
2025-12-02T03:18:00Z,33.00
2025-12-02T03:19:00Z,33.00
2025-12-02T03:26:00Z,30.59
2025-12-02T03:32:00Z,32.00
2025-12-02T03:33:00Z,30.00
2025-12-02T03:35:00Z,29.11
2025-12-02T03:37:00Z,29.00
2025-12-02T03:39:00Z,29.00
2025-12-02T03:41:00Z,31.00
2025-12-02T03:44:00Z,32.00
2025-12-02T03:46:00Z,33.09
2025-12-02T03:47:00Z,34.00
2025-12-02T03:49:00Z,34.00
2025-12-02T03:50:00Z,33.84
2025-12-02T03:58:00Z,34.00
2025-12-02T04:01:00Z,34.00
2025-12-02T04:03:00Z,34.00
2025-12-02T04:07:00Z,33.00
2025-12-02T04:08:00Z,32.00
2025-12-02T04:10:00Z,32.00
2025-12-02T04:13:00Z,34.00
2025-12-02T04:17:00Z,34.00
2025-12-02T04:18:00Z,34.00
2025-12-02T04:20:00Z,34.00
2025-12-02T04:21:00Z,35.00
2025-12-02T04:23:00Z,34.00
2025-12-02T04:25:00Z,35.00
2025-12-02T04:29:00Z,35.00
2025-12-02T04:30:00Z,35.00
2025-12-02T04:34:00Z,34.00
2025-12-02T04:35:00Z,34.00
2025-12-02T04:37:00Z,34.00
2025-12-02T04:38:00Z,35.00
2025-12-02T04:45:00Z,34.00
2025-12-02T04:47:00Z,34.28
2025-12-02T04:48:00Z,35.00
2025-12-02T04:50:00Z,35.00
2025-12-02T04:51:00Z,35.00
2025-12-02T04:52:00Z,35.00
2025-12-02T04:53:00Z,34.99
2025-12-02T04:54:00Z,35.00
2025-12-02T04:55:00Z,34.00
2025-12-02T04:56:00Z,34.00
2025-12-02T04:59:00Z,34.88
2025-12-02T05:01:00Z,34.00
2025-12-02T05:02:00Z,34.00
2025-12-02T05:03:00Z,34.00
2025-12-02T05:04:00Z,35.00
2025-12-02T05:05:00Z,35.00
2025-12-02T05:06:00Z,34.26
2025-12-02T05:07:00Z,34.00
2025-12-02T05:08:00Z,35.00
2025-12-02T05:09:00Z,34.73
2025-12-02T05:10:00Z,34.00
2025-12-02T05:12:00Z,34.00
2025-12-02T05:13:00Z,34.55
2025-12-02T05:14:00Z,32.18
2025-12-02T05:15:00Z,34.00
2025-12-02T05:16:00Z,34.00
2025-12-02T05:17:00Z,34.79
2025-12-02T05:20:00Z,34.02
2025-12-02T05:21:00Z,34.00
2025-12-02T05:22:00Z,34.63
2025-12-02T05:23:00Z,34.00
2025-12-02T05:24:00Z,34.00
2025-12-02T05:25:00Z,34.22
2025-12-02T05:26:00Z,34.00
2025-12-02T05:27:00Z,34.00
2025-12-02T05:28:00Z,34.00
2025-12-02T05:29:00Z,35.00
2025-12-02T05:30:00Z,35.00
2025-12-02T05:31:00Z,34.67
2025-12-02T05:32:00Z,34.11
2025-12-02T05:33:00Z,34.00
2025-12-02T05:34:00Z,34.00
2025-12-02T05:35:00Z,34.77
2025-12-02T05:36:00Z,34.00
2025-12-02T05:37:00Z,35.00
2025-12-02T05:38:00Z,32.07
2025-12-02T05:39:00Z,31.10
2025-12-02T05:40:00Z,31.16
2025-12-02T05:42:00Z,32.31
2025-12-02T05:43:00Z,32.00
2025-12-02T05:44:00Z,31.78
2025-12-02T05:45:00Z,33.00
2025-12-02T05:47:00Z,32.50
2025-12-02T05:48:00Z,32.00
2025-12-02T05:49:00Z,31.00
2025-12-02T05:50:00Z,31.00
2025-12-02T05:51:00Z,31.20
2025-12-02T05:53:00Z,31.66
2025-12-02T05:54:00Z,32.66
2025-12-02T05:55:00Z,31.00
2025-12-02T05:56:00Z,31.57
2025-12-02T05:57:00Z,32.05
2025-12-02T05:58:00Z,33.20
2025-12-02T06:01:00Z,33.94
2025-12-02T06:02:00Z,34.00
2025-12-02T06:03:00Z,32.09
2025-12-02T06:04:00Z,32.11
2025-12-02T06:05:00Z,33.67
2025-12-02T06:06:00Z,34.00
2025-12-02T06:07:00Z,34.00
2025-12-02T06:08:00Z,32.14
2025-12-02T06:09:00Z,32.04
2025-12-02T06:10:00Z,34.00
2025-12-02T06:11:00Z,34.00
2025-12-02T06:12:00Z,33.00
2025-12-02T06:14:00Z,32.00
2025-12-02T06:15:00Z,32.00
2025-12-02T06:16:00Z,32.28
2025-12-02T06:18:00Z,32.00
2025-12-02T06:19:00Z,32.52
2025-12-02T06:21:00Z,32.00
2025-12-02T06:23:00Z,31.00
2025-12-02T06:25:00Z,33.43
2025-12-02T06:26:00Z,33.33
2025-12-02T06:28:00Z,34.00
2025-12-02T06:30:00Z,34.00
2025-12-02T06:31:00Z,31.09
2025-12-02T06:33:00Z,34.00
2025-12-02T06:35:00Z,32.00
2025-12-02T06:36:00Z,32.63
2025-12-02T06:37:00Z,33.60
2025-12-02T06:38:00Z,33.03
2025-12-02T06:40:00Z,33.00
2025-12-02T06:41:00Z,32.00
2025-12-02T06:42:00Z,34.00
2025-12-02T06:46:00Z,34.00
2025-12-02T06:47:00Z,34.00
2025-12-02T06:48:00Z,34.00
2025-12-02T06:49:00Z,32.50
2025-12-02T06:50:00Z,34.00
2025-12-02T06:52:00Z,34.00
2025-12-02T06:53:00Z,34.00
2025-12-02T06:55:00Z,33.00
2025-12-02T06:56:00Z,33.00
2025-12-02T06:57:00Z,33.00
2025-12-02T06:58:00Z,34.00
2025-12-02T07:00:00Z,34.00
2025-12-02T07:01:00Z,34.00
2025-12-02T07:03:00Z,34.00
2025-12-02T07:04:00Z,34.00
2025-12-02T07:05:00Z,34.00
2025-12-02T07:09:00Z,34.00
2025-12-02T07:11:00Z,33.00
2025-12-02T07:12:00Z,32.99
2025-12-02T07:14:00Z,32.00
2025-12-02T07:15:00Z,33.00
2025-12-02T07:16:00Z,32.00
2025-12-02T07:17:00Z,32.00
2025-12-02T07:18:00Z,33.00
2025-12-02T07:19:00Z,32.00
2025-12-02T07:20:00Z,33.00
2025-12-02T07:21:00Z,32.00
2025-12-02T07:22:00Z,32.00
2025-12-02T07:24:00Z,31.98
2025-12-02T07:25:00Z,31.71
2025-12-02T07:27:00Z,32.00
2025-12-02T07:29:00Z,31.00
2025-12-02T07:36:00Z,31.00
2025-12-02T07:38:00Z,32.00
2025-12-02T07:39:00Z,32.00
2025-12-02T07:41:00Z,32.54
2025-12-02T07:42:00Z,32.99
2025-12-02T07:43:00Z,33.00
2025-12-02T07:44:00Z,33.00
2025-12-02T07:45:00Z,32.00
2025-12-02T07:47:00Z,32.00
2025-12-02T07:48:00Z,32.00
2025-12-02T07:50:00Z,32.00
2025-12-02T07:51:00Z,33.00
2025-12-02T07:53:00Z,32.83
2025-12-02T07:54:00Z,32.00
2025-12-02T07:55:00Z,33.00
2025-12-02T07:58:00Z,32.27
2025-12-02T07:59:00Z,33.00
2025-12-02T08:01:00Z,32.41
2025-12-02T08:02:00Z,33.00
2025-12-02T08:06:00Z,32.00
2025-12-02T08:07:00Z,33.00
2025-12-02T08:09:00Z,33.40
2025-12-02T08:12:00Z,33.03
2025-12-02T08:13:00Z,33.00
2025-12-02T08:14:00Z,33.00
2025-12-02T08:20:00Z,33.00
2025-12-02T08:21:00Z,34.00
2025-12-02T08:22:00Z,33.00
2025-12-02T08:28:00Z,32.00
2025-12-02T08:29:00Z,31.17
2025-12-02T08:30:00Z,31.95
2025-12-02T08:32:00Z,33.00
2025-12-02T08:33:00Z,32.00
2025-12-02T08:35:00Z,33.00
2025-12-02T08:37:00Z,32.00
2025-12-02T08:38:00Z,32.00
2025-12-02T08:40:00Z,31.48
2025-12-02T08:43:00Z,31.05
2025-12-02T08:44:00Z,31.00
2025-12-02T08:47:00Z,32.00
2025-12-02T08:54:00Z,32.92
2025-12-02T08:57:00Z,31.00
2025-12-02T08:58:00Z,31.06
2025-12-02T08:59:00Z,31.00
2025-12-02T09:01:00Z,30.00
2025-12-02T09:07:00Z,30.00
2025-12-02T09:11:00Z,30.00
2025-12-02T09:12:00Z,30.00
2025-12-02T09:19:00Z,30.00
2025-12-02T09:27:00Z,30.00
2025-12-02T09:29:00Z,30.00
2025-12-02T09:30:00Z,31.00
2025-12-02T09:32:00Z,31.00
2025-12-02T09:34:00Z,30.00
2025-12-02T09:36:00Z,30.00
2025-12-02T09:37:00Z,31.00
2025-12-02T09:43:00Z,31.00
2025-12-02T09:45:00Z,31.00
2025-12-02T09:46:00Z,30.94
2025-12-02T09:47:00Z,30.00
2025-12-02T09:48:00Z,31.00
2025-12-02T09:51:00Z,31.40
2025-12-02T10:00:00Z,33.00
2025-12-02T10:03:00Z,33.60
2025-12-02T10:05:00Z,32.00
2025-12-02T10:16:00Z,32.55
2025-12-02T10:17:00Z,34.00
2025-12-02T10:18:00Z,32.00
2025-12-02T10:21:00Z,32.00
2025-12-02T10:24:00Z,32.00
2025-12-02T10:25:00Z,33.30
2025-12-02T10:26:00Z,34.00
2025-12-02T10:28:00Z,32.00
2025-12-02T10:29:00Z,32.00
2025-12-02T10:30:00Z,32.83
2025-12-02T10:31:00Z,34.00
2025-12-02T10:34:00Z,33.00
2025-12-02T10:36:00Z,34.00
2025-12-02T10:37:00Z,34.00
2025-12-02T10:38:00Z,32.94
2025-12-02T10:39:00Z,32.77
2025-12-02T10:44:00Z,33.00
2025-12-02T10:45:00Z,33.44
2025-12-02T10:46:00Z,33.05
2025-12-02T10:48:00Z,33.02
2025-12-02T10:49:00Z,33.00
2025-12-02T10:51:00Z,34.00
2025-12-02T10:52:00Z,33.00
2025-12-02T10:54:00Z,34.00
2025-12-02T10:55:00Z,33.00
2025-12-02T10:56:00Z,33.00
2025-12-02T10:59:00Z,34.00
2025-12-02T11:01:00Z,33.00
2025-12-02T11:03:00Z,33.00
2025-12-02T11:04:00Z,34.00
2025-12-02T11:05:00Z,33.00
2025-12-02T11:07:00Z,34.00
2025-12-02T11:11:00Z,33.16
2025-12-02T11:18:00Z,33.00
2025-12-02T11:19:00Z,32.85
2025-12-02T11:24:00Z,32.05
2025-12-02T11:25:00Z,33.48
2025-12-02T11:26:00Z,33.60
2025-12-02T11:27:00Z,32.07
2025-12-02T11:28:00Z,33.46
2025-12-02T11:30:00Z,34.00
2025-12-02T11:31:00Z,34.00
2025-12-02T11:32:00Z,33.00
2025-12-02T11:34:00Z,33.00
2025-12-02T11:35:00Z,33.97
2025-12-02T11:36:00Z,33.00
2025-12-02T11:37:00Z,34.00
2025-12-02T11:38:00Z,33.00
2025-12-02T11:40:00Z,34.00
2025-12-02T11:41:00Z,34.00
2025-12-02T11:42:00Z,33.00
2025-12-02T11:45:00Z,34.00
2025-12-02T11:46:00Z,33.00
2025-12-02T11:49:00Z,33.00
2025-12-02T11:50:00Z,34.00
2025-12-02T11:53:00Z,34.00
2025-12-02T11:54:00Z,33.00
2025-12-02T11:55:00Z,33.93
2025-12-02T11:58:00Z,33.00
2025-12-02T12:00:00Z,35.00
2025-12-02T12:04:00Z,33.96
2025-12-02T12:12:00Z,34.00
2025-12-02T12:15:00Z,34.00
2025-12-02T12:16:00Z,34.00
2025-12-02T12:17:00Z,34.00
2025-12-02T12:18:00Z,34.11
2025-12-02T12:19:00Z,34.50
2025-12-02T12:21:00Z,33.00
2025-12-02T12:22:00Z,34.00
2025-12-02T12:24:00Z,34.00
2025-12-02T12:25:00Z,33.47
2025-12-02T12:26:00Z,33.00
2025-12-02T12:27:00Z,34.00
2025-12-02T12:28:00Z,34.66
2025-12-02T12:29:00Z,34.75
2025-12-02T12:32:00Z,34.01
2025-12-02T12:33:00Z,34.59
2025-12-02T12:34:00Z,34.00
2025-12-02T12:36:00Z,34.72
2025-12-02T12:37:00Z,34.26
2025-12-02T12:38:00Z,34.48
2025-12-02T12:40:00Z,35.00
2025-12-02T12:41:00Z,34.00
2025-12-02T12:42:00Z,34.00
2025-12-02T12:49:00Z,34.00
2025-12-02T12:51:00Z,33.18
2025-12-02T12:52:00Z,33.00
2025-12-02T12:55:00Z,34.00
2025-12-02T13:03:00Z,33.41
2025-12-02T13:05:00Z,34.00
2025-12-02T13:24:00Z,34.00
2025-12-02T13:25:00Z,35.00
2025-12-02T13:26:00Z,34.00
2025-12-02T13:28:00Z,34.00
2025-12-02T13:29:00Z,34.00
2025-12-02T13:33:00Z,33.11
2025-12-02T13:37:00Z,34.00
2025-12-02T13:38:00Z,35.00
2025-12-02T13:39:00Z,34.00
2025-12-02T13:40:00Z,34.00
2025-12-02T13:41:00Z,35.00
2025-12-02T13:44:00Z,35.00
2025-12-02T13:46:00Z,35.00
2025-12-02T13:48:00Z,35.00
2025-12-02T13:49:00Z,34.98
2025-12-02T13:50:00Z,35.00
2025-12-02T13:51:00Z,34.56
2025-12-02T13:58:00Z,35.00
2025-12-02T14:02:00Z,35.00
2025-12-02T14:03:00Z,35.00
2025-12-02T14:05:00Z,35.00
2025-12-02T14:06:00Z,35.00
2025-12-02T14:07:00Z,34.96
2025-12-02T14:08:00Z,34.00
2025-12-02T14:09:00Z,35.00
2025-12-02T14:14:00Z,35.80
2025-12-02T14:15:00Z,35.98
2025-12-02T14:16:00Z,36.00
2025-12-02T14:17:00Z,34.48
2025-12-02T14:21:00Z,36.00
2025-12-02T14:22:00Z,36.00
2025-12-02T14:23:00Z,35.00
2025-12-02T14:24:00Z,36.00
2025-12-02T14:28:00Z,35.00
2025-12-02T14:29:00Z,34.01
2025-12-02T14:30:00Z,35.00
2025-12-02T14:31:00Z,36.00
2025-12-02T14:40:00Z,36.00
2025-12-02T14:41:00Z,35.00
2025-12-02T14:43:00Z,34.00
2025-12-02T14:45:00Z,36.00
2025-12-02T14:47:00Z,35.81
2025-12-02T14:49:00Z,35.89
2025-12-02T14:52:00Z,36.00
2025-12-02T14:53:00Z,36.00
2025-12-02T14:55:00Z,36.00
2025-12-02T15:00:00Z,39.00
2025-12-02T15:03:00Z,39.03
2025-12-02T15:04:00Z,41.28
2025-12-02T15:05:00Z,43.54
2025-12-02T15:06:00Z,40.96
2025-12-02T15:07:00Z,41.99
2025-12-02T15:08:00Z,43.00
2025-12-02T15:09:00Z,43.00
2025-12-02T15:10:00Z,43.00
2025-12-02T15:11:00Z,42.21
2025-12-02T15:12:00Z,44.00
2025-12-02T15:13:00Z,44.13
2025-12-02T15:14:00Z,45.00
2025-12-02T15:15:00Z,45.00
2025-12-02T15:16:00Z,44.07
2025-12-02T15:17:00Z,46.20
2025-12-02T15:18:00Z,46.89
2025-12-02T15:19:00Z,46.00
2025-12-02T15:20:00Z,46.00
2025-12-02T15:21:00Z,44.70
2025-12-02T15:22:00Z,44.07
2025-12-02T15:23:00Z,45.00
2025-12-02T15:24:00Z,44.73
2025-12-02T15:26:00Z,45.00
2025-12-02T15:27:00Z,44.00
2025-12-02T15:28:00Z,42.77
2025-12-02T15:29:00Z,44.00
2025-12-02T15:30:00Z,44.06
2025-12-02T15:31:00Z,45.00
2025-12-02T15:32:00Z,44.00
2025-12-02T15:34:00Z,44.00
2025-12-02T15:35:00Z,43.09
2025-12-02T15:36:00Z,44.94
2025-12-02T15:38:00Z,43.00
2025-12-02T15:39:00Z,43.72
2025-12-02T15:40:00Z,44.00
2025-12-02T15:41:00Z,43.00
2025-12-02T15:42:00Z,43.00
2025-12-02T15:44:00Z,43.00
2025-12-02T15:46:00Z,42.16
2025-12-02T15:47:00Z,43.00
2025-12-02T15:48:00Z,44.00
2025-12-02T15:51:00Z,44.00
2025-12-02T15:52:00Z,44.00
2025-12-02T15:53:00Z,45.00
2025-12-02T15:55:00Z,45.00
2025-12-02T15:58:00Z,45.74
2025-12-02T16:00:00Z,46.94
2025-12-02T16:01:00Z,47.00
2025-12-02T16:02:00Z,46.00
2025-12-02T16:04:00Z,46.00
2025-12-02T16:05:00Z,47.00
2025-12-02T16:06:00Z,47.00
2025-12-02T16:07:00Z,47.00
2025-12-02T16:08:00Z,46.00
2025-12-02T16:11:00Z,47.00
2025-12-02T16:12:00Z,47.00
2025-12-02T16:13:00Z,47.00
2025-12-02T16:14:00Z,47.74
2025-12-02T16:16:00Z,46.00
2025-12-02T16:17:00Z,46.84
2025-12-02T16:18:00Z,47.00
2025-12-02T16:20:00Z,46.93
2025-12-02T16:21:00Z,44.14
2025-12-02T16:22:00Z,47.00
2025-12-02T16:25:00Z,45.00
2025-12-02T16:26:00Z,44.43
2025-12-02T16:27:00Z,45.00
2025-12-02T16:28:00Z,45.96
2025-12-02T16:30:00Z,45.00
2025-12-02T16:31:00Z,46.00
2025-12-02T16:32:00Z,46.74
2025-12-02T16:35:00Z,46.38
2025-12-02T16:36:00Z,44.57
2025-12-02T16:37:00Z,46.50
2025-12-02T16:38:00Z,46.49
2025-12-02T16:41:00Z,46.00
2025-12-02T16:42:00Z,46.28
2025-12-02T16:43:00Z,46.96
2025-12-02T16:45:00Z,45.00
2025-12-02T16:47:00Z,45.00
2025-12-02T16:49:00Z,45.16
2025-12-02T16:51:00Z,45.82
2025-12-02T16:52:00Z,46.01
2025-12-02T16:54:00Z,46.00
2025-12-02T16:56:00Z,46.00
2025-12-02T16:57:00Z,47.00
2025-12-02T16:58:00Z,47.00
2025-12-02T16:59:00Z,47.00
2025-12-02T17:00:00Z,46.00
2025-12-02T17:01:00Z,48.00
2025-12-02T17:03:00Z,46.04
2025-12-02T17:04:00Z,47.00
2025-12-02T17:05:00Z,47.00
2025-12-02T17:06:00Z,47.00
2025-12-02T17:07:00Z,48.00
2025-12-02T17:08:00Z,48.00
2025-12-02T17:10:00Z,47.94
2025-12-02T17:11:00Z,46.00
2025-12-02T17:13:00Z,47.92
2025-12-02T17:15:00Z,47.50
2025-12-02T17:16:00Z,47.01
2025-12-02T17:17:00Z,47.00
2025-12-02T17:18:00Z,46.00
2025-12-02T17:19:00Z,47.00
2025-12-02T17:20:00Z,46.57
2025-12-02T17:22:00Z,48.00
2025-12-02T17:23:00Z,49.00
2025-12-02T17:24:00Z,48.73
2025-12-02T17:25:00Z,49.00
2025-12-02T17:27:00Z,49.53
2025-12-02T17:29:00Z,50.00
2025-12-02T17:32:00Z,50.00
2025-12-02T17:34:00Z,49.00
2025-12-02T17:35:00Z,49.88
2025-12-02T17:37:00Z,50.00
2025-12-02T17:39:00Z,50.00
2025-12-02T17:41:00Z,50.08
2025-12-02T17:42:00Z,49.01
2025-12-02T17:43:00Z,50.00
2025-12-02T17:45:00Z,49.86
2025-12-02T17:46:00Z,49.57
2025-12-02T17:47:00Z,50.00
2025-12-02T17:48:00Z,50.00
2025-12-02T17:49:00Z,49.00
2025-12-02T17:50:00Z,49.00
2025-12-02T17:51:00Z,50.00
2025-12-02T17:52:00Z,48.52
2025-12-02T17:53:00Z,48.00
2025-12-02T17:54:00Z,48.00
2025-12-02T17:55:00Z,48.73
2025-12-02T17:56:00Z,49.00
2025-12-02T17:57:00Z,50.00
2025-12-02T17:58:00Z,48.75
2025-12-02T17:59:00Z,48.03
2025-12-02T18:02:00Z,49.00
2025-12-02T18:04:00Z,49.00
2025-12-02T18:05:00Z,49.67
2025-12-02T18:06:00Z,48.00
2025-12-02T18:07:00Z,48.15
2025-12-02T18:09:00Z,48.00
2025-12-02T18:10:00Z,48.00
2025-12-02T18:11:00Z,49.00
2025-12-02T18:14:00Z,49.00
2025-12-02T18:15:00Z,49.00
2025-12-02T18:16:00Z,48.51
2025-12-02T18:17:00Z,48.00
2025-12-02T18:18:00Z,49.00
2025-12-02T18:19:00Z,49.00
2025-12-02T18:20:00Z,49.00
2025-12-02T18:21:00Z,48.43
2025-12-02T18:23:00Z,49.00
2025-12-02T18:24:00Z,50.00
2025-12-02T18:25:00Z,50.00
2025-12-02T18:26:00Z,50.00
2025-12-02T18:27:00Z,49.00
2025-12-02T18:28:00Z,48.02
2025-12-02T18:29:00Z,48.00
2025-12-02T18:32:00Z,49.00
2025-12-02T18:33:00Z,49.00
2025-12-02T18:35:00Z,49.00
2025-12-02T18:36:00Z,49.00
2025-12-02T18:37:00Z,48.09
2025-12-02T18:38:00Z,48.00
2025-12-02T18:39:00Z,48.00
2025-12-02T18:40:00Z,48.00
2025-12-02T18:42:00Z,48.22
2025-12-02T18:43:00Z,48.99
2025-12-02T18:44:00Z,49.00
2025-12-02T18:45:00Z,48.39
2025-12-02T18:46:00Z,48.38
2025-12-02T18:48:00Z,48.55
2025-12-02T18:50:00Z,48.16
2025-12-02T18:51:00Z,48.00
2025-12-02T18:52:00Z,49.00
2025-12-02T18:53:00Z,48.00
2025-12-02T18:54:00Z,49.00
2025-12-02T18:56:00Z,48.51
2025-12-02T18:57:00Z,48.00
2025-12-02T18:58:00Z,48.76
2025-12-02T18:59:00Z,49.00
2025-12-02T19:00:00Z,48.75
2025-12-02T19:01:00Z,49.00
2025-12-02T19:02:00Z,49.00
2025-12-02T19:03:00Z,49.00
2025-12-02T19:05:00Z,49.00
2025-12-02T19:06:00Z,49.00
2025-12-02T19:07:00Z,48.69
2025-12-02T19:08:00Z,48.50
2025-12-02T19:09:00Z,48.02
2025-12-02T19:11:00Z,49.21
2025-12-02T19:12:00Z,49.13
2025-12-02T19:13:00Z,50.00
2025-12-02T19:14:00Z,48.59
2025-12-02T19:15:00Z,49.00
2025-12-02T19:16:00Z,49.94
2025-12-02T19:17:00Z,50.00
2025-12-02T19:19:00Z,50.00
2025-12-02T19:20:00Z,50.00
2025-12-02T19:21:00Z,50.00
2025-12-02T19:22:00Z,49.00
2025-12-02T19:30:00Z,49.75
2025-12-02T19:31:00Z,50.00
2025-12-02T19:33:00Z,50.00
2025-12-02T19:34:00Z,50.00
2025-12-02T19:36:00Z,49.02
2025-12-02T19:37:00Z,49.00
2025-12-02T19:39:00Z,50.00
2025-12-02T19:40:00Z,50.00
2025-12-02T19:42:00Z,50.00
2025-12-02T19:43:00Z,49.20
2025-12-02T19:45:00Z,49.00
2025-12-02T19:47:00Z,50.00
2025-12-02T19:48:00Z,49.00
2025-12-02T19:50:00Z,50.00
2025-12-02T19:51:00Z,50.95
2025-12-02T19:52:00Z,51.00
2025-12-02T19:53:00Z,51.00
2025-12-02T19:54:00Z,51.00
2025-12-02T19:56:00Z,51.00
2025-12-02T19:57:00Z,51.00
2025-12-02T19:58:00Z,50.00
2025-12-02T20:00:00Z,51.00
2025-12-02T20:03:00Z,51.00
2025-12-02T20:04:00Z,50.00
2025-12-02T20:05:00Z,51.00
2025-12-02T20:06:00Z,50.00
2025-12-02T20:07:00Z,51.00
2025-12-02T20:08:00Z,51.04
2025-12-02T20:09:00Z,50.00
2025-12-02T20:10:00Z,49.00
2025-12-02T20:11:00Z,49.00
2025-12-02T20:13:00Z,50.59
2025-12-02T20:15:00Z,51.00
2025-12-02T20:17:00Z,51.00
2025-12-02T20:18:00Z,50.00
2025-12-02T20:19:00Z,49.00
2025-12-02T20:20:00Z,49.00
2025-12-02T20:21:00Z,49.24
2025-12-02T20:23:00Z,50.00
2025-12-02T20:24:00Z,50.00
2025-12-02T20:25:00Z,50.00
2025-12-02T20:29:00Z,49.00
2025-12-02T20:31:00Z,48.50
2025-12-02T20:32:00Z,48.00
2025-12-02T20:33:00Z,49.25
2025-12-02T20:34:00Z,49.55
2025-12-02T20:35:00Z,49.18
2025-12-02T20:37:00Z,48.77
2025-12-02T20:39:00Z,47.84
2025-12-02T20:43:00Z,47.00
2025-12-02T20:44:00Z,48.00
2025-12-02T20:46:00Z,47.00
2025-12-02T20:48:00Z,48.00
2025-12-02T20:51:00Z,48.00
2025-12-02T20:53:00Z,47.00
2025-12-02T20:54:00Z,47.00
2025-12-02T20:55:00Z,48.00
2025-12-02T20:56:00Z,48.00
2025-12-02T20:58:00Z,47.02
2025-12-02T21:00:00Z,48.00
2025-12-02T21:01:00Z,47.62
2025-12-02T21:02:00Z,49.00
2025-12-02T21:03:00Z,49.00
2025-12-02T21:05:00Z,47.00
2025-12-02T21:06:00Z,49.00
2025-12-02T21:08:00Z,49.00
2025-12-02T21:09:00Z,49.94
2025-12-02T21:10:00Z,50.00
2025-12-02T21:11:00Z,50.00
2025-12-02T21:12:00Z,47.00
2025-12-02T21:13:00Z,50.00
2025-12-02T21:14:00Z,48.51
2025-12-02T21:15:00Z,47.00
2025-12-02T21:18:00Z,50.00
2025-12-02T21:20:00Z,50.00
2025-12-02T21:22:00Z,50.00
2025-12-02T21:24:00Z,48.00
2025-12-02T21:25:00Z,48.18
2025-12-02T21:27:00Z,49.25
2025-12-02T21:28:00Z,48.00
2025-12-02T21:29:00Z,48.00
2025-12-02T21:31:00Z,49.35
2025-12-02T21:32:00Z,48.00
2025-12-02T21:37:00Z,50.00
2025-12-02T21:39:00Z,49.00
2025-12-02T21:40:00Z,50.00
2025-12-02T21:46:00Z,49.00
2025-12-02T21:47:00Z,50.00
2025-12-02T21:49:00Z,50.00
2025-12-02T21:50:00Z,48.50
2025-12-02T21:51:00Z,50.00
2025-12-02T21:53:00Z,50.00
2025-12-02T21:54:00Z,49.28
2025-12-02T21:56:00Z,49.74
2025-12-02T21:57:00Z,50.00
2025-12-02T21:58:00Z,48.00
2025-12-02T21:59:00Z,48.27
2025-12-02T22:00:00Z,50.00
2025-12-02T22:01:00Z,50.00
2025-12-02T22:02:00Z,48.95
2025-12-02T22:03:00Z,48.36
2025-12-02T22:06:00Z,48.00
2025-12-02T22:08:00Z,48.00
2025-12-02T22:09:00Z,48.00
2025-12-02T22:11:00Z,47.00
2025-12-02T22:12:00Z,47.04
2025-12-02T22:14:00Z,47.00
2025-12-02T22:16:00Z,47.00
2025-12-02T22:17:00Z,47.00
2025-12-02T22:19:00Z,47.00
2025-12-02T22:22:00Z,48.00
2025-12-02T22:25:00Z,47.00
2025-12-02T22:26:00Z,47.24
2025-12-02T22:28:00Z,48.00
2025-12-02T22:29:00Z,49.59
2025-12-02T22:30:00Z,50.00
2025-12-02T22:32:00Z,47.00
2025-12-02T22:33:00Z,50.00
2025-12-02T22:34:00Z,50.00
2025-12-02T22:37:00Z,50.00
2025-12-02T22:39:00Z,47.00
2025-12-02T22:40:00Z,47.00
2025-12-02T22:42:00Z,50.00
2025-12-02T22:43:00Z,50.00
2025-12-02T22:44:00Z,47.00
2025-12-02T22:47:00Z,50.00
2025-12-02T22:49:00Z,47.00
2025-12-02T22:51:00Z,50.00
2025-12-02T22:57:00Z,50.00
2025-12-02T23:00:00Z,50.00
2025-12-02T23:01:00Z,50.00
2025-12-02T23:02:00Z,47.72
2025-12-02T23:03:00Z,49.00
2025-12-02T23:04:00Z,49.00
2025-12-02T23:08:00Z,48.00
2025-12-02T23:10:00Z,47.50
2025-12-02T23:11:00Z,47.53
2025-12-02T23:12:00Z,47.00
2025-12-02T23:14:00Z,47.54
2025-12-02T23:15:00Z,48.90
2025-12-02T23:16:00Z,48.96
2025-12-02T23:17:00Z,49.09
2025-12-02T23:20:00Z,49.00
2025-12-02T23:23:00Z,49.70
2025-12-02T23:24:00Z,49.55
2025-12-02T23:25:00Z,49.09
2025-12-02T23:26:00Z,48.00
2025-12-02T23:29:00Z,48.00
2025-12-02T23:33:00Z,48.00
2025-12-02T23:36:00Z,48.37
2025-12-02T23:38:00Z,48.75
2025-12-02T23:41:00Z,48.00
2025-12-02T23:42:00Z,47.68
2025-12-02T23:43:00Z,48.00
2025-12-02T23:46:00Z,47.00
2025-12-02T23:48:00Z,48.00
2025-12-02T23:49:00Z,48.00
2025-12-02T23:50:00Z,48.81
2025-12-02T23:53:00Z,49.00
2025-12-02T23:54:00Z,47.45
2025-12-02T23:55:00Z,49.00
2025-12-02T23:56:00Z,49.00
2025-12-02T23:57:00Z,49.00
2025-12-03T00:00:00Z,49.00
2025-12-03T00:01:00Z,49.00
2025-12-03T00:02:00Z,49.00
2025-12-03T00:05:00Z,49.00
2025-12-03T00:06:00Z,49.99
2025-12-03T00:07:00Z,48.14
2025-12-03T00:09:00Z,49.00
2025-12-03T00:10:00Z,47.80
2025-12-03T00:11:00Z,48.00
2025-12-03T00:12:00Z,49.11
2025-12-03T00:14:00Z,50.00
2025-12-03T00:17:00Z,49.00
2025-12-03T00:19:00Z,50.00
2025-12-03T00:20:00Z,50.00
2025-12-03T00:23:00Z,50.00
2025-12-03T00:24:00Z,49.04
2025-12-03T00:25:00Z,48.05
2025-12-03T00:26:00Z,48.00
2025-12-03T00:27:00Z,48.00
2025-12-03T00:28:00Z,48.00
2025-12-03T00:30:00Z,48.89
2025-12-03T00:32:00Z,49.00
2025-12-03T00:33:00Z,48.72
2025-12-03T00:34:00Z,48.00
2025-12-03T00:35:00Z,49.00
2025-12-03T00:38:00Z,49.00
2025-12-03T00:39:00Z,49.43
2025-12-03T00:40:00Z,48.90
2025-12-03T00:41:00Z,48.38
2025-12-03T00:42:00Z,49.00
2025-12-03T00:44:00Z,49.56
2025-12-03T00:46:00Z,50.00
2025-12-03T00:48:00Z,49.95
2025-12-03T00:49:00Z,50.00
2025-12-03T00:54:00Z,49.00
2025-12-03T00:56:00Z,48.27
2025-12-03T00:57:00Z,50.00
2025-12-03T00:59:00Z,49.00
2025-12-03T01:04:00Z,50.00
2025-12-03T01:05:00Z,50.00
2025-12-03T01:08:00Z,49.11
2025-12-03T01:09:00Z,50.00
2025-12-03T01:10:00Z,49.48
2025-12-03T01:11:00Z,50.00
2025-12-03T01:12:00Z,50.00
2025-12-03T01:14:00Z,49.94
2025-12-03T01:15:00Z,51.00
2025-12-03T01:16:00Z,51.00
2025-12-03T01:17:00Z,51.00
2025-12-03T01:18:00Z,51.00
2025-12-03T01:19:00Z,51.00
2025-12-03T01:24:00Z,50.14
2025-12-03T01:25:00Z,50.00
2025-12-03T01:29:00Z,51.00
2025-12-03T01:30:00Z,50.15
2025-12-03T01:32:00Z,51.00
2025-12-03T01:33:00Z,51.00
2025-12-03T01:35:00Z,51.00
2025-12-03T01:37:00Z,50.90
2025-12-03T01:38:00Z,51.00
2025-12-03T01:40:00Z,51.00
2025-12-03T01:41:00Z,49.16
2025-12-03T01:42:00Z,50.98
2025-12-03T01:43:00Z,50.18
2025-12-03T01:44:00Z,51.00
2025-12-03T01:45:00Z,49.00
2025-12-03T01:46:00Z,50.88
2025-12-03T01:48:00Z,49.00
2025-12-03T01:49:00Z,50.51
2025-12-03T01:50:00Z,50.01
2025-12-03T01:51:00Z,51.00
2025-12-03T01:52:00Z,50.93
2025-12-03T01:53:00Z,51.00
2025-12-03T01:55:00Z,51.79
2025-12-03T01:57:00Z,50.32
2025-12-03T01:58:00Z,51.00
2025-12-03T01:59:00Z,51.99
2025-12-03T02:00:00Z,50.00
2025-12-03T02:02:00Z,52.00
2025-12-03T02:04:00Z,52.00
2025-12-03T02:05:00Z,52.00
2025-12-03T02:08:00Z,51.74
2025-12-03T02:12:00Z,51.00
2025-12-03T02:13:00Z,52.00
2025-12-03T02:14:00Z,51.00
2025-12-03T02:15:00Z,52.00
2025-12-03T02:18:00Z,52.00
2025-12-03T02:20:00Z,53.00
2025-12-03T02:21:00Z,52.00
2025-12-03T02:22:00Z,52.00
2025-12-03T02:23:00Z,53.00
2025-12-03T02:24:00Z,53.00
2025-12-03T02:25:00Z,53.00
2025-12-03T02:26:00Z,53.00
2025-12-03T02:27:00Z,53.00
2025-12-03T02:28:00Z,53.93
2025-12-03T02:29:00Z,53.89
2025-12-03T02:30:00Z,53.68
2025-12-03T02:31:00Z,53.00
2025-12-03T02:32:00Z,54.00
2025-12-03T02:37:00Z,54.35
2025-12-03T02:39:00Z,55.00
2025-12-03T02:40:00Z,55.00
2025-12-03T02:42:00Z,55.00
2025-12-03T02:43:00Z,55.00
2025-12-03T02:44:00Z,55.00
2025-12-03T02:45:00Z,55.00
2025-12-03T02:46:00Z,53.69
2025-12-03T02:47:00Z,53.06
2025-12-03T02:48:00Z,51.38
2025-12-03T02:49:00Z,53.00
2025-12-03T02:50:00Z,52.00
2025-12-03T02:51:00Z,53.00
2025-12-03T02:52:00Z,52.91
2025-12-03T02:54:00Z,52.29
2025-12-03T02:56:00Z,51.00
2025-12-03T02:57:00Z,54.40
2025-12-03T02:58:00Z,53.04
2025-12-03T02:59:00Z,53.01
2025-12-03T03:00:00Z,54.00
2025-12-03T03:02:00Z,54.97
2025-12-03T03:03:00Z,54.44
2025-12-03T03:04:00Z,54.18
2025-12-03T03:05:00Z,54.73
2025-12-03T03:06:00Z,54.94
2025-12-03T03:07:00Z,53.00
2025-12-03T03:08:00Z,53.83
2025-12-03T03:09:00Z,54.00
2025-12-03T03:13:00Z,53.00
2025-12-03T03:14:00Z,53.77
2025-12-03T03:17:00Z,54.00
2025-12-03T03:18:00Z,54.00
2025-12-03T03:19:00Z,54.00
2025-12-03T03:20:00Z,52.00
2025-12-03T03:22:00Z,52.38
2025-12-03T03:23:00Z,53.00
2025-12-03T03:24:00Z,53.00
2025-12-03T03:25:00Z,53.00
2025-12-03T03:26:00Z,54.00
2025-12-03T03:27:00Z,53.59
2025-12-03T03:28:00Z,54.00
2025-12-03T03:30:00Z,54.00
2025-12-03T03:31:00Z,52.08
2025-12-03T03:32:00Z,52.26
2025-12-03T03:33:00Z,52.63
2025-12-03T03:36:00Z,52.00
2025-12-03T03:37:00Z,53.20
2025-12-03T03:38:00Z,52.08
2025-12-03T03:39:00Z,54.00
2025-12-03T03:42:00Z,54.00
2025-12-03T03:43:00Z,53.39
2025-12-03T03:44:00Z,55.94
2025-12-03T03:46:00Z,56.00
2025-12-03T03:47:00Z,54.92
2025-12-03T03:48:00Z,56.00
2025-12-03T03:51:00Z,52.00
2025-12-03T03:52:00Z,54.00
2025-12-03T03:53:00Z,54.00
2025-12-03T03:54:00Z,53.42
2025-12-03T03:55:00Z,54.00
2025-12-03T03:56:00Z,53.99
2025-12-03T03:57:00Z,52.74
2025-12-03T03:58:00Z,53.00
2025-12-03T04:00:00Z,53.95
2025-12-03T04:01:00Z,54.19
2025-12-03T04:02:00Z,54.00
2025-12-03T04:03:00Z,54.98
2025-12-03T04:04:00Z,55.00
2025-12-03T04:05:00Z,54.00
2025-12-03T04:06:00Z,54.92
2025-12-03T04:07:00Z,54.09
2025-12-03T04:10:00Z,54.70
2025-12-03T04:14:00Z,54.00
2025-12-03T04:15:00Z,56.81
2025-12-03T04:16:00Z,57.00
2025-12-03T04:17:00Z,57.00
2025-12-03T04:18:00Z,54.57
2025-12-03T04:19:00Z,57.00
2025-12-03T04:20:00Z,54.00
2025-12-03T04:21:00Z,54.09
2025-12-03T04:22:00Z,56.00
2025-12-03T04:24:00Z,54.00
2025-12-03T04:27:00Z,55.92
2025-12-03T04:28:00Z,56.00
2025-12-03T04:29:00Z,56.00
2025-12-03T04:30:00Z,56.00
2025-12-03T04:31:00Z,55.90
2025-12-03T04:32:00Z,56.00
2025-12-03T04:33:00Z,56.00
2025-12-03T04:34:00Z,56.00
2025-12-03T04:35:00Z,55.11
2025-12-03T04:37:00Z,56.00
2025-12-03T04:38:00Z,56.00
2025-12-03T04:39:00Z,55.44
2025-12-03T04:41:00Z,55.00
2025-12-03T04:42:00Z,57.00
2025-12-03T04:43:00Z,57.00
2025-12-03T04:44:00Z,54.47
2025-12-03T04:45:00Z,54.55
2025-12-03T04:47:00Z,55.00
2025-12-03T04:48:00Z,56.00
2025-12-03T04:49:00Z,54.21
2025-12-03T04:50:00Z,56.45
2025-12-03T04:52:00Z,55.93
2025-12-03T04:53:00Z,56.00
2025-12-03T04:54:00Z,55.50
2025-12-03T04:55:00Z,56.00
2025-12-03T04:57:00Z,56.00
2025-12-03T04:58:00Z,56.00
2025-12-03T04:59:00Z,55.00
2025-12-03T05:00:00Z,55.00
2025-12-03T05:01:00Z,56.00
2025-12-03T05:02:00Z,54.04
2025-12-03T05:03:00Z,55.87
2025-12-03T05:04:00Z,55.16
2025-12-03T05:05:00Z,55.00
2025-12-03T05:06:00Z,54.09
2025-12-03T05:07:00Z,55.00
2025-12-03T05:09:00Z,55.00
2025-12-03T05:10:00Z,55.97
2025-12-03T05:11:00Z,58.29
2025-12-03T05:12:00Z,59.96
2025-12-03T05:13:00Z,59.14
2025-12-03T05:14:00Z,59.00
2025-12-03T05:16:00Z,59.08
2025-12-03T05:17:00Z,58.84
2025-12-03T05:18:00Z,58.00
2025-12-03T05:19:00Z,60.00
2025-12-03T05:20:00Z,59.00
2025-12-03T05:21:00Z,59.00
2025-12-03T05:23:00Z,59.59
2025-12-03T05:24:00Z,60.00
2025-12-03T05:25:00Z,60.00
2025-12-03T05:26:00Z,59.29
2025-12-03T05:28:00Z,59.00
2025-12-03T05:30:00Z,59.49
2025-12-03T05:31:00Z,60.00
2025-12-03T05:38:00Z,60.00
2025-12-03T05:39:00Z,60.00
2025-12-03T05:40:00Z,60.00
2025-12-03T05:47:00Z,61.00
2025-12-03T05:48:00Z,57.50
2025-12-03T05:50:00Z,61.00
2025-12-03T05:53:00Z,60.81
2025-12-03T05:54:00Z,58.12
2025-12-03T05:55:00Z,58.92
2025-12-03T05:56:00Z,60.28
2025-12-03T05:57:00Z,61.60
2025-12-03T05:58:00Z,62.00
2025-12-03T05:59:00Z,61.60
2025-12-03T06:00:00Z,63.00
2025-12-03T06:01:00Z,62.90
2025-12-03T06:02:00Z,63.00
2025-12-03T06:05:00Z,63.00
2025-12-03T06:06:00Z,64.00
2025-12-03T06:07:00Z,63.67
2025-12-03T06:09:00Z,60.50
2025-12-03T06:10:00Z,63.99
2025-12-03T06:11:00Z,62.32
2025-12-03T06:12:00Z,62.86
2025-12-03T06:15:00Z,62.00
2025-12-03T06:16:00Z,62.08
2025-12-03T06:17:00Z,62.00
2025-12-03T06:18:00Z,63.62
2025-12-03T06:19:00Z,62.05
2025-12-03T06:20:00Z,62.45
2025-12-03T06:21:00Z,63.00
2025-12-03T06:22:00Z,62.02
2025-12-03T06:23:00Z,62.41
2025-12-03T06:24:00Z,62.05
2025-12-03T06:25:00Z,62.63
2025-12-03T06:27:00Z,63.80
2025-12-03T06:28:00Z,64.97
2025-12-03T06:29:00Z,65.00
2025-12-03T06:31:00Z,65.00
2025-12-03T06:32:00Z,63.96
2025-12-03T06:33:00Z,63.08
2025-12-03T06:34:00Z,62.10
2025-12-03T06:35:00Z,63.00
2025-12-03T06:37:00Z,60.62
2025-12-03T06:38:00Z,61.00
2025-12-03T06:39:00Z,62.50
2025-12-03T06:40:00Z,60.80
2025-12-03T06:41:00Z,63.00
2025-12-03T06:42:00Z,60.00
2025-12-03T06:43:00Z,60.00
2025-12-03T06:44:00Z,59.56
2025-12-03T06:45:00Z,59.00
2025-12-03T06:46:00Z,60.95
2025-12-03T06:47:00Z,58.08
2025-12-03T06:48:00Z,57.43
2025-12-03T06:49:00Z,57.80
2025-12-03T06:50:00Z,59.47
2025-12-03T06:51:00Z,59.80
2025-12-03T06:53:00Z,59.00
2025-12-03T06:54:00Z,61.06
2025-12-03T06:55:00Z,57.51
2025-12-03T06:59:00Z,58.65
2025-12-03T07:00:00Z,61.91
2025-12-03T07:01:00Z,59.75
2025-12-03T07:02:00Z,59.21
2025-12-03T07:03:00Z,61.55
2025-12-03T07:04:00Z,61.34
2025-12-03T07:05:00Z,61.10
2025-12-03T07:06:00Z,60.00
2025-12-03T07:07:00Z,60.00
2025-12-03T07:08:00Z,59.03
2025-12-03T07:09:00Z,57.07
2025-12-03T07:10:00Z,57.88
2025-12-03T07:12:00Z,58.54
2025-12-03T07:13:00Z,57.93
2025-12-03T07:14:00Z,58.58
2025-12-03T07:15:00Z,59.00
2025-12-03T07:16:00Z,57.66
2025-12-03T07:17:00Z,58.39
2025-12-03T07:18:00Z,58.97
2025-12-03T07:20:00Z,57.00
2025-12-03T07:22:00Z,58.93
2025-12-03T07:23:00Z,59.00
2025-12-03T07:24:00Z,57.54
2025-12-03T07:25:00Z,58.00
2025-12-03T07:26:00Z,58.00
2025-12-03T07:27:00Z,58.00
2025-12-03T07:28:00Z,57.12
2025-12-03T07:29:00Z,58.24
2025-12-03T07:31:00Z,57.58
2025-12-03T07:33:00Z,58.00
2025-12-03T07:35:00Z,57.00
2025-12-03T07:36:00Z,58.00
2025-12-03T07:38:00Z,57.00
2025-12-03T07:39:00Z,58.00
2025-12-03T07:41:00Z,57.00
2025-12-03T07:43:00Z,57.12
2025-12-03T07:44:00Z,57.00
2025-12-03T07:45:00Z,58.77
2025-12-03T07:48:00Z,59.00
2025-12-03T07:51:00Z,57.73
2025-12-03T07:53:00Z,58.60
2025-12-03T07:56:00Z,57.00
2025-12-03T07:57:00Z,57.00
2025-12-03T07:58:00Z,57.21
2025-12-03T07:59:00Z,57.81
2025-12-03T08:02:00Z,58.00
2025-12-03T08:03:00Z,57.00
2025-12-03T08:04:00Z,57.00
2025-12-03T08:06:00Z,57.00
2025-12-03T08:07:00Z,58.54
2025-12-03T08:08:00Z,59.00
2025-12-03T08:09:00Z,59.00
2025-12-03T08:11:00Z,57.00
2025-12-03T08:13:00Z,59.00
2025-12-03T08:14:00Z,59.09
2025-12-03T08:16:00Z,59.00
2025-12-03T08:17:00Z,59.00
2025-12-03T08:18:00Z,59.00
2025-12-03T08:25:00Z,57.22
2025-12-03T08:30:00Z,59.00
2025-12-03T08:34:00Z,57.20
2025-12-03T08:35:00Z,57.02
2025-12-03T08:37:00Z,58.00
2025-12-03T08:40:00Z,58.00
2025-12-03T08:42:00Z,57.00
2025-12-03T08:44:00Z,57.00
2025-12-03T08:47:00Z,57.00
2025-12-03T08:48:00Z,57.30
2025-12-03T08:51:00Z,57.28
2025-12-03T08:55:00Z,57.00
2025-12-03T08:58:00Z,58.00
2025-12-03T08:59:00Z,57.00
2025-12-03T09:01:00Z,57.00
2025-12-03T09:03:00Z,57.00
2025-12-03T09:04:00Z,58.00
2025-12-03T09:07:00Z,57.75
2025-12-03T09:09:00Z,57.00
2025-12-03T09:10:00Z,57.13
2025-12-03T09:11:00Z,56.00
2025-12-03T09:14:00Z,56.00
2025-12-03T09:15:00Z,57.00
2025-12-03T09:16:00Z,57.00
2025-12-03T09:18:00Z,57.00
2025-12-03T09:19:00Z,57.00
2025-12-03T09:21:00Z,57.02
2025-12-03T09:23:00Z,58.00
2025-12-03T09:24:00Z,58.00
2025-12-03T09:25:00Z,58.00
2025-12-03T09:26:00Z,58.00
2025-12-03T09:32:00Z,58.00
2025-12-03T09:33:00Z,58.00
2025-12-03T09:35:00Z,57.33
2025-12-03T09:36:00Z,58.00
2025-12-03T09:38:00Z,56.38
2025-12-03T09:39:00Z,57.00
2025-12-03T09:40:00Z,57.86
2025-12-03T09:44:00Z,58.00
2025-12-03T09:46:00Z,58.00
2025-12-03T09:49:00Z,57.00
2025-12-03T09:53:00Z,57.00
2025-12-03T09:55:00Z,58.00
2025-12-03T09:56:00Z,58.00
2025-12-03T09:57:00Z,58.00
2025-12-03T09:59:00Z,58.00
2025-12-03T10:00:00Z,57.00
2025-12-03T10:01:00Z,58.00
2025-12-03T10:02:00Z,58.26
2025-12-03T10:06:00Z,57.03
2025-12-03T10:08:00Z,58.98
2025-12-03T10:10:00Z,59.00
2025-12-03T10:11:00Z,58.00
2025-12-03T10:13:00Z,58.00
2025-12-03T10:14:00Z,58.00
2025-12-03T10:16:00Z,59.00
2025-12-03T10:19:00Z,58.66
2025-12-03T10:20:00Z,58.00
2025-12-03T10:21:00Z,59.00
2025-12-03T10:22:00Z,58.52
2025-12-03T10:25:00Z,58.00
2025-12-03T10:27:00Z,59.92
2025-12-03T10:35:00Z,59.00
2025-12-03T10:37:00Z,60.00
2025-12-03T10:38:00Z,60.00
2025-12-03T10:40:00Z,60.00
2025-12-03T10:42:00Z,60.00
2025-12-03T10:43:00Z,58.06
2025-12-03T10:48:00Z,58.47
2025-12-03T10:50:00Z,58.53
2025-12-03T10:51:00Z,60.00
2025-12-03T10:53:00Z,60.00
2025-12-03T10:57:00Z,59.99
2025-12-03T10:58:00Z,60.00
2025-12-03T10:59:00Z,59.00
2025-12-03T11:00:00Z,60.00
2025-12-03T11:01:00Z,60.00
2025-12-03T11:03:00Z,58.04
2025-12-03T11:04:00Z,60.00
2025-12-03T11:06:00Z,58.01
2025-12-03T11:07:00Z,60.00
2025-12-03T11:08:00Z,57.91
2025-12-03T11:11:00Z,58.00
2025-12-03T11:14:00Z,59.52
2025-12-03T11:17:00Z,61.00
2025-12-03T11:18:00Z,58.00
2025-12-03T11:19:00Z,58.00
2025-12-03T11:21:00Z,59.00
2025-12-03T11:22:00Z,59.00
2025-12-03T11:23:00Z,60.00
2025-12-03T11:25:00Z,60.00
2025-12-03T11:26:00Z,58.42
2025-12-03T11:27:00Z,59.00
2025-12-03T11:31:00Z,60.00
2025-12-03T11:36:00Z,59.03
2025-12-03T11:37:00Z,60.00
2025-12-03T11:38:00Z,60.00
2025-12-03T11:40:00Z,59.00
2025-12-03T11:42:00Z,60.00
2025-12-03T11:45:00Z,59.00
2025-12-03T11:46:00Z,60.00
2025-12-03T11:47:00Z,59.81
2025-12-03T11:48:00Z,60.00
2025-12-03T11:49:00Z,59.00
2025-12-03T11:50:00Z,60.21
2025-12-03T11:51:00Z,59.00
2025-12-03T11:52:00Z,59.00
2025-12-03T11:56:00Z,59.00
2025-12-03T11:57:00Z,59.00
2025-12-03T11:58:00Z,57.99
2025-12-03T11:59:00Z,58.00
2025-12-03T12:00:00Z,59.00
2025-12-03T12:02:00Z,58.00
2025-12-03T12:04:00Z,58.28
2025-12-03T12:05:00Z,58.00
2025-12-03T12:07:00Z,57.00
2025-12-03T12:09:00Z,57.00
2025-12-03T12:10:00Z,57.00
2025-12-03T12:11:00Z,58.00
2025-12-03T12:14:00Z,57.14
2025-12-03T12:16:00Z,56.19
2025-12-03T12:18:00Z,57.65
2025-12-03T12:19:00Z,55.00
2025-12-03T12:20:00Z,56.53
2025-12-03T12:22:00Z,57.00
2025-12-03T12:25:00Z,57.00
2025-12-03T12:27:00Z,57.00
2025-12-03T12:28:00Z,56.00
2025-12-03T12:29:00Z,55.93
2025-12-03T12:31:00Z,56.00
2025-12-03T12:33:00Z,55.34
2025-12-03T12:34:00Z,55.71
2025-12-03T12:35:00Z,56.00
2025-12-03T12:36:00Z,58.03
2025-12-03T12:37:00Z,59.00
2025-12-03T12:38:00Z,56.00
2025-12-03T12:39:00Z,57.90
2025-12-03T12:41:00Z,56.00
2025-12-03T12:42:00Z,58.00
2025-12-03T12:44:00Z,57.15
2025-12-03T12:48:00Z,57.00
2025-12-03T12:49:00Z,55.36
2025-12-03T12:50:00Z,55.00
2025-12-03T12:51:00Z,58.25
2025-12-03T12:52:00Z,57.00
2025-12-03T12:53:00Z,57.00
2025-12-03T12:55:00Z,55.86
2025-12-03T12:56:00Z,56.69
2025-12-03T12:57:00Z,55.01
2025-12-03T12:58:00Z,55.32
2025-12-03T12:59:00Z,56.00
2025-12-03T13:00:00Z,55.00
2025-12-03T13:02:00Z,56.87
2025-12-03T13:03:00Z,55.00
2025-12-03T13:04:00Z,55.17
2025-12-03T13:05:00Z,56.61
2025-12-03T13:06:00Z,56.00
2025-12-03T13:07:00Z,55.00
2025-12-03T13:10:00Z,55.34
2025-12-03T13:12:00Z,56.57
2025-12-03T13:13:00Z,56.96
2025-12-03T13:15:00Z,55.50
2025-12-03T13:16:00Z,56.63
2025-12-03T13:17:00Z,57.00
2025-12-03T13:18:00Z,56.00
2025-12-03T13:19:00Z,56.22
2025-12-03T13:20:00Z,56.95
2025-12-03T13:21:00Z,55.00
2025-12-03T13:22:00Z,56.00
2025-12-03T13:23:00Z,56.95
2025-12-03T13:24:00Z,56.73
2025-12-03T13:27:00Z,57.00
2025-12-03T13:28:00Z,57.04
2025-12-03T13:29:00Z,58.00
2025-12-03T13:30:00Z,58.00
2025-12-03T13:31:00Z,57.33
2025-12-03T13:32:00Z,57.17
2025-12-03T13:34:00Z,58.00
2025-12-03T13:35:00Z,57.99
2025-12-03T13:36:00Z,57.42
2025-12-03T13:37:00Z,58.00
2025-12-03T13:41:00Z,58.00
2025-12-03T13:42:00Z,57.96
2025-12-03T13:43:00Z,57.00
2025-12-03T13:44:00Z,57.00
2025-12-03T13:45:00Z,56.00
2025-12-03T13:46:00Z,56.00
2025-12-03T13:47:00Z,57.00
2025-12-03T13:49:00Z,56.00
2025-12-03T13:51:00Z,55.96
2025-12-03T13:52:00Z,55.96
2025-12-03T13:53:00Z,56.49
2025-12-03T13:54:00Z,57.00
2025-12-03T13:56:00Z,56.00
2025-12-03T13:57:00Z,55.08
2025-12-03T13:58:00Z,55.25
2025-12-03T13:59:00Z,55.85
2025-12-03T14:00:00Z,55.33
2025-12-03T14:01:00Z,55.38
2025-12-03T14:03:00Z,55.06
2025-12-03T14:04:00Z,55.12
2025-12-03T14:05:00Z,53.02
2025-12-03T14:06:00Z,53.00
2025-12-03T14:07:00Z,53.77
2025-12-03T14:08:00Z,54.19
2025-12-03T14:09:00Z,51.13
2025-12-03T14:10:00Z,50.33
2025-12-03T14:11:00Z,50.66
2025-12-03T14:12:00Z,53.31
2025-12-03T14:13:00Z,53.00
2025-12-03T14:14:00Z,54.00
2025-12-03T14:16:00Z,51.72
2025-12-03T14:17:00Z,55.36
2025-12-03T14:18:00Z,52.04
2025-12-03T14:19:00Z,53.90
2025-12-03T14:20:00Z,54.10
2025-12-03T14:22:00Z,53.00
2025-12-03T14:23:00Z,53.00
2025-12-03T14:24:00Z,52.04
2025-12-03T14:25:00Z,53.00
2025-12-03T14:26:00Z,52.71
2025-12-03T14:27:00Z,51.53
2025-12-03T14:28:00Z,52.00
2025-12-03T14:30:00Z,52.69
2025-12-03T14:33:00Z,51.00
2025-12-03T14:34:00Z,52.00
2025-12-03T14:35:00Z,51.00
2025-12-03T14:36:00Z,51.00
2025-12-03T14:38:00Z,52.96
2025-12-03T14:39:00Z,53.00
2025-12-03T14:40:00Z,51.92
2025-12-03T14:41:00Z,53.02
2025-12-03T14:42:00Z,52.00
2025-12-03T14:43:00Z,54.00
2025-12-03T14:44:00Z,54.00
2025-12-03T14:45:00Z,55.00
2025-12-03T14:46:00Z,58.18
2025-12-03T14:47:00Z,57.04
2025-12-03T14:48:00Z,57.00
2025-12-03T14:49:00Z,56.00
2025-12-03T14:50:00Z,57.86
2025-12-03T14:51:00Z,57.42
2025-12-03T14:52:00Z,57.00
2025-12-03T14:53:00Z,55.41
2025-12-03T14:54:00Z,55.48
2025-12-03T14:55:00Z,57.00
2025-12-03T14:57:00Z,54.31
2025-12-03T14:58:00Z,55.82
2025-12-03T14:59:00Z,56.00
2025-12-03T15:00:00Z,54.62
2025-12-03T15:01:00Z,55.72
2025-12-03T15:02:00Z,54.77
2025-12-03T15:03:00Z,54.82
2025-12-03T15:04:00Z,54.32
2025-12-03T15:05:00Z,55.00
2025-12-03T15:06:00Z,55.00
2025-12-03T15:07:00Z,55.00
2025-12-03T15:08:00Z,54.19
2025-12-03T15:09:00Z,53.15
2025-12-03T15:10:00Z,54.51
2025-12-03T15:11:00Z,53.13
2025-12-03T15:12:00Z,54.88
2025-12-03T15:13:00Z,53.00
2025-12-03T15:14:00Z,52.70
2025-12-03T15:15:00Z,53.76
2025-12-03T15:16:00Z,53.00
2025-12-03T15:17:00Z,52.00
2025-12-03T15:18:00Z,52.19
2025-12-03T15:19:00Z,53.11
2025-12-03T15:20:00Z,52.42
2025-12-03T15:21:00Z,52.05
2025-12-03T15:24:00Z,52.92
2025-12-03T15:25:00Z,52.39
2025-12-03T15:26:00Z,52.20
2025-12-03T15:27:00Z,51.62
2025-12-03T15:28:00Z,53.00
2025-12-03T15:29:00Z,52.28
2025-12-03T15:30:00Z,51.87
2025-12-03T15:31:00Z,53.00
2025-12-03T15:32:00Z,53.00
2025-12-03T15:33:00Z,53.00
2025-12-03T15:34:00Z,53.00
2025-12-03T15:35:00Z,53.68
2025-12-03T15:36:00Z,54.00
2025-12-03T15:37:00Z,52.04
2025-12-03T15:38:00Z,52.00
2025-12-03T15:39:00Z,55.11
2025-12-03T15:40:00Z,52.18
2025-12-03T15:41:00Z,52.71
2025-12-03T15:42:00Z,53.87
2025-12-03T15:43:00Z,54.00
2025-12-03T15:44:00Z,54.00
2025-12-03T15:45:00Z,53.26
2025-12-03T15:46:00Z,53.00
2025-12-03T15:47:00Z,54.00
2025-12-03T15:48:00Z,53.97
2025-12-03T15:49:00Z,52.60
2025-12-03T15:51:00Z,54.00
2025-12-03T15:52:00Z,54.00
2025-12-03T15:53:00Z,54.00
2025-12-03T15:54:00Z,54.00
2025-12-03T15:56:00Z,52.67
2025-12-03T15:57:00Z,53.77
2025-12-03T15:59:00Z,54.00
2025-12-03T16:00:00Z,53.42
2025-12-03T16:01:00Z,54.00
2025-12-03T16:03:00Z,54.00
2025-12-03T16:04:00Z,52.69
2025-12-03T16:05:00Z,54.00
2025-12-03T16:07:00Z,52.70
2025-12-03T16:08:00Z,52.98
2025-12-03T16:09:00Z,52.00
2025-12-03T16:10:00Z,52.00
2025-12-03T16:11:00Z,52.00
2025-12-03T16:12:00Z,52.00
2025-12-03T16:13:00Z,50.89
2025-12-03T16:15:00Z,51.00
2025-12-03T16:16:00Z,52.00
2025-12-03T16:17:00Z,51.00
2025-12-03T16:18:00Z,50.50
2025-12-03T16:19:00Z,50.71
2025-12-03T16:21:00Z,50.67
2025-12-03T16:22:00Z,51.00
2025-12-03T16:23:00Z,50.00
2025-12-03T16:24:00Z,50.66
2025-12-03T16:25:00Z,51.00
2025-12-03T16:26:00Z,50.32
2025-12-03T16:27:00Z,50.23
2025-12-03T16:28:00Z,50.26
2025-12-03T16:29:00Z,50.00
2025-12-03T16:30:00Z,49.85
2025-12-03T16:31:00Z,50.50
2025-12-03T16:32:00Z,50.91
2025-12-03T16:33:00Z,51.00
2025-12-03T16:34:00Z,51.00
2025-12-03T16:36:00Z,51.05
2025-12-03T16:37:00Z,51.48
2025-12-03T16:38:00Z,50.00
2025-12-03T16:39:00Z,50.00
2025-12-03T16:40:00Z,51.00
2025-12-03T16:41:00Z,51.00
2025-12-03T16:42:00Z,51.00
2025-12-03T16:43:00Z,52.39
2025-12-03T16:44:00Z,53.00
2025-12-03T16:45:00Z,53.00
2025-12-03T16:46:00Z,53.00
2025-12-03T16:47:00Z,54.51
2025-12-03T16:48:00Z,54.00
2025-12-03T16:49:00Z,53.00
2025-12-03T16:50:00Z,53.64
2025-12-03T16:51:00Z,54.00
2025-12-03T16:52:00Z,53.00
2025-12-03T16:53:00Z,53.00
2025-12-03T16:55:00Z,53.20
2025-12-03T16:56:00Z,53.00
2025-12-03T16:57:00Z,53.15
2025-12-03T16:58:00Z,53.00
2025-12-03T16:59:00Z,54.00
2025-12-03T17:00:00Z,53.00
2025-12-03T17:01:00Z,52.01
2025-12-03T17:02:00Z,53.00
2025-12-03T17:03:00Z,52.95
2025-12-03T17:04:00Z,53.67
2025-12-03T17:05:00Z,51.34
2025-12-03T17:06:00Z,53.89
2025-12-03T17:07:00Z,53.00
2025-12-03T17:08:00Z,53.87
2025-12-03T17:09:00Z,52.00
2025-12-03T17:10:00Z,53.00
2025-12-03T17:11:00Z,52.50
2025-12-03T17:12:00Z,52.81
2025-12-03T17:13:00Z,51.84
2025-12-03T17:14:00Z,50.77
2025-12-03T17:15:00Z,53.00
2025-12-03T17:16:00Z,50.52
2025-12-03T17:17:00Z,50.00
2025-12-03T17:18:00Z,51.59
2025-12-03T17:19:00Z,51.54
2025-12-03T17:20:00Z,52.00
2025-12-03T17:21:00Z,52.00
2025-12-03T17:22:00Z,53.00
2025-12-03T17:23:00Z,53.00
2025-12-03T17:24:00Z,53.00
2025-12-03T17:25:00Z,53.61
2025-12-03T17:26:00Z,53.00
2025-12-03T17:27:00Z,52.00
2025-12-03T17:28:00Z,51.43
2025-12-03T17:29:00Z,51.13
2025-12-03T17:30:00Z,51.67
2025-12-03T17:31:00Z,53.79
2025-12-03T17:32:00Z,52.82
2025-12-03T17:34:00Z,50.88
2025-12-03T17:35:00Z,53.95
2025-12-03T17:36:00Z,55.00
2025-12-03T17:37:00Z,54.07
2025-12-03T17:38:00Z,55.00
2025-12-03T17:39:00Z,54.94
2025-12-03T17:40:00Z,54.47
2025-12-03T17:41:00Z,55.00
2025-12-03T17:42:00Z,54.00
2025-12-03T17:43:00Z,53.57
2025-12-03T17:44:00Z,53.00
2025-12-03T17:45:00Z,54.08
2025-12-03T17:46:00Z,52.20
2025-12-03T17:47:00Z,55.00
2025-12-03T17:48:00Z,54.92
2025-12-03T17:50:00Z,53.71
2025-12-03T17:51:00Z,55.97
2025-12-03T17:52:00Z,55.00
2025-12-03T17:53:00Z,53.34
2025-12-03T17:54:00Z,54.00
2025-12-03T17:55:00Z,54.14
2025-12-03T17:56:00Z,54.00
2025-12-03T17:57:00Z,54.00
2025-12-03T17:58:00Z,55.00
2025-12-03T17:59:00Z,54.29
2025-12-03T18:00:00Z,54.82
2025-12-03T18:01:00Z,54.73
2025-12-03T18:02:00Z,54.72
2025-12-03T18:03:00Z,55.00
2025-12-03T18:04:00Z,55.00
2025-12-03T18:05:00Z,55.00
2025-12-03T18:06:00Z,54.83
2025-12-03T18:07:00Z,55.00
2025-12-03T18:08:00Z,55.00
2025-12-03T18:09:00Z,54.05
2025-12-03T18:10:00Z,55.00
2025-12-03T18:11:00Z,54.38
2025-12-03T18:12:00Z,55.00
2025-12-03T18:13:00Z,54.00
2025-12-03T18:15:00Z,55.00
2025-12-03T18:16:00Z,54.52
2025-12-03T18:17:00Z,54.20
2025-12-03T18:18:00Z,54.00
2025-12-03T18:19:00Z,55.00
2025-12-03T18:20:00Z,54.06
2025-12-03T18:21:00Z,54.17
2025-12-03T18:22:00Z,54.45
2025-12-03T18:23:00Z,55.87
2025-12-03T18:24:00Z,54.59
2025-12-03T18:25:00Z,55.00
2025-12-03T18:26:00Z,54.13
2025-12-03T18:27:00Z,53.99
2025-12-03T18:30:00Z,53.20
2025-12-03T18:31:00Z,54.86
2025-12-03T18:33:00Z,53.09
2025-12-03T18:35:00Z,53.00
2025-12-03T18:36:00Z,53.23
2025-12-03T18:37:00Z,53.95
2025-12-03T18:38:00Z,53.01
2025-12-03T18:39:00Z,53.13
2025-12-03T18:40:00Z,53.97
2025-12-03T18:41:00Z,52.98
2025-12-03T18:42:00Z,53.00
2025-12-03T18:43:00Z,54.50
2025-12-03T18:45:00Z,53.56
2025-12-03T18:46:00Z,54.69
2025-12-03T18:47:00Z,53.46
2025-12-03T18:48:00Z,54.58
2025-12-03T18:49:00Z,53.50
2025-12-03T18:50:00Z,54.42
2025-12-03T18:51:00Z,53.93
2025-12-03T18:52:00Z,54.00
2025-12-03T18:53:00Z,54.15
2025-12-03T18:54:00Z,53.87
2025-12-03T18:55:00Z,54.00
2025-12-03T18:56:00Z,53.04
2025-12-03T18:57:00Z,53.00
2025-12-03T18:58:00Z,52.17
2025-12-03T18:59:00Z,53.00
2025-12-03T19:00:00Z,53.00
2025-12-03T19:01:00Z,53.00
2025-12-03T19:02:00Z,52.84
2025-12-03T19:03:00Z,52.20
2025-12-03T19:05:00Z,52.24
2025-12-03T19:06:00Z,53.00
2025-12-03T19:07:00Z,53.00
2025-12-03T19:08:00Z,52.89
2025-12-03T19:09:00Z,52.07
2025-12-03T19:10:00Z,53.00
2025-12-03T19:11:00Z,52.81
2025-12-03T19:12:00Z,52.65
2025-12-03T19:13:00Z,52.04
2025-12-03T19:14:00Z,53.00
2025-12-03T19:16:00Z,52.00
2025-12-03T19:17:00Z,52.00
2025-12-03T19:18:00Z,53.46
2025-12-03T19:19:00Z,54.00
2025-12-03T19:20:00Z,52.28
2025-12-03T19:21:00Z,53.60
2025-12-03T19:22:00Z,53.50
2025-12-03T19:23:00Z,55.00
2025-12-03T19:24:00Z,55.00
2025-12-03T19:25:00Z,54.89
2025-12-03T19:26:00Z,54.00
2025-12-03T19:27:00Z,54.00
2025-12-03T19:28:00Z,54.04
2025-12-03T19:29:00Z,55.00
2025-12-03T19:31:00Z,54.56
2025-12-03T19:32:00Z,54.00
2025-12-03T19:33:00Z,55.00
2025-12-03T19:34:00Z,53.79
2025-12-03T19:35:00Z,55.00
2025-12-03T19:36:00Z,53.00
2025-12-03T19:37:00Z,53.52
2025-12-03T19:38:00Z,53.50
2025-12-03T19:39:00Z,53.00
2025-12-03T19:40:00Z,54.00
2025-12-03T19:41:00Z,54.00
2025-12-03T19:42:00Z,53.36
2025-12-03T19:43:00Z,53.81
2025-12-03T19:44:00Z,53.85
2025-12-03T19:45:00Z,54.00
2025-12-03T19:46:00Z,53.42
2025-12-03T19:48:00Z,54.00
2025-12-03T19:49:00Z,53.36
2025-12-03T19:50:00Z,54.00
2025-12-03T19:51:00Z,53.94
2025-12-03T19:52:00Z,54.00
2025-12-03T19:53:00Z,53.04
2025-12-03T19:54:00Z,54.00
2025-12-03T19:55:00Z,53.49
2025-12-03T19:56:00Z,53.20
2025-12-03T19:57:00Z,53.00
2025-12-03T19:58:00Z,53.50
2025-12-03T19:59:00Z,54.20
2025-12-03T20:00:00Z,54.55
2025-12-03T20:01:00Z,55.00
2025-12-03T20:02:00Z,54.61
2025-12-03T20:03:00Z,54.97
2025-12-03T20:04:00Z,54.22
2025-12-03T20:05:00Z,54.12
2025-12-03T20:06:00Z,54.00
2025-12-03T20:07:00Z,52.13
2025-12-03T20:08:00Z,53.00
2025-12-03T20:09:00Z,52.14
2025-12-03T20:10:00Z,52.92
2025-12-03T20:11:00Z,52.59
2025-12-03T20:12:00Z,52.00
2025-12-03T20:13:00Z,52.40
2025-12-03T20:14:00Z,52.61
2025-12-03T20:15:00Z,52.11
2025-12-03T20:16:00Z,53.48
2025-12-03T20:17:00Z,52.26
2025-12-03T20:18:00Z,53.00
2025-12-03T20:19:00Z,53.23
2025-12-03T20:20:00Z,53.43
2025-12-03T20:21:00Z,54.00
2025-12-03T20:23:00Z,53.00
2025-12-03T20:24:00Z,54.00
2025-12-03T20:25:00Z,54.35
2025-12-03T20:26:00Z,53.90
2025-12-03T20:27:00Z,54.00
2025-12-03T20:28:00Z,54.71
2025-12-03T20:29:00Z,54.49
2025-12-03T20:30:00Z,54.90
2025-12-03T20:32:00Z,55.90
2025-12-03T20:33:00Z,56.00
2025-12-03T20:34:00Z,55.00
2025-12-03T20:35:00Z,54.92
2025-12-03T20:36:00Z,55.00
2025-12-03T20:37:00Z,56.93
2025-12-03T20:38:00Z,55.22
2025-12-03T20:39:00Z,55.78
2025-12-03T20:40:00Z,56.00
2025-12-03T20:41:00Z,56.00
2025-12-03T20:42:00Z,55.48
2025-12-03T20:43:00Z,56.56
2025-12-03T20:44:00Z,56.04
2025-12-03T20:45:00Z,56.78
2025-12-03T20:47:00Z,57.00
2025-12-03T20:48:00Z,56.00
2025-12-03T20:49:00Z,55.00
2025-12-03T20:50:00Z,57.00
2025-12-03T20:51:00Z,55.36
2025-12-03T20:53:00Z,55.48
2025-12-03T20:54:00Z,56.30
2025-12-03T20:55:00Z,56.63
2025-12-03T20:56:00Z,56.00
2025-12-03T20:57:00Z,57.00
2025-12-03T20:58:00Z,56.00
2025-12-03T20:59:00Z,56.21
2025-12-03T21:01:00Z,55.98
2025-12-03T21:02:00Z,56.73
2025-12-03T21:03:00Z,57.00
2025-12-03T21:04:00Z,56.00
2025-12-03T21:05:00Z,56.19
2025-12-03T21:06:00Z,57.00
2025-12-03T21:07:00Z,56.98
2025-12-03T21:08:00Z,56.44
2025-12-03T21:09:00Z,57.00
2025-12-03T21:10:00Z,56.66
2025-12-03T21:11:00Z,56.86
2025-12-03T21:12:00Z,56.51
2025-12-03T21:13:00Z,56.00
2025-12-03T21:14:00Z,56.00
2025-12-03T21:15:00Z,55.71
2025-12-03T21:16:00Z,56.00
2025-12-03T21:17:00Z,55.40
2025-12-03T21:18:00Z,55.50
2025-12-03T21:19:00Z,55.95
2025-12-03T21:20:00Z,56.00
2025-12-03T21:21:00Z,56.00
2025-12-03T21:22:00Z,55.08
2025-12-03T21:23:00Z,55.84
2025-12-03T21:24:00Z,56.00
2025-12-03T21:25:00Z,54.34
2025-12-03T21:26:00Z,54.15
2025-12-03T21:27:00Z,54.00
2025-12-03T21:28:00Z,54.01
2025-12-03T21:29:00Z,54.07
2025-12-03T21:30:00Z,55.00
2025-12-03T21:33:00Z,55.00
2025-12-03T21:34:00Z,55.00
2025-12-03T21:35:00Z,54.00
2025-12-03T21:36:00Z,54.90
2025-12-03T21:37:00Z,54.69
2025-12-03T21:38:00Z,54.84
2025-12-03T21:39:00Z,55.00
2025-12-03T21:40:00Z,54.32
2025-12-03T21:41:00Z,54.00
2025-12-03T21:42:00Z,54.68
2025-12-03T21:43:00Z,55.00
2025-12-03T21:44:00Z,55.00
2025-12-03T21:45:00Z,54.14
2025-12-03T21:46:00Z,55.00
2025-12-03T21:47:00Z,54.09
2025-12-03T21:48:00Z,54.99
2025-12-03T21:49:00Z,54.94
2025-12-03T21:50:00Z,55.00
2025-12-03T21:51:00Z,54.77
2025-12-03T21:52:00Z,54.28
2025-12-03T21:53:00Z,54.00
2025-12-03T21:54:00Z,55.00
2025-12-03T21:55:00Z,55.95
2025-12-03T21:56:00Z,55.99
2025-12-03T21:57:00Z,56.81
2025-12-03T21:58:00Z,57.00
2025-12-03T21:59:00Z,57.40
2025-12-03T22:00:00Z,57.97
2025-12-03T22:01:00Z,57.00
2025-12-03T22:02:00Z,57.00
2025-12-03T22:04:00Z,57.45
2025-12-03T22:05:00Z,58.00
2025-12-03T22:06:00Z,58.00
2025-12-03T22:07:00Z,56.97
2025-12-03T22:09:00Z,57.91
2025-12-03T22:12:00Z,56.13
2025-12-03T22:13:00Z,57.00
2025-12-03T22:14:00Z,57.00
2025-12-03T22:16:00Z,57.00
2025-12-03T22:17:00Z,56.00
2025-12-03T22:20:00Z,56.95
2025-12-03T22:22:00Z,57.00
2025-12-03T22:24:00Z,56.13
2025-12-03T22:25:00Z,57.00
2025-12-03T22:28:00Z,57.93
2025-12-03T22:29:00Z,56.00
2025-12-03T22:30:00Z,56.00
2025-12-03T22:31:00Z,57.00
2025-12-03T22:32:00Z,57.00
2025-12-03T22:34:00Z,57.00
2025-12-03T22:35:00Z,57.00
2025-12-03T22:37:00Z,57.00
2025-12-03T22:38:00Z,56.00
2025-12-03T22:39:00Z,57.00
2025-12-03T22:42:00Z,56.00
2025-12-03T22:43:00Z,56.00
2025-12-03T22:46:00Z,56.00
2025-12-03T22:49:00Z,57.00
2025-12-03T22:51:00Z,56.00
2025-12-03T22:53:00Z,56.58
2025-12-03T22:54:00Z,56.77
2025-12-03T22:57:00Z,57.00
2025-12-03T22:59:00Z,57.00
2025-12-03T23:00:00Z,57.00
2025-12-03T23:03:00Z,57.00
2025-12-03T23:05:00Z,57.00
2025-12-03T23:07:00Z,57.00
2025-12-03T23:08:00Z,57.00
2025-12-03T23:10:00Z,57.00
2025-12-03T23:11:00Z,57.00
2025-12-03T23:19:00Z,58.00
2025-12-03T23:20:00Z,58.00
2025-12-03T23:21:00Z,55.00
2025-12-03T23:30:00Z,57.00
2025-12-03T23:32:00Z,57.00
2025-12-03T23:37:00Z,57.00
2025-12-03T23:43:00Z,57.43
2025-12-03T23:44:00Z,58.00
2025-12-03T23:47:00Z,56.00
2025-12-03T23:48:00Z,58.00
2025-12-03T23:50:00Z,57.48
2025-12-03T23:51:00Z,57.00
2025-12-03T23:54:00Z,56.00
2025-12-03T23:55:00Z,56.00
2025-12-03T23:56:00Z,58.00
2025-12-03T23:58:00Z,57.66
2025-12-04T00:01:00Z,58.00
2025-12-04T00:02:00Z,58.00
2025-12-04T00:04:00Z,58.00
2025-12-04T00:05:00Z,58.00
2025-12-04T00:06:00Z,56.31
2025-12-04T00:07:00Z,56.25
2025-12-04T00:10:00Z,56.00
2025-12-04T00:11:00Z,58.00
2025-12-04T00:12:00Z,58.00
2025-12-04T00:16:00Z,56.00
2025-12-04T00:18:00Z,54.53
2025-12-04T00:25:00Z,55.00
2025-12-04T00:26:00Z,55.00
2025-12-04T00:28:00Z,55.00
2025-12-04T00:29:00Z,55.00
2025-12-04T00:30:00Z,56.00
2025-12-04T00:31:00Z,54.00
2025-12-04T00:32:00Z,55.00
2025-12-04T00:35:00Z,55.00
2025-12-04T00:36:00Z,55.00
2025-12-04T00:42:00Z,54.58
2025-12-04T00:44:00Z,54.00
2025-12-04T00:45:00Z,56.00
2025-12-04T00:46:00Z,56.00
2025-12-04T00:49:00Z,56.46
2025-12-04T00:52:00Z,57.00
2025-12-04T00:54:00Z,56.05
2025-12-04T00:55:00Z,56.00
2025-12-04T00:59:00Z,57.00
2025-12-04T01:00:00Z,56.00
2025-12-04T01:01:00Z,56.00
2025-12-04T01:04:00Z,56.00
2025-12-04T01:07:00Z,56.27
2025-12-04T01:08:00Z,56.06
2025-12-04T01:10:00Z,56.00
2025-12-04T01:11:00Z,56.22
2025-12-04T01:12:00Z,57.00
2025-12-04T01:13:00Z,57.00
2025-12-04T01:16:00Z,57.00
2025-12-04T01:17:00Z,57.00
2025-12-04T01:18:00Z,56.00
2025-12-04T01:19:00Z,56.00
2025-12-04T01:20:00Z,56.00
2025-12-04T01:21:00Z,56.51
2025-12-04T01:22:00Z,57.00
2025-12-04T01:23:00Z,56.67
2025-12-04T01:25:00Z,55.04
2025-12-04T01:26:00Z,55.00
2025-12-04T01:27:00Z,55.00
2025-12-04T01:28:00Z,55.00
2025-12-04T01:29:00Z,56.00
2025-12-04T01:30:00Z,56.00
2025-12-04T01:31:00Z,56.54
2025-12-04T01:33:00Z,55.24
2025-12-04T01:36:00Z,55.12
2025-12-04T01:37:00Z,55.01
2025-12-04T01:38:00Z,54.23
2025-12-04T01:39:00Z,56.00
2025-12-04T01:40:00Z,56.91
2025-12-04T01:41:00Z,56.90
2025-12-04T01:42:00Z,55.00
2025-12-04T01:45:00Z,55.16
2025-12-04T01:49:00Z,55.00
2025-12-04T01:50:00Z,54.00
2025-12-04T01:52:00Z,54.98
2025-12-04T01:54:00Z,54.70
2025-12-04T01:56:00Z,54.96
2025-12-04T01:58:00Z,54.00
2025-12-04T02:00:00Z,55.00
2025-12-04T02:01:00Z,55.00
2025-12-04T02:03:00Z,55.00
2025-12-04T02:05:00Z,54.00
2025-12-04T02:06:00Z,54.00
2025-12-04T02:07:00Z,55.00
2025-12-04T02:08:00Z,55.00
2025-12-04T02:09:00Z,55.00
2025-12-04T02:11:00Z,54.00
2025-12-04T02:12:00Z,55.00
2025-12-04T02:14:00Z,54.00
2025-12-04T02:15:00Z,55.00
2025-12-04T02:16:00Z,54.00
2025-12-04T02:17:00Z,54.00
2025-12-04T02:18:00Z,55.00
2025-12-04T02:19:00Z,54.98
2025-12-04T02:20:00Z,54.33
2025-12-04T02:21:00Z,54.33
2025-12-04T02:22:00Z,55.94
2025-12-04T02:23:00Z,57.00
2025-12-04T02:24:00Z,57.00
2025-12-04T02:26:00Z,57.00
2025-12-04T02:27:00Z,56.00
2025-12-04T02:28:00Z,56.36
2025-12-04T02:29:00Z,56.46
2025-12-04T02:30:00Z,56.00
2025-12-04T02:31:00Z,56.32
2025-12-04T02:32:00Z,57.00
2025-12-04T02:33:00Z,57.00
2025-12-04T02:34:00Z,56.00
2025-12-04T02:35:00Z,57.00
2025-12-04T02:36:00Z,56.01
2025-12-04T02:37:00Z,57.00
2025-12-04T02:38:00Z,56.00
2025-12-04T02:39:00Z,57.00
2025-12-04T02:40:00Z,56.00
2025-12-04T02:41:00Z,56.00
2025-12-04T02:42:00Z,57.00
2025-12-04T02:43:00Z,56.00
2025-12-04T02:44:00Z,56.00
2025-12-04T02:45:00Z,56.00
2025-12-04T02:46:00Z,57.00
2025-12-04T02:47:00Z,57.00
2025-12-04T02:48:00Z,55.99
2025-12-04T02:49:00Z,56.00
2025-12-04T02:50:00Z,57.27
2025-12-04T02:51:00Z,57.00
2025-12-04T02:52:00Z,57.00
2025-12-04T02:53:00Z,57.81
2025-12-04T02:54:00Z,56.00
2025-12-04T02:55:00Z,56.00
2025-12-04T02:56:00Z,57.00
2025-12-04T02:57:00Z,57.59
2025-12-04T02:58:00Z,56.00
2025-12-04T02:59:00Z,57.00
2025-12-04T03:01:00Z,56.00
2025-12-04T03:02:00Z,56.76
2025-12-04T03:03:00Z,57.00
2025-12-04T03:04:00Z,57.00
2025-12-04T03:05:00Z,57.71
2025-12-04T03:06:00Z,56.43
2025-12-04T03:07:00Z,56.01
2025-12-04T03:08:00Z,57.00
2025-12-04T03:09:00Z,56.00
2025-12-04T03:10:00Z,56.00
2025-12-04T03:11:00Z,56.90
2025-12-04T03:12:00Z,56.00
2025-12-04T03:13:00Z,57.00
2025-12-04T03:15:00Z,57.98
2025-12-04T03:16:00Z,58.00
2025-12-04T03:18:00Z,57.00
2025-12-04T03:19:00Z,58.00
2025-12-04T03:20:00Z,57.00
2025-12-04T03:22:00Z,57.02
2025-12-04T03:23:00Z,57.64
2025-12-04T03:26:00Z,57.01
2025-12-04T03:27:00Z,56.10
2025-12-04T03:28:00Z,56.12
2025-12-04T03:30:00Z,57.00
2025-12-04T03:32:00Z,56.00
2025-12-04T03:33:00Z,57.00
2025-12-04T03:34:00Z,56.00
2025-12-04T03:35:00Z,57.00
2025-12-04T03:37:00Z,57.00
2025-12-04T03:38:00Z,56.97
2025-12-04T03:39:00Z,56.70
2025-12-04T03:40:00Z,57.00
2025-12-04T03:43:00Z,55.97
2025-12-04T03:44:00Z,56.00
2025-12-04T03:45:00Z,56.00
2025-12-04T03:47:00Z,56.00
2025-12-04T03:49:00Z,56.90
2025-12-04T03:50:00Z,57.00
2025-12-04T03:51:00Z,57.00
2025-12-04T03:53:00Z,55.50
2025-12-04T03:54:00Z,56.64
2025-12-04T03:55:00Z,55.00
2025-12-04T03:56:00Z,56.00
2025-12-04T03:57:00Z,55.00
2025-12-04T03:58:00Z,55.08
2025-12-04T03:59:00Z,56.00
2025-12-04T04:00:00Z,56.00
2025-12-04T04:02:00Z,56.00
2025-12-04T04:04:00Z,56.00
2025-12-04T04:09:00Z,55.00
2025-12-04T04:11:00Z,56.00
2025-12-04T04:12:00Z,55.79
2025-12-04T04:13:00Z,56.20
2025-12-04T04:14:00Z,56.45
2025-12-04T04:16:00Z,55.59
2025-12-04T04:20:00Z,56.57
2025-12-04T04:21:00Z,57.00
2025-12-04T04:24:00Z,56.00
2025-12-04T04:25:00Z,55.22
2025-12-04T04:28:00Z,56.00
2025-12-04T04:29:00Z,56.91
2025-12-04T04:30:00Z,57.00
2025-12-04T04:31:00Z,56.78
2025-12-04T04:32:00Z,56.89
2025-12-04T04:34:00Z,55.00
2025-12-04T04:35:00Z,55.00
2025-12-04T04:36:00Z,55.00
2025-12-04T04:38:00Z,56.90
2025-12-04T04:39:00Z,56.00
2025-12-04T04:40:00Z,57.00
2025-12-04T04:42:00Z,56.01
2025-12-04T04:44:00Z,57.00
2025-12-04T04:46:00Z,56.00
2025-12-04T04:48:00Z,56.97
2025-12-04T04:49:00Z,56.01
2025-12-04T04:52:00Z,56.97
2025-12-04T04:53:00Z,56.00
2025-12-04T04:58:00Z,56.00
2025-12-04T05:00:00Z,56.00
2025-12-04T05:02:00Z,57.00
2025-12-04T05:03:00Z,56.95
2025-12-04T05:04:00Z,56.61
2025-12-04T05:05:00Z,57.00
2025-12-04T05:06:00Z,56.00
2025-12-04T05:07:00Z,55.00
2025-12-04T05:08:00Z,55.96
2025-12-04T05:09:00Z,56.00
2025-12-04T05:10:00Z,56.00
2025-12-04T05:11:00Z,56.00
2025-12-04T05:13:00Z,55.00
2025-12-04T05:14:00Z,56.00
2025-12-04T05:15:00Z,56.00
2025-12-04T05:16:00Z,55.00
2025-12-04T05:20:00Z,56.00
2025-12-04T05:23:00Z,56.00
2025-12-04T05:24:00Z,55.00
2025-12-04T05:26:00Z,55.00
2025-12-04T05:29:00Z,55.85
2025-12-04T05:30:00Z,55.00
2025-12-04T05:32:00Z,55.00
2025-12-04T05:34:00Z,55.03
2025-12-04T05:35:00Z,55.00
2025-12-04T05:36:00Z,54.98
2025-12-04T05:37:00Z,54.44
2025-12-04T05:38:00Z,54.00
2025-12-04T05:39:00Z,54.00
2025-12-04T05:42:00Z,54.77
2025-12-04T05:43:00Z,55.76
2025-12-04T05:45:00Z,55.80
2025-12-04T05:46:00Z,56.00
2025-12-04T05:47:00Z,56.38
2025-12-04T05:48:00Z,56.00
2025-12-04T05:49:00Z,55.27
2025-12-04T05:50:00Z,56.00
2025-12-04T05:52:00Z,56.00
2025-12-04T05:53:00Z,54.97
2025-12-04T05:57:00Z,55.00
2025-12-04T05:58:00Z,57.00
2025-12-04T06:00:00Z,56.00
2025-12-04T06:01:00Z,55.00
2025-12-04T06:02:00Z,55.20
2025-12-04T06:03:00Z,56.00
2025-12-04T06:07:00Z,56.00
2025-12-04T06:08:00Z,56.00
2025-12-04T06:11:00Z,56.00
2025-12-04T06:15:00Z,55.00
2025-12-04T06:17:00Z,55.00
2025-12-04T06:20:00Z,55.00
2025-12-04T06:26:00Z,55.00
2025-12-04T06:27:00Z,55.00
2025-12-04T06:29:00Z,56.00
2025-12-04T06:33:00Z,56.00
2025-12-04T06:37:00Z,56.00
2025-12-04T06:38:00Z,56.00
2025-12-04T06:43:00Z,55.98
2025-12-04T06:46:00Z,55.00
2025-12-04T06:47:00Z,56.00
2025-12-04T06:48:00Z,55.00
2025-12-04T06:49:00Z,55.00
2025-12-04T06:55:00Z,56.00
2025-12-04T06:56:00Z,55.40
2025-12-04T07:02:00Z,56.00
2025-12-04T07:03:00Z,55.97
2025-12-04T07:08:00Z,55.00
2025-12-04T07:09:00Z,56.00
2025-12-04T07:11:00Z,55.00
2025-12-04T07:15:00Z,55.00
2025-12-04T07:17:00Z,56.00
2025-12-04T07:18:00Z,55.70
2025-12-04T07:21:00Z,56.00
2025-12-04T07:22:00Z,56.00
2025-12-04T07:23:00Z,55.00
2025-12-04T07:24:00Z,55.00
2025-12-04T07:27:00Z,56.00
2025-12-04T07:29:00Z,56.00
2025-12-04T07:33:00Z,56.00
2025-12-04T07:39:00Z,55.09
2025-12-04T07:40:00Z,56.00
2025-12-04T07:42:00Z,56.00
2025-12-04T07:43:00Z,56.00
2025-12-04T07:46:00Z,57.00
2025-12-04T07:48:00Z,56.00
2025-12-04T07:53:00Z,56.00
2025-12-04T07:54:00Z,57.00
2025-12-04T07:59:00Z,56.90
2025-12-04T10:28:00Z,56.00
2025-12-04T10:31:00Z,57.00
2025-12-04T10:32:00Z,57.00
2025-12-04T10:34:00Z,57.00
2025-12-04T10:36:00Z,55.14
2025-12-04T10:44:00Z,56.00
2025-12-04T10:49:00Z,54.05
2025-12-04T10:50:00Z,56.00
2025-12-04T10:51:00Z,56.00
2025-12-04T10:56:00Z,56.00
2025-12-04T10:57:00Z,56.00
2025-12-04T10:59:00Z,54.00
2025-12-04T11:01:00Z,55.00
2025-12-04T11:10:00Z,55.00
2025-12-04T11:13:00Z,55.94
2025-12-04T11:15:00Z,56.00
2025-12-04T11:18:00Z,56.00
2025-12-04T11:21:00Z,55.00
2025-12-04T11:23:00Z,55.00
2025-12-04T11:26:00Z,57.00
2025-12-04T11:28:00Z,56.00
2025-12-04T11:31:00Z,55.00
2025-12-04T11:37:00Z,55.00
2025-12-04T11:38:00Z,55.00
2025-12-04T11:39:00Z,55.00
2025-12-04T11:40:00Z,53.88
2025-12-04T11:48:00Z,52.00
2025-12-04T11:53:00Z,54.00
2025-12-04T11:56:00Z,52.00
2025-12-04T11:57:00Z,52.00
2025-12-04T12:04:00Z,53.00
2025-12-04T12:06:00Z,52.08
2025-12-04T12:09:00Z,54.00
2025-12-04T12:10:00Z,53.00
2025-12-04T12:11:00Z,54.52
2025-12-04T12:15:00Z,52.00
2025-12-04T12:17:00Z,52.00
2025-12-04T12:18:00Z,54.00
2025-12-04T12:19:00Z,53.20
2025-12-04T12:23:00Z,56.39
2025-12-04T12:25:00Z,52.00
2025-12-04T12:38:00Z,54.00
2025-12-04T12:40:00Z,56.00
2025-12-04T12:41:00Z,54.00
2025-12-04T12:43:00Z,54.00
2025-12-04T12:44:00Z,56.00
2025-12-04T12:45:00Z,54.00
2025-12-04T12:47:00Z,54.00
2025-12-04T12:49:00Z,53.00
2025-12-04T13:03:00Z,52.00
2025-12-04T13:07:00Z,52.00
2025-12-04T13:09:00Z,51.61
2025-12-04T13:11:00Z,51.00
2025-12-04T13:12:00Z,50.00
2025-12-04T13:15:00Z,53.00
2025-12-04T13:16:00Z,50.00
2025-12-04T13:19:00Z,53.00
2025-12-04T13:20:00Z,50.00
2025-12-04T13:22:00Z,51.00
2025-12-04T13:23:00Z,52.03
2025-12-04T13:25:00Z,53.23
2025-12-04T13:26:00Z,51.41
2025-12-04T13:29:00Z,50.10
2025-12-04T13:33:00Z,51.68
2025-12-04T13:34:00Z,51.00
2025-12-04T13:35:00Z,51.50
2025-12-04T13:37:00Z,51.00
2025-12-04T13:46:00Z,51.90
2025-12-04T13:47:00Z,50.00
2025-12-04T13:49:00Z,50.00
2025-12-04T13:51:00Z,50.00
2025-12-04T13:52:00Z,51.00
2025-12-04T13:53:00Z,50.46
2025-12-04T13:54:00Z,52.00
2025-12-04T13:58:00Z,52.00
2025-12-04T14:00:00Z,53.00
2025-12-04T14:01:00Z,53.00
2025-12-04T14:02:00Z,52.33
2025-12-04T14:03:00Z,53.00
2025-12-04T14:06:00Z,52.18
2025-12-04T14:07:00Z,53.00
2025-12-04T14:10:00Z,52.66
2025-12-04T14:11:00Z,53.00
2025-12-04T14:14:00Z,52.00
2025-12-04T14:16:00Z,53.00
2025-12-04T14:17:00Z,53.00
2025-12-04T14:18:00Z,53.00
2025-12-04T14:20:00Z,52.00
2025-12-04T14:24:00Z,53.00
2025-12-04T14:25:00Z,52.00
2025-12-04T14:35:00Z,53.00
2025-12-04T14:36:00Z,52.00
2025-12-04T14:38:00Z,53.00
2025-12-04T14:40:00Z,52.00
2025-12-04T14:41:00Z,53.12
2025-12-04T14:42:00Z,52.04
2025-12-04T14:45:00Z,51.00
2025-12-04T14:47:00Z,51.00
2025-12-04T14:48:00Z,51.13
2025-12-04T14:49:00Z,52.00
2025-12-04T14:50:00Z,53.00
2025-12-04T14:53:00Z,51.00
2025-12-04T14:56:00Z,52.00
2025-12-04T14:57:00Z,53.00
2025-12-04T14:58:00Z,52.00
2025-12-04T14:59:00Z,52.00
2025-12-04T15:00:00Z,51.93
2025-12-04T15:02:00Z,53.00
2025-12-04T15:03:00Z,52.00
2025-12-04T15:04:00Z,53.00
2025-12-04T15:05:00Z,53.00
2025-12-04T15:10:00Z,53.00
2025-12-04T15:11:00Z,51.00
2025-12-04T15:14:00Z,50.93
2025-12-04T15:15:00Z,53.00
2025-12-04T15:16:00Z,50.00
2025-12-04T15:17:00Z,53.00
2025-12-04T15:18:00Z,50.00
2025-12-04T15:19:00Z,50.00
2025-12-04T15:20:00Z,53.00
2025-12-04T15:24:00Z,53.00
2025-12-04T15:26:00Z,53.00
2025-12-04T15:29:00Z,52.00
2025-12-04T15:30:00Z,52.11
2025-12-04T15:33:00Z,53.00
2025-12-04T15:34:00Z,53.00
2025-12-04T15:36:00Z,53.00
2025-12-04T15:38:00Z,52.00
2025-12-04T15:43:00Z,52.10
2025-12-04T15:44:00Z,53.00
2025-12-04T15:45:00Z,52.00
2025-12-04T15:46:00Z,53.69
2025-12-04T15:47:00Z,52.00
2025-12-04T15:49:00Z,52.03
2025-12-04T15:50:00Z,52.29
2025-12-04T15:51:00Z,53.00
2025-12-04T15:53:00Z,54.00
2025-12-04T15:56:00Z,54.00
2025-12-04T15:57:00Z,53.96
2025-12-04T15:58:00Z,52.06
2025-12-04T16:00:00Z,52.00
2025-12-04T16:01:00Z,53.00
2025-12-04T16:03:00Z,53.00
2025-12-04T16:04:00Z,53.00
2025-12-04T16:05:00Z,54.00
2025-12-04T16:06:00Z,53.00
2025-12-04T16:07:00Z,53.00
2025-12-04T16:08:00Z,52.00
2025-12-04T16:10:00Z,53.00
2025-12-04T16:12:00Z,53.00
2025-12-04T16:13:00Z,52.00
2025-12-04T16:16:00Z,52.00
2025-12-04T16:17:00Z,52.00
2025-12-04T16:19:00Z,53.00
2025-12-04T16:21:00Z,53.00
2025-12-04T16:22:00Z,52.23
2025-12-04T16:24:00Z,52.00
2025-12-04T16:26:00Z,54.00
2025-12-04T16:27:00Z,53.00
2025-12-04T16:28:00Z,53.00
2025-12-04T16:30:00Z,54.00
2025-12-04T16:33:00Z,53.00
2025-12-04T16:35:00Z,53.00
2025-12-04T16:36:00Z,54.00
2025-12-04T16:38:00Z,53.00
2025-12-04T16:39:00Z,54.00
2025-12-04T16:41:00Z,54.00
2025-12-04T16:43:00Z,54.00
2025-12-04T16:46:00Z,54.00
2025-12-04T16:47:00Z,53.28
2025-12-04T16:48:00Z,54.00
2025-12-04T16:57:00Z,53.85
2025-12-04T16:58:00Z,54.00
2025-12-04T16:59:00Z,54.00
2025-12-04T17:00:00Z,52.00
2025-12-04T17:01:00Z,53.00
2025-12-04T17:02:00Z,53.00
2025-12-04T17:03:00Z,52.00
2025-12-04T17:04:00Z,52.00
2025-12-04T17:05:00Z,51.00
2025-12-04T17:08:00Z,52.00
2025-12-04T17:10:00Z,52.00
2025-12-04T17:12:00Z,50.22
2025-12-04T17:13:00Z,50.00
2025-12-04T17:14:00Z,50.00
2025-12-04T17:15:00Z,50.00
2025-12-04T17:16:00Z,50.00
2025-12-04T17:18:00Z,51.00
2025-12-04T17:19:00Z,49.02
2025-12-04T17:24:00Z,51.00
2025-12-04T17:25:00Z,50.90
2025-12-04T17:28:00Z,50.00
2025-12-04T17:29:00Z,51.00
2025-12-04T17:32:00Z,49.99
2025-12-04T17:33:00Z,50.00
2025-12-04T17:34:00Z,49.00
2025-12-04T17:36:00Z,49.00
2025-12-04T17:37:00Z,49.00
2025-12-04T17:38:00Z,49.00
2025-12-04T17:40:00Z,50.00
2025-12-04T17:43:00Z,50.00
2025-12-04T17:47:00Z,50.00
2025-12-04T17:48:00Z,49.32
2025-12-04T17:49:00Z,48.30
2025-12-04T17:50:00Z,48.00
2025-12-04T17:51:00Z,49.99
2025-12-04T17:52:00Z,49.00
2025-12-04T17:58:00Z,50.00
2025-12-04T18:00:00Z,50.00
2025-12-04T18:01:00Z,49.00
2025-12-04T18:06:00Z,50.00
2025-12-04T18:07:00Z,50.00
2025-12-04T18:09:00Z,49.00
2025-12-04T18:10:00Z,49.00
2025-12-04T18:11:00Z,49.22
2025-12-04T18:12:00Z,49.66
2025-12-04T18:13:00Z,50.00
2025-12-04T18:14:00Z,51.00
2025-12-04T18:15:00Z,51.00
2025-12-04T18:16:00Z,51.00
2025-12-04T18:17:00Z,51.00
2025-12-04T18:18:00Z,50.48
2025-12-04T18:23:00Z,51.00
2025-12-04T18:25:00Z,49.94
2025-12-04T18:26:00Z,51.00
2025-12-04T18:27:00Z,51.00
2025-12-04T18:28:00Z,51.00
2025-12-04T18:30:00Z,51.00
2025-12-04T18:32:00Z,51.00
2025-12-04T18:33:00Z,51.00
2025-12-04T18:34:00Z,49.00
2025-12-04T18:37:00Z,49.03
2025-12-04T18:40:00Z,51.00
2025-12-04T18:41:00Z,50.00
2025-12-04T18:43:00Z,50.82
2025-12-04T18:44:00Z,51.00
2025-12-04T18:46:00Z,50.00
2025-12-04T18:48:00Z,49.00
2025-12-04T18:49:00Z,49.00
2025-12-04T18:51:00Z,49.00
2025-12-04T18:53:00Z,50.16
2025-12-04T18:56:00Z,49.00
2025-12-04T18:57:00Z,49.64
2025-12-04T18:58:00Z,50.00
2025-12-04T18:59:00Z,50.00
2025-12-04T19:02:00Z,50.00
2025-12-04T19:03:00Z,49.00
2025-12-04T19:05:00Z,50.00
2025-12-04T19:06:00Z,49.00
2025-12-04T19:08:00Z,49.11
2025-12-04T19:09:00Z,48.78
2025-12-04T19:10:00Z,49.00
2025-12-04T19:11:00Z,50.00
2025-12-04T19:12:00Z,49.00
2025-12-04T19:14:00Z,48.00
2025-12-04T19:15:00Z,47.00
2025-12-04T19:16:00Z,47.00
2025-12-04T19:17:00Z,47.00
2025-12-04T19:18:00Z,46.99
2025-12-04T19:19:00Z,46.00
2025-12-04T19:21:00Z,45.90
2025-12-04T19:22:00Z,45.86
2025-12-04T19:23:00Z,45.00
2025-12-04T19:24:00Z,45.56
2025-12-04T19:25:00Z,46.00
2025-12-04T19:27:00Z,46.00
2025-12-04T19:28:00Z,46.00
2025-12-04T19:29:00Z,45.99
2025-12-04T19:30:00Z,46.00
2025-12-04T19:31:00Z,45.98
2025-12-04T19:32:00Z,45.00
2025-12-04T19:34:00Z,45.96
2025-12-04T19:35:00Z,46.00
2025-12-04T19:36:00Z,46.00
2025-12-04T19:40:00Z,47.00
2025-12-04T19:41:00Z,47.00
2025-12-04T19:42:00Z,46.00
2025-12-04T19:43:00Z,46.00
2025-12-04T19:44:00Z,47.00
2025-12-04T19:45:00Z,47.00
2025-12-04T19:46:00Z,47.12
2025-12-04T19:47:00Z,46.22
2025-12-04T19:49:00Z,48.00
2025-12-04T19:51:00Z,49.00
2025-12-04T19:52:00Z,49.00
2025-12-04T19:53:00Z,48.00
2025-12-04T19:56:00Z,49.00
2025-12-04T19:57:00Z,49.00
2025-12-04T19:58:00Z,47.00
2025-12-04T19:59:00Z,47.00
2025-12-04T20:00:00Z,48.11
2025-12-04T20:02:00Z,47.07
2025-12-04T20:03:00Z,47.00
2025-12-04T20:05:00Z,48.93
2025-12-04T20:06:00Z,49.00
2025-12-04T20:07:00Z,49.00
2025-12-04T20:08:00Z,47.00
2025-12-04T20:10:00Z,47.40
2025-12-04T20:11:00Z,48.84
2025-12-04T20:12:00Z,49.00
2025-12-04T20:13:00Z,49.00
2025-12-04T20:15:00Z,49.00
2025-12-04T20:16:00Z,49.00
2025-12-04T20:17:00Z,48.32
2025-12-04T20:19:00Z,49.00
2025-12-04T20:21:00Z,49.00
2025-12-04T20:22:00Z,49.00
2025-12-04T20:23:00Z,50.00
2025-12-04T20:25:00Z,50.99
2025-12-04T20:27:00Z,51.00
2025-12-04T20:29:00Z,50.00
2025-12-04T20:31:00Z,49.00
2025-12-04T20:32:00Z,51.00
2025-12-04T20:33:00Z,51.00
2025-12-04T20:35:00Z,51.00
2025-12-04T20:37:00Z,50.91
2025-12-04T20:38:00Z,51.00
2025-12-04T20:39:00Z,51.87
2025-12-04T20:41:00Z,52.00
2025-12-04T20:42:00Z,50.00
2025-12-04T20:45:00Z,51.00
2025-12-04T20:47:00Z,51.00
2025-12-04T20:49:00Z,51.00
2025-12-04T20:50:00Z,50.00
2025-12-04T20:52:00Z,50.32
2025-12-04T20:53:00Z,50.00
2025-12-04T20:54:00Z,49.00
2025-12-04T20:55:00Z,48.00
2025-12-04T20:56:00Z,48.05
2025-12-04T20:57:00Z,48.00
2025-12-04T20:59:00Z,48.00
2025-12-04T21:04:00Z,50.97
2025-12-04T21:08:00Z,50.00
2025-12-04T21:09:00Z,49.00
2025-12-04T21:11:00Z,49.00
2025-12-04T21:12:00Z,49.33
2025-12-04T21:13:00Z,50.00
2025-12-04T21:14:00Z,47.80
2025-12-04T21:15:00Z,50.00
2025-12-04T21:17:00Z,49.00
2025-12-04T21:18:00Z,48.65
2025-12-04T21:20:00Z,48.00
2025-12-04T21:21:00Z,49.00
2025-12-04T21:23:00Z,48.00
2025-12-04T21:24:00Z,48.79
2025-12-04T21:25:00Z,47.66
2025-12-04T21:26:00Z,49.00
2025-12-04T21:28:00Z,48.32
2025-12-04T21:29:00Z,48.81
2025-12-04T21:34:00Z,49.00
2025-12-04T21:39:00Z,48.98
2025-12-04T21:40:00Z,49.00
2025-12-04T21:42:00Z,49.00
2025-12-04T21:43:00Z,47.93
2025-12-04T21:45:00Z,48.70
2025-12-04T21:46:00Z,48.61
2025-12-04T21:47:00Z,48.00
2025-12-04T21:49:00Z,49.00
2025-12-04T21:50:00Z,49.00
2025-12-04T21:51:00Z,48.00
2025-12-04T21:55:00Z,48.00
2025-12-04T21:56:00Z,48.00
2025-12-04T21:57:00Z,49.00
2025-12-04T22:01:00Z,48.00
2025-12-04T22:02:00Z,48.00
2025-12-04T22:10:00Z,48.00
2025-12-04T22:13:00Z,49.00
2025-12-04T22:14:00Z,48.20
2025-12-04T22:16:00Z,48.00
2025-12-04T22:18:00Z,48.00
2025-12-04T22:20:00Z,49.00
2025-12-04T22:21:00Z,49.30
2025-12-04T22:22:00Z,50.00
2025-12-04T22:23:00Z,49.89
2025-12-04T22:25:00Z,49.97
2025-12-04T22:26:00Z,49.86
2025-12-04T22:28:00Z,49.00
2025-12-04T22:32:00Z,48.50
2025-12-04T22:34:00Z,50.00
2025-12-04T22:37:00Z,49.05
2025-12-04T22:38:00Z,48.13
2025-12-04T22:39:00Z,49.60
2025-12-04T22:40:00Z,49.00
2025-12-04T22:42:00Z,50.00
2025-12-04T22:44:00Z,47.39
2025-12-04T22:45:00Z,47.00
2025-12-04T22:47:00Z,48.68
2025-12-04T22:49:00Z,49.00
2025-12-04T22:50:00Z,47.00
2025-12-04T22:52:00Z,47.30
2025-12-04T22:53:00Z,47.28
2025-12-04T22:54:00Z,47.64
2025-12-04T22:57:00Z,48.54
2025-12-04T22:58:00Z,50.00
2025-12-04T22:59:00Z,49.95
2025-12-04T23:03:00Z,50.00
2025-12-04T23:04:00Z,50.19
2025-12-04T23:11:00Z,51.00
2025-12-04T23:13:00Z,50.00
2025-12-04T23:14:00Z,50.00
2025-12-04T23:18:00Z,50.00
2025-12-04T23:19:00Z,50.00
2025-12-04T23:20:00Z,50.76
2025-12-04T23:22:00Z,50.00
2025-12-04T23:23:00Z,49.00
2025-12-04T23:25:00Z,50.26
2025-12-04T23:28:00Z,49.00
2025-12-04T23:30:00Z,50.00
2025-12-04T23:31:00Z,50.00
2025-12-04T23:34:00Z,50.00
2025-12-04T23:35:00Z,49.00
2025-12-04T23:37:00Z,50.61
2025-12-04T23:39:00Z,50.00
2025-12-04T23:41:00Z,49.00
2025-12-04T23:42:00Z,49.00
2025-12-04T23:43:00Z,49.00
2025-12-04T23:44:00Z,49.00
2025-12-04T23:45:00Z,48.00
2025-12-04T23:46:00Z,49.00
2025-12-04T23:47:00Z,49.00
2025-12-04T23:49:00Z,48.00
2025-12-04T23:51:00Z,49.00
2025-12-04T23:54:00Z,49.00
2025-12-04T23:56:00Z,49.00
2025-12-04T23:57:00Z,48.00
2025-12-04T23:58:00Z,49.00
2025-12-04T23:59:00Z,50.00
2025-12-05T00:01:00Z,49.00
2025-12-05T00:02:00Z,48.00
2025-12-05T00:03:00Z,48.69
2025-12-05T00:08:00Z,48.00
2025-12-05T00:11:00Z,48.00
2025-12-05T00:15:00Z,49.00
2025-12-05T00:17:00Z,48.00
2025-12-05T00:18:00Z,48.00
2025-12-05T00:20:00Z,48.00
2025-12-05T00:21:00Z,48.00
2025-12-05T00:23:00Z,49.00
2025-12-05T00:24:00Z,49.00
2025-12-05T00:26:00Z,49.00
2025-12-05T00:28:00Z,47.65
2025-12-05T00:30:00Z,47.00
2025-12-05T00:32:00Z,48.00
2025-12-05T00:34:00Z,48.00
2025-12-05T00:36:00Z,48.00
2025-12-05T00:37:00Z,46.69
2025-12-05T00:40:00Z,46.00
2025-12-05T00:41:00Z,47.00
2025-12-05T00:47:00Z,46.00
2025-12-05T00:48:00Z,47.00
2025-12-05T00:51:00Z,48.00
2025-12-05T00:52:00Z,47.59
2025-12-05T00:54:00Z,46.00
2025-12-05T00:55:00Z,46.00
2025-12-05T00:56:00Z,46.86
2025-12-05T00:58:00Z,46.00
2025-12-05T01:00:00Z,48.00
2025-12-05T01:01:00Z,48.90
2025-12-05T01:03:00Z,48.00
2025-12-05T01:06:00Z,49.00
2025-12-05T01:07:00Z,48.00
2025-12-05T01:08:00Z,48.00
2025-12-05T01:10:00Z,48.00
2025-12-05T01:12:00Z,49.00
2025-12-05T01:14:00Z,48.00
2025-12-05T01:16:00Z,48.21
2025-12-05T01:17:00Z,48.94
2025-12-05T01:18:00Z,49.00
2025-12-05T01:22:00Z,49.00
2025-12-05T01:23:00Z,49.00
2025-12-05T01:27:00Z,48.00
2025-12-05T01:28:00Z,48.00
2025-12-05T01:29:00Z,48.00
2025-12-05T01:30:00Z,48.00
2025-12-05T01:32:00Z,48.00
2025-12-05T01:33:00Z,49.00
2025-12-05T01:36:00Z,48.00
2025-12-05T01:37:00Z,49.00
2025-12-05T01:42:00Z,50.19
2025-12-05T01:48:00Z,49.00
2025-12-05T01:50:00Z,49.05
2025-12-05T01:53:00Z,50.00
2025-12-05T01:55:00Z,49.04
2025-12-05T01:56:00Z,50.00
2025-12-05T01:57:00Z,50.00
2025-12-05T01:58:00Z,49.00
2025-12-05T02:02:00Z,50.00
2025-12-05T02:06:00Z,49.00
2025-12-05T02:07:00Z,49.00
2025-12-05T02:08:00Z,49.74
2025-12-05T02:15:00Z,49.00
2025-12-05T02:17:00Z,48.00
2025-12-05T02:19:00Z,48.00
2025-12-05T02:21:00Z,48.00
2025-12-05T02:22:00Z,48.00
2025-12-05T02:24:00Z,49.00
2025-12-05T02:27:00Z,50.00
2025-12-05T02:28:00Z,50.00
2025-12-05T02:29:00Z,50.00
2025-12-05T02:32:00Z,49.36
2025-12-05T02:33:00Z,50.14
2025-12-05T02:34:00Z,48.03
2025-12-05T02:35:00Z,50.00
2025-12-05T02:36:00Z,50.00
2025-12-05T02:44:00Z,50.00
2025-12-05T02:45:00Z,50.00
2025-12-05T02:48:00Z,51.00
2025-12-05T02:49:00Z,52.33
2025-12-05T02:51:00Z,50.78
2025-12-05T02:52:00Z,51.00
2025-12-05T02:53:00Z,51.00
2025-12-05T02:54:00Z,50.22
2025-12-05T03:00:00Z,51.00
2025-12-05T03:04:00Z,51.00
2025-12-05T03:05:00Z,52.00
2025-12-05T03:06:00Z,51.00
2025-12-05T03:07:00Z,50.17
2025-12-05T03:08:00Z,52.00
2025-12-05T03:09:00Z,52.00
2025-12-05T03:10:00Z,52.00
2025-12-05T03:13:00Z,51.86
2025-12-05T03:16:00Z,50.54
2025-12-05T03:17:00Z,50.00
2025-12-05T03:18:00Z,49.42
2025-12-05T03:19:00Z,49.02
2025-12-05T03:20:00Z,50.00
2025-12-05T03:21:00Z,50.00
2025-12-05T03:23:00Z,50.00
2025-12-05T03:24:00Z,50.76
2025-12-05T03:28:00Z,50.00
2025-12-05T03:29:00Z,49.00
2025-12-05T03:32:00Z,49.00
2025-12-05T03:35:00Z,49.97
2025-12-05T03:38:00Z,50.00
2025-12-05T03:46:00Z,50.00
2025-12-05T03:49:00Z,49.00
2025-12-05T03:52:00Z,49.00
2025-12-05T03:55:00Z,50.00
2025-12-05T03:57:00Z,49.41
2025-12-05T04:00:00Z,50.00
2025-12-05T04:01:00Z,50.00
2025-12-05T04:02:00Z,49.00
2025-12-05T04:03:00Z,50.00
2025-12-05T04:06:00Z,50.00
2025-12-05T04:16:00Z,50.00
2025-12-05T04:20:00Z,49.67
2025-12-05T04:22:00Z,49.00
2025-12-05T04:24:00Z,50.00
2025-12-05T04:28:00Z,49.00
2025-12-05T04:34:00Z,50.00
2025-12-05T04:37:00Z,50.00
2025-12-05T04:39:00Z,50.00
2025-12-05T04:40:00Z,49.00
2025-12-05T04:41:00Z,48.00
2025-12-05T04:44:00Z,48.00
2025-12-05T04:45:00Z,48.00
2025-12-05T04:49:00Z,48.00
2025-12-05T04:50:00Z,49.00
2025-12-05T04:52:00Z,48.14
2025-12-05T04:55:00Z,48.00
2025-12-05T04:57:00Z,49.45
2025-12-05T05:00:00Z,48.00
2025-12-05T05:03:00Z,49.81
2025-12-05T05:04:00Z,50.16
2025-12-05T05:06:00Z,49.00
2025-12-05T05:07:00Z,50.00
2025-12-05T05:08:00Z,49.00
2025-12-05T05:10:00Z,49.93
2025-12-05T05:11:00Z,48.00
2025-12-05T05:12:00Z,48.00
2025-12-05T05:13:00Z,50.56
2025-12-05T05:16:00Z,49.00
2025-12-05T05:18:00Z,49.00
2025-12-05T05:21:00Z,49.00
2025-12-05T05:24:00Z,49.95
2025-12-05T05:25:00Z,49.78
2025-12-05T05:26:00Z,48.00
2025-12-05T05:30:00Z,50.00
2025-12-05T05:32:00Z,49.00
2025-12-05T05:35:00Z,49.84
2025-12-05T05:37:00Z,48.00
2025-12-05T05:41:00Z,47.00
2025-12-05T05:42:00Z,47.10
2025-12-05T05:43:00Z,48.00
2025-12-05T05:44:00Z,48.00
2025-12-05T05:49:00Z,48.00
2025-12-05T05:50:00Z,48.00
2025-12-05T05:58:00Z,46.00
2025-12-05T06:01:00Z,46.54
2025-12-05T06:02:00Z,49.00
2025-12-05T06:03:00Z,49.00
2025-12-05T06:04:00Z,49.00
2025-12-05T06:05:00Z,49.00
2025-12-05T06:06:00Z,49.00
2025-12-05T06:10:00Z,49.00
2025-12-05T06:11:00Z,47.77
2025-12-05T06:13:00Z,48.91
2025-12-05T06:16:00Z,49.00
2025-12-05T06:18:00Z,49.00
2025-12-05T06:21:00Z,48.00
2025-12-05T06:23:00Z,48.63
2025-12-05T06:24:00Z,48.00
2025-12-05T06:26:00Z,47.38
2025-12-05T06:34:00Z,47.00
2025-12-05T06:37:00Z,49.00
2025-12-05T06:38:00Z,48.50
2025-12-05T06:41:00Z,49.00
2025-12-05T06:42:00Z,49.00
2025-12-05T06:44:00Z,48.00
2025-12-05T06:54:00Z,48.00
2025-12-05T06:55:00Z,47.00
2025-12-05T06:57:00Z,49.00
2025-12-05T07:00:00Z,50.00
2025-12-05T07:01:00Z,49.89
2025-12-05T07:02:00Z,49.00
2025-12-05T07:03:00Z,49.00
2025-12-05T07:05:00Z,49.00
2025-12-05T07:13:00Z,49.00
2025-12-05T07:14:00Z,47.00
2025-12-05T07:19:00Z,48.00
2025-12-05T07:21:00Z,49.00
2025-12-05T07:22:00Z,49.00
2025-12-05T07:24:00Z,49.00
2025-12-05T07:28:00Z,49.00
2025-12-05T07:36:00Z,49.00
2025-12-05T07:38:00Z,48.00
2025-12-05T07:40:00Z,48.00
2025-12-05T07:49:00Z,49.00
2025-12-05T07:50:00Z,48.00
2025-12-05T07:52:00Z,48.99
2025-12-05T07:54:00Z,48.00
2025-12-05T07:55:00Z,49.00
2025-12-05T07:58:00Z,48.00
2025-12-05T08:00:00Z,48.00
2025-12-05T08:12:00Z,48.00
2025-12-05T08:14:00Z,49.00
2025-12-05T08:20:00Z,48.00
2025-12-05T08:23:00Z,47.65
2025-12-05T08:27:00Z,50.16
2025-12-05T08:39:00Z,48.00
2025-12-05T08:43:00Z,48.00
2025-12-05T08:56:00Z,47.11
2025-12-05T09:01:00Z,47.24
2025-12-05T09:18:00Z,46.25
2025-12-05T09:21:00Z,45.00
2025-12-05T09:22:00Z,45.00
2025-12-05T09:24:00Z,46.00
2025-12-05T09:26:00Z,45.00
2025-12-05T09:27:00Z,44.85
2025-12-05T09:29:00Z,46.00
2025-12-05T09:32:00Z,46.93
2025-12-05T09:36:00Z,46.88
2025-12-05T09:37:00Z,45.00
2025-12-05T09:38:00Z,46.60
2025-12-05T09:39:00Z,47.00
2025-12-05T09:45:00Z,46.00
2025-12-05T09:47:00Z,45.67
2025-12-05T09:48:00Z,44.00
2025-12-05T10:12:00Z,44.00
2025-12-05T10:24:00Z,45.00
2025-12-05T10:27:00Z,45.00
2025-12-05T10:28:00Z,45.00
2025-12-05T10:32:00Z,44.00
2025-12-05T10:33:00Z,44.00
2025-12-05T10:38:00Z,44.00
2025-12-05T10:46:00Z,45.00
2025-12-05T10:49:00Z,45.00
2025-12-05T10:50:00Z,45.00
2025-12-05T10:57:00Z,45.00
2025-12-05T11:00:00Z,45.00
2025-12-05T11:01:00Z,45.00
2025-12-05T11:02:00Z,44.00
2025-12-05T11:24:00Z,44.00
2025-12-05T11:36:00Z,43.00
2025-12-05T11:48:00Z,44.00
2025-12-05T11:49:00Z,43.00
2025-12-05T11:50:00Z,43.00
2025-12-05T11:51:00Z,44.22
2025-12-05T11:53:00Z,45.00
2025-12-05T11:56:00Z,45.00
2025-12-05T12:02:00Z,43.85
2025-12-05T12:08:00Z,43.00
2025-12-05T12:12:00Z,43.00
2025-12-05T12:13:00Z,43.00
2025-12-05T12:20:00Z,43.00
2025-12-05T12:22:00Z,43.00
2025-12-05T12:25:00Z,43.98
2025-12-05T12:27:00Z,43.00
2025-12-05T12:34:00Z,44.00
2025-12-05T12:42:00Z,44.00
2025-12-05T12:44:00Z,43.00
2025-12-05T12:47:00Z,43.06
2025-12-05T12:56:00Z,44.00
2025-12-05T13:03:00Z,44.00
2025-12-05T13:08:00Z,43.93
2025-12-05T13:09:00Z,43.00
2025-12-05T13:10:00Z,43.00
2025-12-05T13:11:00Z,44.00
2025-12-05T13:12:00Z,43.29
2025-12-05T13:13:00Z,44.00
2025-12-05T13:15:00Z,43.23
2025-12-05T13:20:00Z,43.80
2025-12-05T13:21:00Z,43.00
2025-12-05T13:22:00Z,44.00
2025-12-05T13:24:00Z,43.00
2025-12-05T13:26:00Z,44.00
2025-12-05T13:28:00Z,43.00
2025-12-05T13:30:00Z,44.00
2025-12-05T13:31:00Z,44.00
2025-12-05T13:36:00Z,44.00
2025-12-05T13:38:00Z,44.00
2025-12-05T13:39:00Z,43.00
2025-12-05T13:42:00Z,43.00
2025-12-05T13:43:00Z,42.00
2025-12-05T13:44:00Z,42.00
2025-12-05T13:46:00Z,42.00
2025-12-05T13:47:00Z,43.00
2025-12-05T13:50:00Z,42.00
2025-12-05T13:55:00Z,42.61
2025-12-05T13:57:00Z,42.00
2025-12-05T13:58:00Z,41.00
2025-12-05T13:59:00Z,42.00
2025-12-05T14:00:00Z,43.00
2025-12-05T14:01:00Z,42.00
2025-12-05T14:02:00Z,43.00
2025-12-05T14:03:00Z,42.00
2025-12-05T14:04:00Z,43.00
2025-12-05T14:06:00Z,42.00
2025-12-05T14:10:00Z,41.00
2025-12-05T14:11:00Z,40.00
2025-12-05T14:14:00Z,41.00
2025-12-05T14:19:00Z,40.00
2025-12-05T14:20:00Z,40.00
2025-12-05T14:28:00Z,40.00
2025-12-05T14:29:00Z,41.00
2025-12-05T14:32:00Z,41.00
2025-12-05T14:34:00Z,40.45
2025-12-05T14:35:00Z,41.00
2025-12-05T14:38:00Z,40.00
2025-12-05T14:43:00Z,40.00
2025-12-05T14:47:00Z,40.33
2025-12-05T14:51:00Z,41.00
2025-12-05T14:52:00Z,42.00
2025-12-05T14:53:00Z,41.00
2025-12-05T14:54:00Z,42.00
2025-12-05T14:56:00Z,41.00
2025-12-05T14:57:00Z,40.00
2025-12-05T14:58:00Z,40.00
2025-12-05T15:02:00Z,39.00
2025-12-05T15:03:00Z,40.00
2025-12-05T15:05:00Z,41.09
2025-12-05T15:06:00Z,42.99
2025-12-05T15:10:00Z,43.00
2025-12-05T15:11:00Z,42.88
2025-12-05T15:12:00Z,40.92
2025-12-05T15:13:00Z,41.52
2025-12-05T15:14:00Z,43.00
2025-12-05T15:16:00Z,43.00
2025-12-05T15:20:00Z,41.10
2025-12-05T15:21:00Z,41.02
2025-12-05T15:26:00Z,40.30
2025-12-05T15:27:00Z,42.00
2025-12-05T15:28:00Z,42.00
2025-12-05T15:32:00Z,42.00
2025-12-05T15:36:00Z,41.00
2025-12-05T15:38:00Z,42.00
2025-12-05T15:40:00Z,42.00
2025-12-05T15:47:00Z,43.00
2025-12-05T15:50:00Z,41.71
2025-12-05T15:52:00Z,38.75
2025-12-05T15:53:00Z,40.05
2025-12-05T15:55:00Z,40.00
2025-12-05T15:56:00Z,39.42
2025-12-05T15:58:00Z,39.00
2025-12-05T15:59:00Z,38.00
2025-12-05T16:00:00Z,38.00
2025-12-05T16:01:00Z,38.00
2025-12-05T16:02:00Z,39.00
2025-12-05T16:04:00Z,38.00
2025-12-05T16:06:00Z,38.15
2025-12-05T16:07:00Z,39.00
2025-12-05T16:08:00Z,38.00
2025-12-05T16:09:00Z,36.93
2025-12-05T16:10:00Z,36.12
2025-12-05T16:12:00Z,35.00
2025-12-05T16:13:00Z,36.05
2025-12-05T16:14:00Z,35.00
2025-12-05T16:15:00Z,34.00
2025-12-05T16:16:00Z,34.65
2025-12-05T16:17:00Z,34.00
2025-12-05T16:19:00Z,35.43
2025-12-05T16:20:00Z,35.00
2025-12-05T16:21:00Z,35.00
2025-12-05T16:22:00Z,34.00
2025-12-05T16:26:00Z,36.00
2025-12-05T16:27:00Z,36.96
2025-12-05T16:30:00Z,36.05
2025-12-05T16:31:00Z,36.97
2025-12-05T16:33:00Z,36.00
2025-12-05T16:34:00Z,36.00
2025-12-05T16:35:00Z,36.00
2025-12-05T16:38:00Z,35.31
2025-12-05T16:39:00Z,35.00
2025-12-05T16:40:00Z,35.00
2025-12-05T16:42:00Z,33.73
2025-12-05T16:43:00Z,31.00
2025-12-05T16:44:00Z,33.28
2025-12-05T16:48:00Z,32.00
2025-12-05T16:49:00Z,33.06
2025-12-05T16:51:00Z,32.66
2025-12-05T16:52:00Z,30.38
2025-12-05T16:53:00Z,30.22
2025-12-05T16:54:00Z,31.00
2025-12-05T16:55:00Z,31.00
2025-12-05T16:56:00Z,32.00
2025-12-05T16:57:00Z,32.95
2025-12-05T16:59:00Z,33.00
2025-12-05T17:00:00Z,33.66
2025-12-05T17:01:00Z,32.81
2025-12-05T17:02:00Z,31.27
2025-12-05T17:03:00Z,33.98
2025-12-05T17:04:00Z,35.31
2025-12-05T17:06:00Z,36.63
2025-12-05T17:07:00Z,34.24
2025-12-05T17:08:00Z,35.50
2025-12-05T17:09:00Z,33.00
2025-12-05T17:10:00Z,34.00
2025-12-05T17:11:00Z,33.00
2025-12-05T17:12:00Z,33.00
2025-12-05T17:13:00Z,33.00
2025-12-05T17:14:00Z,34.00
2025-12-05T17:15:00Z,32.00
2025-12-05T17:17:00Z,33.43
2025-12-05T17:19:00Z,34.00
2025-12-05T17:21:00Z,32.17
2025-12-05T17:22:00Z,32.00
2025-12-05T17:23:00Z,31.99
2025-12-05T17:27:00Z,33.00
2025-12-05T17:28:00Z,32.25
2025-12-05T17:29:00Z,32.00
2025-12-05T17:30:00Z,33.00
2025-12-05T17:31:00Z,32.00
2025-12-05T17:32:00Z,31.00
2025-12-05T17:33:00Z,31.00
2025-12-05T17:34:00Z,32.96
2025-12-05T17:37:00Z,32.00
2025-12-05T17:38:00Z,31.02
2025-12-05T17:40:00Z,31.00
2025-12-05T17:42:00Z,32.92
2025-12-05T17:43:00Z,33.00
2025-12-05T17:44:00Z,33.00
2025-12-05T17:46:00Z,32.00
2025-12-05T17:47:00Z,33.00
2025-12-05T17:48:00Z,33.00
2025-12-05T17:49:00Z,32.00
2025-12-05T17:50:00Z,32.65
2025-12-05T17:51:00Z,32.00
2025-12-05T17:52:00Z,33.00
2025-12-05T17:53:00Z,33.00
2025-12-05T17:54:00Z,33.00
2025-12-05T17:55:00Z,32.98
2025-12-05T17:56:00Z,33.96
2025-12-05T17:58:00Z,34.00
2025-12-05T17:59:00Z,34.64
2025-12-05T18:00:00Z,34.96
2025-12-05T18:02:00Z,34.00
2025-12-05T18:04:00Z,35.00
2025-12-05T18:05:00Z,34.53
2025-12-05T18:06:00Z,35.00
2025-12-05T18:10:00Z,35.68
2025-12-05T18:12:00Z,34.15
2025-12-05T18:14:00Z,35.89
2025-12-05T18:15:00Z,36.00
2025-12-05T18:16:00Z,36.00
2025-12-05T18:17:00Z,36.80
2025-12-05T18:18:00Z,36.00
2025-12-05T18:19:00Z,37.00
2025-12-05T18:21:00Z,36.00
2025-12-05T18:22:00Z,37.00
2025-12-05T18:24:00Z,37.00
2025-12-05T18:25:00Z,37.00
2025-12-05T18:26:00Z,36.00
2025-12-05T18:27:00Z,37.00
2025-12-05T18:30:00Z,37.00
2025-12-05T18:31:00Z,37.00
2025-12-05T18:36:00Z,38.00
2025-12-05T18:42:00Z,37.00
2025-12-05T18:43:00Z,38.00
2025-12-05T18:46:00Z,37.59
2025-12-05T18:48:00Z,36.01
2025-12-05T18:50:00Z,36.00
2025-12-05T18:53:00Z,36.00
2025-12-05T18:55:00Z,35.99
2025-12-05T18:57:00Z,35.00
2025-12-05T18:59:00Z,35.00
2025-12-05T19:00:00Z,35.00
2025-12-05T19:01:00Z,35.00
2025-12-05T19:02:00Z,35.00
2025-12-05T19:03:00Z,34.62
2025-12-05T19:04:00Z,35.00
2025-12-05T19:07:00Z,35.00
2025-12-05T19:08:00Z,35.00
2025-12-05T19:09:00Z,34.00
2025-12-05T19:10:00Z,35.17
2025-12-05T19:12:00Z,35.00
2025-12-05T19:13:00Z,35.00
2025-12-05T19:14:00Z,36.00
2025-12-05T19:18:00Z,35.00
2025-12-05T19:21:00Z,35.92
2025-12-05T19:23:00Z,35.28
2025-12-05T19:24:00Z,36.00
2025-12-05T19:26:00Z,37.00
2025-12-05T19:28:00Z,36.94
2025-12-05T19:29:00Z,37.00
2025-12-05T19:31:00Z,36.00
2025-12-05T19:33:00Z,37.00
2025-12-05T19:37:00Z,37.00
2025-12-05T19:38:00Z,37.25
2025-12-05T19:39:00Z,38.00
2025-12-05T19:40:00Z,38.00
2025-12-05T19:41:00Z,38.00
2025-12-05T19:42:00Z,38.00
2025-12-05T19:43:00Z,38.00
2025-12-05T19:46:00Z,38.00
2025-12-05T19:47:00Z,38.00
2025-12-05T19:50:00Z,37.00
2025-12-05T19:51:00Z,38.00
2025-12-05T19:52:00Z,37.00
2025-12-05T19:54:00Z,37.00
2025-12-05T19:57:00Z,36.00
2025-12-05T19:58:00Z,37.00
2025-12-05T19:59:00Z,36.00
2025-12-05T20:01:00Z,37.00
2025-12-05T20:03:00Z,37.53
2025-12-05T20:04:00Z,36.77
2025-12-05T20:05:00Z,36.00
2025-12-05T20:06:00Z,36.00
2025-12-05T20:08:00Z,36.00
2025-12-05T20:10:00Z,37.00
2025-12-05T20:14:00Z,36.00
2025-12-05T20:15:00Z,36.75
2025-12-05T20:16:00Z,35.88
2025-12-05T20:18:00Z,36.00
2025-12-05T20:21:00Z,35.00
2025-12-05T20:22:00Z,36.81
2025-12-05T20:23:00Z,37.00
2025-12-05T20:24:00Z,37.00
2025-12-05T20:25:00Z,37.96
2025-12-05T20:26:00Z,38.00
2025-12-05T20:27:00Z,38.00
2025-12-05T20:30:00Z,39.00
2025-12-05T20:32:00Z,37.92
2025-12-05T20:33:00Z,38.00
2025-12-05T20:36:00Z,37.00
2025-12-05T20:37:00Z,38.00
2025-12-05T20:38:00Z,37.04
2025-12-05T20:40:00Z,37.00
2025-12-05T20:41:00Z,36.00
2025-12-05T20:43:00Z,35.00
2025-12-05T20:47:00Z,36.00
2025-12-05T20:50:00Z,36.00
2025-12-05T20:52:00Z,36.53
2025-12-05T20:53:00Z,36.66
2025-12-05T20:54:00Z,36.58
2025-12-05T20:55:00Z,37.00
2025-12-05T20:56:00Z,36.00
2025-12-05T20:57:00Z,35.00
2025-12-05T20:58:00Z,35.06
2025-12-05T21:00:00Z,35.09
2025-12-05T21:03:00Z,34.73
2025-12-05T21:04:00Z,35.00
2025-12-05T21:05:00Z,36.00
2025-12-05T21:07:00Z,35.00
2025-12-05T21:10:00Z,35.00
2025-12-05T21:12:00Z,35.81
2025-12-05T21:15:00Z,36.00
2025-12-05T21:16:00Z,35.00
2025-12-05T21:21:00Z,36.00
2025-12-05T21:24:00Z,35.00
2025-12-05T21:25:00Z,35.94
2025-12-05T21:29:00Z,36.84
2025-12-05T21:32:00Z,35.00
2025-12-05T21:34:00Z,35.00
2025-12-05T21:35:00Z,36.00
2025-12-05T21:40:00Z,35.00
2025-12-05T21:43:00Z,34.00
2025-12-05T21:46:00Z,34.98
2025-12-05T21:47:00Z,35.00
2025-12-05T21:48:00Z,35.22
2025-12-05T21:52:00Z,35.00
2025-12-05T21:53:00Z,35.00
2025-12-05T21:55:00Z,35.00
2025-12-05T21:58:00Z,34.00
2025-12-05T22:04:00Z,34.00
2025-12-05T22:05:00Z,35.00
2025-12-05T22:06:00Z,34.00
2025-12-05T22:10:00Z,34.00
2025-12-05T22:12:00Z,34.00
2025-12-05T22:25:00Z,35.00
2025-12-05T22:29:00Z,35.00
2025-12-05T22:30:00Z,35.00
2025-12-05T22:34:00Z,34.00
2025-12-05T22:39:00Z,35.00
2025-12-05T22:40:00Z,34.00
2025-12-05T22:43:00Z,35.88
2025-12-05T22:46:00Z,35.00
2025-12-05T22:47:00Z,35.00
2025-12-05T22:49:00Z,34.99
2025-12-05T22:50:00Z,35.00
2025-12-05T22:51:00Z,36.00
2025-12-05T22:52:00Z,35.00
2025-12-05T22:58:00Z,34.00
2025-12-05T22:59:00Z,35.00
2025-12-05T23:00:00Z,35.24
2025-12-05T23:02:00Z,35.00
2025-12-05T23:03:00Z,35.00
2025-12-05T23:04:00Z,34.04
2025-12-05T23:05:00Z,35.00
2025-12-05T23:10:00Z,35.00
2025-12-05T23:15:00Z,34.00
2025-12-05T23:16:00Z,35.00
2025-12-05T23:20:00Z,34.68
2025-12-05T23:24:00Z,35.00
2025-12-05T23:25:00Z,35.00
2025-12-05T23:26:00Z,34.00
2025-12-05T23:28:00Z,34.00
2025-12-05T23:29:00Z,33.94
2025-12-05T23:30:00Z,34.00
2025-12-05T23:33:00Z,34.90
2025-12-05T23:35:00Z,34.00
2025-12-05T23:36:00Z,35.00
2025-12-05T23:37:00Z,35.00
2025-12-05T23:38:00Z,33.00
2025-12-05T23:41:00Z,35.00
2025-12-05T23:42:00Z,33.00
2025-12-05T23:44:00Z,35.00
2025-12-05T23:45:00Z,33.00
2025-12-05T23:49:00Z,33.00
2025-12-05T23:50:00Z,34.98
2025-12-05T23:54:00Z,34.00
2025-12-05T23:55:00Z,34.00
2025-12-05T23:56:00Z,35.80
2025-12-05T23:57:00Z,34.48
2025-12-05T23:58:00Z,34.50
2025-12-06T00:02:00Z,36.00
2025-12-06T00:03:00Z,35.00
2025-12-06T00:06:00Z,35.00
2025-12-06T00:08:00Z,35.61
2025-12-06T00:11:00Z,36.00
2025-12-06T00:14:00Z,34.79
2025-12-06T00:15:00Z,35.00
2025-12-06T00:16:00Z,34.00
2025-12-06T00:20:00Z,35.00
2025-12-06T00:21:00Z,34.00
2025-12-06T00:23:00Z,34.00
2025-12-06T00:25:00Z,35.00
2025-12-06T00:31:00Z,35.00
2025-12-06T00:34:00Z,35.00
2025-12-06T00:37:00Z,35.00
2025-12-06T00:40:00Z,36.00
2025-12-06T00:43:00Z,36.00
2025-12-06T00:44:00Z,37.00
2025-12-06T00:45:00Z,36.00
2025-12-06T00:47:00Z,35.00
2025-12-06T00:49:00Z,36.00
2025-12-06T00:50:00Z,36.63
2025-12-06T00:51:00Z,36.00
2025-12-06T00:52:00Z,37.00
2025-12-06T00:55:00Z,35.54
2025-12-06T00:56:00Z,37.00
2025-12-06T01:11:00Z,36.00
2025-12-06T01:12:00Z,36.00
2025-12-06T01:14:00Z,36.00
2025-12-06T01:15:00Z,36.00
2025-12-06T01:18:00Z,36.00
2025-12-06T01:19:00Z,37.00
2025-12-06T01:20:00Z,37.00
2025-12-06T01:21:00Z,37.00
2025-12-06T01:23:00Z,36.00
2025-12-06T01:24:00Z,36.00
2025-12-06T01:25:00Z,35.00
2025-12-06T01:26:00Z,36.00
2025-12-06T01:28:00Z,35.00
2025-12-06T01:29:00Z,35.40
2025-12-06T01:31:00Z,35.00
2025-12-06T01:40:00Z,35.90
2025-12-06T01:41:00Z,36.00
2025-12-06T01:43:00Z,36.00
2025-12-06T01:44:00Z,36.00
2025-12-06T01:45:00Z,36.00
2025-12-06T01:47:00Z,35.00
2025-12-06T01:49:00Z,35.00
2025-12-06T01:51:00Z,35.00
2025-12-06T01:53:00Z,36.00
2025-12-06T01:55:00Z,36.00
2025-12-06T01:57:00Z,36.00
2025-12-06T02:03:00Z,36.00
2025-12-06T02:05:00Z,36.00
2025-12-06T02:06:00Z,36.00
2025-12-06T02:08:00Z,36.00
2025-12-06T02:10:00Z,36.00
2025-12-06T02:13:00Z,35.00
2025-12-06T02:17:00Z,36.00
2025-12-06T02:18:00Z,35.00
2025-12-06T02:19:00Z,35.00
2025-12-06T02:20:00Z,35.00
2025-12-06T02:22:00Z,35.00
2025-12-06T02:23:00Z,36.00
2025-12-06T02:27:00Z,36.30
2025-12-06T02:32:00Z,36.00
2025-12-06T02:43:00Z,35.00
2025-12-06T02:47:00Z,36.00
2025-12-06T02:48:00Z,36.00
2025-12-06T02:49:00Z,36.00
2025-12-06T02:52:00Z,36.00
2025-12-06T02:54:00Z,35.00
2025-12-06T02:57:00Z,36.00
2025-12-06T03:03:00Z,36.00
2025-12-06T03:05:00Z,36.00
2025-12-06T03:06:00Z,36.00
2025-12-06T03:07:00Z,36.00
2025-12-06T03:11:00Z,36.00
2025-12-06T03:15:00Z,36.80
2025-12-06T03:16:00Z,36.00
2025-12-06T03:19:00Z,36.00
2025-12-06T03:20:00Z,37.00
2025-12-06T03:21:00Z,37.00
2025-12-06T03:22:00Z,36.00
2025-12-06T03:24:00Z,37.00
2025-12-06T03:26:00Z,37.00
2025-12-06T03:27:00Z,36.49
2025-12-06T03:29:00Z,37.00
2025-12-06T03:30:00Z,36.00
2025-12-06T03:34:00Z,37.00
2025-12-06T03:37:00Z,36.00
2025-12-06T03:40:00Z,36.11
2025-12-06T03:42:00Z,36.57
2025-12-06T03:43:00Z,36.00
2025-12-06T03:44:00Z,34.03
2025-12-06T03:47:00Z,35.00
2025-12-06T03:48:00Z,34.04
2025-12-06T03:49:00Z,35.00
2025-12-06T03:52:00Z,35.00
2025-12-06T03:54:00Z,34.00
2025-12-06T03:59:00Z,34.00
2025-12-06T04:00:00Z,35.00
2025-12-06T04:01:00Z,35.00
2025-12-06T04:02:00Z,34.81
2025-12-06T04:04:00Z,35.00
2025-12-06T04:09:00Z,35.00
2025-12-06T04:17:00Z,35.00
2025-12-06T04:18:00Z,35.00
2025-12-06T04:22:00Z,35.00
2025-12-06T04:23:00Z,35.00
2025-12-06T04:24:00Z,35.00
2025-12-06T04:27:00Z,34.00
2025-12-06T04:30:00Z,35.00
2025-12-06T04:33:00Z,34.84
2025-12-06T04:35:00Z,34.00
2025-12-06T04:36:00Z,35.00
2025-12-06T04:37:00Z,35.00
2025-12-06T04:38:00Z,34.97
2025-12-06T04:40:00Z,35.00
2025-12-06T04:42:00Z,36.00
2025-12-06T04:53:00Z,36.00
2025-12-06T04:55:00Z,35.00
2025-12-06T04:59:00Z,35.00
2025-12-06T05:03:00Z,36.00
2025-12-06T05:13:00Z,36.00
2025-12-06T05:16:00Z,36.00
2025-12-06T05:20:00Z,34.40
2025-12-06T05:21:00Z,36.00
2025-12-06T05:23:00Z,36.00
2025-12-06T05:24:00Z,36.00
2025-12-06T05:31:00Z,36.33
2025-12-06T05:35:00Z,37.00
2025-12-06T05:38:00Z,36.00
2025-12-06T05:40:00Z,36.00
2025-12-06T05:45:00Z,36.00
2025-12-06T05:49:00Z,36.00
2025-12-06T05:52:00Z,35.96
2025-12-06T05:58:00Z,35.00
2025-12-06T05:59:00Z,36.00
2025-12-06T06:02:00Z,36.00
2025-12-06T06:04:00Z,36.00
2025-12-06T06:08:00Z,36.00
2025-12-06T06:09:00Z,37.18
2025-12-06T06:17:00Z,38.00
2025-12-06T06:27:00Z,37.00
2025-12-06T06:30:00Z,37.62
2025-12-06T06:32:00Z,37.50
2025-12-06T06:34:00Z,37.00
2025-12-06T06:35:00Z,38.00
2025-12-06T06:38:00Z,37.00
2025-12-06T06:46:00Z,37.00
2025-12-06T06:49:00Z,37.00
2025-12-06T06:51:00Z,37.00
2025-12-06T06:54:00Z,37.00
2025-12-06T07:03:00Z,37.00
2025-12-06T07:07:00Z,38.00
2025-12-06T07:18:00Z,37.00
2025-12-06T07:21:00Z,37.64
2025-12-06T07:23:00Z,36.00
2025-12-06T07:31:00Z,37.00
2025-12-06T07:48:00Z,36.00
2025-12-06T07:51:00Z,37.00
2025-12-06T07:53:00Z,38.00
2025-12-06T07:54:00Z,38.00
2025-12-06T08:23:00Z,38.00
2025-12-06T08:26:00Z,38.00
2025-12-06T08:49:00Z,38.00
2025-12-06T08:57:00Z,38.00
2025-12-06T08:58:00Z,37.00
2025-12-06T08:59:00Z,38.00
2025-12-06T09:02:00Z,38.00
2025-12-06T09:04:00Z,38.00
2025-12-06T09:06:00Z,38.00
2025-12-06T09:07:00Z,38.00
2025-12-06T09:08:00Z,37.00
2025-12-06T09:10:00Z,38.00
2025-12-06T09:11:00Z,38.00
2025-12-06T09:12:00Z,38.00
2025-12-06T09:16:00Z,38.00
2025-12-06T09:22:00Z,38.00
2025-12-06T09:23:00Z,38.00
2025-12-06T09:25:00Z,38.00
2025-12-06T09:31:00Z,37.00
2025-12-06T09:34:00Z,37.00
2025-12-06T09:37:00Z,37.00
2025-12-06T10:03:00Z,37.00
2025-12-06T10:08:00Z,36.00
2025-12-06T10:15:00Z,37.00
2025-12-06T10:31:00Z,37.00
2025-12-06T10:48:00Z,38.00
2025-12-06T10:56:00Z,38.00
2025-12-06T10:59:00Z,38.80
2025-12-06T11:05:00Z,38.95
2025-12-06T11:25:00Z,37.00
2025-12-06T11:32:00Z,37.00
2025-12-06T11:48:00Z,36.00
2025-12-06T11:49:00Z,37.00
2025-12-06T12:04:00Z,37.00
2025-12-06T12:08:00Z,36.00
2025-12-06T12:20:00Z,37.00
2025-12-06T12:23:00Z,36.00
2025-12-06T12:24:00Z,38.00
2025-12-06T12:25:00Z,38.00
2025-12-06T12:33:00Z,36.00
2025-12-06T12:55:00Z,36.00
2025-12-06T13:08:00Z,38.00
2025-12-06T13:17:00Z,37.59
2025-12-06T13:18:00Z,36.00
2025-12-06T13:40:00Z,37.00
2025-12-06T13:44:00Z,36.72
2025-12-06T13:45:00Z,37.00
2025-12-06T13:48:00Z,37.00
2025-12-06T13:54:00Z,36.74
2025-12-06T14:01:00Z,36.00
2025-12-06T14:20:00Z,37.00
2025-12-06T14:25:00Z,37.00
2025-12-06T14:27:00Z,36.00
2025-12-06T14:28:00Z,35.00
2025-12-06T14:29:00Z,36.00
2025-12-06T14:34:00Z,36.00
2025-12-06T14:36:00Z,36.00
2025-12-06T14:42:00Z,36.00
2025-12-06T14:44:00Z,36.00
2025-12-06T14:45:00Z,35.00
2025-12-06T14:46:00Z,36.04
2025-12-06T14:48:00Z,37.00
2025-12-06T14:51:00Z,36.00
2025-12-06T14:57:00Z,37.00
2025-12-06T15:05:00Z,37.00
2025-12-06T15:09:00Z,36.00
2025-12-06T15:10:00Z,36.00
2025-12-06T15:12:00Z,36.00
2025-12-06T15:15:00Z,37.00
2025-12-06T15:21:00Z,35.00
2025-12-06T15:22:00Z,35.00
2025-12-06T15:25:00Z,35.00
2025-12-06T15:35:00Z,36.00
2025-12-06T15:36:00Z,35.70
2025-12-06T15:46:00Z,35.79
2025-12-06T15:52:00Z,35.00
2025-12-06T15:56:00Z,36.72
2025-12-06T15:57:00Z,36.00
2025-12-06T15:59:00Z,36.00
2025-12-06T16:02:00Z,37.00
2025-12-06T16:09:00Z,37.00
2025-12-06T16:12:00Z,37.00
2025-12-06T16:25:00Z,37.00
2025-12-06T16:34:00Z,35.53
2025-12-06T16:36:00Z,35.00
2025-12-06T16:37:00Z,36.00
2025-12-06T16:38:00Z,36.00
2025-12-06T16:40:00Z,36.00
2025-12-06T16:47:00Z,37.00
2025-12-06T16:48:00Z,37.00
2025-12-06T16:55:00Z,36.00
2025-12-06T16:59:00Z,35.00
2025-12-06T17:02:00Z,35.60
2025-12-06T17:03:00Z,34.00
2025-12-06T17:04:00Z,35.77
2025-12-06T17:08:00Z,35.00
2025-12-06T17:09:00Z,34.00
2025-12-06T17:11:00Z,34.00
2025-12-06T17:19:00Z,36.00
2025-12-06T17:20:00Z,36.00
2025-12-06T17:22:00Z,35.04
2025-12-06T17:24:00Z,34.09
2025-12-06T17:25:00Z,35.77
2025-12-06T17:29:00Z,35.00
2025-12-06T17:30:00Z,36.00
2025-12-06T17:31:00Z,34.00
2025-12-06T17:32:00Z,36.00
2025-12-06T17:36:00Z,36.00
2025-12-06T17:40:00Z,36.00
2025-12-06T17:41:00Z,36.00
2025-12-06T17:47:00Z,35.00
2025-12-06T17:48:00Z,36.00
2025-12-06T17:50:00Z,35.00
2025-12-06T17:53:00Z,35.90
2025-12-06T17:56:00Z,36.00
2025-12-06T18:01:00Z,34.64
2025-12-06T18:02:00Z,34.00
2025-12-06T18:04:00Z,34.00
2025-12-06T18:08:00Z,34.00
2025-12-06T18:10:00Z,35.00
2025-12-06T18:13:00Z,34.00
2025-12-06T18:16:00Z,35.00
2025-12-06T18:18:00Z,35.00
2025-12-06T18:19:00Z,36.00
2025-12-06T18:21:00Z,35.00
2025-12-06T18:24:00Z,35.00
2025-12-06T18:26:00Z,36.00
2025-12-06T18:27:00Z,36.00
2025-12-06T18:28:00Z,35.00
2025-12-06T18:31:00Z,35.38
2025-12-06T18:35:00Z,34.87
2025-12-06T18:37:00Z,36.00
2025-12-06T18:39:00Z,36.00
2025-12-06T18:40:00Z,35.01
2025-12-06T18:42:00Z,36.00
2025-12-06T18:45:00Z,36.00
2025-12-06T18:48:00Z,35.00
2025-12-06T18:52:00Z,35.00
2025-12-06T18:55:00Z,35.00
2025-12-06T18:56:00Z,36.00
2025-12-06T18:57:00Z,36.00
2025-12-06T19:02:00Z,36.00
2025-12-06T19:03:00Z,36.00
2025-12-06T19:05:00Z,35.00
2025-12-06T19:06:00Z,36.00
2025-12-06T19:10:00Z,36.00
2025-12-06T19:11:00Z,34.01
2025-12-06T19:12:00Z,33.77
2025-12-06T19:14:00Z,33.00
2025-12-06T19:15:00Z,33.00
2025-12-06T19:17:00Z,33.42
2025-12-06T19:22:00Z,33.00
2025-12-06T19:24:00Z,35.00
2025-12-06T19:29:00Z,33.00
2025-12-06T19:32:00Z,33.00
2025-12-06T19:33:00Z,35.00
2025-12-06T19:36:00Z,35.00
2025-12-06T19:37:00Z,35.00
2025-12-06T19:38:00Z,33.00
2025-12-06T19:49:00Z,33.88
2025-12-06T19:56:00Z,32.67
2025-12-06T19:57:00Z,34.02
2025-12-06T19:58:00Z,35.00
2025-12-06T19:59:00Z,32.00
2025-12-06T20:04:00Z,33.00
2025-12-06T20:06:00Z,33.00
2025-12-06T20:07:00Z,33.00
2025-12-06T20:08:00Z,32.09
2025-12-06T20:14:00Z,32.00
2025-12-06T20:19:00Z,33.00
2025-12-06T20:20:00Z,34.00
2025-12-06T20:23:00Z,34.00
2025-12-06T20:24:00Z,34.00
2025-12-06T20:26:00Z,33.41
2025-12-06T20:27:00Z,33.00
2025-12-06T20:37:00Z,33.00
2025-12-06T20:42:00Z,34.00
2025-12-06T20:46:00Z,34.20
2025-12-06T20:47:00Z,33.10
2025-12-06T20:50:00Z,33.00
2025-12-06T20:55:00Z,34.00
2025-12-06T20:56:00Z,34.00
2025-12-06T20:57:00Z,33.00
2025-12-06T20:58:00Z,33.00
2025-12-06T21:05:00Z,34.00
2025-12-06T21:13:00Z,34.00
2025-12-06T21:15:00Z,34.00
2025-12-06T21:17:00Z,34.00
2025-12-06T21:27:00Z,34.05
2025-12-06T21:30:00Z,35.00
2025-12-06T21:34:00Z,34.00
2025-12-06T21:36:00Z,35.00
2025-12-06T21:37:00Z,35.00
2025-12-06T21:38:00Z,34.00
2025-12-06T21:46:00Z,35.00
2025-12-06T21:54:00Z,35.00
2025-12-06T21:56:00Z,35.00
2025-12-06T22:02:00Z,35.00
2025-12-06T22:04:00Z,35.00
2025-12-06T22:06:00Z,35.00
2025-12-06T22:14:00Z,35.00
2025-12-06T22:15:00Z,34.00
2025-12-06T22:17:00Z,33.17
2025-12-06T22:19:00Z,35.00
2025-12-06T22:20:00Z,35.00
2025-12-06T22:26:00Z,35.00
2025-12-06T22:29:00Z,33.00
2025-12-06T22:32:00Z,35.00
2025-12-06T22:33:00Z,35.00
2025-12-06T22:34:00Z,35.00
2025-12-06T22:37:00Z,35.00
2025-12-06T22:43:00Z,33.00
2025-12-06T22:44:00Z,33.00
2025-12-06T22:49:00Z,33.00
2025-12-06T22:50:00Z,34.00
2025-12-06T22:55:00Z,34.00
2025-12-06T22:57:00Z,33.00
2025-12-06T22:58:00Z,34.00
2025-12-06T22:59:00Z,34.00
2025-12-06T23:05:00Z,32.82
2025-12-06T23:11:00Z,32.00
2025-12-06T23:17:00Z,34.00
2025-12-06T23:19:00Z,34.00
2025-12-06T23:20:00Z,34.00
2025-12-06T23:24:00Z,32.00
2025-12-06T23:25:00Z,34.00
2025-12-06T23:27:00Z,32.00
2025-12-06T23:28:00Z,32.00
2025-12-06T23:30:00Z,32.00
2025-12-06T23:31:00Z,32.00
2025-12-06T23:32:00Z,34.00
2025-12-06T23:33:00Z,33.73
2025-12-06T23:35:00Z,32.10
2025-12-06T23:36:00Z,32.76
2025-12-06T23:42:00Z,33.00
2025-12-06T23:43:00Z,33.00
2025-12-06T23:44:00Z,34.00
2025-12-06T23:45:00Z,33.00
2025-12-06T23:47:00Z,34.00
2025-12-06T23:48:00Z,35.00
2025-12-06T23:52:00Z,34.00
2025-12-06T23:57:00Z,35.00
2025-12-07T00:02:00Z,33.00
2025-12-07T00:04:00Z,35.00
2025-12-07T00:07:00Z,33.00
2025-12-07T00:08:00Z,35.00
2025-12-07T00:16:00Z,35.00
2025-12-07T00:17:00Z,33.00
2025-12-07T00:21:00Z,34.00
2025-12-07T00:26:00Z,33.00
2025-12-07T00:29:00Z,35.00
2025-12-07T00:37:00Z,35.00
2025-12-07T00:38:00Z,35.00
2025-12-07T00:42:00Z,35.00
2025-12-07T00:48:00Z,35.00
2025-12-07T00:54:00Z,34.00
2025-12-07T00:55:00Z,35.00
2025-12-07T01:00:00Z,35.00
2025-12-07T01:04:00Z,34.00
2025-12-07T01:06:00Z,34.99
2025-12-07T01:14:00Z,34.00
2025-12-07T01:28:00Z,34.00
2025-12-07T01:29:00Z,34.00
2025-12-07T01:30:00Z,35.00
2025-12-07T01:35:00Z,34.00
2025-12-07T01:41:00Z,35.00
2025-12-07T01:43:00Z,34.00
2025-12-07T01:45:00Z,35.00
2025-12-07T01:57:00Z,34.00
2025-12-07T02:04:00Z,34.00
2025-12-07T02:13:00Z,34.00
2025-12-07T02:14:00Z,35.00
2025-12-07T02:19:00Z,35.00
2025-12-07T02:21:00Z,35.00
2025-12-07T02:22:00Z,34.76
2025-12-07T02:23:00Z,34.00
2025-12-07T02:31:00Z,34.00
2025-12-07T02:39:00Z,34.00
2025-12-07T02:40:00Z,34.00
2025-12-07T02:41:00Z,35.00
2025-12-07T02:45:00Z,34.91
2025-12-07T02:48:00Z,34.00
2025-12-07T02:53:00Z,35.00
2025-12-07T02:54:00Z,35.00
2025-12-07T02:56:00Z,35.00
2025-12-07T02:59:00Z,35.00
2025-12-07T03:03:00Z,35.00
2025-12-07T03:08:00Z,35.00
2025-12-07T03:12:00Z,35.00
2025-12-07T03:14:00Z,35.00
2025-12-07T03:17:00Z,35.06
2025-12-07T03:18:00Z,36.00
2025-12-07T03:19:00Z,36.00
2025-12-07T03:24:00Z,35.00
2025-12-07T03:25:00Z,35.00
2025-12-07T03:30:00Z,36.00
2025-12-07T03:31:00Z,35.00
2025-12-07T03:34:00Z,35.28
2025-12-07T03:37:00Z,36.00
2025-12-07T03:38:00Z,36.00
2025-12-07T03:40:00Z,35.00
2025-12-07T03:42:00Z,34.00
2025-12-07T03:43:00Z,35.00
2025-12-07T03:44:00Z,35.00
2025-12-07T03:49:00Z,35.00
2025-12-07T03:52:00Z,35.00
2025-12-07T04:06:00Z,35.00
2025-12-07T04:08:00Z,34.00
2025-12-07T04:10:00Z,35.00
2025-12-07T04:11:00Z,34.42
2025-12-07T04:12:00Z,36.00
2025-12-07T04:13:00Z,37.00
2025-12-07T04:16:00Z,38.00
2025-12-07T04:20:00Z,38.00
2025-12-07T04:27:00Z,38.00
2025-12-07T04:29:00Z,36.31
2025-12-07T04:31:00Z,37.09
2025-12-07T04:32:00Z,36.01
2025-12-07T04:33:00Z,35.02
2025-12-07T04:35:00Z,35.00
2025-12-07T04:40:00Z,35.00
2025-12-07T04:42:00Z,36.00
2025-12-07T04:46:00Z,36.00
2025-12-07T04:50:00Z,35.00
2025-12-07T04:51:00Z,36.00
2025-12-07T04:52:00Z,35.00
2025-12-07T04:54:00Z,36.00
2025-12-07T05:00:00Z,36.00
2025-12-07T05:03:00Z,35.00
2025-12-07T05:04:00Z,33.29
2025-12-07T05:07:00Z,35.00
2025-12-07T05:10:00Z,35.00
2025-12-07T05:15:00Z,34.20
2025-12-07T05:20:00Z,34.00
2025-12-07T05:21:00Z,35.00
2025-12-07T05:30:00Z,36.00
2025-12-07T05:33:00Z,36.00
2025-12-07T05:37:00Z,36.00
2025-12-07T05:39:00Z,35.00
2025-12-07T05:50:00Z,35.00
2025-12-07T05:53:00Z,36.00
2025-12-07T05:55:00Z,36.50
2025-12-07T05:56:00Z,36.70
2025-12-07T05:57:00Z,35.00
2025-12-07T05:58:00Z,35.00
2025-12-07T06:01:00Z,35.00
2025-12-07T06:04:00Z,36.38
2025-12-07T06:07:00Z,34.00
2025-12-07T06:08:00Z,34.00
2025-12-07T06:09:00Z,36.00
2025-12-07T06:13:00Z,35.00
2025-12-07T06:15:00Z,34.00
2025-12-07T06:18:00Z,36.00
2025-12-07T06:19:00Z,36.00
2025-12-07T06:20:00Z,36.00
2025-12-07T06:21:00Z,36.00
2025-12-07T06:22:00Z,36.00
2025-12-07T06:23:00Z,36.00
2025-12-07T06:24:00Z,36.00
2025-12-07T06:25:00Z,36.46
2025-12-07T06:34:00Z,37.00
2025-12-07T06:37:00Z,37.52
2025-12-07T06:40:00Z,39.00
2025-12-07T06:44:00Z,39.00
2025-12-07T06:45:00Z,36.47
2025-12-07T06:49:00Z,39.00
2025-12-07T06:58:00Z,37.00
2025-12-07T06:59:00Z,37.00
2025-12-07T07:06:00Z,38.00
2025-12-07T07:09:00Z,38.07
2025-12-07T07:10:00Z,39.00
2025-12-07T07:11:00Z,37.00
2025-12-07T07:12:00Z,37.00
2025-12-07T07:13:00Z,36.78
2025-12-07T07:14:00Z,36.00
2025-12-07T07:15:00Z,37.00
2025-12-07T07:18:00Z,36.00
2025-12-07T07:22:00Z,36.00
2025-12-07T07:23:00Z,37.00
2025-12-07T07:24:00Z,36.02
2025-12-07T07:26:00Z,37.00
2025-12-07T07:27:00Z,37.00
2025-12-07T07:28:00Z,37.00
2025-12-07T07:39:00Z,37.56
2025-12-07T07:41:00Z,38.00
2025-12-07T07:42:00Z,37.00
2025-12-07T07:44:00Z,37.00
2025-12-07T07:49:00Z,37.00
2025-12-07T07:51:00Z,37.00
2025-12-07T08:15:00Z,37.00
2025-12-07T08:16:00Z,36.00
2025-12-07T08:17:00Z,36.00
2025-12-07T08:23:00Z,35.83
2025-12-07T08:36:00Z,37.00
2025-12-07T08:41:00Z,37.00
2025-12-07T08:56:00Z,38.00
2025-12-07T09:04:00Z,39.00
2025-12-07T09:16:00Z,38.00
2025-12-07T09:26:00Z,37.00
2025-12-07T09:38:00Z,38.00
2025-12-07T09:41:00Z,37.00
2025-12-07T09:42:00Z,36.20
2025-12-07T10:07:00Z,36.20
2025-12-07T10:10:00Z,38.00
2025-12-07T10:17:00Z,38.00
2025-12-07T10:36:00Z,38.00
2025-12-07T10:51:00Z,36.02
2025-12-07T11:06:00Z,38.00
2025-12-07T11:13:00Z,37.00
2025-12-07T11:18:00Z,36.03
2025-12-07T11:36:00Z,37.00
2025-12-07T11:49:00Z,36.00
2025-12-07T11:53:00Z,35.63
2025-12-07T11:56:00Z,35.00
2025-12-07T12:01:00Z,35.00
2025-12-07T12:10:00Z,35.00
2025-12-07T12:13:00Z,36.00
2025-12-07T12:17:00Z,35.00
2025-12-07T12:18:00Z,35.00
2025-12-07T12:19:00Z,35.00
2025-12-07T12:20:00Z,35.00
2025-12-07T12:21:00Z,33.81
2025-12-07T12:22:00Z,33.00
2025-12-07T12:23:00Z,32.00
2025-12-07T12:24:00Z,32.00
2025-12-07T12:30:00Z,33.00
2025-12-07T12:34:00Z,37.70
2025-12-07T12:38:00Z,37.00
2025-12-07T12:41:00Z,36.99
2025-12-07T12:50:00Z,36.00
2025-12-07T12:55:00Z,37.00
2025-12-07T13:01:00Z,36.00
2025-12-07T13:03:00Z,37.78
2025-12-07T13:09:00Z,35.00
2025-12-07T13:13:00Z,37.00
2025-12-07T13:14:00Z,37.25
2025-12-07T13:20:00Z,38.00
2025-12-07T13:23:00Z,35.00
2025-12-07T13:29:00Z,37.00
2025-12-07T13:44:00Z,35.00
2025-12-07T14:00:00Z,34.00
2025-12-07T14:04:00Z,35.00
2025-12-07T14:06:00Z,34.00
2025-12-07T14:08:00Z,35.00
2025-12-07T14:11:00Z,34.00
2025-12-07T14:14:00Z,34.00
2025-12-07T14:23:00Z,33.59
2025-12-07T14:24:00Z,33.00
2025-12-07T14:25:00Z,32.00
2025-12-07T14:26:00Z,32.00
2025-12-07T14:27:00Z,32.96
2025-12-07T14:29:00Z,32.00
2025-12-07T14:32:00Z,32.00
2025-12-07T14:33:00Z,32.00
2025-12-07T14:34:00Z,31.00
2025-12-07T14:36:00Z,32.43
2025-12-07T14:40:00Z,31.00
2025-12-07T14:42:00Z,31.51
2025-12-07T14:46:00Z,32.00
2025-12-07T14:48:00Z,31.00
2025-12-07T14:52:00Z,32.00
2025-12-07T14:53:00Z,32.00
2025-12-07T14:54:00Z,31.99
2025-12-07T14:55:00Z,32.00
2025-12-07T14:57:00Z,32.00
2025-12-07T14:58:00Z,32.00
2025-12-07T15:01:00Z,32.83
2025-12-07T15:02:00Z,33.00
2025-12-07T15:05:00Z,33.00
2025-12-07T15:12:00Z,33.00
2025-12-07T15:14:00Z,31.85
2025-12-07T15:16:00Z,32.00
2025-12-07T15:19:00Z,32.00
2025-12-07T15:23:00Z,31.06
2025-12-07T15:25:00Z,32.98
2025-12-07T15:28:00Z,32.00
2025-12-07T15:29:00Z,31.00
2025-12-07T15:32:00Z,31.00
2025-12-07T15:34:00Z,32.50
2025-12-07T15:39:00Z,31.00
2025-12-07T15:40:00Z,32.00
2025-12-07T15:43:00Z,32.00
2025-12-07T15:47:00Z,31.00
2025-12-07T15:49:00Z,32.83
2025-12-07T15:50:00Z,34.99
2025-12-07T15:55:00Z,34.99
2025-12-07T15:58:00Z,36.54
2025-12-07T15:59:00Z,36.47
2025-12-07T16:05:00Z,39.00
2025-12-07T16:06:00Z,38.00
2025-12-07T16:10:00Z,37.50
2025-12-07T16:15:00Z,36.00
2025-12-07T16:17:00Z,35.00
2025-12-07T16:20:00Z,38.00
2025-12-07T16:21:00Z,36.00
2025-12-07T16:25:00Z,37.00
2025-12-07T16:26:00Z,38.00
2025-12-07T16:30:00Z,38.00
2025-12-07T16:32:00Z,37.00
2025-12-07T16:33:00Z,38.00
2025-12-07T16:41:00Z,39.00
2025-12-07T16:43:00Z,38.00
2025-12-07T16:48:00Z,37.00
2025-12-07T16:49:00Z,38.00
2025-12-07T16:50:00Z,39.00
2025-12-07T16:52:00Z,37.07
2025-12-07T16:56:00Z,37.84
2025-12-07T17:02:00Z,37.96
2025-12-07T17:04:00Z,37.00
2025-12-07T17:11:00Z,38.00
2025-12-07T17:13:00Z,38.00
2025-12-07T17:15:00Z,38.00
2025-12-07T17:16:00Z,37.00
2025-12-07T17:17:00Z,38.55
2025-12-07T17:19:00Z,39.53
2025-12-07T17:21:00Z,38.91
2025-12-07T17:23:00Z,40.00
2025-12-07T17:24:00Z,39.00
2025-12-07T17:25:00Z,40.00
2025-12-07T17:26:00Z,40.00
2025-12-07T17:29:00Z,40.00
2025-12-07T17:30:00Z,41.00
2025-12-07T17:31:00Z,40.60
2025-12-07T17:32:00Z,42.72
2025-12-07T17:35:00Z,43.00
2025-12-07T17:39:00Z,42.00
2025-12-07T17:43:00Z,40.38
2025-12-07T17:48:00Z,42.44
2025-12-07T17:52:00Z,43.00
2025-12-07T17:53:00Z,42.98
2025-12-07T17:54:00Z,44.23
2025-12-07T17:55:00Z,44.90
2025-12-07T18:01:00Z,43.00
2025-12-07T18:03:00Z,43.75
2025-12-07T18:04:00Z,42.00
2025-12-07T18:06:00Z,43.67
2025-12-07T18:08:00Z,43.00
2025-12-07T18:10:00Z,39.88
2025-12-07T18:14:00Z,42.69
2025-12-07T18:15:00Z,41.75
2025-12-07T18:16:00Z,41.00
2025-12-07T18:18:00Z,43.85
2025-12-07T18:19:00Z,45.00
2025-12-07T18:20:00Z,45.93
2025-12-07T18:25:00Z,44.00
2025-12-07T18:29:00Z,43.11
2025-12-07T18:31:00Z,45.29
2025-12-07T18:35:00Z,43.00
2025-12-07T18:37:00Z,44.00
2025-12-07T18:38:00Z,44.00
2025-12-07T18:41:00Z,44.00
2025-12-07T18:43:00Z,43.95
2025-12-07T18:45:00Z,44.00
2025-12-07T18:53:00Z,43.00
2025-12-07T18:56:00Z,43.00
2025-12-07T19:01:00Z,42.00
2025-12-07T19:02:00Z,43.00
2025-12-07T19:03:00Z,43.00
2025-12-07T19:04:00Z,43.00
2025-12-07T19:06:00Z,43.45
2025-12-07T19:08:00Z,42.00
2025-12-07T19:09:00Z,43.00
2025-12-07T19:10:00Z,43.82
2025-12-07T19:12:00Z,43.00
2025-12-07T19:14:00Z,42.00
2025-12-07T19:18:00Z,42.00
2025-12-07T19:23:00Z,42.00
2025-12-07T19:25:00Z,42.18
2025-12-07T19:26:00Z,41.00
2025-12-07T19:27:00Z,38.00
2025-12-07T19:28:00Z,38.00
2025-12-07T19:29:00Z,37.00
2025-12-07T19:31:00Z,38.41
2025-12-07T19:32:00Z,39.00
2025-12-07T19:33:00Z,40.00
2025-12-07T19:34:00Z,40.95
2025-12-07T19:36:00Z,41.00
2025-12-07T19:37:00Z,40.50
2025-12-07T19:43:00Z,42.00
2025-12-07T19:44:00Z,42.00
2025-12-07T19:49:00Z,42.00
2025-12-07T19:51:00Z,41.22
2025-12-07T19:53:00Z,40.00
2025-12-07T19:55:00Z,42.94
2025-12-07T19:56:00Z,40.00
2025-12-07T19:58:00Z,40.00
2025-12-07T20:00:00Z,41.00
2025-12-07T20:01:00Z,42.00
2025-12-07T20:02:00Z,43.51
2025-12-07T20:03:00Z,41.00
2025-12-07T20:05:00Z,43.90
2025-12-07T20:07:00Z,42.97
2025-12-07T20:08:00Z,41.00
2025-12-07T20:13:00Z,43.90
2025-12-07T20:15:00Z,43.00
2025-12-07T20:17:00Z,41.00
2025-12-07T20:18:00Z,41.00
2025-12-07T20:20:00Z,44.85
2025-12-07T20:23:00Z,45.00
2025-12-07T20:26:00Z,45.45
2025-12-07T20:27:00Z,42.20
2025-12-07T20:31:00Z,45.71
2025-12-07T20:40:00Z,46.00
2025-12-07T20:46:00Z,46.00
2025-12-07T20:47:00Z,47.00
2025-12-07T20:53:00Z,43.93
2025-12-07T20:55:00Z,45.96
2025-12-07T20:58:00Z,47.00
2025-12-07T20:59:00Z,45.21
2025-12-07T21:03:00Z,44.57
2025-12-07T21:07:00Z,46.00
2025-12-07T21:09:00Z,45.30
2025-12-07T21:10:00Z,44.00
2025-12-07T21:11:00Z,43.00
2025-12-07T21:12:00Z,45.00
2025-12-07T21:13:00Z,44.00
2025-12-07T21:15:00Z,43.99
2025-12-07T21:16:00Z,44.43
2025-12-07T21:18:00Z,43.00
2025-12-07T21:19:00Z,43.00
2025-12-07T21:20:00Z,43.00
2025-12-07T21:21:00Z,43.00
2025-12-07T21:24:00Z,43.00
2025-12-07T21:25:00Z,43.00
2025-12-07T21:26:00Z,42.00
2025-12-07T21:27:00Z,43.00
2025-12-07T21:28:00Z,41.85
2025-12-07T21:29:00Z,42.32
2025-12-07T21:33:00Z,42.77
2025-12-07T21:38:00Z,41.27
2025-12-07T21:39:00Z,41.00
2025-12-07T21:40:00Z,41.00
2025-12-07T21:43:00Z,41.00
2025-12-07T21:46:00Z,40.00
2025-12-07T21:47:00Z,39.06
2025-12-07T21:48:00Z,41.00
2025-12-07T21:50:00Z,40.00
2025-12-07T21:51:00Z,40.00
2025-12-07T21:52:00Z,40.00
2025-12-07T21:53:00Z,40.00
2025-12-07T21:54:00Z,40.00
2025-12-07T21:55:00Z,40.25
2025-12-07T21:56:00Z,39.99
2025-12-07T21:58:00Z,40.00
2025-12-07T22:00:00Z,41.00
2025-12-07T22:01:00Z,40.00
2025-12-07T22:03:00Z,39.01
2025-12-07T22:07:00Z,38.00
2025-12-07T22:08:00Z,37.96
2025-12-07T22:12:00Z,38.00
2025-12-07T22:16:00Z,37.00
2025-12-07T22:17:00Z,38.00
2025-12-07T22:18:00Z,38.84
2025-12-07T22:19:00Z,39.00
2025-12-07T22:20:00Z,39.00
2025-12-07T22:21:00Z,38.09
2025-12-07T22:24:00Z,38.00
2025-12-07T22:32:00Z,37.00
2025-12-07T22:35:00Z,37.90
2025-12-07T22:36:00Z,36.10
2025-12-07T22:38:00Z,37.00
2025-12-07T22:39:00Z,37.00
2025-12-07T22:40:00Z,36.00
2025-12-07T22:44:00Z,36.00
2025-12-07T22:45:00Z,36.50
2025-12-07T22:47:00Z,37.62
2025-12-07T22:48:00Z,37.00
2025-12-07T22:49:00Z,38.00
2025-12-07T22:52:00Z,38.00
2025-12-07T22:54:00Z,38.00
2025-12-07T22:55:00Z,38.00
2025-12-07T23:03:00Z,38.00
2025-12-07T23:05:00Z,38.87
2025-12-07T23:06:00Z,38.00
2025-12-07T23:10:00Z,38.00
2025-12-07T23:11:00Z,38.00
2025-12-07T23:13:00Z,39.00
2025-12-07T23:14:00Z,39.00
2025-12-07T23:22:00Z,38.00
2025-12-07T23:24:00Z,39.00
2025-12-07T23:25:00Z,38.71
2025-12-07T23:28:00Z,39.00
2025-12-07T23:41:00Z,38.40
2025-12-07T23:50:00Z,38.00
2025-12-07T23:53:00Z,39.00
2025-12-07T23:55:00Z,39.00
2025-12-07T23:56:00Z,38.02
2025-12-07T23:58:00Z,39.00
2025-12-08T00:02:00Z,38.00
2025-12-08T00:03:00Z,38.00
2025-12-08T00:08:00Z,38.00
2025-12-08T00:09:00Z,38.00
2025-12-08T00:12:00Z,39.00
2025-12-08T00:15:00Z,39.00
2025-12-08T00:16:00Z,39.00
2025-12-08T00:18:00Z,39.00
2025-12-08T00:21:00Z,38.00
2025-12-08T00:22:00Z,39.00
2025-12-08T00:24:00Z,39.00
2025-12-08T00:25:00Z,39.00
2025-12-08T00:27:00Z,38.01
2025-12-08T00:30:00Z,38.04
2025-12-08T00:31:00Z,39.00
2025-12-08T00:32:00Z,38.00
2025-12-08T00:35:00Z,39.00
2025-12-08T00:45:00Z,38.00
2025-12-08T00:49:00Z,39.00
2025-12-08T00:50:00Z,38.00
2025-12-08T00:59:00Z,38.00
2025-12-08T01:02:00Z,38.00
2025-12-08T01:03:00Z,38.00
2025-12-08T01:04:00Z,39.00
2025-12-08T01:08:00Z,40.00
2025-12-08T01:10:00Z,39.00
2025-12-08T01:11:00Z,40.38
2025-12-08T01:13:00Z,41.00
2025-12-08T01:14:00Z,41.00
2025-12-08T01:16:00Z,40.00
2025-12-08T01:17:00Z,40.00
2025-12-08T01:18:00Z,40.00
2025-12-08T01:20:00Z,40.00
2025-12-08T01:22:00Z,41.00
2025-12-08T01:23:00Z,40.99
2025-12-08T01:25:00Z,41.00
2025-12-08T01:27:00Z,41.04
2025-12-08T01:29:00Z,41.00
2025-12-08T01:30:00Z,42.13
2025-12-08T01:31:00Z,43.00
2025-12-08T01:32:00Z,43.94
2025-12-08T01:34:00Z,44.85
2025-12-08T01:35:00Z,45.00
2025-12-08T01:37:00Z,44.00
2025-12-08T01:40:00Z,45.00
2025-12-08T01:41:00Z,45.00
2025-12-08T01:42:00Z,45.00
2025-12-08T01:46:00Z,45.00
2025-12-08T01:47:00Z,45.00
2025-12-08T01:48:00Z,44.04
2025-12-08T01:50:00Z,41.00
2025-12-08T01:51:00Z,41.00
2025-12-08T01:53:00Z,42.15
2025-12-08T01:54:00Z,41.00
2025-12-08T01:55:00Z,42.00
2025-12-08T01:56:00Z,43.00
2025-12-08T02:02:00Z,42.00
2025-12-08T02:03:00Z,42.99
2025-12-08T02:04:00Z,41.18
2025-12-08T02:06:00Z,43.00
2025-12-08T02:07:00Z,43.00
2025-12-08T02:10:00Z,42.00
2025-12-08T02:12:00Z,42.00
2025-12-08T02:16:00Z,42.00
2025-12-08T02:17:00Z,41.29
2025-12-08T02:20:00Z,41.30
2025-12-08T02:28:00Z,42.00
2025-12-08T02:30:00Z,41.00
2025-12-08T02:39:00Z,43.00
2025-12-08T02:40:00Z,42.00
2025-12-08T02:42:00Z,42.00
2025-12-08T02:43:00Z,41.00
2025-12-08T02:46:00Z,42.88
2025-12-08T02:47:00Z,42.00
2025-12-08T02:48:00Z,43.00
2025-12-08T02:49:00Z,43.00
2025-12-08T02:53:00Z,42.18
2025-12-08T02:55:00Z,43.71
2025-12-08T02:56:00Z,44.00
2025-12-08T03:01:00Z,42.96
2025-12-08T03:04:00Z,42.00
2025-12-08T03:06:00Z,43.00
2025-12-08T03:09:00Z,44.00
2025-12-08T03:10:00Z,42.25
2025-12-08T03:11:00Z,43.00
2025-12-08T03:12:00Z,43.00
2025-12-08T03:13:00Z,43.00
2025-12-08T03:15:00Z,43.00
2025-12-08T03:16:00Z,42.00
2025-12-08T03:20:00Z,42.00
2025-12-08T03:21:00Z,44.00
2025-12-08T03:25:00Z,43.14
2025-12-08T03:30:00Z,43.00
2025-12-08T03:32:00Z,44.00
2025-12-08T03:35:00Z,40.92
2025-12-08T03:36:00Z,42.00
2025-12-08T03:41:00Z,41.00
2025-12-08T03:43:00Z,40.00
2025-12-08T03:48:00Z,40.00
2025-12-08T03:52:00Z,41.77
2025-12-08T03:54:00Z,40.05
2025-12-08T04:02:00Z,40.73
2025-12-08T04:10:00Z,40.00
2025-12-08T04:11:00Z,40.00
2025-12-08T04:12:00Z,41.00
2025-12-08T04:15:00Z,41.00
2025-12-08T04:17:00Z,42.98
2025-12-08T04:19:00Z,43.00
2025-12-08T04:24:00Z,43.00
2025-12-08T04:25:00Z,43.00
2025-12-08T04:26:00Z,43.00
2025-12-08T04:30:00Z,43.00
2025-12-08T04:31:00Z,43.00
2025-12-08T04:32:00Z,44.00
2025-12-08T04:33:00Z,43.17
2025-12-08T04:34:00Z,45.05
2025-12-08T04:37:00Z,44.03
2025-12-08T04:38:00Z,43.00
2025-12-08T04:40:00Z,45.00
2025-12-08T04:41:00Z,45.00
2025-12-08T04:42:00Z,45.00
2025-12-08T04:43:00Z,44.97
2025-12-08T04:44:00Z,45.00
2025-12-08T04:45:00Z,44.19
2025-12-08T04:47:00Z,44.00
2025-12-08T04:48:00Z,44.98
2025-12-08T04:49:00Z,43.00
2025-12-08T04:52:00Z,44.00
2025-12-08T04:55:00Z,44.90
2025-12-08T04:56:00Z,44.00
2025-12-08T04:58:00Z,45.00
2025-12-08T04:59:00Z,45.00
2025-12-08T05:01:00Z,45.00
2025-12-08T05:03:00Z,44.00
2025-12-08T05:04:00Z,45.00
2025-12-08T05:06:00Z,45.00
2025-12-08T05:10:00Z,45.00
2025-12-08T05:11:00Z,45.00
2025-12-08T05:12:00Z,44.00
2025-12-08T05:13:00Z,45.00
2025-12-08T05:14:00Z,45.00
2025-12-08T05:15:00Z,45.00
2025-12-08T05:16:00Z,45.00
2025-12-08T05:18:00Z,43.00
2025-12-08T05:19:00Z,43.00
2025-12-08T05:23:00Z,45.99
2025-12-08T05:28:00Z,46.00
2025-12-08T05:29:00Z,42.02
2025-12-08T05:30:00Z,43.34
2025-12-08T05:32:00Z,44.00
2025-12-08T05:33:00Z,45.00
2025-12-08T05:34:00Z,44.00
2025-12-08T05:35:00Z,44.95
2025-12-08T05:36:00Z,45.00
2025-12-08T05:37:00Z,45.00
2025-12-08T05:40:00Z,43.00
2025-12-08T05:43:00Z,45.00
2025-12-08T05:45:00Z,45.00
2025-12-08T05:50:00Z,43.05
2025-12-08T05:54:00Z,45.00
2025-12-08T05:55:00Z,45.00
2025-12-08T06:02:00Z,45.00
2025-12-08T06:04:00Z,45.00
2025-12-08T06:05:00Z,46.00
2025-12-08T06:07:00Z,46.00
2025-12-08T06:10:00Z,44.00
2025-12-08T06:11:00Z,45.00
2025-12-08T06:12:00Z,45.00
2025-12-08T06:14:00Z,45.00
2025-12-08T06:15:00Z,45.00
2025-12-08T06:16:00Z,45.00
2025-12-08T06:17:00Z,45.00
2025-12-08T06:20:00Z,46.00
2025-12-08T06:26:00Z,45.00
2025-12-08T06:30:00Z,43.13
2025-12-08T06:31:00Z,41.93
2025-12-08T06:32:00Z,41.00
2025-12-08T06:33:00Z,41.00
2025-12-08T06:35:00Z,41.00
2025-12-08T06:37:00Z,42.17
2025-12-08T06:38:00Z,44.00
2025-12-08T06:39:00Z,41.43
2025-12-08T06:41:00Z,40.46
2025-12-08T06:42:00Z,41.00
2025-12-08T06:44:00Z,41.00
2025-12-08T06:58:00Z,41.69
2025-12-08T06:59:00Z,40.03
2025-12-08T07:00:00Z,41.00
2025-12-08T07:06:00Z,41.00
2025-12-08T07:10:00Z,41.00
2025-12-08T07:14:00Z,41.00
2025-12-08T07:21:00Z,41.00
2025-12-08T07:23:00Z,40.00
2025-12-08T07:25:00Z,41.01
2025-12-08T07:26:00Z,40.00
2025-12-08T07:28:00Z,41.00
2025-12-08T07:32:00Z,42.00
2025-12-08T07:33:00Z,42.00
2025-12-08T07:38:00Z,42.63
2025-12-08T07:46:00Z,42.00
2025-12-08T07:47:00Z,44.03
2025-12-08T07:58:00Z,43.00
2025-12-08T08:03:00Z,44.00
2025-12-08T08:04:00Z,43.00
2025-12-08T08:05:00Z,43.00
2025-12-08T08:07:00Z,43.47
2025-12-08T08:08:00Z,42.00
2025-12-08T08:11:00Z,43.00
2025-12-08T08:16:00Z,43.73
2025-12-08T08:20:00Z,43.00
2025-12-08T08:21:00Z,42.00
2025-12-08T08:23:00Z,43.00
2025-12-08T08:25:00Z,42.00
2025-12-08T08:26:00Z,43.87
2025-12-08T08:29:00Z,43.00
2025-12-08T08:30:00Z,42.00
2025-12-08T08:36:00Z,43.00
2025-12-08T08:38:00Z,43.77
2025-12-08T08:39:00Z,44.60
2025-12-08T08:40:00Z,45.00
2025-12-08T08:43:00Z,45.00
2025-12-08T08:44:00Z,46.00
2025-12-08T08:53:00Z,44.00
2025-12-08T08:56:00Z,44.00
2025-12-08T08:57:00Z,45.00
2025-12-08T09:01:00Z,44.00
2025-12-08T09:09:00Z,45.00
2025-12-08T09:10:00Z,47.18
2025-12-08T09:13:00Z,47.00
2025-12-08T09:14:00Z,47.00
2025-12-08T09:16:00Z,46.57
2025-12-08T09:21:00Z,48.00
2025-12-08T09:24:00Z,47.00
2025-12-08T09:32:00Z,48.00
2025-12-08T09:34:00Z,46.49
2025-12-08T09:36:00Z,45.00
2025-12-08T09:39:00Z,47.00
2025-12-08T09:42:00Z,46.00
2025-12-08T09:44:00Z,45.00
2025-12-08T09:51:00Z,46.00
2025-12-08T09:59:00Z,45.00
2025-12-08T10:19:00Z,44.74
2025-12-08T10:33:00Z,44.00
2025-12-08T10:34:00Z,45.00
2025-12-08T10:35:00Z,45.00
2025-12-08T10:40:00Z,45.00
2025-12-08T10:49:00Z,45.00
2025-12-08T10:54:00Z,46.00
2025-12-08T11:00:00Z,47.25
2025-12-08T11:10:00Z,47.00
2025-12-08T11:14:00Z,47.01
2025-12-08T11:17:00Z,46.00
2025-12-08T11:27:00Z,46.00
2025-12-08T11:43:00Z,47.00
2025-12-08T11:48:00Z,47.00
2025-12-08T11:49:00Z,47.00
2025-12-08T11:59:00Z,47.00
2025-12-08T12:01:00Z,47.00
2025-12-08T12:02:00Z,47.00
2025-12-08T12:06:00Z,47.00
2025-12-08T12:09:00Z,46.00
2025-12-08T12:14:00Z,46.20
2025-12-08T12:15:00Z,46.00
2025-12-08T12:22:00Z,47.00
2025-12-08T12:24:00Z,46.00
2025-12-08T12:32:00Z,46.00
2025-12-08T12:37:00Z,46.05
2025-12-08T12:44:00Z,46.00
2025-12-08T12:47:00Z,47.00
2025-12-08T12:50:00Z,47.00
2025-12-08T12:55:00Z,47.00
2025-12-08T12:56:00Z,47.00
2025-12-08T13:03:00Z,46.00
2025-12-08T13:11:00Z,47.00
2025-12-08T13:13:00Z,46.85
2025-12-08T13:16:00Z,47.00
2025-12-08T13:23:00Z,46.00
2025-12-08T13:26:00Z,45.77
2025-12-08T13:27:00Z,45.00
2025-12-08T13:32:00Z,44.00
2025-12-08T13:34:00Z,45.00
2025-12-08T13:41:00Z,44.99
2025-12-08T13:45:00Z,45.00
2025-12-08T13:46:00Z,44.14
2025-12-08T13:48:00Z,44.00
2025-12-08T13:49:00Z,45.04
2025-12-08T13:52:00Z,45.00
2025-12-08T13:53:00Z,45.66
2025-12-08T13:55:00Z,44.99
2025-12-08T13:57:00Z,44.00
2025-12-08T13:58:00Z,44.85
2025-12-08T14:00:00Z,44.03
2025-12-08T14:01:00Z,43.96
2025-12-08T14:02:00Z,43.00
2025-12-08T14:03:00Z,44.00
2025-12-08T14:05:00Z,43.00
2025-12-08T14:10:00Z,43.00
2025-12-08T14:12:00Z,43.00
2025-12-08T14:24:00Z,44.00
2025-12-08T14:26:00Z,43.66
2025-12-08T14:28:00Z,43.00
2025-12-08T14:30:00Z,44.00
2025-12-08T14:37:00Z,44.00
2025-12-08T14:39:00Z,43.00
2025-12-08T14:40:00Z,41.99
2025-12-08T14:43:00Z,39.86
2025-12-08T14:46:00Z,41.00
2025-12-08T14:50:00Z,41.00
2025-12-08T14:51:00Z,43.00
2025-12-08T14:53:00Z,42.00
2025-12-08T14:54:00Z,42.00
2025-12-08T14:55:00Z,42.00
2025-12-08T14:59:00Z,41.88
2025-12-08T15:01:00Z,42.00
2025-12-08T15:02:00Z,41.00
2025-12-08T15:04:00Z,39.78
2025-12-08T15:05:00Z,38.89
2025-12-08T15:06:00Z,39.83
2025-12-08T15:07:00Z,39.00
2025-12-08T15:08:00Z,39.38
2025-12-08T15:14:00Z,40.00
2025-12-08T15:15:00Z,39.00
2025-12-08T15:19:00Z,38.00
2025-12-08T15:21:00Z,37.00
2025-12-08T15:22:00Z,35.52
2025-12-08T15:23:00Z,37.00
2025-12-08T15:24:00Z,33.91
2025-12-08T15:25:00Z,31.98
2025-12-08T15:26:00Z,31.99
2025-12-08T15:27:00Z,32.00
2025-12-08T15:28:00Z,32.97
2025-12-08T15:30:00Z,33.00
2025-12-08T15:32:00Z,32.00
2025-12-08T15:33:00Z,34.88
2025-12-08T15:35:00Z,37.59
2025-12-08T15:36:00Z,39.00
2025-12-08T15:37:00Z,37.45
2025-12-08T15:38:00Z,38.00
2025-12-08T15:39:00Z,38.00
2025-12-08T15:40:00Z,37.00
2025-12-08T15:41:00Z,35.48
2025-12-08T15:43:00Z,33.00
2025-12-08T15:44:00Z,33.11
2025-12-08T15:45:00Z,35.19
2025-12-08T15:46:00Z,35.08
2025-12-08T15:49:00Z,36.00
2025-12-08T15:54:00Z,35.00
2025-12-08T15:55:00Z,37.00
2025-12-08T15:58:00Z,36.00
2025-12-08T15:59:00Z,36.00
2025-12-08T16:00:00Z,35.16
2025-12-08T16:01:00Z,37.00
2025-12-08T16:02:00Z,36.00
2025-12-08T16:06:00Z,36.00
2025-12-08T16:07:00Z,36.00
2025-12-08T16:08:00Z,33.85
2025-12-08T16:11:00Z,34.00
2025-12-08T16:12:00Z,34.00
2025-12-08T16:13:00Z,33.12
2025-12-08T16:15:00Z,34.00
2025-12-08T16:18:00Z,34.00
2025-12-08T16:22:00Z,34.00
2025-12-08T16:25:00Z,35.50
2025-12-08T16:26:00Z,36.00
2025-12-08T16:27:00Z,37.00
2025-12-08T16:28:00Z,37.00
2025-12-08T16:30:00Z,37.00
2025-12-08T16:31:00Z,37.73
2025-12-08T16:32:00Z,39.00
2025-12-08T16:33:00Z,39.00
2025-12-08T16:34:00Z,40.00
2025-12-08T16:42:00Z,40.80
2025-12-08T16:43:00Z,40.00
2025-12-08T16:44:00Z,40.75
2025-12-08T16:47:00Z,40.00
2025-12-08T16:49:00Z,40.00
2025-12-08T16:50:00Z,39.00
2025-12-08T16:52:00Z,38.82
2025-12-08T16:54:00Z,39.00
2025-12-08T16:55:00Z,39.00
2025-12-08T17:00:00Z,38.00
2025-12-08T17:03:00Z,38.00
2025-12-08T17:04:00Z,38.00
2025-12-08T17:05:00Z,38.00
2025-12-08T17:08:00Z,37.00
2025-12-08T17:09:00Z,38.56
2025-12-08T17:13:00Z,39.31
2025-12-08T17:20:00Z,39.00
2025-12-08T17:21:00Z,39.00
2025-12-08T17:22:00Z,38.00
2025-12-08T17:23:00Z,39.00
2025-12-08T17:25:00Z,38.90
2025-12-08T17:26:00Z,37.00
2025-12-08T17:28:00Z,38.00
2025-12-08T17:29:00Z,38.00
2025-12-08T17:31:00Z,38.00
2025-12-08T17:33:00Z,39.00
2025-12-08T17:39:00Z,39.00
2025-12-08T17:40:00Z,39.00
2025-12-08T17:41:00Z,38.00
2025-12-08T17:43:00Z,39.00
2025-12-08T17:46:00Z,39.00
2025-12-08T17:48:00Z,37.25
2025-12-08T17:52:00Z,37.00
2025-12-08T17:55:00Z,37.65
2025-12-08T18:00:00Z,39.00
2025-12-08T18:04:00Z,39.00
2025-12-08T18:08:00Z,40.00
2025-12-08T18:09:00Z,39.00
2025-12-08T18:10:00Z,39.69
2025-12-08T18:11:00Z,40.00
2025-12-08T18:15:00Z,40.00
2025-12-08T18:17:00Z,40.00
2025-12-08T18:19:00Z,41.00
2025-12-08T18:20:00Z,40.38
2025-12-08T18:21:00Z,39.07
2025-12-08T18:23:00Z,39.00
2025-12-08T18:25:00Z,40.00
2025-12-08T18:26:00Z,41.14
2025-12-08T18:34:00Z,40.00
2025-12-08T18:35:00Z,40.00
2025-12-08T18:36:00Z,41.00
2025-12-08T18:39:00Z,40.00
2025-12-08T18:41:00Z,41.00
2025-12-08T18:44:00Z,40.52
2025-12-08T18:45:00Z,40.00
2025-12-08T18:47:00Z,41.00
2025-12-08T18:48:00Z,41.00
2025-12-08T18:50:00Z,41.00
2025-12-08T18:54:00Z,40.99
2025-12-08T18:55:00Z,38.51
2025-12-08T18:56:00Z,39.02
2025-12-08T19:00:00Z,39.00
2025-12-08T19:01:00Z,39.00
2025-12-08T19:02:00Z,39.00
2025-12-08T19:05:00Z,38.00
2025-12-08T19:06:00Z,39.00
2025-12-08T19:09:00Z,38.00
2025-12-08T19:11:00Z,38.00
2025-12-08T19:14:00Z,38.00
2025-12-08T19:18:00Z,39.00
2025-12-08T19:19:00Z,37.00
2025-12-08T19:20:00Z,37.00
2025-12-08T19:23:00Z,38.00
2025-12-08T19:26:00Z,38.00
2025-12-08T19:27:00Z,38.00
2025-12-08T19:31:00Z,38.00
2025-12-08T19:33:00Z,37.00
2025-12-08T19:35:00Z,37.00
2025-12-08T19:36:00Z,36.06
2025-12-08T19:37:00Z,36.01
2025-12-08T19:38:00Z,37.00
2025-12-08T19:40:00Z,36.45
2025-12-08T19:42:00Z,36.36
2025-12-08T19:48:00Z,35.00
2025-12-08T19:49:00Z,36.00
2025-12-08T19:50:00Z,37.00
2025-12-08T19:53:00Z,37.00
2025-12-08T19:54:00Z,36.00
2025-12-08T19:57:00Z,36.00
2025-12-08T19:59:00Z,36.00
2025-12-08T20:02:00Z,37.00
2025-12-08T20:04:00Z,36.00
2025-12-08T20:06:00Z,36.00
2025-12-08T20:08:00Z,37.00
2025-12-08T20:10:00Z,37.00
2025-12-08T20:12:00Z,38.12
2025-12-08T20:14:00Z,39.00
2025-12-08T20:15:00Z,38.00
2025-12-08T20:16:00Z,38.00
2025-12-08T20:18:00Z,37.36
2025-12-08T20:21:00Z,37.00
2025-12-08T20:22:00Z,38.05
2025-12-08T20:23:00Z,38.87
2025-12-08T20:24:00Z,39.00
2025-12-08T20:25:00Z,39.00
2025-12-08T20:26:00Z,39.00
2025-12-08T20:28:00Z,39.00
2025-12-08T20:29:00Z,39.00
2025-12-08T20:31:00Z,38.00
2025-12-08T20:32:00Z,38.00
2025-12-08T20:41:00Z,38.00
2025-12-08T20:43:00Z,37.00
2025-12-08T20:44:00Z,38.00
2025-12-08T20:50:00Z,38.86
2025-12-08T20:51:00Z,39.00
2025-12-08T20:52:00Z,38.00
2025-12-08T20:55:00Z,38.00
2025-12-08T20:56:00Z,39.29
2025-12-08T20:58:00Z,39.00
2025-12-08T21:02:00Z,39.00
2025-12-08T21:05:00Z,40.00
2025-12-08T21:07:00Z,40.00
2025-12-08T21:08:00Z,40.00
2025-12-08T21:10:00Z,40.00
2025-12-08T21:13:00Z,39.00
2025-12-08T21:19:00Z,38.00
2025-12-08T21:21:00Z,39.49
2025-12-08T21:24:00Z,39.68
2025-12-08T21:25:00Z,40.00
2025-12-08T21:26:00Z,40.00
2025-12-08T21:27:00Z,40.21
2025-12-08T21:28:00Z,39.98
2025-12-08T21:30:00Z,41.00
2025-12-08T21:32:00Z,41.00
2025-12-08T21:34:00Z,41.00
2025-12-08T21:36:00Z,40.00
2025-12-08T21:39:00Z,41.00
2025-12-08T21:43:00Z,40.00
2025-12-08T21:45:00Z,41.00
2025-12-08T21:46:00Z,41.00
2025-12-08T21:47:00Z,42.00
2025-12-08T21:50:00Z,41.64
2025-12-08T21:51:00Z,43.00
2025-12-08T21:52:00Z,44.00
2025-12-08T21:53:00Z,43.00
2025-12-08T21:54:00Z,44.00
2025-12-08T21:56:00Z,43.80
2025-12-08T21:57:00Z,44.00
2025-12-08T21:58:00Z,44.00
2025-12-08T22:00:00Z,42.98
2025-12-08T22:01:00Z,43.00
2025-12-08T22:02:00Z,43.00
2025-12-08T22:03:00Z,42.00
2025-12-08T22:05:00Z,41.00
2025-12-08T22:06:00Z,42.00
2025-12-08T22:07:00Z,42.00
2025-12-08T22:10:00Z,42.00
2025-12-08T22:11:00Z,42.00
2025-12-08T22:12:00Z,41.00
2025-12-08T22:14:00Z,41.00
2025-12-08T22:21:00Z,41.00
2025-12-08T22:30:00Z,41.00
2025-12-08T22:31:00Z,41.00
2025-12-08T22:32:00Z,40.00
2025-12-08T22:36:00Z,41.00
2025-12-08T22:37:00Z,41.00
2025-12-08T22:38:00Z,41.00
2025-12-08T22:43:00Z,41.00
2025-12-08T22:44:00Z,41.00
2025-12-08T22:45:00Z,41.00
2025-12-08T22:46:00Z,40.00
2025-12-08T22:48:00Z,40.00
2025-12-08T22:49:00Z,39.92
2025-12-08T22:50:00Z,40.00
2025-12-08T22:52:00Z,39.00
2025-12-08T22:55:00Z,39.14
2025-12-08T22:56:00Z,39.00
2025-12-08T22:57:00Z,40.00
2025-12-08T22:59:00Z,39.00
2025-12-08T23:00:00Z,39.00
2025-12-08T23:01:00Z,40.00
2025-12-08T23:04:00Z,40.00
2025-12-08T23:05:00Z,39.75
2025-12-08T23:06:00Z,40.00
2025-12-08T23:07:00Z,39.00
2025-12-08T23:10:00Z,39.00
2025-12-08T23:14:00Z,40.00
2025-12-08T23:18:00Z,40.00
2025-12-08T23:19:00Z,40.00
2025-12-08T23:21:00Z,39.00
2025-12-08T23:24:00Z,40.00
2025-12-08T23:26:00Z,40.00
2025-12-08T23:29:00Z,39.00
2025-12-08T23:31:00Z,39.00
2025-12-08T23:34:00Z,40.00
2025-12-08T23:35:00Z,40.00
2025-12-08T23:40:00Z,40.00
2025-12-08T23:41:00Z,40.00
2025-12-08T23:42:00Z,39.00
2025-12-08T23:46:00Z,40.00
2025-12-08T23:49:00Z,39.00
2025-12-08T23:51:00Z,38.91
2025-12-08T23:57:00Z,38.00
2025-12-08T23:58:00Z,40.00
2025-12-09T00:06:00Z,40.00
2025-12-09T00:07:00Z,39.00
2025-12-09T00:14:00Z,40.00
2025-12-09T00:17:00Z,39.00
2025-12-09T00:19:00Z,40.86
2025-12-09T00:21:00Z,41.79
2025-12-09T00:24:00Z,41.00
2025-12-09T00:26:00Z,41.00
2025-12-09T00:31:00Z,38.00
2025-12-09T00:33:00Z,40.00
2025-12-09T00:36:00Z,40.00
2025-12-09T00:40:00Z,39.43
2025-12-09T00:41:00Z,38.00
2025-12-09T00:43:00Z,38.00
2025-12-09T00:45:00Z,39.91
2025-12-09T00:46:00Z,40.00
2025-12-09T00:47:00Z,38.00
2025-12-09T00:48:00Z,39.40
2025-12-09T00:50:00Z,38.00
2025-12-09T00:51:00Z,40.00
2025-12-09T00:56:00Z,39.00
2025-12-09T00:59:00Z,37.00
2025-12-09T01:00:00Z,39.00
2025-12-09T01:02:00Z,39.00
2025-12-09T01:07:00Z,38.00
2025-12-09T01:08:00Z,36.37
2025-12-09T01:09:00Z,36.00
2025-12-09T01:11:00Z,36.00
2025-12-09T01:15:00Z,35.00
2025-12-09T01:21:00Z,36.00
2025-12-09T01:23:00Z,37.00
2025-12-09T01:25:00Z,37.00
2025-12-09T01:26:00Z,36.00
2025-12-09T01:31:00Z,35.00
2025-12-09T01:34:00Z,36.00
2025-12-09T01:43:00Z,35.87
2025-12-09T01:44:00Z,35.00
2025-12-09T01:45:00Z,36.00
2025-12-09T01:47:00Z,36.00
2025-12-09T01:49:00Z,36.00
2025-12-09T01:52:00Z,35.00
2025-12-09T01:53:00Z,36.00
2025-12-09T01:55:00Z,35.00
2025-12-09T01:57:00Z,36.00
2025-12-09T01:58:00Z,35.00
2025-12-09T02:00:00Z,36.00
2025-12-09T02:01:00Z,35.00
2025-12-09T02:04:00Z,35.98
2025-12-09T02:05:00Z,37.00
2025-12-09T02:07:00Z,35.00
2025-12-09T02:08:00Z,37.00
2025-12-09T02:10:00Z,35.00
2025-12-09T02:16:00Z,36.00
2025-12-09T02:19:00Z,36.00
2025-12-09T02:20:00Z,35.00
2025-12-09T02:22:00Z,35.00
2025-12-09T02:24:00Z,35.00
2025-12-09T02:28:00Z,36.01
2025-12-09T02:29:00Z,36.50
2025-12-09T02:31:00Z,36.00
2025-12-09T02:32:00Z,36.38
2025-12-09T02:34:00Z,36.00
2025-12-09T02:36:00Z,37.00
2025-12-09T02:38:00Z,37.00
2025-12-09T02:39:00Z,37.00
2025-12-09T02:42:00Z,35.78
2025-12-09T02:50:00Z,36.00
2025-12-09T03:01:00Z,37.00
2025-12-09T03:02:00Z,37.00
2025-12-09T03:06:00Z,36.96
2025-12-09T03:07:00Z,36.00
2025-12-09T03:09:00Z,36.00
2025-12-09T03:12:00Z,36.00
2025-12-09T03:15:00Z,36.00
2025-12-09T03:17:00Z,36.99
2025-12-09T03:18:00Z,36.00
2025-12-09T03:19:00Z,37.00
2025-12-09T03:21:00Z,36.00
2025-12-09T03:22:00Z,35.27
2025-12-09T03:24:00Z,35.00
2025-12-09T03:26:00Z,36.00
2025-12-09T03:30:00Z,33.71
2025-12-09T03:31:00Z,34.00
2025-12-09T03:35:00Z,36.00
2025-12-09T03:36:00Z,35.09
2025-12-09T03:37:00Z,35.00
2025-12-09T03:40:00Z,35.96
2025-12-09T03:45:00Z,37.00
2025-12-09T03:46:00Z,37.00
2025-12-09T03:49:00Z,36.00
2025-12-09T03:50:00Z,35.00
2025-12-09T03:51:00Z,37.00
2025-12-09T03:53:00Z,37.00
2025-12-09T03:54:00Z,37.00
2025-12-09T03:55:00Z,36.97
2025-12-09T03:57:00Z,36.00
2025-12-09T04:01:00Z,37.00
2025-12-09T04:07:00Z,37.74
2025-12-09T04:14:00Z,38.00
2025-12-09T04:15:00Z,38.00
2025-12-09T04:19:00Z,38.00
2025-12-09T04:21:00Z,37.00
2025-12-09T04:23:00Z,37.00
2025-12-09T04:24:00Z,37.00
2025-12-09T04:25:00Z,37.00
2025-12-09T04:31:00Z,37.00
2025-12-09T04:33:00Z,38.00
2025-12-09T04:36:00Z,36.32
2025-12-09T04:38:00Z,35.00
2025-12-09T04:39:00Z,36.00
2025-12-09T04:51:00Z,35.63
2025-12-09T04:52:00Z,35.00
2025-12-09T04:53:00Z,35.00
2025-12-09T04:54:00Z,35.00
2025-12-09T04:56:00Z,35.00
2025-12-09T04:57:00Z,35.00
2025-12-09T04:58:00Z,34.58
2025-12-09T04:59:00Z,34.00
2025-12-09T05:00:00Z,34.00
2025-12-09T05:01:00Z,33.00
2025-12-09T05:02:00Z,33.00
2025-12-09T05:03:00Z,34.00
2025-12-09T05:04:00Z,33.00
2025-12-09T05:05:00Z,34.00
2025-12-09T05:06:00Z,34.00
2025-12-09T05:09:00Z,33.00
2025-12-09T05:10:00Z,34.67
2025-12-09T05:12:00Z,34.00
2025-12-09T05:15:00Z,34.00
2025-12-09T05:16:00Z,33.95
2025-12-09T05:17:00Z,35.00
2025-12-09T05:18:00Z,35.00
2025-12-09T05:22:00Z,34.06
2025-12-09T05:23:00Z,34.00
2025-12-09T05:26:00Z,34.50
2025-12-09T05:27:00Z,35.00
2025-12-09T05:28:00Z,35.00
2025-12-09T05:29:00Z,35.00
2025-12-09T05:33:00Z,35.00
2025-12-09T05:36:00Z,35.00
2025-12-09T05:38:00Z,35.00
2025-12-09T05:39:00Z,35.00
2025-12-09T05:41:00Z,34.00
2025-12-09T05:50:00Z,34.00
2025-12-09T05:51:00Z,35.00
2025-12-09T05:53:00Z,34.00
2025-12-09T05:57:00Z,34.95
2025-12-09T05:59:00Z,34.00
2025-12-09T06:01:00Z,34.00
2025-12-09T06:13:00Z,34.00
2025-12-09T06:14:00Z,34.00
2025-12-09T06:17:00Z,34.00
2025-12-09T06:27:00Z,35.00
2025-12-09T06:33:00Z,35.00
2025-12-09T06:36:00Z,34.00
2025-12-09T06:37:00Z,35.00
2025-12-09T06:46:00Z,35.00
2025-12-09T06:54:00Z,34.00
2025-12-09T06:55:00Z,34.00
2025-12-09T06:56:00Z,34.00
2025-12-09T07:02:00Z,34.00
2025-12-09T07:04:00Z,35.00
2025-12-09T07:08:00Z,35.00
2025-12-09T07:09:00Z,36.00
2025-12-09T07:11:00Z,36.00
2025-12-09T07:12:00Z,36.00
2025-12-09T07:15:00Z,37.00
2025-12-09T07:16:00Z,35.00
2025-12-09T07:18:00Z,38.00
2025-12-09T07:22:00Z,37.92
2025-12-09T07:26:00Z,38.00
2025-12-09T07:31:00Z,36.00
2025-12-09T07:34:00Z,37.00
2025-12-09T07:40:00Z,37.00
2025-12-09T07:41:00Z,38.00
2025-12-09T07:42:00Z,37.00
2025-12-09T07:52:00Z,36.00
2025-12-09T07:53:00Z,37.00
2025-12-09T07:57:00Z,37.00
2025-12-09T08:03:00Z,38.00
2025-12-09T08:06:00Z,38.00
2025-12-09T08:08:00Z,37.00
2025-12-09T08:16:00Z,38.00
2025-12-09T08:18:00Z,38.00
2025-12-09T08:19:00Z,38.00
2025-12-09T08:31:00Z,37.00
2025-12-09T08:36:00Z,36.00
2025-12-09T08:58:00Z,36.93
2025-12-09T09:06:00Z,36.00
2025-12-09T09:14:00Z,36.00
2025-12-09T09:20:00Z,38.00
2025-12-09T09:21:00Z,38.00
2025-12-09T09:22:00Z,38.00
2025-12-09T09:23:00Z,37.00
2025-12-09T09:32:00Z,36.00
2025-12-09T09:33:00Z,36.00
2025-12-09T09:38:00Z,36.00
2025-12-09T09:49:00Z,34.00
2025-12-09T10:08:00Z,36.00
2025-12-09T10:21:00Z,37.00
2025-12-09T10:22:00Z,34.62
2025-12-09T10:27:00Z,34.09
2025-12-09T10:31:00Z,35.22
2025-12-09T10:37:00Z,35.17
2025-12-09T10:43:00Z,34.00
2025-12-09T10:49:00Z,34.00
2025-12-09T10:59:00Z,34.00
2025-12-09T11:01:00Z,35.00
2025-12-09T11:05:00Z,35.00
2025-12-09T11:08:00Z,35.00
2025-12-09T11:15:00Z,36.00
2025-12-09T11:33:00Z,35.00
2025-12-09T11:36:00Z,36.00
2025-12-09T11:40:00Z,35.00
2025-12-09T11:54:00Z,34.00
2025-12-09T11:55:00Z,35.00
2025-12-09T11:56:00Z,35.87
2025-12-09T11:57:00Z,36.00
2025-12-09T11:58:00Z,36.00
2025-12-09T11:59:00Z,36.00
2025-12-09T12:03:00Z,35.00
2025-12-09T12:08:00Z,35.00
2025-12-09T12:10:00Z,35.00
2025-12-09T12:11:00Z,35.00
2025-12-09T12:17:00Z,36.81
2025-12-09T12:18:00Z,36.00
2025-12-09T12:19:00Z,36.00
2025-12-09T12:21:00Z,37.00
2025-12-09T12:23:00Z,37.00
2025-12-09T12:25:00Z,37.00
2025-12-09T12:26:00Z,38.00
2025-12-09T12:27:00Z,38.00
2025-12-09T12:29:00Z,36.19
2025-12-09T12:31:00Z,38.00
2025-12-09T12:33:00Z,38.00
2025-12-09T12:36:00Z,36.03
2025-12-09T12:37:00Z,35.70
2025-12-09T12:38:00Z,36.00
2025-12-09T12:42:00Z,35.64
2025-12-09T12:49:00Z,36.00
2025-12-09T12:50:00Z,37.02
2025-12-09T12:53:00Z,38.00
2025-12-09T12:55:00Z,37.62
2025-12-09T12:58:00Z,38.00
2025-12-09T13:08:00Z,36.52
2025-12-09T13:11:00Z,35.00
2025-12-09T13:12:00Z,35.00
2025-12-09T13:17:00Z,36.50
2025-12-09T13:23:00Z,37.87
2025-12-09T13:25:00Z,38.00
2025-12-09T13:31:00Z,38.00
2025-12-09T13:33:00Z,37.00
2025-12-09T13:37:00Z,37.00
2025-12-09T13:43:00Z,36.00
2025-12-09T13:53:00Z,37.00
2025-12-09T13:57:00Z,37.00
2025-12-09T13:59:00Z,37.00
2025-12-09T14:02:00Z,37.00
2025-12-09T14:05:00Z,37.00
2025-12-09T14:07:00Z,36.27
2025-12-09T14:10:00Z,37.86
2025-12-09T14:13:00Z,38.00
2025-12-09T14:15:00Z,38.00
2025-12-09T14:16:00Z,38.00
2025-12-09T14:17:00Z,37.00
2025-12-09T14:18:00Z,36.00
2025-12-09T14:20:00Z,37.74
2025-12-09T14:23:00Z,38.00
2025-12-09T14:25:00Z,38.00
2025-12-09T14:28:00Z,37.00
2025-12-09T14:30:00Z,38.00
2025-12-09T14:31:00Z,36.00
2025-12-09T14:32:00Z,36.00
2025-12-09T14:33:00Z,35.00
2025-12-09T14:35:00Z,37.00
2025-12-09T14:36:00Z,35.90
2025-12-09T14:40:00Z,37.00
2025-12-09T14:41:00Z,35.09
2025-12-09T14:48:00Z,36.00
2025-12-09T14:49:00Z,35.14
2025-12-09T14:50:00Z,35.00
2025-12-09T14:54:00Z,35.00
2025-12-09T14:55:00Z,35.00
2025-12-09T14:57:00Z,34.72
2025-12-09T14:58:00Z,34.00
2025-12-09T14:59:00Z,34.00
2025-12-09T15:03:00Z,35.00
2025-12-09T15:04:00Z,35.95
2025-12-09T15:05:00Z,36.00
2025-12-09T15:09:00Z,36.65
2025-12-09T15:10:00Z,36.00
2025-12-09T15:11:00Z,36.00
2025-12-09T15:15:00Z,36.00
2025-12-09T15:16:00Z,36.00
2025-12-09T15:17:00Z,36.00
2025-12-09T15:18:00Z,36.50
2025-12-09T15:19:00Z,36.00
2025-12-09T15:21:00Z,36.00
2025-12-09T15:23:00Z,36.00
2025-12-09T15:24:00Z,37.00
2025-12-09T15:27:00Z,37.00
2025-12-09T15:29:00Z,37.00
2025-12-09T15:30:00Z,37.00
2025-12-09T15:31:00Z,37.00
2025-12-09T15:32:00Z,38.00
2025-12-09T15:36:00Z,37.63
2025-12-09T15:38:00Z,38.00
2025-12-09T15:40:00Z,37.95
2025-12-09T15:41:00Z,38.71
2025-12-09T15:42:00Z,39.18
2025-12-09T15:43:00Z,39.00
2025-12-09T15:44:00Z,40.00
2025-12-09T15:45:00Z,39.00
2025-12-09T15:46:00Z,40.21
2025-12-09T15:47:00Z,42.00
2025-12-09T15:49:00Z,42.00
2025-12-09T15:50:00Z,42.00
2025-12-09T15:51:00Z,42.54
2025-12-09T15:52:00Z,44.00
2025-12-09T15:53:00Z,44.33
2025-12-09T15:54:00Z,44.99
2025-12-09T15:55:00Z,45.00
2025-12-09T15:56:00Z,45.00
2025-12-09T15:58:00Z,45.00
2025-12-09T16:00:00Z,44.07
2025-12-09T16:02:00Z,46.11
2025-12-09T16:04:00Z,48.00
2025-12-09T16:05:00Z,48.00
2025-12-09T16:08:00Z,48.00
2025-12-09T16:09:00Z,45.49
2025-12-09T16:10:00Z,47.94
2025-12-09T16:11:00Z,47.28
2025-12-09T16:12:00Z,48.00
2025-12-09T16:13:00Z,48.05
2025-12-09T16:14:00Z,47.46
2025-12-09T16:15:00Z,47.01
2025-12-09T16:16:00Z,48.00
2025-12-09T16:17:00Z,48.94
2025-12-09T16:18:00Z,50.00
2025-12-09T16:19:00Z,49.60
2025-12-09T16:20:00Z,51.00
2025-12-09T16:21:00Z,51.00
2025-12-09T16:23:00Z,51.20
2025-12-09T16:24:00Z,51.95
2025-12-09T16:25:00Z,50.00
2025-12-09T16:26:00Z,51.00
2025-12-09T16:27:00Z,51.00
2025-12-09T16:29:00Z,52.00
2025-12-09T16:30:00Z,50.00
2025-12-09T16:31:00Z,50.34
2025-12-09T16:32:00Z,50.32
2025-12-09T16:34:00Z,51.00
2025-12-09T16:35:00Z,50.00
2025-12-09T16:39:00Z,51.18
2025-12-09T16:40:00Z,52.00
2025-12-09T16:41:00Z,52.00
2025-12-09T16:42:00Z,52.00
2025-12-09T16:43:00Z,52.00
2025-12-09T16:44:00Z,51.03
2025-12-09T16:45:00Z,52.00
2025-12-09T16:46:00Z,52.00
2025-12-09T16:47:00Z,51.57
2025-12-09T16:48:00Z,54.42
2025-12-09T16:49:00Z,54.97
2025-12-09T16:50:00Z,54.97
2025-12-09T16:51:00Z,54.48
2025-12-09T16:52:00Z,54.14
2025-12-09T16:53:00Z,54.98
2025-12-09T16:54:00Z,55.91
2025-12-09T16:55:00Z,55.95
2025-12-09T16:56:00Z,55.82
2025-12-09T16:57:00Z,56.81
2025-12-09T16:58:00Z,55.59
2025-12-09T16:59:00Z,56.96
2025-12-09T17:00:00Z,56.00
2025-12-09T17:01:00Z,57.00
2025-12-09T17:02:00Z,57.00
2025-12-09T17:03:00Z,55.04
2025-12-09T17:04:00Z,54.20
2025-12-09T17:05:00Z,54.52
2025-12-09T17:06:00Z,55.96
2025-12-09T17:07:00Z,55.03
2025-12-09T17:08:00Z,56.84
2025-12-09T17:09:00Z,55.00
2025-12-09T17:10:00Z,56.00
2025-12-09T17:11:00Z,55.00
2025-12-09T17:12:00Z,56.00
2025-12-09T17:13:00Z,55.29
2025-12-09T17:14:00Z,55.09
2025-12-09T17:15:00Z,55.00
2025-12-09T17:16:00Z,55.53
2025-12-09T17:17:00Z,55.00
2025-12-09T17:18:00Z,55.23
2025-12-09T17:19:00Z,55.01
2025-12-09T17:20:00Z,54.40
2025-12-09T17:21:00Z,54.00
2025-12-09T17:22:00Z,54.00
2025-12-09T17:23:00Z,54.15
2025-12-09T17:24:00Z,53.00
2025-12-09T17:26:00Z,53.00
2025-12-09T17:27:00Z,53.57
2025-12-09T17:28:00Z,50.75
2025-12-09T17:30:00Z,49.00
2025-12-09T17:32:00Z,51.00
2025-12-09T17:33:00Z,52.43
2025-12-09T17:34:00Z,52.84
2025-12-09T17:35:00Z,52.00
2025-12-09T17:37:00Z,50.99
2025-12-09T17:38:00Z,50.00
2025-12-09T17:39:00Z,50.00
2025-12-09T17:41:00Z,50.00
2025-12-09T17:42:00Z,50.00
2025-12-09T17:43:00Z,50.00
2025-12-09T17:45:00Z,50.00
2025-12-09T17:46:00Z,51.50
2025-12-09T17:49:00Z,51.01
2025-12-09T17:50:00Z,51.65
2025-12-09T17:55:00Z,51.00
2025-12-09T17:57:00Z,52.00
2025-12-09T17:59:00Z,52.00
2025-12-09T18:03:00Z,52.00
2025-12-09T18:04:00Z,51.33
2025-12-09T18:08:00Z,52.00
2025-12-09T18:10:00Z,51.56
2025-12-09T18:11:00Z,51.00
2025-12-09T18:12:00Z,51.91
2025-12-09T18:14:00Z,51.01
2025-12-09T18:15:00Z,51.00
2025-12-09T18:18:00Z,51.07
2025-12-09T18:21:00Z,51.00
2025-12-09T18:23:00Z,52.00
2025-12-09T18:24:00Z,52.00
2025-12-09T18:25:00Z,52.00
2025-12-09T18:26:00Z,52.00
2025-12-09T18:27:00Z,51.00
2025-12-09T18:28:00Z,52.00
2025-12-09T18:29:00Z,52.00
2025-12-09T18:31:00Z,52.00
2025-12-09T18:34:00Z,53.00
2025-12-09T18:36:00Z,51.81
2025-12-09T18:37:00Z,52.00
2025-12-09T18:38:00Z,51.10
2025-12-09T18:39:00Z,52.00
2025-12-09T18:41:00Z,51.00
2025-12-09T18:42:00Z,52.00
2025-12-09T18:43:00Z,53.00
2025-12-09T18:45:00Z,52.83
2025-12-09T18:46:00Z,53.00
2025-12-09T18:48:00Z,52.00
2025-12-09T18:49:00Z,52.00
2025-12-09T18:50:00Z,52.94
2025-12-09T18:54:00Z,52.80
2025-12-09T18:55:00Z,53.00
2025-12-09T18:56:00Z,53.00
2025-12-09T18:57:00Z,52.04
2025-12-09T18:59:00Z,52.00
2025-12-09T19:02:00Z,53.00
2025-12-09T19:03:00Z,53.00
2025-12-09T19:04:00Z,52.80
2025-12-09T19:05:00Z,52.00
2025-12-09T19:06:00Z,52.00
2025-12-09T19:08:00Z,52.80
2025-12-09T19:09:00Z,52.82
2025-12-09T19:11:00Z,53.00
2025-12-09T19:13:00Z,52.00
2025-12-09T19:15:00Z,52.00
2025-12-09T19:16:00Z,52.00
2025-12-09T19:17:00Z,50.93
2025-12-09T19:18:00Z,50.01
2025-12-09T19:19:00Z,51.00
2025-12-09T19:21:00Z,51.00
2025-12-09T19:22:00Z,50.01
2025-12-09T19:23:00Z,49.76
2025-12-09T19:24:00Z,48.71
2025-12-09T19:25:00Z,49.64
2025-12-09T19:26:00Z,51.59
2025-12-09T19:34:00Z,51.00
2025-12-09T19:35:00Z,51.00
2025-12-09T19:36:00Z,50.00
2025-12-09T19:38:00Z,50.00
2025-12-09T19:42:00Z,51.00
2025-12-09T19:44:00Z,50.00
2025-12-09T19:46:00Z,49.21
2025-12-09T19:47:00Z,50.00
2025-12-09T19:49:00Z,50.00
2025-12-09T19:51:00Z,49.00
2025-12-09T19:52:00Z,49.00
2025-12-09T19:53:00Z,50.00
2025-12-09T19:54:00Z,50.00
2025-12-09T19:55:00Z,49.00
2025-12-09T19:56:00Z,49.98
2025-12-09T19:58:00Z,50.02
2025-12-09T19:59:00Z,51.00
2025-12-09T20:00:00Z,51.00
2025-12-09T20:02:00Z,50.00
2025-12-09T20:06:00Z,50.00
2025-12-09T20:07:00Z,50.50
2025-12-09T20:10:00Z,50.00
2025-12-09T20:11:00Z,49.93
2025-12-09T20:13:00Z,50.00
2025-12-09T20:14:00Z,50.00
2025-12-09T20:19:00Z,50.00
2025-12-09T20:20:00Z,49.00
2025-12-09T20:21:00Z,50.00
2025-12-09T20:22:00Z,50.00
2025-12-09T20:25:00Z,49.00
2025-12-09T20:26:00Z,48.00
2025-12-09T20:27:00Z,48.00
2025-12-09T20:28:00Z,47.07
2025-12-09T20:30:00Z,48.00
2025-12-09T20:32:00Z,49.00
2025-12-09T20:35:00Z,49.00
2025-12-09T20:36:00Z,48.00
2025-12-09T20:37:00Z,48.77
2025-12-09T20:39:00Z,48.01
2025-12-09T20:41:00Z,48.00
2025-12-09T20:42:00Z,47.00
2025-12-09T20:44:00Z,48.00
2025-12-09T20:46:00Z,48.00
2025-12-09T20:51:00Z,48.00
2025-12-09T20:52:00Z,47.00
2025-12-09T20:53:00Z,47.64
2025-12-09T20:54:00Z,48.00
2025-12-09T20:55:00Z,48.60
2025-12-09T20:56:00Z,49.00
2025-12-09T20:58:00Z,49.00
2025-12-09T21:00:00Z,49.00
2025-12-09T21:02:00Z,48.00
2025-12-09T21:03:00Z,47.55
2025-12-09T21:04:00Z,49.00
2025-12-09T21:05:00Z,48.00
2025-12-09T21:06:00Z,49.00
2025-12-09T21:07:00Z,47.12
2025-12-09T21:08:00Z,47.00
2025-12-09T21:11:00Z,48.00
2025-12-09T21:12:00Z,47.35
2025-12-09T21:13:00Z,48.00
2025-12-09T21:17:00Z,49.00
2025-12-09T21:18:00Z,48.08
2025-12-09T21:24:00Z,49.00
2025-12-09T21:27:00Z,48.00
2025-12-09T21:32:00Z,48.00
2025-12-09T21:34:00Z,49.00
2025-12-09T21:36:00Z,49.00
2025-12-09T21:38:00Z,48.00
2025-12-09T21:43:00Z,48.00
2025-12-09T21:45:00Z,48.00
2025-12-09T21:46:00Z,47.70
2025-12-09T21:48:00Z,47.00
2025-12-09T21:49:00Z,47.00
2025-12-09T21:50:00Z,46.00
2025-12-09T21:51:00Z,46.00
2025-12-09T21:53:00Z,46.00
2025-12-09T21:55:00Z,45.00
2025-12-09T21:56:00Z,46.00
2025-12-09T21:57:00Z,46.00
2025-12-09T22:01:00Z,46.00
2025-12-09T22:02:00Z,45.89
2025-12-09T22:04:00Z,46.00
2025-12-09T22:05:00Z,46.00
2025-12-09T22:07:00Z,46.00
2025-12-09T22:08:00Z,46.00
2025-12-09T22:09:00Z,45.44
2025-12-09T22:11:00Z,46.00
2025-12-09T22:12:00Z,46.00
2025-12-09T22:13:00Z,45.00
2025-12-09T22:14:00Z,45.07
2025-12-09T22:15:00Z,45.00
2025-12-09T22:16:00Z,45.00
2025-12-09T22:17:00Z,46.00
2025-12-09T22:19:00Z,45.00
2025-12-09T22:20:00Z,46.00
2025-12-09T22:22:00Z,45.00
2025-12-09T22:24:00Z,45.00
2025-12-09T22:27:00Z,45.10
2025-12-09T22:28:00Z,45.04
2025-12-09T22:29:00Z,46.00
2025-12-09T22:32:00Z,46.00
2025-12-09T22:33:00Z,46.00
2025-12-09T22:35:00Z,45.97
2025-12-09T22:38:00Z,45.69
2025-12-09T22:39:00Z,46.00
2025-12-09T22:44:00Z,46.00
2025-12-09T22:45:00Z,47.00
2025-12-09T22:49:00Z,47.00
2025-12-09T22:52:00Z,47.00
2025-12-09T22:53:00Z,46.00
2025-12-09T22:55:00Z,47.00
2025-12-09T22:56:00Z,47.00
2025-12-09T22:58:00Z,47.00
2025-12-09T23:02:00Z,47.00
2025-12-09T23:03:00Z,46.00
2025-12-09T23:05:00Z,48.00
2025-12-09T23:06:00Z,48.00
2025-12-09T23:08:00Z,47.00
2025-12-09T23:09:00Z,47.00
2025-12-09T23:12:00Z,46.00
2025-12-09T23:14:00Z,46.00
2025-12-09T23:16:00Z,47.00
2025-12-09T23:17:00Z,47.00
2025-12-09T23:21:00Z,46.00
2025-12-09T23:22:00Z,47.00
2025-12-09T23:27:00Z,47.00
2025-12-09T23:28:00Z,46.00
2025-12-09T23:29:00Z,46.00
2025-12-09T23:35:00Z,47.50
2025-12-09T23:38:00Z,48.00
2025-12-09T23:50:00Z,48.00
2025-12-09T23:51:00Z,47.00
2025-12-09T23:54:00Z,48.00
2025-12-09T23:55:00Z,48.00
2025-12-10T00:03:00Z,48.00
2025-12-10T00:05:00Z,48.00
2025-12-10T00:06:00Z,48.00
2025-12-10T00:12:00Z,48.00
2025-12-10T00:14:00Z,47.00
2025-12-10T00:17:00Z,47.00
2025-12-10T00:19:00Z,46.00
2025-12-10T00:20:00Z,46.00
2025-12-10T00:21:00Z,46.00
2025-12-10T00:22:00Z,46.09
2025-12-10T00:25:00Z,47.00
2025-12-10T00:26:00Z,46.00
2025-12-10T00:28:00Z,46.00
2025-12-10T00:30:00Z,44.13
2025-12-10T00:32:00Z,46.00
2025-12-10T00:39:00Z,44.00
2025-12-10T00:43:00Z,45.00
2025-12-10T00:47:00Z,43.15
2025-12-10T00:48:00Z,42.88
2025-12-10T00:50:00Z,43.14
2025-12-10T00:52:00Z,43.77
2025-12-10T00:53:00Z,42.00
2025-12-10T00:56:00Z,43.00
2025-12-10T01:00:00Z,43.00
2025-12-10T01:02:00Z,43.00
2025-12-10T01:03:00Z,43.00
2025-12-10T01:11:00Z,41.00
2025-12-10T01:17:00Z,41.99
2025-12-10T01:18:00Z,42.00
2025-12-10T01:19:00Z,42.30
2025-12-10T01:20:00Z,44.00
2025-12-10T01:24:00Z,43.31
2025-12-10T01:26:00Z,44.00
2025-12-10T01:31:00Z,43.00
2025-12-10T01:35:00Z,43.00
2025-12-10T01:38:00Z,43.00
2025-12-10T01:41:00Z,43.00
2025-12-10T01:42:00Z,43.00
2025-12-10T01:44:00Z,43.82
2025-12-10T01:46:00Z,44.00
2025-12-10T01:47:00Z,43.01
2025-12-10T01:50:00Z,43.00
2025-12-10T01:51:00Z,43.00
2025-12-10T01:52:00Z,41.78
2025-12-10T01:53:00Z,41.00
2025-12-10T01:55:00Z,41.00
2025-12-10T01:56:00Z,42.00
2025-12-10T01:57:00Z,44.00
2025-12-10T01:58:00Z,44.00
2025-12-10T02:03:00Z,43.00
2025-12-10T02:05:00Z,42.00
2025-12-10T02:09:00Z,42.00
2025-12-10T02:12:00Z,42.00
2025-12-10T02:13:00Z,41.17
2025-12-10T02:15:00Z,42.00
2025-12-10T02:16:00Z,41.00
2025-12-10T02:17:00Z,41.97
2025-12-10T02:18:00Z,42.00
2025-12-10T02:19:00Z,42.00
2025-12-10T02:21:00Z,42.00
2025-12-10T02:22:00Z,43.00
2025-12-10T02:23:00Z,43.00
2025-12-10T02:24:00Z,42.64
2025-12-10T02:27:00Z,43.00
2025-12-10T02:28:00Z,42.00
2025-12-10T02:29:00Z,42.00
2025-12-10T02:31:00Z,44.22
2025-12-10T02:35:00Z,44.45
2025-12-10T02:36:00Z,42.00
2025-12-10T02:37:00Z,43.78
2025-12-10T02:39:00Z,44.54
2025-12-10T02:41:00Z,42.98
2025-12-10T02:43:00Z,43.00
2025-12-10T02:51:00Z,44.00
2025-12-10T02:54:00Z,44.00
2025-12-10T02:55:00Z,43.00
2025-12-10T02:56:00Z,41.68
2025-12-10T03:02:00Z,44.00
2025-12-10T03:04:00Z,43.00
2025-12-10T03:05:00Z,43.00
2025-12-10T03:06:00Z,43.00
2025-12-10T03:07:00Z,43.00
2025-12-10T03:08:00Z,42.00
2025-12-10T03:10:00Z,43.00
2025-12-10T03:12:00Z,43.00
2025-12-10T03:13:00Z,41.13
2025-12-10T03:14:00Z,44.00
2025-12-10T03:17:00Z,42.57
2025-12-10T03:19:00Z,43.00
2025-12-10T03:20:00Z,43.00
2025-12-10T03:21:00Z,43.58
2025-12-10T03:23:00Z,42.04
2025-12-10T03:24:00Z,43.00
2025-12-10T03:25:00Z,43.17
2025-12-10T03:28:00Z,43.00
2025-12-10T03:30:00Z,44.00
2025-12-10T03:31:00Z,43.00
2025-12-10T03:35:00Z,43.53
2025-12-10T03:36:00Z,43.55
2025-12-10T03:37:00Z,42.42
2025-12-10T03:38:00Z,44.00
2025-12-10T03:39:00Z,42.23
2025-12-10T03:40:00Z,42.01
2025-12-10T03:41:00Z,44.61
2025-12-10T03:43:00Z,44.20
2025-12-10T03:46:00Z,43.71
2025-12-10T03:47:00Z,44.00
2025-12-10T03:49:00Z,43.00
2025-12-10T03:51:00Z,44.00
2025-12-10T03:53:00Z,44.07
2025-12-10T03:54:00Z,43.84
2025-12-10T03:57:00Z,43.00
2025-12-10T03:59:00Z,44.00
2025-12-10T04:02:00Z,43.84
2025-12-10T04:05:00Z,43.00
2025-12-10T04:14:00Z,42.00
2025-12-10T04:17:00Z,42.00
2025-12-10T04:18:00Z,43.00
2025-12-10T04:22:00Z,43.00
2025-12-10T04:23:00Z,44.00
2025-12-10T04:25:00Z,43.00
2025-12-10T04:26:00Z,44.51
2025-12-10T04:27:00Z,45.00
2025-12-10T04:28:00Z,45.00
2025-12-10T04:30:00Z,44.46
2025-12-10T04:32:00Z,45.00
2025-12-10T04:33:00Z,45.00
2025-12-10T04:34:00Z,45.00
2025-12-10T04:35:00Z,45.00
2025-12-10T04:36:00Z,45.00
2025-12-10T04:40:00Z,44.00
2025-12-10T04:41:00Z,45.00
2025-12-10T04:42:00Z,45.90
2025-12-10T04:43:00Z,45.00
2025-12-10T04:47:00Z,45.00
2025-12-10T04:48:00Z,45.95
2025-12-10T04:49:00Z,45.00
2025-12-10T04:50:00Z,46.00
2025-12-10T04:51:00Z,46.00
2025-12-10T04:54:00Z,46.00
2025-12-10T04:55:00Z,46.00
2025-12-10T04:58:00Z,46.00
2025-12-10T05:00:00Z,46.00
2025-12-10T05:01:00Z,45.00
2025-12-10T05:02:00Z,45.00
2025-12-10T05:04:00Z,46.00
2025-12-10T05:07:00Z,45.00
2025-12-10T05:09:00Z,45.00
2025-12-10T05:10:00Z,46.00
2025-12-10T05:12:00Z,46.00
2025-12-10T05:14:00Z,46.00
2025-12-10T05:17:00Z,46.00
2025-12-10T05:22:00Z,46.00
2025-12-10T05:27:00Z,47.00
2025-12-10T05:30:00Z,47.00
2025-12-10T05:32:00Z,47.00
2025-12-10T05:33:00Z,47.00
2025-12-10T05:35:00Z,46.00
2025-12-10T05:36:00Z,44.13
2025-12-10T05:37:00Z,46.00
2025-12-10T05:38:00Z,44.63
2025-12-10T05:43:00Z,44.00
2025-12-10T05:44:00Z,44.00
2025-12-10T05:45:00Z,44.00
2025-12-10T05:46:00Z,43.00
2025-12-10T05:53:00Z,44.00
2025-12-10T05:54:00Z,45.00
2025-12-10T05:56:00Z,44.00
2025-12-10T06:00:00Z,45.00
2025-12-10T06:03:00Z,45.00
2025-12-10T06:04:00Z,44.00
2025-12-10T06:09:00Z,44.80
2025-12-10T06:10:00Z,45.00
2025-12-10T06:12:00Z,45.00
2025-12-10T06:13:00Z,45.00
2025-12-10T06:19:00Z,45.00
2025-12-10T06:24:00Z,44.55
2025-12-10T06:25:00Z,45.00
2025-12-10T06:26:00Z,45.00
2025-12-10T06:28:00Z,45.00
2025-12-10T06:31:00Z,45.00
2025-12-10T06:35:00Z,45.00
2025-12-10T06:36:00Z,45.00
2025-12-10T06:45:00Z,45.00
2025-12-10T06:47:00Z,45.00
2025-12-10T06:50:00Z,45.00
2025-12-10T06:51:00Z,45.00
2025-12-10T06:52:00Z,45.00
2025-12-10T06:55:00Z,45.00
2025-12-10T06:56:00Z,44.07
2025-12-10T07:02:00Z,45.81
2025-12-10T07:07:00Z,45.00
2025-12-10T07:09:00Z,45.97
2025-12-10T07:11:00Z,45.03
2025-12-10T07:21:00Z,45.33
2025-12-10T07:25:00Z,46.00
2025-12-10T07:26:00Z,45.00
2025-12-10T07:29:00Z,45.00
2025-12-10T07:30:00Z,45.00
2025-12-10T07:32:00Z,45.00
2025-12-10T07:36:00Z,44.66
2025-12-10T07:43:00Z,44.00
2025-12-10T07:55:00Z,44.00
2025-12-10T08:12:00Z,45.00
2025-12-10T08:17:00Z,45.00
2025-12-10T08:30:00Z,44.00
2025-12-10T08:34:00Z,45.00
2025-12-10T08:43:00Z,44.00
2025-12-10T08:59:00Z,45.00
2025-12-10T09:19:00Z,45.00
2025-12-10T09:20:00Z,44.00
2025-12-10T09:22:00Z,45.00
2025-12-10T09:35:00Z,44.00
2025-12-10T09:39:00Z,45.00
2025-12-10T09:40:00Z,44.93
2025-12-10T09:44:00Z,43.02
2025-12-10T09:50:00Z,44.00
2025-12-10T09:53:00Z,45.00
2025-12-10T10:06:00Z,45.00
2025-12-10T10:09:00Z,44.99
2025-12-10T10:28:00Z,45.00
2025-12-10T10:37:00Z,43.00
2025-12-10T10:43:00Z,43.00
2025-12-10T10:50:00Z,43.00
2025-12-10T11:02:00Z,44.00
2025-12-10T11:16:00Z,45.00
2025-12-10T11:24:00Z,43.00
2025-12-10T11:36:00Z,44.00
2025-12-10T11:43:00Z,44.00
2025-12-10T11:46:00Z,43.00
2025-12-10T11:47:00Z,43.00
2025-12-10T11:52:00Z,43.29
2025-12-10T11:59:00Z,44.00
2025-12-10T12:07:00Z,42.00
2025-12-10T12:10:00Z,44.00
2025-12-10T12:19:00Z,42.00
2025-12-10T12:20:00Z,42.00
2025-12-10T12:21:00Z,44.77
2025-12-10T12:23:00Z,45.00
2025-12-10T12:29:00Z,44.00
2025-12-10T12:31:00Z,44.00
2025-12-10T12:35:00Z,45.00
2025-12-10T12:37:00Z,44.00
2025-12-10T12:38:00Z,46.00
2025-12-10T12:40:00Z,45.00
2025-12-10T12:56:00Z,45.00
2025-12-10T13:02:00Z,45.00
2025-12-10T13:21:00Z,45.36
2025-12-10T13:22:00Z,46.00
2025-12-10T13:26:00Z,46.00
2025-12-10T13:36:00Z,44.18
2025-12-10T13:38:00Z,44.00
2025-12-10T13:42:00Z,43.00
2025-12-10T13:43:00Z,43.00
2025-12-10T13:45:00Z,46.00
2025-12-10T13:46:00Z,44.00
2025-12-10T13:47:00Z,46.00
2025-12-10T13:48:00Z,47.23
2025-12-10T13:50:00Z,45.01
2025-12-10T13:51:00Z,46.75
2025-12-10T13:52:00Z,45.00
2025-12-10T13:53:00Z,48.00
2025-12-10T13:55:00Z,47.14
2025-12-10T13:56:00Z,47.60
2025-12-10T13:57:00Z,49.00
2025-12-10T13:58:00Z,49.00
2025-12-10T13:59:00Z,48.00
2025-12-10T14:00:00Z,49.00
2025-12-10T14:02:00Z,49.00
2025-12-10T14:03:00Z,47.02
2025-12-10T14:04:00Z,49.00
2025-12-10T14:08:00Z,48.00
2025-12-10T14:09:00Z,48.00
2025-12-10T14:10:00Z,48.00
2025-12-10T14:15:00Z,48.00
2025-12-10T14:16:00Z,46.85
2025-12-10T14:18:00Z,45.00
2025-12-10T14:21:00Z,46.00
2025-12-10T14:23:00Z,45.71
2025-12-10T14:24:00Z,44.07
2025-12-10T14:29:00Z,45.00
2025-12-10T14:31:00Z,46.00
2025-12-10T14:32:00Z,45.00
2025-12-10T14:34:00Z,45.00
2025-12-10T14:38:00Z,46.00
2025-12-10T14:39:00Z,45.00
2025-12-10T14:41:00Z,45.00
2025-12-10T14:42:00Z,46.00
2025-12-10T14:43:00Z,45.00
2025-12-10T14:44:00Z,45.00
2025-12-10T14:46:00Z,44.00
2025-12-10T14:48:00Z,44.00
2025-12-10T14:49:00Z,44.00
2025-12-10T14:50:00Z,44.00
2025-12-10T14:54:00Z,43.95
2025-12-10T14:55:00Z,44.00
2025-12-10T14:56:00Z,45.00
2025-12-10T14:59:00Z,45.00
2025-12-10T15:02:00Z,44.00
2025-12-10T15:05:00Z,43.00
2025-12-10T15:08:00Z,44.00
2025-12-10T15:09:00Z,39.01
2025-12-10T15:10:00Z,43.00
2025-12-10T15:11:00Z,43.00
2025-12-10T15:12:00Z,42.00
2025-12-10T15:15:00Z,42.00
2025-12-10T15:22:00Z,43.00
2025-12-10T15:24:00Z,42.00
2025-12-10T15:28:00Z,42.00
2025-12-10T15:30:00Z,41.00
2025-12-10T15:31:00Z,42.00
2025-12-10T15:33:00Z,41.29
2025-12-10T15:35:00Z,41.35
2025-12-10T15:37:00Z,42.00
2025-12-10T15:40:00Z,40.10
2025-12-10T15:43:00Z,41.00
2025-12-10T15:44:00Z,40.00
2025-12-10T15:45:00Z,40.00
2025-12-10T15:46:00Z,39.94
2025-12-10T15:47:00Z,41.00
2025-12-10T15:51:00Z,40.87
2025-12-10T15:52:00Z,40.00
2025-12-10T15:54:00Z,40.00
2025-12-10T15:55:00Z,40.00
2025-12-10T15:57:00Z,39.00
2025-12-10T15:59:00Z,40.00
2025-12-10T16:01:00Z,40.00
2025-12-10T16:02:00Z,40.00
2025-12-10T16:05:00Z,40.00
2025-12-10T16:06:00Z,40.90
2025-12-10T16:07:00Z,40.00
2025-12-10T16:09:00Z,41.00
2025-12-10T16:14:00Z,40.00
2025-12-10T16:16:00Z,41.00
2025-12-10T16:17:00Z,40.60
2025-12-10T16:18:00Z,40.98
2025-12-10T16:19:00Z,40.95
2025-12-10T16:20:00Z,41.00
2025-12-10T16:22:00Z,41.00
2025-12-10T16:25:00Z,41.00
2025-12-10T16:29:00Z,41.00
2025-12-10T16:30:00Z,41.00
2025-12-10T16:31:00Z,41.00
2025-12-10T16:32:00Z,41.37
2025-12-10T16:34:00Z,41.76
2025-12-10T16:35:00Z,42.00
2025-12-10T16:36:00Z,42.00
2025-12-10T16:38:00Z,42.00
2025-12-10T16:39:00Z,42.00
2025-12-10T16:40:00Z,42.00
2025-12-10T16:41:00Z,42.00
2025-12-10T16:43:00Z,42.00
2025-12-10T16:45:00Z,41.00
2025-12-10T16:47:00Z,41.00
2025-12-10T16:48:00Z,41.00
2025-12-10T16:50:00Z,41.73
2025-12-10T16:53:00Z,42.00
2025-12-10T16:54:00Z,41.00
2025-12-10T16:55:00Z,42.00
2025-12-10T16:56:00Z,42.60
2025-12-10T16:57:00Z,42.00
2025-12-10T16:58:00Z,42.00
2025-12-10T16:59:00Z,42.02
2025-12-10T17:00:00Z,42.80
2025-12-10T17:01:00Z,42.00
2025-12-10T17:03:00Z,41.00
2025-12-10T17:04:00Z,43.00
2025-12-10T17:05:00Z,43.00
2025-12-10T17:06:00Z,43.00
2025-12-10T17:07:00Z,42.25
2025-12-10T17:10:00Z,43.00
2025-12-10T17:12:00Z,42.00
2025-12-10T17:13:00Z,43.00
2025-12-10T17:19:00Z,42.11
2025-12-10T17:20:00Z,42.00
2025-12-10T17:21:00Z,43.00
2025-12-10T17:23:00Z,43.86
2025-12-10T17:25:00Z,42.00
2025-12-10T17:27:00Z,42.00
2025-12-10T17:29:00Z,42.37
2025-12-10T17:30:00Z,42.00
2025-12-10T17:31:00Z,42.00
2025-12-10T17:35:00Z,42.00
2025-12-10T17:38:00Z,42.00
2025-12-10T17:39:00Z,42.00
2025-12-10T17:42:00Z,42.00
2025-12-10T17:43:00Z,43.00
2025-12-10T17:44:00Z,43.00
2025-12-10T17:46:00Z,42.00
2025-12-10T17:47:00Z,43.00
2025-12-10T17:48:00Z,43.00
2025-12-10T17:50:00Z,44.00
2025-12-10T17:54:00Z,43.00
2025-12-10T17:56:00Z,43.25
2025-12-10T17:57:00Z,44.00
2025-12-10T17:58:00Z,44.00
2025-12-10T18:00:00Z,43.44
2025-12-10T18:01:00Z,43.00
2025-12-10T18:02:00Z,44.00
2025-12-10T18:03:00Z,43.98
2025-12-10T18:04:00Z,43.00
2025-12-10T18:05:00Z,43.00
2025-12-10T18:08:00Z,45.00
2025-12-10T18:10:00Z,44.00
2025-12-10T18:11:00Z,44.00
2025-12-10T18:12:00Z,45.00
2025-12-10T18:13:00Z,45.00
2025-12-10T18:14:00Z,45.00
2025-12-10T18:15:00Z,44.00
2025-12-10T18:18:00Z,44.02
2025-12-10T18:19:00Z,45.00
2025-12-10T18:20:00Z,44.00
2025-12-10T18:21:00Z,44.00
2025-12-10T18:22:00Z,43.00
2025-12-10T18:23:00Z,42.00
2025-12-10T18:24:00Z,43.52
2025-12-10T18:25:00Z,42.00
2025-12-10T18:27:00Z,43.00
2025-12-10T18:28:00Z,43.00
2025-12-10T18:31:00Z,44.00
2025-12-10T18:32:00Z,43.00
2025-12-10T18:33:00Z,43.00
2025-12-10T18:34:00Z,44.00
2025-12-10T18:37:00Z,43.00
2025-12-10T18:38:00Z,44.00
2025-12-10T18:41:00Z,45.00
2025-12-10T18:43:00Z,45.00
2025-12-10T18:46:00Z,45.00
2025-12-10T18:48:00Z,44.00
2025-12-10T18:49:00Z,45.00
2025-12-10T18:51:00Z,45.00
2025-12-10T18:52:00Z,44.00
2025-12-10T18:53:00Z,45.00
2025-12-10T18:54:00Z,44.00
2025-12-10T18:55:00Z,45.00
2025-12-10T18:56:00Z,44.00
2025-12-10T18:57:00Z,43.00
2025-12-10T19:00:00Z,43.00
2025-12-10T19:01:00Z,44.17
2025-12-10T19:02:00Z,45.00
2025-12-10T19:04:00Z,44.00
2025-12-10T19:05:00Z,44.60
2025-12-10T19:11:00Z,45.00
2025-12-10T19:12:00Z,45.00
2025-12-10T19:13:00Z,45.00
2025-12-10T19:14:00Z,44.42
2025-12-10T19:17:00Z,45.44
2025-12-10T19:18:00Z,45.28
2025-12-10T19:19:00Z,45.39
2025-12-10T19:20:00Z,45.00
2025-12-10T19:23:00Z,46.00
2025-12-10T19:25:00Z,45.96
2025-12-10T19:29:00Z,44.99
2025-12-10T19:31:00Z,44.00
2025-12-10T19:33:00Z,44.00
2025-12-10T19:34:00Z,44.00
2025-12-10T19:36:00Z,45.00
2025-12-10T19:37:00Z,44.01
2025-12-10T19:38:00Z,45.00
2025-12-10T19:39:00Z,44.00
2025-12-10T19:40:00Z,44.79
2025-12-10T19:41:00Z,45.00
2025-12-10T19:42:00Z,44.00
2025-12-10T19:43:00Z,44.00
2025-12-10T19:44:00Z,43.00
2025-12-10T19:45:00Z,44.00
2025-12-10T19:46:00Z,43.00
2025-12-10T19:47:00Z,44.00
2025-12-10T19:48:00Z,43.00
2025-12-10T19:50:00Z,43.00
2025-12-10T19:51:00Z,43.00
2025-12-10T19:52:00Z,43.00
2025-12-10T19:53:00Z,42.00
2025-12-10T19:54:00Z,43.12
2025-12-10T19:56:00Z,44.18
2025-12-10T19:59:00Z,45.00
2025-12-10T20:00:00Z,45.00
2025-12-10T20:05:00Z,44.00
2025-12-10T20:06:00Z,48.58
2025-12-10T20:08:00Z,47.00
2025-12-10T20:10:00Z,47.93
2025-12-10T20:11:00Z,51.40
2025-12-10T20:12:00Z,49.86
2025-12-10T20:15:00Z,53.00
2025-12-10T20:16:00Z,53.00
2025-12-10T20:17:00Z,52.99
2025-12-10T20:18:00Z,57.18
2025-12-10T20:19:00Z,56.05
2025-12-10T20:20:00Z,54.07
2025-12-10T20:21:00Z,54.14
2025-12-10T20:22:00Z,54.06
2025-12-10T20:23:00Z,54.10
2025-12-10T20:24:00Z,53.00
2025-12-10T20:25:00Z,52.22
2025-12-10T20:26:00Z,51.62
2025-12-10T20:27:00Z,51.00
2025-12-10T20:28:00Z,50.56
2025-12-10T20:29:00Z,51.00
2025-12-10T20:30:00Z,51.00
2025-12-10T20:31:00Z,50.03
2025-12-10T20:32:00Z,51.00
2025-12-10T20:35:00Z,50.00
2025-12-10T20:36:00Z,51.00
2025-12-10T20:37:00Z,51.00
2025-12-10T20:38:00Z,50.00
2025-12-10T20:39:00Z,50.67
2025-12-10T20:42:00Z,50.02
2025-12-10T20:43:00Z,51.00
2025-12-10T20:46:00Z,50.00
2025-12-10T20:47:00Z,50.02
2025-12-10T20:48:00Z,51.00
2025-12-10T20:50:00Z,50.00
2025-12-10T20:51:00Z,50.49
2025-12-10T20:52:00Z,50.31
2025-12-10T20:53:00Z,49.13
2025-12-10T20:54:00Z,47.97
2025-12-10T20:56:00Z,47.00
2025-12-10T20:57:00Z,47.00
2025-12-10T20:58:00Z,46.00
2025-12-10T21:00:00Z,46.00
2025-12-10T21:01:00Z,45.00
2025-12-10T21:02:00Z,45.10
2025-12-10T21:03:00Z,46.00
2025-12-10T21:04:00Z,45.00
2025-12-10T21:05:00Z,46.00
2025-12-10T21:06:00Z,46.00
2025-12-10T21:07:00Z,45.87
2025-12-10T21:08:00Z,45.42
2025-12-10T21:09:00Z,44.00
2025-12-10T21:11:00Z,43.00
2025-12-10T21:12:00Z,43.00
2025-12-10T21:13:00Z,43.95
2025-12-10T21:16:00Z,44.00
2025-12-10T21:17:00Z,44.00
2025-12-10T21:18:00Z,43.92
2025-12-10T21:19:00Z,43.66
2025-12-10T21:20:00Z,43.98
2025-12-10T21:21:00Z,43.00
2025-12-10T21:22:00Z,43.00
2025-12-10T21:23:00Z,43.00
2025-12-10T21:26:00Z,44.00
2025-12-10T21:28:00Z,44.38
2025-12-10T21:30:00Z,45.00
2025-12-10T21:31:00Z,45.00
2025-12-10T21:32:00Z,45.00
2025-12-10T21:33:00Z,44.19
2025-12-10T21:35:00Z,45.00
2025-12-10T21:36:00Z,45.00
2025-12-10T21:37:00Z,44.00
2025-12-10T21:38:00Z,44.00
2025-12-10T21:39:00Z,44.00
2025-12-10T21:40:00Z,44.00
2025-12-10T21:47:00Z,43.00
2025-12-10T21:51:00Z,44.34
2025-12-10T21:54:00Z,44.69
2025-12-10T21:56:00Z,45.00
2025-12-10T21:57:00Z,44.00
2025-12-10T21:58:00Z,44.03
2025-12-10T22:00:00Z,43.00
2025-12-10T22:01:00Z,43.72
2025-12-10T22:02:00Z,43.00
2025-12-10T22:04:00Z,43.01
2025-12-10T22:06:00Z,42.00
2025-12-10T22:07:00Z,43.00
2025-12-10T22:08:00Z,43.00
2025-12-10T22:09:00Z,42.00
2025-12-10T22:12:00Z,42.90
2025-12-10T22:13:00Z,42.00
2025-12-10T22:14:00Z,41.04
2025-12-10T22:15:00Z,39.69
2025-12-10T22:17:00Z,40.00
2025-12-10T22:21:00Z,40.00
2025-12-10T22:22:00Z,41.00
2025-12-10T22:23:00Z,40.00
2025-12-10T22:27:00Z,41.08
2025-12-10T22:29:00Z,41.02
2025-12-10T22:33:00Z,40.04
2025-12-10T22:35:00Z,41.00
2025-12-10T22:36:00Z,41.00
2025-12-10T22:38:00Z,40.00
2025-12-10T22:39:00Z,40.04
2025-12-10T22:40:00Z,40.00
2025-12-10T22:41:00Z,40.00
2025-12-10T22:42:00Z,40.00
2025-12-10T22:46:00Z,41.00
2025-12-10T22:47:00Z,40.00
2025-12-10T22:48:00Z,41.00
2025-12-10T22:49:00Z,41.00
2025-12-10T22:50:00Z,40.00
2025-12-10T22:54:00Z,40.00
2025-12-10T22:59:00Z,40.00
2025-12-10T23:00:00Z,41.00
2025-12-10T23:01:00Z,40.94
2025-12-10T23:02:00Z,41.00
2025-12-10T23:03:00Z,42.00
2025-12-10T23:04:00Z,42.00
2025-12-10T23:05:00Z,42.00
2025-12-10T23:11:00Z,41.00
2025-12-10T23:13:00Z,41.00
2025-12-10T23:14:00Z,42.00
2025-12-10T23:16:00Z,42.00
2025-12-10T23:17:00Z,42.00
2025-12-10T23:20:00Z,41.00
2025-12-10T23:24:00Z,42.00
2025-12-10T23:27:00Z,41.00
2025-12-10T23:29:00Z,42.00
2025-12-10T23:30:00Z,42.00
2025-12-10T23:31:00Z,41.02
2025-12-10T23:32:00Z,41.00
2025-12-10T23:38:00Z,42.00
2025-12-10T23:39:00Z,42.00
2025-12-10T23:40:00Z,41.00
2025-12-10T23:42:00Z,41.00
2025-12-10T23:44:00Z,41.00
2025-12-10T23:45:00Z,41.03
2025-12-10T23:46:00Z,41.00
2025-12-10T23:47:00Z,41.99
2025-12-10T23:48:00Z,41.37
2025-12-10T23:49:00Z,42.00
2025-12-10T23:50:00Z,41.97
2025-12-10T23:51:00Z,42.00
2025-12-10T23:52:00Z,42.00
2025-12-10T23:53:00Z,42.00
2025-12-10T23:54:00Z,42.00
2025-12-10T23:56:00Z,42.00
2025-12-10T23:58:00Z,41.00
2025-12-10T23:59:00Z,41.33
2025-12-11T00:03:00Z,42.00
2025-12-11T00:04:00Z,42.00
2025-12-11T00:05:00Z,41.00
2025-12-11T00:08:00Z,41.00
2025-12-11T00:09:00Z,42.00
2025-12-11T00:12:00Z,42.00
2025-12-11T00:15:00Z,42.00
2025-12-11T00:17:00Z,42.00
2025-12-11T00:19:00Z,42.00
2025-12-11T00:20:00Z,41.00
2025-12-11T00:23:00Z,41.00
2025-12-11T00:24:00Z,41.00
2025-12-11T00:25:00Z,41.00
2025-12-11T00:27:00Z,42.00
2025-12-11T00:30:00Z,41.00
2025-12-11T00:31:00Z,42.00
2025-12-11T00:34:00Z,42.00
2025-12-11T00:35:00Z,41.00
2025-12-11T00:37:00Z,41.97
2025-12-11T00:38:00Z,42.00
2025-12-11T00:40:00Z,41.35
2025-12-11T00:42:00Z,41.00
2025-12-11T00:43:00Z,41.00
2025-12-11T00:46:00Z,40.00
2025-12-11T00:47:00Z,40.00
2025-12-11T00:48:00Z,40.00
2025-12-11T00:50:00Z,39.00
2025-12-11T00:51:00Z,40.00
2025-12-11T00:53:00Z,39.00
2025-12-11T00:54:00Z,40.00
2025-12-11T00:56:00Z,40.00
2025-12-11T00:57:00Z,40.00
2025-12-11T00:58:00Z,38.36
2025-12-11T00:59:00Z,39.00
2025-12-11T01:01:00Z,39.00
2025-12-11T01:02:00Z,39.92
2025-12-11T01:03:00Z,39.50
2025-12-11T01:10:00Z,39.05
2025-12-11T01:11:00Z,37.96
2025-12-11T01:12:00Z,38.00
2025-12-11T01:16:00Z,37.00
2025-12-11T01:17:00Z,36.00
2025-12-11T01:18:00Z,36.00
2025-12-11T01:19:00Z,37.00
2025-12-11T01:20:00Z,37.00
2025-12-11T01:21:00Z,37.00
2025-12-11T01:27:00Z,37.00
2025-12-11T01:28:00Z,37.00
2025-12-11T01:29:00Z,37.00
2025-12-11T01:31:00Z,38.00
2025-12-11T01:33:00Z,37.00
2025-12-11T01:34:00Z,36.28
2025-12-11T01:35:00Z,37.12
2025-12-11T01:38:00Z,35.33
2025-12-11T01:39:00Z,34.00
2025-12-11T01:40:00Z,34.00
2025-12-11T01:42:00Z,35.83
2025-12-11T01:43:00Z,34.00
2025-12-11T01:46:00Z,33.00
2025-12-11T01:47:00Z,34.00
2025-12-11T01:50:00Z,33.50
2025-12-11T01:52:00Z,34.00
2025-12-11T01:53:00Z,33.12
2025-12-11T01:54:00Z,33.57
2025-12-11T01:55:00Z,34.00
2025-12-11T01:56:00Z,32.20
2025-12-11T01:58:00Z,33.00
2025-12-11T01:59:00Z,33.00
2025-12-11T02:00:00Z,33.00
2025-12-11T02:02:00Z,33.00
2025-12-11T02:05:00Z,33.74
2025-12-11T02:08:00Z,33.00
2025-12-11T02:09:00Z,34.00
2025-12-11T02:10:00Z,34.00
2025-12-11T02:11:00Z,33.15
2025-12-11T02:12:00Z,33.00
2025-12-11T02:13:00Z,33.33
2025-12-11T02:16:00Z,34.00
2025-12-11T02:17:00Z,34.00
2025-12-11T02:18:00Z,33.00
2025-12-11T02:19:00Z,33.00
2025-12-11T02:20:00Z,33.96
2025-12-11T02:21:00Z,33.00
2025-12-11T02:23:00Z,32.73
2025-12-11T02:24:00Z,33.01
2025-12-11T02:25:00Z,33.00
2025-12-11T02:26:00Z,32.74
2025-12-11T02:27:00Z,33.00
2025-12-11T02:28:00Z,34.00
2025-12-11T02:29:00Z,34.00
2025-12-11T02:32:00Z,34.00
2025-12-11T02:33:00Z,33.00
2025-12-11T02:35:00Z,33.00
2025-12-11T02:36:00Z,34.00
2025-12-11T02:37:00Z,34.00
2025-12-11T02:38:00Z,34.00
2025-12-11T02:39:00Z,34.00
2025-12-11T02:41:00Z,33.00
2025-12-11T02:43:00Z,33.00
2025-12-11T02:44:00Z,33.00
2025-12-11T02:45:00Z,33.72
2025-12-11T02:46:00Z,33.39
2025-12-11T02:47:00Z,32.21
2025-12-11T02:48:00Z,32.00
2025-12-11T02:50:00Z,31.00
2025-12-11T02:51:00Z,32.96
2025-12-11T02:53:00Z,32.00
2025-12-11T02:54:00Z,32.00
2025-12-11T02:55:00Z,33.00
2025-12-11T02:56:00Z,33.00
2025-12-11T02:59:00Z,33.00
2025-12-11T03:06:00Z,33.00
2025-12-11T03:07:00Z,32.00
2025-12-11T03:08:00Z,33.00
2025-12-11T03:09:00Z,32.00
2025-12-11T03:11:00Z,32.00
2025-12-11T03:12:00Z,31.95
2025-12-11T03:13:00Z,31.00
2025-12-11T03:14:00Z,31.45
2025-12-11T03:15:00Z,31.00
2025-12-11T03:16:00Z,31.00
2025-12-11T03:17:00Z,31.00
2025-12-11T03:18:00Z,31.00
2025-12-11T03:20:00Z,31.00
2025-12-11T03:22:00Z,31.00
2025-12-11T03:23:00Z,31.17
2025-12-11T03:24:00Z,32.00
2025-12-11T03:25:00Z,31.58
2025-12-11T03:27:00Z,32.00
2025-12-11T03:30:00Z,31.22
2025-12-11T03:31:00Z,31.00
2025-12-11T03:33:00Z,31.00
2025-12-11T03:34:00Z,31.00
2025-12-11T03:35:00Z,31.00
2025-12-11T03:37:00Z,32.00
2025-12-11T03:38:00Z,31.00
2025-12-11T03:41:00Z,31.00
2025-12-11T03:42:00Z,31.93
2025-12-11T03:44:00Z,31.00
2025-12-11T03:45:00Z,31.66
2025-12-11T03:46:00Z,31.00
2025-12-11T03:47:00Z,32.00
2025-12-11T03:48:00Z,32.00
2025-12-11T03:49:00Z,32.00
2025-12-11T03:51:00Z,31.50
2025-12-11T03:53:00Z,32.00
2025-12-11T03:54:00Z,31.18
2025-12-11T03:56:00Z,32.00
2025-12-11T03:57:00Z,32.47
2025-12-11T03:58:00Z,32.00
2025-12-11T04:00:00Z,32.00
2025-12-11T04:01:00Z,32.00
2025-12-11T04:02:00Z,32.84
2025-12-11T04:04:00Z,32.31
2025-12-11T04:05:00Z,33.00
2025-12-11T04:11:00Z,32.79
2025-12-11T04:12:00Z,33.00
2025-12-11T04:13:00Z,32.00
2025-12-11T04:14:00Z,32.00
2025-12-11T04:16:00Z,32.00
2025-12-11T04:18:00Z,33.00
2025-12-11T04:19:00Z,31.95
2025-12-11T04:20:00Z,31.00
2025-12-11T04:22:00Z,31.27
2025-12-11T04:23:00Z,32.00
2025-12-11T04:24:00Z,31.00
2025-12-11T04:26:00Z,32.00
2025-12-11T04:27:00Z,33.00
2025-12-11T04:28:00Z,33.00
2025-12-11T04:31:00Z,32.00
2025-12-11T04:32:00Z,32.00
2025-12-11T04:34:00Z,32.00
2025-12-11T04:35:00Z,32.00
2025-12-11T04:40:00Z,32.00
2025-12-11T04:41:00Z,32.00
2025-12-11T04:42:00Z,32.00
2025-12-11T04:44:00Z,31.00
2025-12-11T04:47:00Z,32.00
2025-12-11T04:49:00Z,32.00
2025-12-11T04:50:00Z,33.12
2025-12-11T04:53:00Z,33.00
2025-12-11T04:54:00Z,34.00
2025-12-11T04:56:00Z,33.95
2025-12-11T04:57:00Z,34.00
2025-12-11T04:59:00Z,34.00
2025-12-11T05:00:00Z,34.00
2025-12-11T05:07:00Z,34.00
2025-12-11T05:08:00Z,34.00
2025-12-11T05:09:00Z,34.00
2025-12-11T05:11:00Z,34.00
2025-12-11T05:13:00Z,34.00
2025-12-11T05:14:00Z,33.00
2025-12-11T05:15:00Z,34.00
2025-12-11T05:23:00Z,33.00
2025-12-11T05:24:00Z,33.00
2025-12-11T05:30:00Z,34.00
2025-12-11T05:35:00Z,34.00
2025-12-11T05:36:00Z,34.00
2025-12-11T05:37:00Z,34.00
2025-12-11T05:39:00Z,33.00
2025-12-11T05:41:00Z,34.94
2025-12-11T05:44:00Z,34.00
2025-12-11T05:45:00Z,33.82
2025-12-11T05:46:00Z,33.00
2025-12-11T05:47:00Z,33.14
2025-12-11T05:48:00Z,33.00
2025-12-11T05:53:00Z,33.00
2025-12-11T05:54:00Z,34.00
2025-12-11T05:56:00Z,34.00
2025-12-11T06:00:00Z,34.00
2025-12-11T06:06:00Z,34.00
2025-12-11T06:07:00Z,33.00
2025-12-11T06:09:00Z,34.00
2025-12-11T06:11:00Z,33.00
2025-12-11T06:13:00Z,34.00
2025-12-11T06:16:00Z,33.00
2025-12-11T06:17:00Z,34.00
2025-12-11T06:22:00Z,33.00
2025-12-11T06:25:00Z,33.00
2025-12-11T06:32:00Z,34.00
2025-12-11T06:33:00Z,34.25
2025-12-11T06:34:00Z,34.00
2025-12-11T06:35:00Z,33.62
2025-12-11T06:36:00Z,34.00
2025-12-11T06:42:00Z,34.00
2025-12-11T06:44:00Z,34.00
2025-12-11T06:47:00Z,34.00
2025-12-11T06:50:00Z,35.00
2025-12-11T06:52:00Z,35.00
2025-12-11T06:55:00Z,34.00
2025-12-11T06:59:00Z,34.00
2025-12-11T07:00:00Z,34.90
2025-12-11T07:07:00Z,34.00
2025-12-11T07:10:00Z,35.00
2025-12-11T07:14:00Z,33.00
2025-12-11T07:16:00Z,35.00
2025-12-11T07:17:00Z,34.94
2025-12-11T07:21:00Z,35.00
2025-12-11T07:22:00Z,33.00
2025-12-11T07:25:00Z,33.00
2025-12-11T07:26:00Z,33.00
2025-12-11T07:28:00Z,34.00
2025-12-11T07:31:00Z,35.00
2025-12-11T07:34:00Z,35.00
2025-12-11T07:35:00Z,34.00
2025-12-11T07:37:00Z,35.00
2025-12-11T07:43:00Z,34.00
2025-12-11T07:50:00Z,33.00
2025-12-11T07:59:00Z,33.00
2025-12-11T10:32:00Z,33.00
2025-12-11T10:34:00Z,35.00
2025-12-11T10:42:00Z,33.00
2025-12-11T10:43:00Z,33.00
2025-12-11T10:52:00Z,35.00
2025-12-11T10:56:00Z,35.00
2025-12-11T10:59:00Z,35.00
2025-12-11T11:08:00Z,34.00
2025-12-11T11:09:00Z,34.98
2025-12-11T11:14:00Z,33.00
2025-12-11T11:22:00Z,35.00
2025-12-11T11:26:00Z,33.00
2025-12-11T11:27:00Z,33.00
2025-12-11T11:31:00Z,33.00
2025-12-11T11:44:00Z,33.00
2025-12-11T11:47:00Z,33.00
2025-12-11T11:49:00Z,35.00
2025-12-11T11:52:00Z,34.00
2025-12-11T11:58:00Z,34.08
2025-12-11T12:10:00Z,33.00
2025-12-11T12:13:00Z,33.00
2025-12-11T12:17:00Z,33.66
2025-12-11T12:18:00Z,34.00
2025-12-11T12:19:00Z,33.00
2025-12-11T12:29:00Z,33.00
2025-12-11T12:30:00Z,35.00
2025-12-11T12:34:00Z,33.00
2025-12-11T12:35:00Z,35.00
2025-12-11T12:37:00Z,35.31
2025-12-11T12:38:00Z,36.00
2025-12-11T12:39:00Z,33.00
2025-12-11T12:42:00Z,33.00
2025-12-11T12:43:00Z,33.00
2025-12-11T12:49:00Z,33.00
2025-12-11T12:50:00Z,33.00
2025-12-11T12:53:00Z,33.00
2025-12-11T12:57:00Z,34.00
2025-12-11T13:01:00Z,33.00
2025-12-11T13:02:00Z,34.00
2025-12-11T13:03:00Z,33.00
2025-12-11T13:04:00Z,33.95
2025-12-11T13:09:00Z,34.00
2025-12-11T13:10:00Z,34.00
2025-12-11T13:11:00Z,33.00
2025-12-11T13:12:00Z,33.00
2025-12-11T13:14:00Z,34.00
2025-12-11T13:16:00Z,32.25
2025-12-11T13:17:00Z,31.00
2025-12-11T13:22:00Z,31.00
2025-12-11T13:24:00Z,31.00
2025-12-11T13:27:00Z,31.00
2025-12-11T13:28:00Z,31.00
2025-12-11T13:29:00Z,31.00
2025-12-11T13:33:00Z,31.00
2025-12-11T13:37:00Z,31.00
2025-12-11T13:40:00Z,32.00
2025-12-11T13:42:00Z,31.82
2025-12-11T13:44:00Z,31.00
2025-12-11T13:45:00Z,31.49
2025-12-11T13:46:00Z,32.00
2025-12-11T13:48:00Z,32.00
2025-12-11T13:49:00Z,31.99
2025-12-11T13:50:00Z,31.00
2025-12-11T13:51:00Z,32.00
2025-12-11T13:52:00Z,30.00
2025-12-11T13:54:00Z,30.00
2025-12-11T13:57:00Z,31.68
2025-12-11T14:00:00Z,32.00
2025-12-11T14:01:00Z,31.00
2025-12-11T14:02:00Z,31.00
2025-12-11T14:03:00Z,30.00
2025-12-11T14:07:00Z,31.00
2025-12-11T14:10:00Z,31.00
2025-12-11T14:11:00Z,30.00
2025-12-11T14:13:00Z,31.00
2025-12-11T14:14:00Z,31.00
2025-12-11T14:15:00Z,31.00
2025-12-11T14:16:00Z,30.00
2025-12-11T14:17:00Z,30.09
2025-12-11T14:19:00Z,30.00
2025-12-11T14:20:00Z,31.00
2025-12-11T14:21:00Z,30.00
2025-12-11T14:24:00Z,30.00
2025-12-11T14:26:00Z,30.74
2025-12-11T14:31:00Z,31.00
2025-12-11T14:39:00Z,31.00
2025-12-11T14:40:00Z,31.00
2025-12-11T14:43:00Z,31.00
2025-12-11T14:47:00Z,30.00
2025-12-11T14:48:00Z,30.00
2025-12-11T14:49:00Z,30.00
2025-12-11T14:50:00Z,31.00
2025-12-11T14:51:00Z,30.53
2025-12-11T14:52:00Z,31.00
2025-12-11T14:53:00Z,30.00
2025-12-11T14:54:00Z,30.00
2025-12-11T14:56:00Z,29.96
2025-12-11T14:57:00Z,28.98
2025-12-11T14:58:00Z,28.00
2025-12-11T14:59:00Z,27.00
2025-12-11T15:01:00Z,27.00
2025-12-11T15:02:00Z,27.11
2025-12-11T15:03:00Z,27.00
2025-12-11T15:04:00Z,27.01
2025-12-11T15:05:00Z,27.63
2025-12-11T15:06:00Z,27.00
2025-12-11T15:07:00Z,28.00
2025-12-11T15:11:00Z,27.00
2025-12-11T15:12:00Z,28.00
2025-12-11T15:13:00Z,27.71
2025-12-11T15:14:00Z,28.00
2025-12-11T15:15:00Z,28.00
2025-12-11T15:18:00Z,29.00
2025-12-11T15:21:00Z,30.00
2025-12-11T15:22:00Z,30.25
2025-12-11T15:24:00Z,29.01
2025-12-11T15:25:00Z,30.98
2025-12-11T15:27:00Z,31.00
2025-12-11T15:30:00Z,29.10
2025-12-11T15:32:00Z,30.00
2025-12-11T15:33:00Z,29.70
2025-12-11T15:35:00Z,29.00
2025-12-11T15:38:00Z,27.24
2025-12-11T15:39:00Z,28.06
2025-12-11T15:40:00Z,28.57
2025-12-11T15:41:00Z,28.00
2025-12-11T15:42:00Z,28.11
2025-12-11T15:43:00Z,28.00
2025-12-11T15:45:00Z,24.96
2025-12-11T15:46:00Z,24.40
2025-12-11T15:47:00Z,24.13
2025-12-11T15:48:00Z,25.00
2025-12-11T15:51:00Z,26.00
2025-12-11T15:53:00Z,26.00
2025-12-11T15:54:00Z,25.00
2025-12-11T15:56:00Z,25.99
2025-12-11T15:59:00Z,25.17
2025-12-11T16:02:00Z,25.48
2025-12-11T16:03:00Z,25.95
2025-12-11T16:08:00Z,26.00
2025-12-11T16:10:00Z,25.00
2025-12-11T16:11:00Z,26.00
2025-12-11T16:13:00Z,24.03
2025-12-11T16:14:00Z,24.00
2025-12-11T16:15:00Z,26.00
2025-12-11T16:19:00Z,22.90
2025-12-11T16:20:00Z,22.35
2025-12-11T16:23:00Z,23.00
2025-12-11T16:25:00Z,23.00
2025-12-11T16:29:00Z,25.00
2025-12-11T16:30:00Z,24.00
2025-12-11T16:32:00Z,25.00
2025-12-11T16:33:00Z,25.00
2025-12-11T16:35:00Z,25.00
2025-12-11T16:36:00Z,25.00
2025-12-11T16:37:00Z,25.00
2025-12-11T16:38:00Z,25.00
2025-12-11T16:39:00Z,24.99
2025-12-11T16:41:00Z,24.00
2025-12-11T16:42:00Z,25.00
2025-12-11T16:43:00Z,25.00
2025-12-11T16:44:00Z,25.00
2025-12-11T16:45:00Z,24.00
2025-12-11T16:46:00Z,25.00
2025-12-11T16:47:00Z,24.00
2025-12-11T16:50:00Z,24.00
2025-12-11T16:51:00Z,24.00
2025-12-11T16:52:00Z,24.90
2025-12-11T16:53:00Z,25.00
2025-12-11T16:54:00Z,24.00
2025-12-11T16:56:00Z,24.00
2025-12-11T16:57:00Z,25.00
2025-12-11T16:58:00Z,25.00
2025-12-11T17:00:00Z,25.00
2025-12-11T17:02:00Z,25.00
2025-12-11T17:03:00Z,25.00
2025-12-11T17:06:00Z,25.00
2025-12-11T17:08:00Z,24.00
2025-12-11T17:09:00Z,25.00
2025-12-11T17:10:00Z,25.00
2025-12-11T17:11:00Z,24.00
2025-12-11T17:13:00Z,24.98
2025-12-11T17:14:00Z,25.00
2025-12-11T17:15:00Z,25.00
2025-12-11T17:19:00Z,25.01
2025-12-11T17:22:00Z,26.00
2025-12-11T17:23:00Z,27.00
2025-12-11T17:24:00Z,27.00
2025-12-11T17:25:00Z,28.81
2025-12-11T17:26:00Z,28.62
2025-12-11T17:28:00Z,29.87
2025-12-11T17:32:00Z,30.00
2025-12-11T17:33:00Z,29.00
2025-12-11T17:34:00Z,29.00
2025-12-11T17:35:00Z,29.00
2025-12-11T17:37:00Z,29.00
2025-12-11T17:39:00Z,28.00
2025-12-11T17:40:00Z,29.00
2025-12-11T17:41:00Z,29.00
2025-12-11T17:42:00Z,29.94
2025-12-11T17:43:00Z,29.58
2025-12-11T17:44:00Z,30.00
2025-12-11T17:45:00Z,30.00
2025-12-11T17:49:00Z,30.00
2025-12-11T17:50:00Z,29.00
2025-12-11T17:51:00Z,29.00
2025-12-11T17:52:00Z,30.00
2025-12-11T17:53:00Z,29.00
2025-12-11T17:57:00Z,29.00
2025-12-11T17:58:00Z,29.00
2025-12-11T17:59:00Z,28.07
2025-12-11T18:03:00Z,29.16
2025-12-11T18:04:00Z,29.00
2025-12-11T18:06:00Z,29.93
2025-12-11T18:07:00Z,29.82
2025-12-11T18:08:00Z,30.00
2025-12-11T18:09:00Z,29.77
2025-12-11T18:11:00Z,31.71
2025-12-11T18:13:00Z,30.00
2025-12-11T18:15:00Z,32.00
2025-12-11T18:16:00Z,29.17
2025-12-11T18:18:00Z,32.00
2025-12-11T18:19:00Z,32.06
2025-12-11T18:21:00Z,32.00
2025-12-11T18:23:00Z,33.00
2025-12-11T18:24:00Z,31.54
2025-12-11T18:25:00Z,32.99
2025-12-11T18:26:00Z,31.90
2025-12-11T18:27:00Z,32.93
2025-12-11T18:29:00Z,33.00
2025-12-11T18:31:00Z,32.00
2025-12-11T18:33:00Z,32.00
2025-12-11T18:34:00Z,30.44
2025-12-11T18:35:00Z,30.00
2025-12-11T18:36:00Z,31.91
2025-12-11T18:37:00Z,31.68
2025-12-11T18:43:00Z,31.14
2025-12-11T18:44:00Z,31.97
2025-12-11T18:46:00Z,32.00
2025-12-11T18:47:00Z,31.00
2025-12-11T18:48:00Z,32.00
2025-12-11T18:49:00Z,31.00
2025-12-11T18:53:00Z,31.48
2025-12-11T18:54:00Z,31.00
2025-12-11T18:55:00Z,32.00
2025-12-11T18:56:00Z,32.00
2025-12-11T18:57:00Z,31.37
2025-12-11T18:58:00Z,31.03
2025-12-11T19:00:00Z,30.07
2025-12-11T19:02:00Z,32.00
2025-12-11T19:03:00Z,32.00
2025-12-11T19:04:00Z,31.00
2025-12-11T19:05:00Z,32.00
2025-12-11T19:06:00Z,32.00
2025-12-11T19:10:00Z,31.00
2025-12-11T19:11:00Z,30.00
2025-12-11T19:13:00Z,30.00
2025-12-11T19:14:00Z,31.00
2025-12-11T19:15:00Z,31.00
2025-12-11T19:19:00Z,31.00
2025-12-11T19:21:00Z,31.00
2025-12-11T19:22:00Z,31.00
2025-12-11T19:23:00Z,30.42
2025-12-11T19:25:00Z,31.00
2025-12-11T19:27:00Z,32.00
2025-12-11T19:29:00Z,31.12
2025-12-11T19:33:00Z,32.00
2025-12-11T19:36:00Z,32.00
2025-12-11T19:37:00Z,31.42
2025-12-11T19:38:00Z,33.00
2025-12-11T19:39:00Z,33.00
2025-12-11T19:40:00Z,33.00
2025-12-11T19:42:00Z,33.00
2025-12-11T19:43:00Z,33.00
2025-12-11T19:47:00Z,33.00
2025-12-11T19:48:00Z,32.00
2025-12-11T19:49:00Z,32.00
2025-12-11T19:51:00Z,33.00
2025-12-11T19:55:00Z,32.00
2025-12-11T19:58:00Z,32.00
2025-12-11T20:02:00Z,31.99
2025-12-11T20:03:00Z,32.00
2025-12-11T20:04:00Z,32.00
2025-12-11T20:05:00Z,31.00
2025-12-11T20:06:00Z,32.95
2025-12-11T20:09:00Z,33.00
2025-12-11T20:11:00Z,33.00
2025-12-11T20:12:00Z,33.00
2025-12-11T20:13:00Z,32.95
2025-12-11T20:14:00Z,32.00
2025-12-11T20:15:00Z,32.00
2025-12-11T20:16:00Z,32.00
2025-12-11T20:29:00Z,32.00
2025-12-11T20:30:00Z,33.00
2025-12-11T20:34:00Z,34.00
2025-12-11T20:35:00Z,33.00
2025-12-11T20:40:00Z,34.00
2025-12-11T20:41:00Z,33.00
2025-12-11T20:42:00Z,34.00
2025-12-11T20:43:00Z,34.00
2025-12-11T20:44:00Z,33.00
2025-12-11T20:46:00Z,33.00
2025-12-11T20:49:00Z,34.00
2025-12-11T20:57:00Z,34.00
2025-12-11T20:58:00Z,34.00
2025-12-11T20:59:00Z,33.00
2025-12-11T21:00:00Z,34.00
2025-12-11T21:01:00Z,35.00
2025-12-11T21:04:00Z,35.00
2025-12-11T21:06:00Z,34.02
2025-12-11T21:07:00Z,35.00
2025-12-11T21:08:00Z,35.00
2025-12-11T21:09:00Z,35.95
2025-12-11T21:13:00Z,37.00
2025-12-11T21:14:00Z,37.00
2025-12-11T21:16:00Z,37.00
2025-12-11T21:17:00Z,38.00
2025-12-11T21:19:00Z,38.30
2025-12-11T21:20:00Z,39.00
2025-12-11T21:22:00Z,38.95
2025-12-11T21:23:00Z,39.00
2025-12-11T21:24:00Z,38.00
2025-12-11T21:26:00Z,39.00
2025-12-11T21:28:00Z,38.00
2025-12-11T21:29:00Z,39.00
2025-12-11T21:30:00Z,39.00
2025-12-11T21:31:00Z,40.00
2025-12-11T21:32:00Z,41.32
2025-12-11T21:33:00Z,42.00
2025-12-11T21:34:00Z,42.00
2025-12-11T21:35:00Z,43.00
2025-12-11T21:36:00Z,42.00
2025-12-11T21:37:00Z,42.08
2025-12-11T21:38:00Z,41.99
2025-12-11T21:41:00Z,41.00
2025-12-11T21:43:00Z,42.02
2025-12-11T21:45:00Z,42.00
2025-12-11T21:51:00Z,42.00
2025-12-11T21:53:00Z,41.75
2025-12-11T21:56:00Z,42.00
2025-12-11T21:57:00Z,42.00
2025-12-11T21:58:00Z,42.84
2025-12-11T21:59:00Z,42.04
2025-12-11T22:00:00Z,42.00
2025-12-11T22:01:00Z,42.97
2025-12-11T22:02:00Z,43.00
2025-12-11T22:03:00Z,42.89
2025-12-11T22:04:00Z,43.00
2025-12-11T22:05:00Z,42.96
2025-12-11T22:06:00Z,44.00
2025-12-11T22:07:00Z,43.00
2025-12-11T22:08:00Z,42.21
2025-12-11T22:09:00Z,43.99
2025-12-11T22:10:00Z,43.00
2025-12-11T22:13:00Z,44.00
2025-12-11T22:16:00Z,43.84
2025-12-11T22:18:00Z,42.00
2025-12-11T22:19:00Z,43.00
2025-12-11T22:20:00Z,42.00
2025-12-11T22:21:00Z,41.10
2025-12-11T22:22:00Z,41.00
2025-12-11T22:24:00Z,41.15
2025-12-11T22:25:00Z,41.02
2025-12-11T22:26:00Z,40.00
2025-12-11T22:28:00Z,40.00
2025-12-11T22:29:00Z,40.04
2025-12-11T22:31:00Z,40.00
2025-12-11T22:33:00Z,41.00
2025-12-11T22:34:00Z,41.00
2025-12-11T22:35:00Z,41.52
2025-12-11T22:36:00Z,41.00
2025-12-11T22:39:00Z,41.00
2025-12-11T22:40:00Z,41.00
2025-12-11T22:41:00Z,40.00
2025-12-11T22:42:00Z,41.90
2025-12-11T22:44:00Z,41.00
2025-12-11T22:46:00Z,41.29
2025-12-11T22:47:00Z,41.00
2025-12-11T22:51:00Z,41.00
2025-12-11T22:53:00Z,41.00
2025-12-11T22:54:00Z,41.00
2025-12-11T22:56:00Z,41.00
2025-12-11T22:57:00Z,42.00
2025-12-11T23:04:00Z,41.15
2025-12-11T23:05:00Z,41.29
2025-12-11T23:06:00Z,42.00
2025-12-11T23:11:00Z,42.00
2025-12-11T23:12:00Z,41.00
2025-12-11T23:16:00Z,42.36
2025-12-11T23:19:00Z,41.00
2025-12-11T23:21:00Z,42.00
2025-12-11T23:22:00Z,43.00
2025-12-11T23:23:00Z,43.00
2025-12-11T23:24:00Z,42.00
2025-12-11T23:28:00Z,42.02
2025-12-11T23:29:00Z,42.00
2025-12-11T23:35:00Z,41.00
2025-12-11T23:37:00Z,43.69
2025-12-11T23:39:00Z,42.24
2025-12-11T23:40:00Z,42.00
2025-12-11T23:42:00Z,43.00
2025-12-11T23:43:00Z,43.00
2025-12-11T23:45:00Z,42.00
2025-12-11T23:46:00Z,43.00
2025-12-11T23:47:00Z,43.00
2025-12-11T23:49:00Z,43.00
2025-12-11T23:50:00Z,42.00
2025-12-11T23:52:00Z,43.00
2025-12-11T23:57:00Z,42.00
2025-12-12T00:00:00Z,43.00
2025-12-12T00:05:00Z,42.00
2025-12-12T00:07:00Z,42.00
2025-12-12T00:09:00Z,42.00
2025-12-12T00:13:00Z,42.00
2025-12-12T00:15:00Z,42.00
2025-12-12T00:16:00Z,42.00
2025-12-12T00:19:00Z,42.00
2025-12-12T00:21:00Z,42.00
2025-12-12T00:22:00Z,41.90
2025-12-12T00:23:00Z,41.00
2025-12-12T00:24:00Z,41.00
2025-12-12T00:26:00Z,41.01
2025-12-12T00:28:00Z,41.00
2025-12-12T00:29:00Z,40.28
2025-12-12T00:32:00Z,41.00
2025-12-12T00:33:00Z,40.00
2025-12-12T00:38:00Z,40.00
2025-12-12T00:43:00Z,39.00
2025-12-12T00:48:00Z,40.00
2025-12-12T00:49:00Z,39.00
2025-12-12T00:50:00Z,40.00
2025-12-12T00:51:00Z,40.00
2025-12-12T00:55:00Z,39.14
2025-12-12T00:56:00Z,39.04
2025-12-12T00:58:00Z,39.00
2025-12-12T00:59:00Z,38.57
2025-12-12T01:00:00Z,39.00
2025-12-12T01:01:00Z,39.00
2025-12-12T01:03:00Z,39.00
2025-12-12T01:04:00Z,38.00
2025-12-12T01:05:00Z,39.00
2025-12-12T01:06:00Z,38.00
2025-12-12T01:08:00Z,38.00
2025-12-12T01:09:00Z,38.00
2025-12-12T01:10:00Z,38.00
2025-12-12T01:11:00Z,39.00
2025-12-12T01:15:00Z,37.24
2025-12-12T01:18:00Z,37.00
2025-12-12T01:19:00Z,38.00
2025-12-12T01:20:00Z,37.91
2025-12-12T01:21:00Z,37.43
2025-12-12T01:22:00Z,39.00
2025-12-12T01:23:00Z,39.00
2025-12-12T01:29:00Z,38.00
2025-12-12T01:30:00Z,38.92
2025-12-12T01:31:00Z,38.00
2025-12-12T01:34:00Z,38.00
2025-12-12T01:35:00Z,39.75
2025-12-12T01:37:00Z,41.00
2025-12-12T01:39:00Z,41.00
2025-12-12T01:40:00Z,42.00
2025-12-12T01:42:00Z,42.00
2025-12-12T01:45:00Z,42.00
2025-12-12T01:49:00Z,41.00
2025-12-12T01:50:00Z,42.00
2025-12-12T01:52:00Z,41.00
2025-12-12T01:54:00Z,41.00
2025-12-12T01:56:00Z,41.83
2025-12-12T01:58:00Z,42.00
2025-12-12T02:00:00Z,41.00
2025-12-12T02:01:00Z,41.00
2025-12-12T02:02:00Z,41.00
2025-12-12T02:03:00Z,40.00
2025-12-12T02:05:00Z,41.24
2025-12-12T02:07:00Z,41.00
2025-12-12T02:08:00Z,41.00
2025-12-12T02:11:00Z,41.00
2025-12-12T02:12:00Z,41.84
2025-12-12T02:13:00Z,42.00
2025-12-12T02:15:00Z,42.00
2025-12-12T02:19:00Z,41.00
2025-12-12T02:20:00Z,40.81
2025-12-12T02:23:00Z,42.00
2025-12-12T02:25:00Z,41.00
2025-12-12T02:31:00Z,41.00
2025-12-12T02:33:00Z,42.00
2025-12-12T02:43:00Z,42.00
2025-12-12T02:45:00Z,42.00
2025-12-12T02:48:00Z,42.00
2025-12-12T02:50:00Z,42.00
2025-12-12T02:51:00Z,41.00
2025-12-12T02:52:00Z,42.00
2025-12-12T02:53:00Z,42.00
2025-12-12T02:55:00Z,42.00
2025-12-12T02:58:00Z,42.00
2025-12-12T03:00:00Z,42.35
2025-12-12T03:01:00Z,43.00
2025-12-12T03:03:00Z,43.00
2025-12-12T03:07:00Z,43.00
2025-12-12T03:08:00Z,44.00
2025-12-12T03:09:00Z,44.42
2025-12-12T03:11:00Z,44.00
2025-12-12T03:13:00Z,44.00
2025-12-12T03:15:00Z,44.03
2025-12-12T03:17:00Z,44.00
2025-12-12T03:18:00Z,42.36
2025-12-12T03:19:00Z,43.00
2025-12-12T03:21:00Z,42.05
2025-12-12T03:22:00Z,43.00
2025-12-12T03:23:00Z,42.67
2025-12-12T03:24:00Z,42.00
2025-12-12T03:25:00Z,41.00
2025-12-12T03:28:00Z,41.00
2025-12-12T03:30:00Z,41.00
2025-12-12T03:31:00Z,41.06
2025-12-12T03:32:00Z,41.00
2025-12-12T03:34:00Z,41.00
2025-12-12T03:35:00Z,41.28
2025-12-12T03:36:00Z,41.00
2025-12-12T03:40:00Z,42.00
2025-12-12T03:42:00Z,43.00
2025-12-12T03:45:00Z,42.14
2025-12-12T03:48:00Z,43.00
2025-12-12T03:51:00Z,42.00
2025-12-12T03:54:00Z,43.00
2025-12-12T03:55:00Z,43.00
2025-12-12T03:59:00Z,43.00
2025-12-12T04:00:00Z,42.00
2025-12-12T04:04:00Z,42.00
2025-12-12T04:06:00Z,43.00
2025-12-12T04:09:00Z,43.00
2025-12-12T04:12:00Z,43.06
2025-12-12T04:14:00Z,44.00
2025-12-12T04:15:00Z,44.00
2025-12-12T04:20:00Z,43.28
2025-12-12T04:21:00Z,43.00
2025-12-12T04:22:00Z,44.00
2025-12-12T04:23:00Z,43.00
2025-12-12T04:24:00Z,43.00
2025-12-12T04:26:00Z,43.00
2025-12-12T04:30:00Z,43.00
2025-12-12T04:31:00Z,43.00
2025-12-12T04:33:00Z,43.00
2025-12-12T04:34:00Z,44.00
2025-12-12T04:37:00Z,43.00
2025-12-12T04:38:00Z,44.00
2025-12-12T04:40:00Z,43.07
2025-12-12T04:41:00Z,43.00
2025-12-12T04:42:00Z,44.40
2025-12-12T04:44:00Z,43.00
2025-12-12T04:45:00Z,44.00
2025-12-12T04:48:00Z,43.00
2025-12-12T04:49:00Z,42.00
2025-12-12T04:52:00Z,42.97
2025-12-12T04:53:00Z,44.00
2025-12-12T04:56:00Z,43.00
2025-12-12T04:57:00Z,44.00
2025-12-12T04:59:00Z,43.00
2025-12-12T05:03:00Z,43.00
2025-12-12T05:05:00Z,43.00
2025-12-12T05:08:00Z,43.00
2025-12-12T05:09:00Z,43.00
2025-12-12T05:10:00Z,44.00
2025-12-12T05:11:00Z,42.99
2025-12-12T05:12:00Z,42.00
2025-12-12T05:13:00Z,42.00
2025-12-12T05:15:00Z,42.00
2025-12-12T05:16:00Z,42.00
2025-12-12T05:17:00Z,42.23
2025-12-12T05:20:00Z,42.00
2025-12-12T05:25:00Z,42.00
2025-12-12T05:31:00Z,43.00
2025-12-12T05:33:00Z,42.00
2025-12-12T05:34:00Z,42.00
2025-12-12T05:35:00Z,43.00
2025-12-12T05:37:00Z,42.12
2025-12-12T05:38:00Z,42.00
2025-12-12T05:39:00Z,43.00
2025-12-12T05:40:00Z,42.00
2025-12-12T05:41:00Z,42.07
2025-12-12T05:43:00Z,42.00
2025-12-12T05:45:00Z,42.92
2025-12-12T05:46:00Z,43.00
2025-12-12T05:48:00Z,43.00
2025-12-12T05:50:00Z,43.00
2025-12-12T05:52:00Z,43.00
2025-12-12T05:54:00Z,42.00
2025-12-12T05:59:00Z,42.00
2025-12-12T06:00:00Z,43.00
2025-12-12T06:19:00Z,42.00
2025-12-12T06:20:00Z,42.71
2025-12-12T06:30:00Z,43.00
2025-12-12T06:31:00Z,42.00
2025-12-12T06:32:00Z,43.00
2025-12-12T06:34:00Z,42.00
2025-12-12T06:37:00Z,42.00
2025-12-12T06:39:00Z,41.00
2025-12-12T06:43:00Z,41.00
2025-12-12T06:46:00Z,42.00
2025-12-12T06:47:00Z,41.00
2025-12-12T06:55:00Z,42.00
2025-12-12T06:57:00Z,42.00
2025-12-12T06:58:00Z,42.00
2025-12-12T07:00:00Z,41.33
2025-12-12T07:03:00Z,42.00
2025-12-12T07:04:00Z,41.00
2025-12-12T07:05:00Z,42.00
2025-12-12T07:10:00Z,41.00
2025-12-12T07:12:00Z,40.96
2025-12-12T07:17:00Z,40.00
2025-12-12T07:21:00Z,40.00
2025-12-12T07:30:00Z,42.00
2025-12-12T07:35:00Z,41.00
2025-12-12T07:36:00Z,40.00
2025-12-12T07:37:00Z,41.00
2025-12-12T07:39:00Z,40.00
2025-12-12T07:42:00Z,41.00
2025-12-12T07:43:00Z,41.00
2025-12-12T07:44:00Z,41.86
2025-12-12T07:46:00Z,42.00
2025-12-12T07:47:00Z,43.04
2025-12-12T07:48:00Z,45.00
2025-12-12T07:49:00Z,45.02
2025-12-12T07:50:00Z,45.98
2025-12-12T07:52:00Z,42.40
2025-12-12T07:56:00Z,43.00
2025-12-12T07:57:00Z,45.97
2025-12-12T07:58:00Z,42.88
2025-12-12T08:10:00Z,43.54
2025-12-12T08:14:00Z,43.00
2025-12-12T08:17:00Z,46.48
2025-12-12T08:21:00Z,44.09
2025-12-12T08:35:00Z,43.00
2025-12-12T08:37:00Z,42.00
2025-12-12T08:44:00Z,42.00
2025-12-12T08:45:00Z,41.00
2025-12-12T09:02:00Z,40.24
2025-12-12T09:03:00Z,41.00
2025-12-12T09:04:00Z,42.00
2025-12-12T09:06:00Z,42.00
2025-12-12T09:10:00Z,42.00
2025-12-12T09:12:00Z,41.00
2025-12-12T09:22:00Z,42.00
2025-12-12T09:24:00Z,42.00
2025-12-12T09:26:00Z,41.00
2025-12-12T09:32:00Z,42.00
2025-12-12T09:33:00Z,42.00
2025-12-12T09:34:00Z,42.00
2025-12-12T09:36:00Z,42.00
2025-12-12T09:51:00Z,42.00
2025-12-12T10:04:00Z,41.00
2025-12-12T10:05:00Z,41.00
2025-12-12T10:07:00Z,40.00
2025-12-12T10:15:00Z,40.00
2025-12-12T10:16:00Z,40.00
2025-12-12T10:17:00Z,41.09
2025-12-12T10:23:00Z,42.00
2025-12-12T10:37:00Z,41.00
2025-12-12T10:39:00Z,42.00
2025-12-12T10:45:00Z,41.00
2025-12-12T10:55:00Z,42.00
2025-12-12T11:06:00Z,42.00
2025-12-12T11:11:00Z,43.00
2025-12-12T11:15:00Z,42.00
2025-12-12T11:18:00Z,43.00
2025-12-12T11:20:00Z,43.00
2025-12-12T11:29:00Z,42.00
2025-12-12T11:46:00Z,43.00
2025-12-12T11:49:00Z,43.00
2025-12-12T11:51:00Z,43.00
2025-12-12T11:55:00Z,43.00
2025-12-12T11:59:00Z,42.00
2025-12-12T12:03:00Z,42.00
2025-12-12T12:08:00Z,42.00
2025-12-12T12:17:00Z,41.00
2025-12-12T12:27:00Z,41.00
2025-12-12T12:29:00Z,42.18
2025-12-12T12:34:00Z,42.00
2025-12-12T12:49:00Z,41.00
2025-12-12T12:52:00Z,42.00
2025-12-12T12:53:00Z,42.00
2025-12-12T12:56:00Z,41.38
2025-12-12T12:59:00Z,41.00
2025-12-12T13:04:00Z,42.00
2025-12-12T13:09:00Z,41.00
2025-12-12T13:10:00Z,41.00
2025-12-12T13:21:00Z,41.00
2025-12-12T13:24:00Z,41.00
2025-12-12T13:25:00Z,42.00
2025-12-12T13:27:00Z,41.00
2025-12-12T13:28:00Z,42.00
2025-12-12T13:29:00Z,42.00
2025-12-12T13:31:00Z,41.00
2025-12-12T13:33:00Z,41.00
2025-12-12T13:34:00Z,40.94
2025-12-12T13:35:00Z,40.00
2025-12-12T13:45:00Z,41.00
2025-12-12T13:50:00Z,41.11
2025-12-12T13:53:00Z,41.00
2025-12-12T13:57:00Z,42.00
2025-12-12T14:01:00Z,41.11
2025-12-12T14:05:00Z,40.00
2025-12-12T14:07:00Z,41.89
2025-12-12T14:14:00Z,40.39
2025-12-12T14:18:00Z,40.00
2025-12-12T14:19:00Z,39.14
2025-12-12T14:21:00Z,40.00
2025-12-12T14:25:00Z,39.00
2025-12-12T14:27:00Z,39.00
2025-12-12T14:30:00Z,39.00
2025-12-12T14:36:00Z,39.00
2025-12-12T14:37:00Z,39.00
2025-12-12T14:38:00Z,40.00
2025-12-12T14:40:00Z,41.00
2025-12-12T14:42:00Z,40.50
2025-12-12T14:43:00Z,40.57
2025-12-12T14:44:00Z,40.00
2025-12-12T14:46:00Z,40.00
2025-12-12T14:47:00Z,40.50
2025-12-12T14:48:00Z,41.00
2025-12-12T14:49:00Z,42.00
2025-12-12T14:50:00Z,42.00
2025-12-12T14:55:00Z,40.94
2025-12-12T14:56:00Z,41.00
2025-12-12T14:57:00Z,42.00
2025-12-12T14:58:00Z,41.00
2025-12-12T14:59:00Z,42.00
2025-12-12T15:02:00Z,40.61
2025-12-12T15:04:00Z,40.00
2025-12-12T15:06:00Z,40.00
2025-12-12T15:08:00Z,41.00
2025-12-12T15:09:00Z,41.00
2025-12-12T15:10:00Z,40.00
2025-12-12T15:12:00Z,39.07
2025-12-12T15:14:00Z,40.00
2025-12-12T15:17:00Z,39.00
2025-12-12T15:18:00Z,40.00
2025-12-12T15:21:00Z,39.00
2025-12-12T15:23:00Z,39.00
2025-12-12T15:25:00Z,38.96
2025-12-12T15:27:00Z,38.00
2025-12-12T15:29:00Z,36.70
2025-12-12T15:31:00Z,35.06
2025-12-12T15:33:00Z,35.11
2025-12-12T15:34:00Z,34.58
2025-12-12T15:35:00Z,35.00
2025-12-12T15:36:00Z,34.57
2025-12-12T15:37:00Z,33.00
2025-12-12T15:38:00Z,30.67
2025-12-12T15:39:00Z,31.00
2025-12-12T15:42:00Z,31.00
2025-12-12T15:43:00Z,30.90
2025-12-12T15:45:00Z,29.81
2025-12-12T15:46:00Z,29.00
2025-12-12T15:49:00Z,30.68
2025-12-12T15:51:00Z,30.00
2025-12-12T15:53:00Z,29.11
2025-12-12T15:55:00Z,29.00
2025-12-12T15:57:00Z,29.00
2025-12-12T16:01:00Z,29.03
2025-12-12T16:02:00Z,29.00
2025-12-12T16:03:00Z,30.00
2025-12-12T16:05:00Z,28.00
2025-12-12T16:06:00Z,28.00
2025-12-12T16:07:00Z,27.83
2025-12-12T16:08:00Z,27.00
2025-12-12T16:09:00Z,27.99
2025-12-12T16:10:00Z,28.00
2025-12-12T16:11:00Z,29.00
2025-12-12T16:12:00Z,28.92
2025-12-12T16:14:00Z,29.00
2025-12-12T16:15:00Z,29.00
2025-12-12T16:16:00Z,29.00
2025-12-12T16:17:00Z,29.00
2025-12-12T16:18:00Z,28.13
2025-12-12T16:21:00Z,29.00
2025-12-12T16:23:00Z,28.02
2025-12-12T16:24:00Z,28.42
2025-12-12T16:26:00Z,29.00
2025-12-12T16:27:00Z,28.00
2025-12-12T16:28:00Z,29.00
2025-12-12T16:29:00Z,29.00
2025-12-12T16:32:00Z,28.00
2025-12-12T16:33:00Z,29.00
2025-12-12T16:35:00Z,30.00
2025-12-12T16:36:00Z,29.00
2025-12-12T16:37:00Z,29.88
2025-12-12T16:39:00Z,29.00
2025-12-12T16:40:00Z,28.00
2025-12-12T16:41:00Z,28.00
2025-12-12T16:42:00Z,28.99
2025-12-12T16:43:00Z,29.00
2025-12-12T16:44:00Z,28.88
2025-12-12T16:45:00Z,28.94
2025-12-12T16:46:00Z,28.00
2025-12-12T16:47:00Z,28.00
2025-12-12T16:48:00Z,29.00
2025-12-12T16:51:00Z,29.00
2025-12-12T16:53:00Z,29.00
2025-12-12T16:54:00Z,28.00
2025-12-12T16:55:00Z,28.00
2025-12-12T16:56:00Z,28.98
2025-12-12T16:57:00Z,29.00
2025-12-12T16:58:00Z,28.00
2025-12-12T17:00:00Z,29.00
2025-12-12T17:02:00Z,29.00
2025-12-12T17:03:00Z,28.99
2025-12-12T17:04:00Z,29.00
2025-12-12T17:05:00Z,28.00
2025-12-12T17:06:00Z,29.86
2025-12-12T17:07:00Z,31.00
2025-12-12T17:09:00Z,29.36
2025-12-12T17:13:00Z,31.00
2025-12-12T17:14:00Z,32.00
2025-12-12T17:15:00Z,32.00
2025-12-12T17:16:00Z,31.45
2025-12-12T17:17:00Z,32.00
2025-12-12T17:18:00Z,33.00
2025-12-12T17:19:00Z,33.00
2025-12-12T17:20:00Z,32.99
2025-12-12T17:21:00Z,33.00
2025-12-12T17:22:00Z,33.00
2025-12-12T17:24:00Z,32.00
2025-12-12T17:26:00Z,32.00
2025-12-12T17:27:00Z,31.00
2025-12-12T17:34:00Z,30.00
2025-12-12T17:38:00Z,30.00
2025-12-12T17:40:00Z,29.08
2025-12-12T17:42:00Z,29.00
2025-12-12T17:53:00Z,30.53
2025-12-12T17:56:00Z,31.00
2025-12-12T18:00:00Z,31.00
2025-12-12T18:05:00Z,31.00
2025-12-12T18:06:00Z,30.00
2025-12-12T18:10:00Z,30.00
2025-12-12T18:12:00Z,30.00
2025-12-12T18:14:00Z,30.09
2025-12-12T18:16:00Z,30.00
2025-12-12T18:17:00Z,30.00
2025-12-12T18:18:00Z,31.00
2025-12-12T18:19:00Z,30.00
2025-12-12T18:22:00Z,30.00
2025-12-12T18:23:00Z,31.00
2025-12-12T18:26:00Z,30.94
2025-12-12T18:27:00Z,30.00
2025-12-12T18:30:00Z,31.20
2025-12-12T18:31:00Z,31.00
2025-12-12T18:32:00Z,30.24
2025-12-12T18:33:00Z,30.00
2025-12-12T18:37:00Z,30.00
2025-12-12T18:38:00Z,30.00
2025-12-12T18:39:00Z,31.00
2025-12-12T18:40:00Z,30.00
2025-12-12T18:42:00Z,30.00
2025-12-12T18:43:00Z,31.00
2025-12-12T18:46:00Z,31.00
2025-12-12T18:47:00Z,30.00
2025-12-12T18:48:00Z,30.00
2025-12-12T18:50:00Z,31.00
2025-12-12T18:57:00Z,31.00
2025-12-12T18:58:00Z,31.00
2025-12-12T19:02:00Z,31.00
2025-12-12T19:06:00Z,31.00
2025-12-12T19:07:00Z,30.00
2025-12-12T19:08:00Z,30.00
2025-12-12T19:09:00Z,30.00
2025-12-12T19:13:00Z,30.79
2025-12-12T19:14:00Z,31.00
2025-12-12T19:15:00Z,30.00
2025-12-12T19:17:00Z,30.00
2025-12-12T19:19:00Z,30.75
2025-12-12T19:21:00Z,30.78
2025-12-12T19:22:00Z,31.00
2025-12-12T19:25:00Z,30.00
2025-12-12T19:26:00Z,31.00
2025-12-12T19:27:00Z,30.43
2025-12-12T19:29:00Z,30.00
2025-12-12T19:30:00Z,30.00
2025-12-12T19:33:00Z,31.00
2025-12-12T19:34:00Z,31.00
2025-12-12T19:35:00Z,31.00
2025-12-12T19:36:00Z,30.00
2025-12-12T19:38:00Z,30.00
2025-12-12T19:39:00Z,31.00
2025-12-12T19:40:00Z,31.00
2025-12-12T19:41:00Z,30.12
2025-12-12T19:42:00Z,30.00
2025-12-12T19:46:00Z,30.72
2025-12-12T19:55:00Z,30.00
2025-12-12T19:57:00Z,30.00
2025-12-12T19:58:00Z,31.00
2025-12-12T19:59:00Z,31.00
2025-12-12T20:00:00Z,30.00
2025-12-12T20:01:00Z,30.42
2025-12-12T20:03:00Z,30.00
2025-12-12T20:04:00Z,30.00
2025-12-12T20:05:00Z,29.00
2025-12-12T20:06:00Z,30.00
2025-12-12T20:10:00Z,29.00
2025-12-12T20:14:00Z,30.00
2025-12-12T20:15:00Z,29.99
2025-12-12T20:16:00Z,29.97
2025-12-12T20:17:00Z,29.00
2025-12-12T20:18:00Z,29.00
2025-12-12T20:21:00Z,29.00
2025-12-12T20:26:00Z,30.00
2025-12-12T20:27:00Z,29.00
2025-12-12T20:28:00Z,30.00
2025-12-12T20:29:00Z,30.00
2025-12-12T20:30:00Z,29.00
2025-12-12T20:33:00Z,29.00
2025-12-12T20:34:00Z,29.00
2025-12-12T20:36:00Z,30.00
2025-12-12T20:39:00Z,30.00
2025-12-12T20:45:00Z,30.00
2025-12-12T20:50:00Z,29.00
2025-12-12T20:52:00Z,29.00
2025-12-12T20:55:00Z,30.00
2025-12-12T20:57:00Z,29.16
2025-12-12T21:00:00Z,29.00
2025-12-12T21:01:00Z,28.92
2025-12-12T21:02:00Z,29.00
2025-12-12T21:03:00Z,28.36
2025-12-12T21:04:00Z,29.06
2025-12-12T21:06:00Z,30.00
2025-12-12T21:07:00Z,30.00
2025-12-12T21:09:00Z,29.00
2025-12-12T21:10:00Z,29.00
2025-12-12T21:14:00Z,30.00
2025-12-12T21:16:00Z,30.00
2025-12-12T21:17:00Z,29.51
2025-12-12T21:19:00Z,30.00
2025-12-12T21:21:00Z,29.00
2025-12-12T21:26:00Z,29.00
2025-12-12T21:28:00Z,30.00
2025-12-12T21:29:00Z,29.00
2025-12-12T21:33:00Z,29.69
2025-12-12T21:34:00Z,30.00
2025-12-12T21:38:00Z,30.00
2025-12-12T21:41:00Z,30.00
2025-12-12T21:44:00Z,30.20
2025-12-12T21:48:00Z,31.00
2025-12-12T21:50:00Z,31.00
2025-12-12T21:52:00Z,31.00
2025-12-12T21:56:00Z,30.81
2025-12-12T21:57:00Z,30.00
2025-12-12T22:01:00Z,30.00
2025-12-12T22:02:00Z,30.91
2025-12-12T22:03:00Z,30.00
2025-12-12T22:04:00Z,30.42
2025-12-12T22:08:00Z,31.00
2025-12-12T22:17:00Z,30.01
2025-12-12T22:20:00Z,31.00
2025-12-12T22:23:00Z,30.00
2025-12-12T22:24:00Z,31.00
2025-12-12T22:25:00Z,30.00
2025-12-12T22:29:00Z,31.00
2025-12-12T22:31:00Z,31.00
2025-12-12T22:33:00Z,30.00
2025-12-12T22:36:00Z,30.09
2025-12-12T22:38:00Z,30.00
2025-12-12T22:41:00Z,31.00
2025-12-12T22:42:00Z,29.00
2025-12-12T22:43:00Z,29.00
2025-12-12T22:44:00Z,30.88
2025-12-12T22:46:00Z,31.00
2025-12-12T22:53:00Z,31.00
2025-12-12T22:56:00Z,30.57
2025-12-12T23:00:00Z,31.00
2025-12-12T23:01:00Z,31.00
2025-12-12T23:02:00Z,30.00
2025-12-12T23:06:00Z,31.00
2025-12-12T23:08:00Z,30.00
2025-12-12T23:12:00Z,31.00
2025-12-12T23:13:00Z,31.00
2025-12-12T23:15:00Z,30.00
2025-12-12T23:16:00Z,30.00
2025-12-12T23:18:00Z,31.00
2025-12-12T23:19:00Z,31.00
2025-12-12T23:20:00Z,31.00
2025-12-12T23:22:00Z,30.00
2025-12-12T23:23:00Z,30.00
2025-12-12T23:24:00Z,30.00
2025-12-12T23:28:00Z,31.00
2025-12-12T23:29:00Z,30.12
2025-12-12T23:30:00Z,30.00
2025-12-12T23:34:00Z,31.00
2025-12-12T23:41:00Z,30.35
2025-12-12T23:43:00Z,30.93
2025-12-12T23:46:00Z,30.00
2025-12-12T23:47:00Z,31.00
2025-12-12T23:56:00Z,30.00
2025-12-12T23:58:00Z,30.00
2025-12-12T23:59:00Z,31.00
2025-12-13T00:04:00Z,30.00
2025-12-13T00:05:00Z,31.00
2025-12-13T00:06:00Z,31.00
2025-12-13T00:07:00Z,31.00
2025-12-13T00:08:00Z,31.00
2025-12-13T00:10:00Z,31.00
2025-12-13T00:11:00Z,30.00
2025-12-13T00:15:00Z,30.00
2025-12-13T00:18:00Z,30.00
2025-12-13T00:23:00Z,30.00
2025-12-13T00:24:00Z,31.00
2025-12-13T00:27:00Z,30.00
2025-12-13T00:39:00Z,31.00
2025-12-13T00:50:00Z,29.70
2025-12-13T01:09:00Z,29.00
2025-12-13T01:11:00Z,30.00
2025-12-13T01:12:00Z,30.00
2025-12-13T01:13:00Z,29.00
2025-12-13T01:15:00Z,29.00
2025-12-13T01:20:00Z,29.00
2025-12-13T01:22:00Z,29.00
2025-12-13T01:24:00Z,29.00
2025-12-13T01:25:00Z,30.00
2025-12-13T01:26:00Z,29.00
2025-12-13T01:27:00Z,29.99
2025-12-13T01:30:00Z,29.00
2025-12-13T01:40:00Z,29.00
2025-12-13T01:45:00Z,30.00
2025-12-13T01:46:00Z,30.00
2025-12-13T01:50:00Z,30.00
2025-12-13T01:52:00Z,30.00
2025-12-13T01:54:00Z,29.00
2025-12-13T01:58:00Z,30.00
2025-12-13T01:59:00Z,30.00
2025-12-13T02:10:00Z,29.00
2025-12-13T02:17:00Z,27.92
2025-12-13T02:19:00Z,28.00
2025-12-13T02:24:00Z,29.00
2025-12-13T02:25:00Z,28.00
2025-12-13T02:29:00Z,29.00
2025-12-13T02:30:00Z,29.00
2025-12-13T02:31:00Z,28.00
2025-12-13T02:32:00Z,29.00
2025-12-13T02:35:00Z,28.91
2025-12-13T02:36:00Z,29.00
2025-12-13T02:41:00Z,29.00
2025-12-13T02:48:00Z,29.00
2025-12-13T02:49:00Z,29.00
2025-12-13T02:50:00Z,28.28
2025-12-13T02:51:00Z,29.00
2025-12-13T02:52:00Z,28.33
2025-12-13T02:56:00Z,29.00
2025-12-13T02:58:00Z,28.78
2025-12-13T03:00:00Z,29.00
2025-12-13T03:01:00Z,29.00
2025-12-13T03:02:00Z,29.00
2025-12-13T03:04:00Z,28.00
2025-12-13T03:06:00Z,28.00
2025-12-13T03:08:00Z,29.00
2025-12-13T03:09:00Z,28.75
2025-12-13T03:10:00Z,29.00
2025-12-13T03:11:00Z,28.00
2025-12-13T03:12:00Z,29.00
2025-12-13T03:16:00Z,29.00
2025-12-13T03:18:00Z,29.00
2025-12-13T03:21:00Z,28.98
2025-12-13T03:22:00Z,29.00
2025-12-13T03:23:00Z,29.00
2025-12-13T03:24:00Z,30.00
2025-12-13T03:27:00Z,29.93
2025-12-13T03:28:00Z,29.00
2025-12-13T03:29:00Z,29.00
2025-12-13T03:42:00Z,29.00
2025-12-13T03:44:00Z,28.88
2025-12-13T03:49:00Z,28.00
2025-12-13T03:55:00Z,28.00
2025-12-13T03:56:00Z,28.00
2025-12-13T03:57:00Z,28.00
2025-12-13T04:01:00Z,29.00
2025-12-13T04:02:00Z,27.18
2025-12-13T04:07:00Z,28.00
2025-12-13T04:09:00Z,28.00
2025-12-13T04:10:00Z,27.00
2025-12-13T04:12:00Z,28.00
2025-12-13T04:14:00Z,28.00
2025-12-13T04:15:00Z,28.00
2025-12-13T04:20:00Z,28.64
2025-12-13T04:22:00Z,27.00
2025-12-13T04:25:00Z,28.00
2025-12-13T04:27:00Z,28.00
2025-12-13T04:30:00Z,28.00
2025-12-13T04:31:00Z,28.25
2025-12-13T04:32:00Z,28.00
2025-12-13T04:35:00Z,28.00
2025-12-13T04:38:00Z,29.00
2025-12-13T04:40:00Z,29.00
2025-12-13T04:47:00Z,28.00
2025-12-13T04:48:00Z,27.00
2025-12-13T04:49:00Z,28.00
2025-12-13T04:52:00Z,27.00
2025-12-13T04:57:00Z,27.51
2025-12-13T04:59:00Z,28.00
2025-12-13T05:03:00Z,28.00
2025-12-13T05:04:00Z,28.34
2025-12-13T05:10:00Z,28.00
2025-12-13T05:12:00Z,27.00
2025-12-13T05:13:00Z,27.87
2025-12-13T05:19:00Z,29.00
2025-12-13T05:21:00Z,28.00
2025-12-13T05:25:00Z,27.00
2025-12-13T05:26:00Z,27.06
2025-12-13T05:32:00Z,28.00
2025-12-13T05:36:00Z,28.00
2025-12-13T05:38:00Z,28.00
2025-12-13T05:42:00Z,28.00
2025-12-13T05:43:00Z,28.00
2025-12-13T05:45:00Z,28.00
2025-12-13T05:46:00Z,27.00
2025-12-13T05:50:00Z,27.00
2025-12-13T05:51:00Z,27.00
2025-12-13T05:52:00Z,28.00
2025-12-13T05:54:00Z,28.00
2025-12-13T05:55:00Z,27.00
2025-12-13T05:59:00Z,28.00
2025-12-13T06:02:00Z,28.00
2025-12-13T06:03:00Z,29.00
2025-12-13T06:04:00Z,29.00
2025-12-13T06:05:00Z,26.31
2025-12-13T06:07:00Z,28.00
2025-12-13T06:11:00Z,27.26
2025-12-13T06:12:00Z,27.00
2025-12-13T06:14:00Z,28.00
2025-12-13T06:15:00Z,28.00
2025-12-13T06:17:00Z,28.00
2025-12-13T06:24:00Z,28.00
2025-12-13T06:27:00Z,28.00
2025-12-13T06:34:00Z,27.00
2025-12-13T06:35:00Z,28.00
2025-12-13T06:38:00Z,26.00
2025-12-13T06:41:00Z,28.00
2025-12-13T06:44:00Z,28.00
2025-12-13T06:45:00Z,26.00
2025-12-13T06:51:00Z,27.00
2025-12-13T06:52:00Z,28.00
2025-12-13T06:54:00Z,27.00
2025-12-13T06:58:00Z,27.00
2025-12-13T07:00:00Z,27.00
2025-12-13T07:03:00Z,27.00
2025-12-13T07:04:00Z,26.00
2025-12-13T07:12:00Z,28.00
2025-12-13T07:16:00Z,28.00
2025-12-13T07:19:00Z,28.00
2025-12-13T07:23:00Z,28.00
2025-12-13T07:29:00Z,26.00
2025-12-13T07:31:00Z,28.00
2025-12-13T07:36:00Z,28.00
2025-12-13T08:01:00Z,28.00
2025-12-13T08:10:00Z,28.00
2025-12-13T08:17:00Z,27.00
2025-12-13T08:22:00Z,28.00
2025-12-13T08:23:00Z,28.66
2025-12-13T08:25:00Z,29.00
2025-12-13T08:27:00Z,29.00
2025-12-13T08:34:00Z,29.00
2025-12-13T08:36:00Z,28.00
2025-12-13T08:50:00Z,29.00
2025-12-13T09:00:00Z,29.00
2025-12-13T09:11:00Z,29.00
2025-12-13T09:13:00Z,29.00
2025-12-13T09:14:00Z,29.00
2025-12-13T09:26:00Z,27.00
2025-12-13T09:28:00Z,29.00
2025-12-13T09:38:00Z,29.00
2025-12-13T09:40:00Z,29.00
2025-12-13T09:44:00Z,30.00
2025-12-13T09:52:00Z,30.00
2025-12-13T09:57:00Z,27.00
2025-12-13T10:08:00Z,29.00
2025-12-13T10:12:00Z,29.00
2025-12-13T10:38:00Z,30.00
2025-12-13T10:54:00Z,28.00
2025-12-13T10:59:00Z,30.00
2025-12-13T11:29:00Z,29.00
2025-12-13T11:33:00Z,29.00
2025-12-13T11:36:00Z,28.58
2025-12-13T11:46:00Z,30.00
2025-12-13T12:09:00Z,30.00
2025-12-13T12:13:00Z,30.00
2025-12-13T12:23:00Z,28.00
2025-12-13T12:42:00Z,29.95
2025-12-13T12:46:00Z,27.00
2025-12-13T12:54:00Z,29.00
2025-12-13T13:07:00Z,29.63
2025-12-13T13:09:00Z,30.00
2025-12-13T13:11:00Z,27.00
2025-12-13T13:36:00Z,29.96
2025-12-13T13:37:00Z,27.00
2025-12-13T13:42:00Z,29.12
2025-12-13T13:55:00Z,27.00
2025-12-13T13:56:00Z,27.00
2025-12-13T14:06:00Z,29.00
2025-12-13T14:07:00Z,29.00
2025-12-13T14:10:00Z,27.00
2025-12-13T14:17:00Z,27.00
2025-12-13T14:18:00Z,29.00
2025-12-13T14:21:00Z,27.00
2025-12-13T14:24:00Z,27.00
2025-12-13T14:30:00Z,26.38
2025-12-13T14:33:00Z,27.00
2025-12-13T14:39:00Z,28.00
2025-12-13T14:42:00Z,28.00
2025-12-13T14:47:00Z,28.00
2025-12-13T14:49:00Z,27.00
2025-12-13T14:54:00Z,28.00
2025-12-13T14:55:00Z,27.00
2025-12-13T14:56:00Z,28.00
2025-12-13T14:57:00Z,28.14
2025-12-13T14:59:00Z,27.00
2025-12-13T15:04:00Z,27.00
2025-12-13T15:05:00Z,28.00
2025-12-13T15:06:00Z,29.00
2025-12-13T15:10:00Z,29.00
2025-12-13T15:17:00Z,29.00
2025-12-13T15:19:00Z,27.00
2025-12-13T15:22:00Z,28.00
2025-12-13T15:23:00Z,27.00
2025-12-13T15:25:00Z,27.00
2025-12-13T15:26:00Z,28.00
2025-12-13T15:34:00Z,28.00
2025-12-13T15:36:00Z,28.00
2025-12-13T15:39:00Z,28.00
2025-12-13T15:42:00Z,27.00
2025-12-13T15:44:00Z,27.00
2025-12-13T15:45:00Z,26.99
2025-12-13T15:49:00Z,26.00
2025-12-13T15:53:00Z,27.00
2025-12-13T15:58:00Z,27.00
2025-12-13T16:02:00Z,27.00
2025-12-13T16:04:00Z,27.00
2025-12-13T16:05:00Z,27.00
2025-12-13T16:12:00Z,26.70
2025-12-13T16:14:00Z,28.00
2025-12-13T16:16:00Z,27.96
2025-12-13T16:17:00Z,27.00
2025-12-13T16:19:00Z,27.00
2025-12-13T16:29:00Z,27.00
2025-12-13T16:30:00Z,27.00
2025-12-13T16:31:00Z,27.00
2025-12-13T16:34:00Z,26.00
2025-12-13T16:37:00Z,26.39
2025-12-13T16:40:00Z,26.00
2025-12-13T16:41:00Z,27.06
2025-12-13T16:46:00Z,26.00
2025-12-13T16:49:00Z,28.00
2025-12-13T16:58:00Z,27.00
2025-12-13T17:00:00Z,27.00
2025-12-13T17:01:00Z,27.00
2025-12-13T17:02:00Z,26.00
2025-12-13T17:06:00Z,26.00
2025-12-13T17:10:00Z,27.00
2025-12-13T17:11:00Z,27.00
2025-12-13T17:13:00Z,27.37
2025-12-13T17:15:00Z,27.42
2025-12-13T17:20:00Z,26.00
2025-12-13T17:22:00Z,26.40
2025-12-13T17:25:00Z,26.00
2025-12-13T17:29:00Z,27.00
2025-12-13T17:30:00Z,27.00
2025-12-13T17:33:00Z,27.00
2025-12-13T17:35:00Z,26.98
2025-12-13T17:36:00Z,27.00
2025-12-13T17:37:00Z,27.00
2025-12-13T17:38:00Z,28.00
2025-12-13T17:39:00Z,27.00
2025-12-13T17:41:00Z,28.00
2025-12-13T17:45:00Z,25.74
2025-12-13T17:47:00Z,26.00
2025-12-13T17:48:00Z,26.07
2025-12-13T17:49:00Z,26.57
2025-12-13T17:54:00Z,26.19
2025-12-13T17:55:00Z,27.00
2025-12-13T17:58:00Z,26.00
2025-12-13T18:02:00Z,27.00
2025-12-13T18:03:00Z,26.75
2025-12-13T18:04:00Z,26.00
2025-12-13T18:07:00Z,25.71
2025-12-13T18:11:00Z,27.00
2025-12-13T18:14:00Z,27.00
2025-12-13T18:15:00Z,26.00
2025-12-13T18:23:00Z,27.00
2025-12-13T18:26:00Z,27.00
2025-12-13T18:31:00Z,27.00
2025-12-13T18:32:00Z,26.00
2025-12-13T18:33:00Z,27.00
2025-12-13T18:34:00Z,26.00
2025-12-13T18:35:00Z,27.00
2025-12-13T18:37:00Z,26.00
2025-12-13T18:40:00Z,27.00
2025-12-13T18:43:00Z,26.00
2025-12-13T18:45:00Z,26.38
2025-12-13T18:49:00Z,26.50
2025-12-13T18:50:00Z,26.00
2025-12-13T19:03:00Z,26.33
2025-12-13T19:05:00Z,27.00
2025-12-13T19:07:00Z,26.00
2025-12-13T19:08:00Z,27.00
2025-12-13T19:12:00Z,27.00
2025-12-13T19:15:00Z,27.00
2025-12-13T19:16:00Z,26.93
2025-12-13T19:17:00Z,27.00
2025-12-13T19:18:00Z,28.00
2025-12-13T19:19:00Z,26.00
2025-12-13T19:23:00Z,28.00
2025-12-13T19:24:00Z,28.00
2025-12-13T19:25:00Z,26.00
2025-12-13T19:30:00Z,28.00
2025-12-13T19:31:00Z,26.00
2025-12-13T19:32:00Z,26.00
2025-12-13T19:34:00Z,27.68
2025-12-13T19:40:00Z,28.00
2025-12-13T19:44:00Z,28.00
2025-12-13T19:45:00Z,28.00
2025-12-13T19:47:00Z,28.00
2025-12-13T19:48:00Z,28.00
2025-12-13T19:50:00Z,28.00
2025-12-13T19:56:00Z,27.00
2025-12-13T20:00:00Z,27.00
2025-12-13T20:05:00Z,26.91
2025-12-13T20:07:00Z,26.42
2025-12-13T20:08:00Z,26.83
2025-12-13T20:10:00Z,26.99
2025-12-13T20:12:00Z,26.82
2025-12-13T20:14:00Z,26.08
2025-12-13T20:25:00Z,26.00
2025-12-13T20:26:00Z,26.00
2025-12-13T20:27:00Z,27.00
2025-12-13T20:31:00Z,27.00
2025-12-13T20:34:00Z,27.00
2025-12-13T20:35:00Z,27.00
2025-12-13T20:36:00Z,26.96
2025-12-13T20:37:00Z,26.00
2025-12-13T20:38:00Z,27.00
2025-12-13T20:45:00Z,26.00
2025-12-13T20:49:00Z,27.00
2025-12-13T20:50:00Z,27.00
2025-12-13T20:53:00Z,26.33
2025-12-13T20:54:00Z,26.00
2025-12-13T20:55:00Z,27.92
2025-12-13T20:56:00Z,28.00
2025-12-13T20:58:00Z,26.00
2025-12-13T20:59:00Z,26.00
2025-12-13T21:00:00Z,27.00
2025-12-13T21:01:00Z,27.00
2025-12-13T21:03:00Z,26.00
2025-12-13T21:04:00Z,26.00
2025-12-13T21:09:00Z,25.56
2025-12-13T21:10:00Z,26.00
2025-12-13T21:14:00Z,25.55
2025-12-13T21:16:00Z,27.00
2025-12-13T21:18:00Z,26.00
2025-12-13T21:22:00Z,26.00
2025-12-13T21:23:00Z,26.00
2025-12-13T21:24:00Z,26.00
2025-12-13T21:26:00Z,27.00
2025-12-13T21:27:00Z,25.90
2025-12-13T21:29:00Z,27.00
2025-12-13T21:30:00Z,26.00
2025-12-13T21:31:00Z,26.00
2025-12-13T21:33:00Z,27.00
2025-12-13T21:37:00Z,27.00
2025-12-13T21:38:00Z,26.00
2025-12-13T21:40:00Z,27.00
2025-12-13T21:41:00Z,26.00
2025-12-13T21:43:00Z,26.00
2025-12-13T21:45:00Z,26.02
2025-12-13T21:46:00Z,27.00
2025-12-13T21:48:00Z,27.00
2025-12-13T21:49:00Z,26.00
2025-12-13T21:50:00Z,26.00
2025-12-13T21:51:00Z,24.73
2025-12-13T21:52:00Z,26.07
2025-12-13T21:53:00Z,27.00
2025-12-13T21:54:00Z,25.00
2025-12-13T21:55:00Z,26.00
2025-12-13T21:56:00Z,25.00
2025-12-13T21:57:00Z,25.00
2025-12-13T21:59:00Z,26.00
2025-12-13T22:00:00Z,25.00
2025-12-13T22:02:00Z,26.00
2025-12-13T22:04:00Z,25.75
2025-12-13T22:05:00Z,25.00
2025-12-13T22:09:00Z,25.00
2025-12-13T22:10:00Z,26.00
2025-12-13T22:12:00Z,26.88
2025-12-13T22:13:00Z,28.23
2025-12-13T22:14:00Z,29.00
2025-12-13T22:17:00Z,28.00
2025-12-13T22:21:00Z,29.00
2025-12-13T22:23:00Z,27.00
2025-12-13T22:27:00Z,29.00
2025-12-13T22:28:00Z,29.00
2025-12-13T22:29:00Z,27.00
2025-12-13T22:31:00Z,28.00
2025-12-13T22:33:00Z,28.65
2025-12-13T22:34:00Z,29.00
2025-12-13T22:35:00Z,27.55
2025-12-13T22:37:00Z,27.00
2025-12-13T22:43:00Z,29.00
2025-12-13T22:45:00Z,27.00
2025-12-13T22:47:00Z,27.00
2025-12-13T22:50:00Z,29.00
2025-12-13T22:54:00Z,29.00
2025-12-13T22:55:00Z,29.00
2025-12-13T22:57:00Z,29.00
2025-12-13T23:00:00Z,29.00
2025-12-13T23:01:00Z,29.00
2025-12-13T23:02:00Z,29.00
2025-12-13T23:06:00Z,27.00
2025-12-13T23:07:00Z,27.00
2025-12-13T23:10:00Z,28.13
2025-12-13T23:12:00Z,29.00
2025-12-13T23:16:00Z,29.00
2025-12-13T23:17:00Z,29.00
2025-12-13T23:19:00Z,27.00
2025-12-13T23:20:00Z,29.00
2025-12-13T23:22:00Z,29.00
2025-12-13T23:24:00Z,28.00
2025-12-13T23:25:00Z,29.95
2025-12-13T23:27:00Z,30.00
2025-12-13T23:29:00Z,30.00
2025-12-13T23:30:00Z,30.00
2025-12-13T23:33:00Z,29.00
2025-12-13T23:36:00Z,30.00
2025-12-13T23:42:00Z,29.00
2025-12-13T23:43:00Z,30.00
2025-12-13T23:52:00Z,29.00
2025-12-13T23:57:00Z,29.00
2025-12-14T00:01:00Z,30.00
2025-12-14T00:08:00Z,30.00
2025-12-14T00:10:00Z,29.81
2025-12-14T00:14:00Z,29.94
2025-12-14T00:15:00Z,29.00
2025-12-14T00:16:00Z,28.00
2025-12-14T00:18:00Z,30.00
2025-12-14T00:19:00Z,29.00
2025-12-14T00:20:00Z,29.00
2025-12-14T00:22:00Z,28.00
2025-12-14T00:24:00Z,28.00
2025-12-14T00:26:00Z,29.00
2025-12-14T00:30:00Z,28.00
2025-12-14T00:33:00Z,28.99
2025-12-14T00:35:00Z,29.71
2025-12-14T00:43:00Z,28.00
2025-12-14T00:44:00Z,29.00
2025-12-14T00:45:00Z,28.00
2025-12-14T00:46:00Z,28.00
2025-12-14T00:48:00Z,29.00
2025-12-14T00:49:00Z,28.71
2025-12-14T00:50:00Z,28.18
2025-12-14T00:51:00Z,27.94
2025-12-14T00:52:00Z,27.00
2025-12-14T00:53:00Z,27.00
2025-12-14T00:54:00Z,28.00
2025-12-14T00:59:00Z,27.77
2025-12-14T01:00:00Z,28.00
2025-12-14T01:01:00Z,28.71
2025-12-14T01:03:00Z,27.00
2025-12-14T01:04:00Z,28.00
2025-12-14T01:05:00Z,28.00
2025-12-14T01:06:00Z,28.00
2025-12-14T01:07:00Z,28.00
2025-12-14T01:08:00Z,28.00
2025-12-14T01:09:00Z,28.84
2025-12-14T01:12:00Z,27.00
2025-12-14T01:13:00Z,28.00
2025-12-14T01:14:00Z,27.00
2025-12-14T01:18:00Z,27.00
2025-12-14T01:22:00Z,27.00
2025-12-14T01:24:00Z,28.00
2025-12-14T01:25:00Z,27.00
2025-12-14T01:27:00Z,28.00
2025-12-14T01:31:00Z,27.00
2025-12-14T01:33:00Z,29.00
2025-12-14T01:34:00Z,29.00
2025-12-14T01:36:00Z,27.00
2025-12-14T01:37:00Z,27.00
2025-12-14T01:39:00Z,28.02
2025-12-14T01:41:00Z,28.00
2025-12-14T01:42:00Z,27.00
2025-12-14T01:45:00Z,27.65
2025-12-14T01:48:00Z,27.00
2025-12-14T01:49:00Z,28.00
2025-12-14T01:52:00Z,28.00
2025-12-14T01:53:00Z,28.00
2025-12-14T01:57:00Z,28.00
2025-12-14T01:59:00Z,27.00
2025-12-14T02:02:00Z,28.00
2025-12-14T02:03:00Z,28.00
2025-12-14T02:04:00Z,27.56
2025-12-14T02:06:00Z,27.81
2025-12-14T02:07:00Z,28.00
2025-12-14T02:08:00Z,27.00
2025-12-14T02:13:00Z,28.00
2025-12-14T02:17:00Z,27.00
2025-12-14T02:19:00Z,27.00
2025-12-14T02:20:00Z,28.00
2025-12-14T02:21:00Z,28.00
2025-12-14T02:23:00Z,28.00
2025-12-14T02:25:00Z,27.00
2025-12-14T02:27:00Z,28.00
2025-12-14T02:32:00Z,27.00
2025-12-14T02:35:00Z,27.00
2025-12-14T02:41:00Z,28.00
2025-12-14T02:42:00Z,27.00
2025-12-14T02:43:00Z,27.00
2025-12-14T02:48:00Z,27.00
2025-12-14T02:50:00Z,27.00
2025-12-14T02:51:00Z,28.00
2025-12-14T02:54:00Z,28.00
2025-12-14T02:55:00Z,28.00
2025-12-14T02:58:00Z,27.92
2025-12-14T03:02:00Z,28.00
2025-12-14T03:04:00Z,27.00
2025-12-14T03:08:00Z,27.00
2025-12-14T03:10:00Z,28.00
2025-12-14T03:11:00Z,28.00
2025-12-14T03:14:00Z,28.00
2025-12-14T03:18:00Z,28.00
2025-12-14T03:20:00Z,27.00
2025-12-14T03:21:00Z,28.00
2025-12-14T03:23:00Z,27.00
2025-12-14T03:26:00Z,28.00
2025-12-14T03:28:00Z,28.00
2025-12-14T03:44:00Z,27.00
2025-12-14T03:46:00Z,27.00
2025-12-14T03:47:00Z,27.00
2025-12-14T03:51:00Z,28.00
2025-12-14T03:56:00Z,27.00
2025-12-14T03:59:00Z,28.00
2025-12-14T04:01:00Z,27.00
2025-12-14T04:02:00Z,28.00
2025-12-14T04:08:00Z,28.00
2025-12-14T04:10:00Z,27.00
2025-12-14T04:11:00Z,27.00
2025-12-14T04:15:00Z,28.00
2025-12-14T04:22:00Z,28.00
2025-12-14T04:25:00Z,28.00
2025-12-14T04:28:00Z,28.00
2025-12-14T04:30:00Z,28.00
2025-12-14T04:31:00Z,27.00
2025-12-14T04:40:00Z,28.00
2025-12-14T04:41:00Z,28.00
2025-12-14T04:42:00Z,28.00
2025-12-14T04:44:00Z,27.00
2025-12-14T04:45:00Z,28.00
2025-12-14T04:46:00Z,28.00
2025-12-14T04:47:00Z,29.00
2025-12-14T04:48:00Z,29.00
2025-12-14T04:58:00Z,30.00
2025-12-14T04:59:00Z,28.00
2025-12-14T05:00:00Z,28.00
2025-12-14T05:02:00Z,29.00
2025-12-14T05:04:00Z,29.00
2025-12-14T05:05:00Z,29.00
2025-12-14T05:07:00Z,27.00
2025-12-14T05:08:00Z,29.00
2025-12-14T05:18:00Z,28.00
2025-12-14T05:24:00Z,27.00
2025-12-14T05:26:00Z,27.00
2025-12-14T05:28:00Z,28.00
2025-12-14T05:29:00Z,28.00
2025-12-14T05:30:00Z,27.00
2025-12-14T05:31:00Z,27.00
2025-12-14T05:32:00Z,29.00
2025-12-14T05:33:00Z,29.00
2025-12-14T05:40:00Z,29.00
2025-12-14T05:43:00Z,28.07
2025-12-14T05:46:00Z,28.00
2025-12-14T05:54:00Z,27.00
2025-12-14T05:59:00Z,28.00
2025-12-14T06:05:00Z,27.06
2025-12-14T06:09:00Z,28.00
2025-12-14T06:12:00Z,28.00
2025-12-14T06:21:00Z,28.00
2025-12-14T06:24:00Z,28.00
2025-12-14T06:31:00Z,29.00
2025-12-14T06:33:00Z,29.00
2025-12-14T06:36:00Z,28.00
2025-12-14T06:38:00Z,28.00
2025-12-14T06:53:00Z,28.00
2025-12-14T06:55:00Z,28.00
2025-12-14T06:56:00Z,27.00
2025-12-14T06:58:00Z,28.73
2025-12-14T07:00:00Z,28.00
2025-12-14T07:17:00Z,28.00
2025-12-14T07:22:00Z,27.00
2025-12-14T07:32:00Z,27.00
2025-12-14T07:40:00Z,27.00
2025-12-14T07:42:00Z,28.00
2025-12-14T07:43:00Z,28.00
2025-12-14T08:17:00Z,28.00
2025-12-14T08:29:00Z,27.00
2025-12-14T08:52:00Z,27.00
2025-12-14T09:00:00Z,27.00
2025-12-14T09:18:00Z,28.00
2025-12-14T09:22:00Z,27.00
2025-12-14T09:53:00Z,28.00
2025-12-14T09:57:00Z,28.00
2025-12-14T10:07:00Z,28.00
2025-12-14T10:14:00Z,27.00
2025-12-14T10:23:00Z,27.00
2025-12-14T10:24:00Z,27.00
2025-12-14T10:25:00Z,26.49
2025-12-14T10:26:00Z,27.00
2025-12-14T10:40:00Z,27.00
2025-12-14T10:43:00Z,26.00
2025-12-14T10:47:00Z,26.00
2025-12-14T10:50:00Z,27.00
2025-12-14T10:51:00Z,27.00
2025-12-14T10:54:00Z,26.06
2025-12-14T10:57:00Z,26.00
2025-12-14T11:02:00Z,27.00
2025-12-14T11:18:00Z,27.00
2025-12-14T11:31:00Z,26.00
2025-12-14T11:32:00Z,25.00
2025-12-14T11:35:00Z,26.00
2025-12-14T11:38:00Z,25.00
2025-12-14T11:39:00Z,25.00
2025-12-14T11:40:00Z,25.00
2025-12-14T11:41:00Z,24.00
2025-12-14T11:42:00Z,25.00
2025-12-14T11:44:00Z,24.00
2025-12-14T11:45:00Z,24.00
2025-12-14T11:49:00Z,24.00
2025-12-14T11:50:00Z,24.00
2025-12-14T11:51:00Z,24.00
2025-12-14T11:57:00Z,24.00
2025-12-14T11:58:00Z,24.00
2025-12-14T11:59:00Z,24.00
2025-12-14T12:05:00Z,25.00
2025-12-14T12:11:00Z,24.00
2025-12-14T12:12:00Z,25.00
2025-12-14T12:25:00Z,25.00
2025-12-14T12:28:00Z,24.00
2025-12-14T12:29:00Z,25.00
2025-12-14T12:32:00Z,25.00
2025-12-14T12:37:00Z,25.00
2025-12-14T12:38:00Z,25.00
2025-12-14T12:40:00Z,24.00
2025-12-14T12:41:00Z,24.00
2025-12-14T12:43:00Z,24.00
2025-12-14T12:44:00Z,25.00
2025-12-14T12:46:00Z,26.00
2025-12-14T12:52:00Z,24.10
2025-12-14T12:56:00Z,26.00
2025-12-14T12:58:00Z,23.29
2025-12-14T13:03:00Z,24.10
2025-12-14T13:13:00Z,24.00
2025-12-14T13:15:00Z,25.00
2025-12-14T13:21:00Z,23.00
2025-12-14T13:22:00Z,24.00
2025-12-14T13:29:00Z,24.00
2025-12-14T13:30:00Z,23.00
2025-12-14T13:31:00Z,24.00
2025-12-14T13:33:00Z,23.00
2025-12-14T13:34:00Z,23.00
2025-12-14T13:38:00Z,24.00
2025-12-14T13:39:00Z,24.00
2025-12-14T13:44:00Z,23.38
2025-12-14T13:45:00Z,23.00
2025-12-14T13:50:00Z,23.00
2025-12-14T14:00:00Z,23.98
2025-12-14T14:20:00Z,25.00
2025-12-14T14:22:00Z,26.00
2025-12-14T14:23:00Z,26.00
2025-12-14T14:25:00Z,25.00
2025-12-14T14:26:00Z,25.00
2025-12-14T14:28:00Z,25.00
2025-12-14T14:29:00Z,25.00
2025-12-14T14:35:00Z,25.00
2025-12-14T14:36:00Z,24.00
2025-12-14T14:39:00Z,23.00
2025-12-14T14:41:00Z,23.00
2025-12-14T14:46:00Z,23.00
2025-12-14T14:48:00Z,24.00
2025-12-14T14:49:00Z,24.00
2025-12-14T14:52:00Z,24.00
2025-12-14T14:54:00Z,23.00
2025-12-14T14:56:00Z,23.00
2025-12-14T14:57:00Z,23.00
2025-12-14T15:04:00Z,24.00
2025-12-14T15:11:00Z,23.00
2025-12-14T15:12:00Z,24.00
2025-12-14T15:14:00Z,23.00
2025-12-14T15:16:00Z,24.00
2025-12-14T15:18:00Z,24.00
2025-12-14T15:19:00Z,23.00
2025-12-14T15:20:00Z,23.00
2025-12-14T15:21:00Z,23.18
2025-12-14T15:23:00Z,23.00
2025-12-14T15:27:00Z,23.00
2025-12-14T15:28:00Z,23.00
2025-12-14T15:34:00Z,23.00
2025-12-14T15:35:00Z,24.00
2025-12-14T15:36:00Z,24.00
2025-12-14T15:42:00Z,24.27
2025-12-14T15:48:00Z,24.00
2025-12-14T15:49:00Z,24.00
2025-12-14T15:50:00Z,23.00
2025-12-14T15:53:00Z,24.00
2025-12-14T15:54:00Z,23.00
2025-12-14T15:55:00Z,24.00
2025-12-14T15:56:00Z,21.77
2025-12-14T15:57:00Z,21.19
2025-12-14T16:00:00Z,23.00
2025-12-14T16:04:00Z,23.00
2025-12-14T16:08:00Z,23.00
2025-12-14T16:09:00Z,22.00
2025-12-14T16:10:00Z,23.00
2025-12-14T16:13:00Z,22.90
2025-12-14T16:16:00Z,22.00
2025-12-14T16:18:00Z,22.00
2025-12-14T16:19:00Z,23.00
2025-12-14T16:22:00Z,23.00
2025-12-14T16:24:00Z,22.72
2025-12-14T16:28:00Z,23.00
2025-12-14T16:29:00Z,22.50
2025-12-14T16:38:00Z,22.00
2025-12-14T16:39:00Z,22.00
2025-12-14T16:42:00Z,23.00
2025-12-14T16:45:00Z,22.00
2025-12-14T16:46:00Z,22.38
2025-12-14T16:47:00Z,21.00
2025-12-14T16:48:00Z,21.00
2025-12-14T16:49:00Z,21.83
2025-12-14T16:51:00Z,21.00
2025-12-14T16:55:00Z,21.00
2025-12-14T16:56:00Z,22.00
2025-12-14T17:00:00Z,22.00
2025-12-14T17:01:00Z,22.00
2025-12-14T17:05:00Z,22.00
2025-12-14T17:07:00Z,22.00
2025-12-14T17:09:00Z,21.00
2025-12-14T17:11:00Z,22.00
2025-12-14T17:13:00Z,21.00
2025-12-14T17:14:00Z,22.00
2025-12-14T17:16:00Z,22.00
2025-12-14T17:18:00Z,20.80
2025-12-14T17:19:00Z,21.00
2025-12-14T17:20:00Z,21.02
2025-12-14T17:23:00Z,22.00
2025-12-14T17:24:00Z,22.00
2025-12-14T17:30:00Z,22.00
2025-12-14T17:31:00Z,21.99
2025-12-14T17:32:00Z,22.00
2025-12-14T17:36:00Z,22.00
2025-12-14T17:37:00Z,21.00
2025-12-14T17:38:00Z,21.00
2025-12-14T17:39:00Z,21.02
2025-12-14T17:46:00Z,22.00
2025-12-14T17:49:00Z,22.00
2025-12-14T17:50:00Z,21.00
2025-12-14T17:52:00Z,21.00
2025-12-14T17:54:00Z,21.00
2025-12-14T17:55:00Z,21.00
2025-12-14T17:56:00Z,22.00
2025-12-14T17:58:00Z,21.00
2025-12-14T17:59:00Z,22.00
2025-12-14T18:05:00Z,22.00
2025-12-14T18:06:00Z,22.00
2025-12-14T18:07:00Z,22.00
2025-12-14T18:09:00Z,22.00
2025-12-14T18:14:00Z,21.00
2025-12-14T18:18:00Z,22.00
2025-12-14T18:24:00Z,22.00
2025-12-14T18:25:00Z,22.00
2025-12-14T18:32:00Z,22.00
2025-12-14T18:40:00Z,22.00
2025-12-14T18:41:00Z,22.00
2025-12-14T18:42:00Z,21.00
2025-12-14T18:46:00Z,22.00
2025-12-14T18:53:00Z,22.00
2025-12-14T18:56:00Z,21.00
2025-12-14T19:04:00Z,21.00
2025-12-14T19:05:00Z,22.00
2025-12-14T19:06:00Z,22.00
2025-12-14T19:07:00Z,22.00
2025-12-14T19:09:00Z,22.00
2025-12-14T19:11:00Z,22.00
2025-12-14T19:17:00Z,22.00
2025-12-14T19:18:00Z,23.00
2025-12-14T19:21:00Z,22.00
2025-12-14T19:22:00Z,23.00
2025-12-14T19:24:00Z,22.00
2025-12-14T19:29:00Z,20.56
2025-12-14T19:30:00Z,22.27
2025-12-14T19:32:00Z,21.00
2025-12-14T19:36:00Z,22.00
2025-12-14T19:37:00Z,21.00
2025-12-14T19:38:00Z,21.00
2025-12-14T19:40:00Z,22.00
2025-12-14T19:42:00Z,21.25
2025-12-14T19:43:00Z,21.90
2025-12-14T19:48:00Z,21.00
2025-12-14T19:49:00Z,20.00
2025-12-14T19:50:00Z,20.00
2025-12-14T19:51:00Z,20.00
2025-12-14T19:52:00Z,20.00
2025-12-14T19:53:00Z,20.00
2025-12-14T19:54:00Z,21.00
2025-12-14T19:55:00Z,21.00
2025-12-14T19:58:00Z,21.00
2025-12-14T19:59:00Z,21.29
2025-12-14T20:00:00Z,22.00
2025-12-14T20:04:00Z,21.00
2025-12-14T20:06:00Z,22.00
2025-12-14T20:07:00Z,21.50
2025-12-14T20:11:00Z,21.95
2025-12-14T20:12:00Z,21.00
2025-12-14T20:13:00Z,21.14
2025-12-14T20:14:00Z,21.00
2025-12-14T20:15:00Z,20.00
2025-12-14T20:17:00Z,21.48
2025-12-14T20:18:00Z,22.00
2025-12-14T20:19:00Z,22.00
2025-12-14T20:21:00Z,21.00
2025-12-14T20:23:00Z,22.00
2025-12-14T20:26:00Z,22.00
2025-12-14T20:30:00Z,21.12
2025-12-14T20:34:00Z,22.00
2025-12-14T20:35:00Z,21.00
2025-12-14T20:36:00Z,21.00
2025-12-14T20:40:00Z,21.00
2025-12-14T20:41:00Z,21.00
2025-12-14T20:42:00Z,22.00
2025-12-14T20:45:00Z,21.00
2025-12-14T20:46:00Z,21.00
2025-12-14T20:50:00Z,22.00
2025-12-14T20:52:00Z,21.00
2025-12-14T20:54:00Z,21.00
2025-12-14T21:00:00Z,22.00
2025-12-14T21:03:00Z,21.00
2025-12-14T21:04:00Z,21.00
2025-12-14T21:05:00Z,21.00
2025-12-14T21:07:00Z,19.82
2025-12-14T21:08:00Z,18.16
2025-12-14T21:11:00Z,18.61
2025-12-14T21:13:00Z,18.98
2025-12-14T21:15:00Z,19.00
2025-12-14T21:18:00Z,19.85
2025-12-14T21:19:00Z,19.00
2025-12-14T21:20:00Z,18.00
2025-12-14T21:22:00Z,19.00
2025-12-14T21:23:00Z,20.00
2025-12-14T21:24:00Z,20.00
2025-12-14T21:25:00Z,20.00
2025-12-14T21:28:00Z,20.00
2025-12-14T21:29:00Z,21.00
2025-12-14T21:30:00Z,20.00
2025-12-14T21:32:00Z,20.00
2025-12-14T21:35:00Z,21.00
2025-12-14T21:36:00Z,21.00
2025-12-14T21:37:00Z,21.00
2025-12-14T21:38:00Z,21.00
2025-12-14T21:45:00Z,21.37
2025-12-14T21:48:00Z,21.00
2025-12-14T21:51:00Z,22.00
2025-12-14T21:52:00Z,22.00
2025-12-14T21:55:00Z,21.00
2025-12-14T21:57:00Z,21.00
2025-12-14T21:59:00Z,20.01
2025-12-14T22:00:00Z,22.00
2025-12-14T22:04:00Z,21.00
2025-12-14T22:13:00Z,21.00
2025-12-14T22:16:00Z,21.00
2025-12-14T22:21:00Z,20.00
2025-12-14T22:22:00Z,20.00
2025-12-14T22:24:00Z,20.00
2025-12-14T22:27:00Z,20.00
2025-12-14T22:28:00Z,20.00
2025-12-14T22:35:00Z,20.00
2025-12-14T22:36:00Z,20.02
2025-12-14T22:37:00Z,21.00
2025-12-14T22:39:00Z,20.00
2025-12-14T22:41:00Z,20.66
2025-12-14T22:42:00Z,20.00
2025-12-14T22:45:00Z,20.99
2025-12-14T22:46:00Z,20.07
2025-12-14T22:52:00Z,20.93
2025-12-14T22:56:00Z,22.00
2025-12-14T22:57:00Z,22.00
2025-12-14T22:58:00Z,22.00
2025-12-14T23:10:00Z,22.00
2025-12-14T23:13:00Z,21.21
2025-12-14T23:14:00Z,20.00
2025-12-14T23:15:00Z,22.00
2025-12-14T23:16:00Z,22.00
2025-12-14T23:18:00Z,20.50
2025-12-14T23:19:00Z,20.09
2025-12-14T23:24:00Z,20.00
2025-12-14T23:26:00Z,22.00
2025-12-14T23:28:00Z,20.00
2025-12-14T23:32:00Z,22.00
2025-12-14T23:36:00Z,21.00
2025-12-14T23:40:00Z,20.00
2025-12-14T23:47:00Z,21.00
2025-12-14T23:49:00Z,20.00
2025-12-14T23:51:00Z,21.14
2025-12-14T23:57:00Z,20.00
2025-12-14T23:58:00Z,21.00
2025-12-15T00:01:00Z,21.00
2025-12-15T00:02:00Z,21.96
2025-12-15T00:07:00Z,21.60
2025-12-15T00:08:00Z,20.00
2025-12-15T00:13:00Z,21.00
2025-12-15T00:14:00Z,20.00
2025-12-15T00:19:00Z,21.54
2025-12-15T00:20:00Z,20.00
2025-12-15T00:23:00Z,21.00
2025-12-15T00:24:00Z,22.00
2025-12-15T00:27:00Z,21.00
2025-12-15T00:28:00Z,22.00
2025-12-15T00:30:00Z,22.00
2025-12-15T00:31:00Z,21.00
2025-12-15T00:33:00Z,22.00
2025-12-15T00:34:00Z,21.00
2025-12-15T00:39:00Z,21.00
2025-12-15T00:41:00Z,20.16
2025-12-15T00:42:00Z,20.00
2025-12-15T00:44:00Z,21.00
2025-12-15T00:47:00Z,20.64
2025-12-15T00:49:00Z,19.50
2025-12-15T00:50:00Z,20.09
2025-12-15T00:52:00Z,20.00
2025-12-15T00:53:00Z,21.00
2025-12-15T00:54:00Z,19.19
2025-12-15T00:55:00Z,20.87
2025-12-15T00:56:00Z,21.00
2025-12-15T00:58:00Z,21.00
2025-12-15T01:00:00Z,21.00
2025-12-15T01:01:00Z,21.00
2025-12-15T01:03:00Z,20.00
2025-12-15T01:08:00Z,20.00
2025-12-15T01:12:00Z,21.00
2025-12-15T01:14:00Z,20.45
2025-12-15T01:16:00Z,20.24
2025-12-15T01:17:00Z,20.70
2025-12-15T01:20:00Z,21.00
2025-12-15T01:22:00Z,20.00
2025-12-15T01:25:00Z,20.00
2025-12-15T01:28:00Z,20.00
2025-12-15T01:31:00Z,21.00
2025-12-15T01:32:00Z,20.00
2025-12-15T01:33:00Z,21.00
2025-12-15T01:34:00Z,20.00
2025-12-15T01:36:00Z,21.00
2025-12-15T01:39:00Z,21.00
2025-12-15T01:41:00Z,22.00
2025-12-15T01:43:00Z,21.00
2025-12-15T01:45:00Z,21.25
2025-12-15T01:46:00Z,21.00
2025-12-15T01:48:00Z,21.14
2025-12-15T01:50:00Z,21.00
2025-12-15T01:53:00Z,21.00
2025-12-15T01:54:00Z,21.00
2025-12-15T02:02:00Z,22.00
2025-12-15T02:06:00Z,21.00
2025-12-15T02:07:00Z,22.00
2025-12-15T02:09:00Z,22.00
2025-12-15T02:10:00Z,22.00
2025-12-15T02:12:00Z,23.00
2025-12-15T02:13:00Z,22.91
2025-12-15T02:14:00Z,22.00
2025-12-15T02:17:00Z,23.00
2025-12-15T02:18:00Z,22.99
2025-12-15T02:19:00Z,23.00
2025-12-15T02:21:00Z,22.00
2025-12-15T02:22:00Z,23.00
2025-12-15T02:24:00Z,22.00
2025-12-15T02:26:00Z,22.79
2025-12-15T02:32:00Z,22.00
2025-12-15T02:33:00Z,24.00
2025-12-15T02:36:00Z,23.76
2025-12-15T02:41:00Z,23.00
2025-12-15T02:43:00Z,24.00
2025-12-15T02:44:00Z,23.00
2025-12-15T02:45:00Z,22.00
2025-12-15T02:49:00Z,22.00
2025-12-15T02:56:00Z,23.00
2025-12-15T02:59:00Z,23.00
2025-12-15T03:00:00Z,22.00
2025-12-15T03:01:00Z,23.00
2025-12-15T03:05:00Z,23.00
2025-12-15T03:14:00Z,22.21
2025-12-15T03:15:00Z,23.00
2025-12-15T03:16:00Z,23.00
2025-12-15T03:18:00Z,23.00
2025-12-15T03:19:00Z,23.00
2025-12-15T03:23:00Z,22.00
2025-12-15T03:26:00Z,23.00
2025-12-15T03:27:00Z,22.82
2025-12-15T03:28:00Z,22.50
2025-12-15T03:31:00Z,22.00
2025-12-15T03:32:00Z,22.00
2025-12-15T03:33:00Z,22.86
2025-12-15T03:34:00Z,22.83
2025-12-15T03:35:00Z,22.00
2025-12-15T03:36:00Z,23.00
2025-12-15T03:39:00Z,23.00
2025-12-15T03:41:00Z,21.99
2025-12-15T03:42:00Z,22.00
2025-12-15T03:43:00Z,22.00
2025-12-15T03:46:00Z,21.15
2025-12-15T03:54:00Z,21.00
2025-12-15T03:57:00Z,22.14
2025-12-15T03:59:00Z,22.00
2025-12-15T04:06:00Z,23.00
2025-12-15T04:08:00Z,23.00
2025-12-15T04:09:00Z,23.00
2025-12-15T04:12:00Z,22.00
2025-12-15T04:13:00Z,23.00
2025-12-15T04:14:00Z,23.00
2025-12-15T04:16:00Z,22.00
2025-12-15T04:17:00Z,22.00
2025-12-15T04:18:00Z,22.00
2025-12-15T04:20:00Z,23.09
2025-12-15T04:21:00Z,23.00
2025-12-15T04:22:00Z,23.00
2025-12-15T04:24:00Z,23.00
2025-12-15T04:29:00Z,23.66
2025-12-15T04:30:00Z,23.99
2025-12-15T04:31:00Z,24.00
2025-12-15T04:32:00Z,23.43
2025-12-15T04:33:00Z,23.70
2025-12-15T04:36:00Z,25.00
2025-12-15T04:40:00Z,24.89
2025-12-15T04:41:00Z,25.00
2025-12-15T04:44:00Z,24.00
2025-12-15T04:48:00Z,24.00
2025-12-15T04:49:00Z,25.00
2025-12-15T04:52:00Z,25.00
2025-12-15T04:53:00Z,25.00
2025-12-15T04:55:00Z,24.86
2025-12-15T05:01:00Z,25.00
2025-12-15T05:04:00Z,26.00
2025-12-15T05:05:00Z,25.97
2025-12-15T05:07:00Z,25.00
2025-12-15T05:08:00Z,25.00
2025-12-15T05:09:00Z,26.00
2025-12-15T05:11:00Z,25.00
2025-12-15T05:13:00Z,25.00
2025-12-15T05:14:00Z,24.00
2025-12-15T05:15:00Z,24.00
2025-12-15T05:17:00Z,24.00
2025-12-15T05:26:00Z,25.00
2025-12-15T05:31:00Z,25.00
2025-12-15T05:33:00Z,24.09
2025-12-15T05:39:00Z,24.00
2025-12-15T05:41:00Z,25.00
2025-12-15T05:42:00Z,25.00
2025-12-15T05:43:00Z,24.93
2025-12-15T05:45:00Z,25.00
2025-12-15T05:46:00Z,25.00
2025-12-15T05:48:00Z,25.00
2025-12-15T05:52:00Z,25.00
2025-12-15T05:53:00Z,25.00
2025-12-15T05:54:00Z,24.00
2025-12-15T05:56:00Z,24.00
2025-12-15T05:57:00Z,25.00
2025-12-15T05:58:00Z,25.00
2025-12-15T06:02:00Z,25.00
2025-12-15T06:08:00Z,25.00
2025-12-15T06:09:00Z,24.00
2025-12-15T06:14:00Z,25.00
2025-12-15T06:19:00Z,24.00
2025-12-15T06:24:00Z,24.00
2025-12-15T06:25:00Z,24.00
2025-12-15T06:28:00Z,25.00
2025-12-15T06:36:00Z,24.83
2025-12-15T06:42:00Z,24.00
2025-12-15T06:46:00Z,25.00
2025-12-15T06:48:00Z,25.00
2025-12-15T06:50:00Z,25.00
2025-12-15T06:51:00Z,25.00
2025-12-15T06:56:00Z,24.00
2025-12-15T06:57:00Z,24.00
2025-12-15T06:58:00Z,24.00
2025-12-15T07:12:00Z,25.00
2025-12-15T07:15:00Z,25.00
2025-12-15T07:16:00Z,24.00
2025-12-15T07:20:00Z,23.42
2025-12-15T07:22:00Z,23.00
2025-12-15T07:30:00Z,24.00
2025-12-15T07:34:00Z,23.00
2025-12-15T07:37:00Z,24.00
2025-12-15T07:43:00Z,25.00
2025-12-15T07:46:00Z,25.00
2025-12-15T07:51:00Z,25.00
2025-12-15T07:53:00Z,24.00
2025-12-15T08:02:00Z,24.00
2025-12-15T08:04:00Z,24.00
2025-12-15T08:14:00Z,24.00
2025-12-15T08:41:00Z,25.00
2025-12-15T08:43:00Z,25.00
2025-12-15T08:50:00Z,25.00
2025-12-15T08:52:00Z,25.00
2025-12-15T08:54:00Z,25.00
2025-12-15T09:11:00Z,23.22
2025-12-15T09:26:00Z,23.00
2025-12-15T09:40:00Z,23.00
2025-12-15T09:46:00Z,24.00
2025-12-15T09:51:00Z,23.00
2025-12-15T09:59:00Z,24.00
2025-12-15T10:07:00Z,24.00
2025-12-15T10:08:00Z,24.00
2025-12-15T10:19:00Z,23.02
2025-12-15T10:24:00Z,22.00
2025-12-15T10:28:00Z,23.00
2025-12-15T10:37:00Z,23.00
2025-12-15T10:45:00Z,23.00
2025-12-15T10:52:00Z,22.00
2025-12-15T10:54:00Z,22.00
2025-12-15T10:57:00Z,23.00
2025-12-15T11:01:00Z,23.00
2025-12-15T11:07:00Z,22.00
2025-12-15T11:22:00Z,22.00
2025-12-15T11:29:00Z,22.00
2025-12-15T11:36:00Z,23.93
2025-12-15T11:42:00Z,24.00
2025-12-15T11:44:00Z,24.00
2025-12-15T11:45:00Z,23.75
2025-12-15T11:52:00Z,24.63
2025-12-15T12:04:00Z,24.00
2025-12-15T12:08:00Z,25.00
2025-12-15T12:09:00Z,25.00
2025-12-15T12:10:00Z,24.00
2025-12-15T12:19:00Z,25.00
2025-12-15T12:23:00Z,24.00
2025-12-15T12:24:00Z,24.00
2025-12-15T12:26:00Z,24.00
2025-12-15T12:28:00Z,23.00
2025-12-15T12:31:00Z,23.00
2025-12-15T12:32:00Z,24.00
2025-12-15T12:39:00Z,22.03
2025-12-15T12:48:00Z,23.00
2025-12-15T12:56:00Z,23.00
2025-12-15T13:01:00Z,23.01
2025-12-15T13:06:00Z,23.00
2025-12-15T13:08:00Z,22.01
2025-12-15T13:09:00Z,23.09
2025-12-15T13:11:00Z,23.00
2025-12-15T13:16:00Z,23.00
2025-12-15T13:17:00Z,23.00
2025-12-15T13:19:00Z,23.00
2025-12-15T13:27:00Z,23.00
2025-12-15T13:28:00Z,23.00
2025-12-15T13:29:00Z,22.94
2025-12-15T13:30:00Z,22.81
2025-12-15T13:31:00Z,23.00
2025-12-15T13:32:00Z,22.97
2025-12-15T13:33:00Z,23.00
2025-12-15T13:34:00Z,23.00
2025-12-15T13:35:00Z,22.00
2025-12-15T13:36:00Z,22.00
2025-12-15T13:38:00Z,23.00
2025-12-15T13:40:00Z,23.00
2025-12-15T13:44:00Z,22.00
2025-12-15T13:45:00Z,23.00
2025-12-15T13:47:00Z,23.00
2025-12-15T13:48:00Z,22.62
2025-12-15T13:49:00Z,23.00
2025-12-15T13:50:00Z,22.00
2025-12-15T13:52:00Z,23.00
2025-12-15T13:53:00Z,23.00
2025-12-15T13:54:00Z,22.41
2025-12-15T13:56:00Z,23.00
2025-12-15T13:57:00Z,22.00
2025-12-15T14:05:00Z,22.00
2025-12-15T14:10:00Z,22.00
2025-12-15T14:12:00Z,23.00
2025-12-15T14:15:00Z,22.00
2025-12-15T14:16:00Z,23.00
2025-12-15T14:18:00Z,22.00
2025-12-15T14:20:00Z,23.00
2025-12-15T14:21:00Z,23.00
2025-12-15T14:24:00Z,22.96
2025-12-15T14:25:00Z,22.00
2025-12-15T14:26:00Z,23.00
2025-12-15T14:27:00Z,22.00
2025-12-15T14:29:00Z,22.00
2025-12-15T14:31:00Z,22.00
2025-12-15T14:35:00Z,22.00
2025-12-15T14:37:00Z,23.00
2025-12-15T14:39:00Z,22.00
2025-12-15T14:40:00Z,22.00
2025-12-15T14:41:00Z,22.00
2025-12-15T14:42:00Z,22.06
2025-12-15T14:43:00Z,22.00
2025-12-15T14:44:00Z,22.00
2025-12-15T14:45:00Z,22.00
2025-12-15T14:47:00Z,21.00
2025-12-15T14:49:00Z,21.00
2025-12-15T14:50:00Z,21.70
2025-12-15T14:51:00Z,20.07
2025-12-15T14:52:00Z,20.00
2025-12-15T14:53:00Z,21.00
2025-12-15T14:55:00Z,18.24
2025-12-15T14:56:00Z,17.11
2025-12-15T14:57:00Z,16.18
2025-12-15T14:58:00Z,17.00
2025-12-15T14:59:00Z,17.00
2025-12-15T15:00:00Z,16.00
2025-12-15T15:01:00Z,17.00
2025-12-15T15:02:00Z,16.90
2025-12-15T15:04:00Z,17.00
2025-12-15T15:05:00Z,17.00
2025-12-15T15:06:00Z,16.97
2025-12-15T15:07:00Z,15.86
2025-12-15T15:08:00Z,16.99
2025-12-15T15:09:00Z,17.00
2025-12-15T15:10:00Z,17.00
2025-12-15T15:11:00Z,17.00
2025-12-15T15:13:00Z,17.00
2025-12-15T15:17:00Z,17.00
2025-12-15T15:18:00Z,17.00
2025-12-15T15:19:00Z,17.13
2025-12-15T15:21:00Z,17.00
2025-12-15T15:22:00Z,16.00
2025-12-15T15:23:00Z,16.26
2025-12-15T15:24:00Z,16.00
2025-12-15T15:25:00Z,16.00
2025-12-15T15:26:00Z,16.00
2025-12-15T15:27:00Z,13.72
2025-12-15T15:28:00Z,15.00
2025-12-15T15:29:00Z,14.00
2025-12-15T15:30:00Z,13.51
2025-12-15T15:32:00Z,13.26
2025-12-15T15:33:00Z,15.00
2025-12-15T15:34:00Z,15.00
2025-12-15T15:36:00Z,12.29
2025-12-15T15:41:00Z,14.00
2025-12-15T15:42:00Z,13.00
2025-12-15T15:43:00Z,13.00
2025-12-15T15:44:00Z,11.63
2025-12-15T15:45:00Z,12.97
2025-12-15T15:46:00Z,13.01
2025-12-15T15:47:00Z,13.00
2025-12-15T15:48:00Z,14.00
2025-12-15T15:49:00Z,14.00
2025-12-15T15:51:00Z,13.00
2025-12-15T15:52:00Z,14.00
2025-12-15T15:53:00Z,13.00
2025-12-15T15:55:00Z,13.00
2025-12-15T15:56:00Z,14.00
2025-12-15T15:57:00Z,13.98
2025-12-15T15:59:00Z,14.00
2025-12-15T16:00:00Z,13.00
2025-12-15T16:01:00Z,14.00
2025-12-15T16:02:00Z,14.00
2025-12-15T16:04:00Z,14.00
2025-12-15T16:06:00Z,13.00
2025-12-15T16:07:00Z,13.00
2025-12-15T16:08:00Z,13.91
2025-12-15T16:10:00Z,13.00
2025-12-15T16:11:00Z,13.31
2025-12-15T16:14:00Z,14.00
2025-12-15T16:16:00Z,13.97
2025-12-15T16:17:00Z,14.00
2025-12-15T16:18:00Z,13.99
2025-12-15T16:19:00Z,13.00
2025-12-15T16:20:00Z,14.38
2025-12-15T16:21:00Z,14.82
2025-12-15T16:22:00Z,13.25
2025-12-15T16:23:00Z,14.00
2025-12-15T16:24:00Z,13.00
2025-12-15T16:25:00Z,14.00
2025-12-15T16:26:00Z,14.89
2025-12-15T16:27:00Z,14.10
2025-12-15T16:28:00Z,14.00
2025-12-15T16:29:00Z,14.00
2025-12-15T16:30:00Z,14.00
2025-12-15T16:31:00Z,14.00
2025-12-15T16:33:00Z,13.00
2025-12-15T16:34:00Z,14.00
2025-12-15T16:38:00Z,14.00
2025-12-15T16:39:00Z,13.00
2025-12-15T16:40:00Z,13.00
2025-12-15T16:41:00Z,13.00
2025-12-15T16:44:00Z,12.00
2025-12-15T16:45:00Z,12.00
2025-12-15T16:46:00Z,12.00
2025-12-15T16:47:00Z,12.00
2025-12-15T16:48:00Z,13.00
2025-12-15T16:50:00Z,13.00
2025-12-15T16:54:00Z,14.00
2025-12-15T16:56:00Z,13.84
2025-12-15T16:58:00Z,13.00
2025-12-15T16:59:00Z,13.00
2025-12-15T17:00:00Z,13.00
2025-12-15T17:01:00Z,14.00
2025-12-15T17:02:00Z,13.00
2025-12-15T17:03:00Z,13.98
2025-12-15T17:08:00Z,14.00
2025-12-15T17:11:00Z,11.97
2025-12-15T17:12:00Z,13.00
2025-12-15T17:14:00Z,13.87
2025-12-15T17:15:00Z,13.00
2025-12-15T17:18:00Z,14.00
2025-12-15T17:19:00Z,14.00
2025-12-15T17:20:00Z,14.00
2025-12-15T17:21:00Z,14.00
2025-12-15T17:22:00Z,13.08
2025-12-15T17:23:00Z,13.00
2025-12-15T17:24:00Z,13.00
2025-12-15T17:25:00Z,12.00
2025-12-15T17:28:00Z,13.00
2025-12-15T17:30:00Z,13.00
2025-12-15T17:31:00Z,13.00
2025-12-15T17:32:00Z,14.00
2025-12-15T17:33:00Z,13.00
2025-12-15T17:34:00Z,13.00
2025-12-15T17:35:00Z,13.00
2025-12-15T17:38:00Z,13.00
2025-12-15T17:40:00Z,12.00
2025-12-15T17:42:00Z,12.97
2025-12-15T17:43:00Z,13.00
2025-12-15T17:44:00Z,12.10
2025-12-15T17:45:00Z,12.00
2025-12-15T17:46:00Z,12.00
2025-12-15T17:48:00Z,13.00
2025-12-15T17:49:00Z,12.17
2025-12-15T17:52:00Z,13.00
2025-12-15T17:53:00Z,11.68
2025-12-15T17:54:00Z,11.08
2025-12-15T17:55:00Z,12.95
2025-12-15T17:56:00Z,11.06
2025-12-15T17:57:00Z,11.18
2025-12-15T17:59:00Z,11.00
2025-12-15T18:01:00Z,11.00
2025-12-15T18:02:00Z,12.00
2025-12-15T18:03:00Z,12.00
2025-12-15T18:04:00Z,12.00
2025-12-15T18:05:00Z,12.36
2025-12-15T18:06:00Z,11.19
2025-12-15T18:08:00Z,11.99
2025-12-15T18:09:00Z,11.42
2025-12-15T18:10:00Z,12.34
2025-12-15T18:12:00Z,12.84
2025-12-15T18:14:00Z,13.32
2025-12-15T18:18:00Z,12.00
2025-12-15T18:19:00Z,12.00
2025-12-15T18:20:00Z,12.34
2025-12-15T18:21:00Z,13.00
2025-12-15T18:22:00Z,13.00
2025-12-15T18:23:00Z,13.47
2025-12-15T18:24:00Z,14.00
2025-12-15T18:25:00Z,14.00
2025-12-15T18:28:00Z,13.04
2025-12-15T18:30:00Z,12.00
2025-12-15T18:31:00Z,13.00
2025-12-15T18:32:00Z,12.00
2025-12-15T18:35:00Z,12.00
2025-12-15T18:36:00Z,13.00
2025-12-15T18:37:00Z,13.00
2025-12-15T18:38:00Z,10.84
2025-12-15T18:39:00Z,11.00
2025-12-15T18:40:00Z,10.27
2025-12-15T18:43:00Z,11.44
2025-12-15T18:44:00Z,11.00
2025-12-15T18:45:00Z,11.00
2025-12-15T18:46:00Z,11.00
2025-12-15T18:51:00Z,10.90
2025-12-15T18:53:00Z,10.00
2025-12-15T18:54:00Z,11.00
2025-12-15T18:55:00Z,11.00
2025-12-15T18:56:00Z,11.00
2025-12-15T18:57:00Z,11.19
2025-12-15T18:58:00Z,11.00
2025-12-15T18:59:00Z,12.00
2025-12-15T19:00:00Z,11.80
2025-12-15T19:01:00Z,12.00
2025-12-15T19:02:00Z,11.00
2025-12-15T19:05:00Z,12.88
2025-12-15T19:06:00Z,14.00
2025-12-15T19:07:00Z,13.00
2025-12-15T19:09:00Z,13.00
2025-12-15T19:12:00Z,12.79
2025-12-15T19:13:00Z,13.64
2025-12-15T19:14:00Z,14.00
2025-12-15T19:15:00Z,14.80
2025-12-15T19:17:00Z,14.00
2025-12-15T19:22:00Z,14.00
2025-12-15T19:23:00Z,13.90
2025-12-15T19:24:00Z,14.00
2025-12-15T19:29:00Z,14.00
2025-12-15T19:31:00Z,14.65
2025-12-15T19:34:00Z,15.00
2025-12-15T19:35:00Z,15.00
2025-12-15T19:37:00Z,15.00
2025-12-15T19:38:00Z,15.00
2025-12-15T19:39:00Z,14.71
2025-12-15T19:40:00Z,15.00
2025-12-15T19:41:00Z,14.00
2025-12-15T19:42:00Z,15.00
2025-12-15T19:43:00Z,14.00
2025-12-15T19:45:00Z,15.00
2025-12-15T19:46:00Z,15.00
2025-12-15T19:47:00Z,15.00
2025-12-15T19:48:00Z,14.36
2025-12-15T19:50:00Z,15.00
2025-12-15T19:51:00Z,14.24
2025-12-15T19:53:00Z,14.34
2025-12-15T19:54:00Z,14.00
2025-12-15T19:57:00Z,14.00
2025-12-15T19:58:00Z,13.03
2025-12-15T20:00:00Z,13.62
2025-12-15T20:01:00Z,14.00
2025-12-15T20:02:00Z,13.75
2025-12-15T20:04:00Z,14.00
2025-12-15T20:05:00Z,14.00
2025-12-15T20:07:00Z,13.59
2025-12-15T20:08:00Z,14.00
2025-12-15T20:11:00Z,13.00
2025-12-15T20:12:00Z,14.00
2025-12-15T20:13:00Z,13.19
2025-12-15T20:14:00Z,12.00
2025-12-15T20:17:00Z,12.00
2025-12-15T20:19:00Z,11.00
2025-12-15T20:20:00Z,11.59
2025-12-15T20:21:00Z,12.00
2025-12-15T20:24:00Z,11.00
2025-12-15T20:27:00Z,12.00
2025-12-15T20:29:00Z,12.00
2025-12-15T20:31:00Z,11.00
2025-12-15T20:32:00Z,12.00
2025-12-15T20:33:00Z,12.00
2025-12-15T20:37:00Z,12.00
2025-12-15T20:38:00Z,11.99
2025-12-15T20:40:00Z,12.00
2025-12-15T20:44:00Z,11.95
2025-12-15T20:45:00Z,11.00
2025-12-15T20:46:00Z,11.00
2025-12-15T20:47:00Z,11.94
2025-12-15T20:56:00Z,12.00
2025-12-15T20:57:00Z,12.00
2025-12-15T21:02:00Z,12.00
2025-12-15T21:05:00Z,12.00
2025-12-15T21:16:00Z,12.00
2025-12-15T21:17:00Z,11.00
2025-12-15T21:19:00Z,12.00
2025-12-15T21:21:00Z,11.99
2025-12-15T21:23:00Z,12.00
2025-12-15T21:26:00Z,12.00
2025-12-15T21:27:00Z,12.00
2025-12-15T21:28:00Z,12.00
2025-12-15T21:31:00Z,12.00
2025-12-15T21:32:00Z,12.00
2025-12-15T21:33:00Z,12.00
2025-12-15T21:37:00Z,12.00
2025-12-15T21:40:00Z,12.00
2025-12-15T21:41:00Z,12.00
2025-12-15T21:42:00Z,12.00
2025-12-15T21:43:00Z,11.00
2025-12-15T21:44:00Z,11.00
2025-12-15T21:45:00Z,12.00
2025-12-15T21:47:00Z,11.70
2025-12-15T21:51:00Z,12.00
2025-12-15T21:58:00Z,12.00
2025-12-15T21:59:00Z,11.00
2025-12-15T22:00:00Z,11.00
2025-12-15T22:01:00Z,12.00
2025-12-15T22:03:00Z,12.00
2025-12-15T22:04:00Z,12.00
2025-12-15T22:05:00Z,12.00
2025-12-15T22:08:00Z,11.00
2025-12-15T22:09:00Z,12.00
2025-12-15T22:11:00Z,12.00
2025-12-15T22:14:00Z,11.43
2025-12-15T22:15:00Z,10.62
2025-12-15T22:17:00Z,12.00
2025-12-15T22:19:00Z,12.00
2025-12-15T22:23:00Z,12.00
2025-12-15T22:27:00Z,11.99
2025-12-15T22:28:00Z,11.00
2025-12-15T22:30:00Z,12.00
2025-12-15T22:34:00Z,12.00
2025-12-15T22:35:00Z,12.00
2025-12-15T22:37:00Z,12.00
2025-12-15T22:39:00Z,12.00
2025-12-15T22:40:00Z,12.00
2025-12-15T22:41:00Z,11.02
2025-12-15T22:42:00Z,11.00
2025-12-15T22:45:00Z,12.00
2025-12-15T22:46:00Z,12.00
2025-12-15T22:47:00Z,11.00
2025-12-15T22:51:00Z,12.00
2025-12-15T22:52:00Z,12.73
2025-12-15T23:03:00Z,13.00
2025-12-15T23:06:00Z,12.00
2025-12-15T23:07:00Z,12.97
2025-12-15T23:08:00Z,13.00
2025-12-15T23:18:00Z,13.00
2025-12-15T23:19:00Z,13.00
2025-12-15T23:21:00Z,12.00
2025-12-15T23:22:00Z,11.75
2025-12-15T23:23:00Z,13.00
2025-12-15T23:24:00Z,13.00
2025-12-15T23:26:00Z,12.99
2025-12-15T23:27:00Z,13.00
2025-12-15T23:28:00Z,13.00
2025-12-15T23:33:00Z,12.93
2025-12-15T23:41:00Z,12.66
2025-12-15T23:42:00Z,13.00
2025-12-15T23:44:00Z,13.00
2025-12-15T23:46:00Z,12.00
2025-12-15T23:48:00Z,12.00
2025-12-15T23:52:00Z,13.00
2025-12-15T23:55:00Z,13.00
2025-12-15T23:58:00Z,12.00
2025-12-15T23:59:00Z,13.00
2025-12-16T00:00:00Z,13.00
2025-12-16T00:04:00Z,12.00
2025-12-16T00:05:00Z,13.00
2025-12-16T00:10:00Z,13.00
2025-12-16T00:15:00Z,12.97
2025-12-16T00:16:00Z,12.78
2025-12-16T00:18:00Z,13.00
2025-12-16T00:20:00Z,12.00
2025-12-16T00:21:00Z,12.00
2025-12-16T00:23:00Z,12.00
2025-12-16T00:26:00Z,12.00
2025-12-16T00:27:00Z,12.00
2025-12-16T00:28:00Z,12.00
2025-12-16T00:31:00Z,13.00
2025-12-16T00:39:00Z,13.00
2025-12-16T00:46:00Z,12.00
2025-12-16T00:47:00Z,13.00
2025-12-16T00:50:00Z,13.00
2025-12-16T00:51:00Z,13.00
2025-12-16T00:52:00Z,13.00
2025-12-16T00:55:00Z,13.00
2025-12-16T00:58:00Z,13.00
2025-12-16T00:59:00Z,13.00
2025-12-16T01:01:00Z,12.14
2025-12-16T01:02:00Z,13.00
2025-12-16T01:03:00Z,13.00
2025-12-16T01:04:00Z,12.00
2025-12-16T01:05:00Z,13.00
2025-12-16T01:07:00Z,12.99
2025-12-16T01:08:00Z,12.05
2025-12-16T01:13:00Z,13.00
2025-12-16T01:14:00Z,13.00
2025-12-16T01:15:00Z,13.00
2025-12-16T01:20:00Z,13.00
2025-12-16T01:22:00Z,12.00
2025-12-16T01:26:00Z,13.00
2025-12-16T01:27:00Z,13.00
2025-12-16T01:36:00Z,12.00
2025-12-16T01:43:00Z,13.00
2025-12-16T01:46:00Z,13.00
2025-12-16T01:47:00Z,11.00
2025-12-16T01:53:00Z,13.00
2025-12-16T01:54:00Z,12.01
2025-12-16T02:01:00Z,13.00
2025-12-16T02:04:00Z,12.76
2025-12-16T02:05:00Z,13.00
2025-12-16T02:07:00Z,13.00
2025-12-16T02:09:00Z,13.00
2025-12-16T02:10:00Z,12.01
2025-12-16T02:14:00Z,12.00
2025-12-16T02:17:00Z,12.15
2025-12-16T02:18:00Z,13.00
2025-12-16T02:19:00Z,12.00
2025-12-16T02:24:00Z,12.00
2025-12-16T02:26:00Z,13.00
2025-12-16T02:27:00Z,13.00
2025-12-16T02:28:00Z,13.00
2025-12-16T02:32:00Z,13.00
2025-12-16T02:33:00Z,12.36
2025-12-16T02:36:00Z,13.00
2025-12-16T02:39:00Z,13.00
2025-12-16T02:40:00Z,13.00
2025-12-16T02:42:00Z,14.00
2025-12-16T02:43:00Z,14.00
2025-12-16T02:45:00Z,14.00
2025-12-16T02:46:00Z,14.00
2025-12-16T02:47:00Z,14.00
2025-12-16T02:49:00Z,13.00
2025-12-16T02:53:00Z,13.00
2025-12-16T02:54:00Z,13.86
2025-12-16T02:56:00Z,14.00
2025-12-16T02:57:00Z,13.00
2025-12-16T02:58:00Z,13.00
2025-12-16T02:59:00Z,13.00
2025-12-16T03:04:00Z,13.00
2025-12-16T03:05:00Z,13.00
2025-12-16T03:09:00Z,13.00
2025-12-16T03:14:00Z,13.00
2025-12-16T03:17:00Z,14.00
2025-12-16T03:18:00Z,13.00
2025-12-16T03:20:00Z,13.00
2025-12-16T03:24:00Z,13.00
2025-12-16T03:26:00Z,13.00
2025-12-16T03:29:00Z,13.00
2025-12-16T03:31:00Z,13.00
2025-12-16T03:34:00Z,14.00
2025-12-16T03:36:00Z,13.00
2025-12-16T03:38:00Z,12.00
2025-12-16T03:40:00Z,13.00
2025-12-16T03:41:00Z,12.00
2025-12-16T03:44:00Z,13.00
2025-12-16T03:45:00Z,13.00
2025-12-16T03:48:00Z,14.00
2025-12-16T03:49:00Z,14.00
2025-12-16T03:50:00Z,14.00
2025-12-16T04:00:00Z,13.00
2025-12-16T04:04:00Z,13.54
2025-12-16T04:07:00Z,14.00
2025-12-16T04:10:00Z,13.98
2025-12-16T04:11:00Z,13.96
2025-12-16T04:14:00Z,14.00
2025-12-16T04:17:00Z,13.00
2025-12-16T04:21:00Z,14.00
2025-12-16T04:23:00Z,13.00
2025-12-16T04:24:00Z,13.00
2025-12-16T04:25:00Z,13.00
2025-12-16T04:26:00Z,14.00
2025-12-16T04:27:00Z,13.15
2025-12-16T04:28:00Z,12.00
2025-12-16T04:34:00Z,12.00
2025-12-16T04:36:00Z,12.00
2025-12-16T04:38:00Z,11.00
2025-12-16T04:41:00Z,12.89
2025-12-16T04:43:00Z,14.00
2025-12-16T04:44:00Z,14.00
2025-12-16T04:47:00Z,13.00
2025-12-16T04:49:00Z,14.00
2025-12-16T04:51:00Z,13.00
2025-12-16T04:57:00Z,14.00
2025-12-16T04:58:00Z,13.99
2025-12-16T05:01:00Z,13.00
2025-12-16T05:03:00Z,14.00
2025-12-16T05:04:00Z,13.00
2025-12-16T05:07:00Z,13.38
2025-12-16T05:16:00Z,13.00
2025-12-16T05:19:00Z,13.00
2025-12-16T05:22:00Z,12.00
2025-12-16T05:26:00Z,13.00
2025-12-16T05:27:00Z,12.00
2025-12-16T05:28:00Z,13.00
2025-12-16T05:32:00Z,12.00
2025-12-16T05:33:00Z,13.00
2025-12-16T05:34:00Z,13.00
2025-12-16T05:36:00Z,13.00
2025-12-16T05:41:00Z,13.00
2025-12-16T05:42:00Z,13.00
2025-12-16T05:43:00Z,13.00
2025-12-16T05:44:00Z,12.00
2025-12-16T05:46:00Z,13.00
2025-12-16T05:48:00Z,12.00
2025-12-16T05:50:00Z,13.00
2025-12-16T05:56:00Z,13.00
2025-12-16T05:57:00Z,12.00
2025-12-16T05:58:00Z,12.00
2025-12-16T06:00:00Z,13.75
2025-12-16T06:02:00Z,14.00
2025-12-16T06:04:00Z,13.00
2025-12-16T06:07:00Z,14.00
2025-12-16T06:09:00Z,14.00
2025-12-16T06:11:00Z,14.00
2025-12-16T06:12:00Z,14.00
2025-12-16T06:15:00Z,14.00
2025-12-16T06:16:00Z,14.00
2025-12-16T06:21:00Z,14.00
2025-12-16T06:24:00Z,14.00
2025-12-16T06:29:00Z,14.00
2025-12-16T06:34:00Z,14.00
2025-12-16T06:51:00Z,12.08
2025-12-16T07:08:00Z,14.00
2025-12-16T07:14:00Z,14.00
2025-12-16T07:19:00Z,14.00
2025-12-16T07:20:00Z,13.00
2025-12-16T07:25:00Z,12.00
2025-12-16T07:30:00Z,13.00
2025-12-16T07:35:00Z,12.00
2025-12-16T07:37:00Z,13.00
2025-12-16T07:49:00Z,12.00
2025-12-16T07:50:00Z,12.00
2025-12-16T07:51:00Z,12.00
2025-12-16T08:12:00Z,12.00
2025-12-16T08:23:00Z,12.00
2025-12-16T08:33:00Z,13.00
2025-12-16T08:34:00Z,12.00
2025-12-16T09:00:00Z,13.00
2025-12-16T09:05:00Z,12.00
2025-12-16T09:09:00Z,13.00
2025-12-16T09:12:00Z,13.00
2025-12-16T09:23:00Z,13.00
2025-12-16T09:28:00Z,13.00
2025-12-16T09:30:00Z,13.00
2025-12-16T09:32:00Z,12.00
2025-12-16T09:34:00Z,12.00
2025-12-16T09:36:00Z,12.00
2025-12-16T09:37:00Z,13.00
2025-12-16T09:48:00Z,13.00
2025-12-16T09:57:00Z,13.00
2025-12-16T10:11:00Z,12.50
2025-12-16T10:17:00Z,13.00
2025-12-16T10:19:00Z,13.00
2025-12-16T10:20:00Z,13.00
2025-12-16T10:32:00Z,13.00
2025-12-16T10:41:00Z,13.00
2025-12-16T10:50:00Z,13.00
2025-12-16T10:54:00Z,13.00
2025-12-16T11:09:00Z,13.00
2025-12-16T11:10:00Z,12.00
2025-12-16T11:21:00Z,12.00
2025-12-16T11:24:00Z,13.00
2025-12-16T11:27:00Z,13.00
2025-12-16T11:29:00Z,13.00
2025-12-16T11:37:00Z,13.00
2025-12-16T11:41:00Z,13.00
2025-12-16T11:45:00Z,12.00
2025-12-16T11:46:00Z,12.99
2025-12-16T11:56:00Z,13.00
2025-12-16T12:02:00Z,13.00
2025-12-16T12:07:00Z,14.00
2025-12-16T12:14:00Z,13.00
2025-12-16T12:23:00Z,13.00
2025-12-16T12:24:00Z,14.00
2025-12-16T12:29:00Z,14.00
2025-12-16T12:34:00Z,13.00
2025-12-16T12:37:00Z,14.00
2025-12-16T12:42:00Z,14.00
2025-12-16T12:45:00Z,14.00
2025-12-16T12:46:00Z,13.00
2025-12-16T12:49:00Z,14.00
2025-12-16T12:51:00Z,13.00
2025-12-16T12:52:00Z,13.00
2025-12-16T13:21:00Z,14.00
2025-12-16T13:23:00Z,13.00
2025-12-16T13:24:00Z,13.00
2025-12-16T13:26:00Z,13.00
2025-12-16T13:30:00Z,12.00
2025-12-16T13:33:00Z,12.98
2025-12-16T13:34:00Z,13.00
2025-12-16T13:44:00Z,12.00
2025-12-16T13:45:00Z,13.00
2025-12-16T13:46:00Z,13.00
2025-12-16T13:54:00Z,13.00
2025-12-16T13:58:00Z,13.00
2025-12-16T14:00:00Z,13.00
2025-12-16T14:09:00Z,13.00
2025-12-16T14:20:00Z,12.00
2025-12-16T14:21:00Z,13.00
2025-12-16T14:30:00Z,13.00
2025-12-16T14:32:00Z,12.00
2025-12-16T14:35:00Z,13.00
2025-12-16T14:41:00Z,12.00
2025-12-16T14:43:00Z,12.00
2025-12-16T14:44:00Z,13.00
2025-12-16T14:46:00Z,12.00
2025-12-16T14:51:00Z,13.00
2025-12-16T14:55:00Z,13.00
2025-12-16T14:57:00Z,13.00
2025-12-16T15:00:00Z,13.00
2025-12-16T15:01:00Z,12.00
2025-12-16T15:06:00Z,14.00
2025-12-16T15:11:00Z,13.00
2025-12-16T15:18:00Z,12.00
2025-12-16T15:19:00Z,13.00
2025-12-16T15:20:00Z,13.40
2025-12-16T15:21:00Z,12.00
2025-12-16T15:27:00Z,12.00
2025-12-16T15:29:00Z,11.40
2025-12-16T15:31:00Z,12.00
2025-12-16T15:33:00Z,13.41
2025-12-16T15:34:00Z,13.14
2025-12-16T15:35:00Z,14.00
2025-12-16T15:36:00Z,14.00
2025-12-16T15:37:00Z,14.00
2025-12-16T15:38:00Z,13.00
2025-12-16T15:39:00Z,13.00
2025-12-16T15:40:00Z,12.83
2025-12-16T15:42:00Z,13.00
2025-12-16T15:47:00Z,14.00
2025-12-16T15:48:00Z,12.01
2025-12-16T15:50:00Z,12.68
2025-12-16T15:51:00Z,12.00
2025-12-16T15:52:00Z,13.00
2025-12-16T15:54:00Z,12.98
2025-12-16T15:55:00Z,13.00
2025-12-16T15:56:00Z,13.00
2025-12-16T15:58:00Z,13.00
2025-12-16T16:00:00Z,13.00
2025-12-16T16:01:00Z,12.79
2025-12-16T16:02:00Z,13.00
2025-12-16T16:03:00Z,12.00
2025-12-16T16:05:00Z,13.00
2025-12-16T16:06:00Z,13.00
2025-12-16T16:08:00Z,12.00
2025-12-16T16:11:00Z,13.00
2025-12-16T16:13:00Z,12.98
2025-12-16T16:16:00Z,13.00
2025-12-16T16:17:00Z,13.00
2025-12-16T16:18:00Z,13.00
2025-12-16T16:20:00Z,14.00
2025-12-16T16:24:00Z,14.00
2025-12-16T16:26:00Z,14.00
2025-12-16T16:29:00Z,13.00
2025-12-16T16:31:00Z,14.00
2025-12-16T16:33:00Z,14.00
2025-12-16T16:39:00Z,14.00
2025-12-16T16:40:00Z,13.00
2025-12-16T16:42:00Z,13.00
2025-12-16T16:50:00Z,13.00
2025-12-16T16:57:00Z,14.00
2025-12-16T16:58:00Z,12.28
2025-12-16T17:01:00Z,13.00
2025-12-16T17:02:00Z,13.00
2025-12-16T17:04:00Z,13.00
2025-12-16T17:08:00Z,13.00
2025-12-16T17:10:00Z,13.00
2025-12-16T17:13:00Z,12.84
2025-12-16T17:15:00Z,12.03
2025-12-16T17:16:00Z,13.00
2025-12-16T17:18:00Z,13.00
2025-12-16T17:19:00Z,12.75
2025-12-16T17:20:00Z,13.00
2025-12-16T17:25:00Z,13.00
2025-12-16T17:27:00Z,13.00
2025-12-16T17:39:00Z,13.54
2025-12-16T17:45:00Z,14.00
2025-12-16T17:47:00Z,14.00
2025-12-16T17:49:00Z,13.00
2025-12-16T17:51:00Z,14.00
2025-12-16T17:53:00Z,14.00
2025-12-16T17:54:00Z,13.00
2025-12-16T17:56:00Z,14.00
2025-12-16T17:59:00Z,13.94
2025-12-16T18:01:00Z,14.00
2025-12-16T18:02:00Z,14.00
2025-12-16T18:04:00Z,14.00
2025-12-16T18:07:00Z,13.00
2025-12-16T18:08:00Z,13.00
2025-12-16T18:10:00Z,14.00
2025-12-16T18:13:00Z,12.45
2025-12-16T18:16:00Z,13.00
2025-12-16T18:18:00Z,13.21
2025-12-16T18:23:00Z,12.15
2025-12-16T18:27:00Z,12.00
2025-12-16T18:31:00Z,12.00
2025-12-16T18:35:00Z,13.00
2025-12-16T18:40:00Z,13.00
2025-12-16T18:41:00Z,13.53
2025-12-16T18:45:00Z,14.00
2025-12-16T18:46:00Z,14.00
2025-12-16T18:47:00Z,13.71
2025-12-16T18:48:00Z,14.00
2025-12-16T18:50:00Z,14.00
2025-12-16T18:52:00Z,14.00
2025-12-16T18:53:00Z,14.00
2025-12-16T18:54:00Z,14.00
2025-12-16T18:58:00Z,13.96
2025-12-16T19:00:00Z,13.00
2025-12-16T19:02:00Z,13.83
2025-12-16T19:03:00Z,13.50
2025-12-16T19:05:00Z,14.00
2025-12-16T19:10:00Z,13.45
2025-12-16T19:11:00Z,13.00
2025-12-16T19:12:00Z,14.00
2025-12-16T19:13:00Z,13.00
2025-12-16T19:14:00Z,13.00
2025-12-16T19:18:00Z,13.00
2025-12-16T19:22:00Z,13.00
2025-12-16T19:31:00Z,12.00
2025-12-16T19:32:00Z,12.00
2025-12-16T19:33:00Z,12.00
2025-12-16T19:34:00Z,13.00
2025-12-16T19:36:00Z,13.00
2025-12-16T19:42:00Z,14.00
2025-12-16T19:45:00Z,14.00
2025-12-16T19:46:00Z,14.00
2025-12-16T19:52:00Z,13.00
2025-12-16T19:53:00Z,12.56
2025-12-16T19:55:00Z,14.00
2025-12-16T20:00:00Z,13.00
2025-12-16T20:01:00Z,13.89
2025-12-16T20:02:00Z,13.97
2025-12-16T20:04:00Z,14.00
2025-12-16T20:05:00Z,13.00
2025-12-16T20:07:00Z,14.00
2025-12-16T20:08:00Z,14.00
2025-12-16T20:10:00Z,13.00
2025-12-16T20:11:00Z,14.00
2025-12-16T20:12:00Z,13.00
2025-12-16T20:19:00Z,13.27
2025-12-16T20:22:00Z,14.00
2025-12-16T20:23:00Z,14.00
2025-12-16T20:27:00Z,14.00
2025-12-16T20:30:00Z,14.00
2025-12-16T20:32:00Z,13.00
2025-12-16T20:36:00Z,13.00
2025-12-16T20:39:00Z,14.00
2025-12-16T20:41:00Z,13.00
2025-12-16T20:42:00Z,14.00
2025-12-16T20:44:00Z,14.00
2025-12-16T20:46:00Z,13.00
2025-12-16T20:49:00Z,13.00
2025-12-16T20:57:00Z,13.76
2025-12-16T20:58:00Z,14.00
2025-12-16T21:00:00Z,14.00
2025-12-16T21:01:00Z,13.02
2025-12-16T21:02:00Z,12.00
2025-12-16T21:04:00Z,13.00
2025-12-16T21:05:00Z,13.76
2025-12-16T21:08:00Z,13.00
2025-12-16T21:11:00Z,13.00
2025-12-16T21:14:00Z,13.00
2025-12-16T21:17:00Z,14.00
2025-12-16T21:18:00Z,14.00
2025-12-16T21:22:00Z,14.00
2025-12-16T21:26:00Z,13.00
2025-12-16T21:27:00Z,14.00
2025-12-16T21:33:00Z,13.10
2025-12-16T21:35:00Z,13.50
2025-12-16T21:36:00Z,13.00
2025-12-16T21:37:00Z,14.00
2025-12-16T21:41:00Z,13.00
2025-12-16T21:43:00Z,14.00
2025-12-16T21:44:00Z,13.00
2025-12-16T21:45:00Z,14.00
2025-12-16T21:46:00Z,14.00
2025-12-16T21:48:00Z,14.00
2025-12-16T21:52:00Z,14.00
2025-12-16T21:53:00Z,14.00
2025-12-16T21:54:00Z,14.00
2025-12-16T21:59:00Z,14.00
2025-12-16T22:01:00Z,13.00
2025-12-16T22:06:00Z,14.00
2025-12-16T22:07:00Z,14.00
2025-12-16T22:08:00Z,13.00
2025-12-16T22:15:00Z,14.00
2025-12-16T22:19:00Z,14.00
2025-12-16T22:28:00Z,14.00
2025-12-16T22:29:00Z,13.00
2025-12-16T22:30:00Z,14.00
2025-12-16T22:35:00Z,13.18
2025-12-16T22:36:00Z,14.00
2025-12-16T22:39:00Z,13.00
2025-12-16T22:43:00Z,13.00
2025-12-16T22:45:00Z,14.00
2025-12-16T22:47:00Z,14.00
2025-12-16T22:53:00Z,14.00
2025-12-16T22:55:00Z,14.00
2025-12-16T23:01:00Z,14.84
2025-12-16T23:06:00Z,14.00
2025-12-16T23:11:00Z,14.85
2025-12-16T23:12:00Z,15.00
2025-12-16T23:13:00Z,15.00
2025-12-16T23:17:00Z,14.81
2025-12-16T23:21:00Z,14.00
2025-12-16T23:24:00Z,15.00
2025-12-16T23:25:00Z,15.00
2025-12-16T23:30:00Z,15.00
2025-12-16T23:31:00Z,15.00
2025-12-16T23:32:00Z,15.00
2025-12-16T23:34:00Z,15.00
2025-12-16T23:35:00Z,15.00
2025-12-16T23:36:00Z,15.00
2025-12-16T23:38:00Z,15.00
2025-12-16T23:39:00Z,14.00
2025-12-16T23:45:00Z,14.00
2025-12-16T23:48:00Z,15.00
2025-12-16T23:50:00Z,15.00
2025-12-16T23:51:00Z,14.00
2025-12-16T23:52:00Z,15.00
2025-12-16T23:53:00Z,15.00
2025-12-16T23:57:00Z,15.00
2025-12-16T23:58:00Z,14.00
2025-12-17T00:01:00Z,14.99
2025-12-17T00:02:00Z,15.00
2025-12-17T00:04:00Z,15.00
2025-12-17T00:05:00Z,15.00
2025-12-17T00:06:00Z,14.00
2025-12-17T00:11:00Z,15.00
2025-12-17T00:12:00Z,15.00
2025-12-17T00:14:00Z,13.48
2025-12-17T00:15:00Z,13.93
2025-12-17T00:16:00Z,14.00
2025-12-17T00:19:00Z,13.95
2025-12-17T00:20:00Z,15.00
2025-12-17T00:22:00Z,14.00
2025-12-17T00:23:00Z,14.00
2025-12-17T00:26:00Z,15.00
2025-12-17T00:27:00Z,14.79
2025-12-17T00:31:00Z,14.00
2025-12-17T00:32:00Z,14.00
2025-12-17T00:33:00Z,14.00
2025-12-17T00:38:00Z,14.45
2025-12-17T00:40:00Z,13.20
2025-12-17T00:41:00Z,13.00
2025-12-17T00:42:00Z,14.00
2025-12-17T00:45:00Z,13.00
2025-12-17T00:49:00Z,14.17
2025-12-17T00:50:00Z,15.00
2025-12-17T00:52:00Z,15.00
2025-12-17T00:53:00Z,14.94
2025-12-17T00:55:00Z,15.00
2025-12-17T00:56:00Z,15.00
2025-12-17T00:58:00Z,15.00
2025-12-17T01:00:00Z,15.00
2025-12-17T01:03:00Z,14.84
2025-12-17T01:05:00Z,14.00
2025-12-17T01:09:00Z,14.00
2025-12-17T01:10:00Z,13.93
2025-12-17T01:11:00Z,14.00
2025-12-17T01:13:00Z,14.00
2025-12-17T01:19:00Z,14.69
2025-12-17T01:24:00Z,14.00
2025-12-17T01:25:00Z,15.00
2025-12-17T01:28:00Z,15.00
2025-12-17T01:30:00Z,15.00
2025-12-17T01:34:00Z,15.00
2025-12-17T01:35:00Z,15.00
2025-12-17T01:36:00Z,15.00
2025-12-17T01:37:00Z,14.00
2025-12-17T01:38:00Z,15.00
2025-12-17T01:42:00Z,14.49
2025-12-17T01:43:00Z,15.00
2025-12-17T01:46:00Z,15.00
2025-12-17T01:56:00Z,14.35
2025-12-17T01:58:00Z,15.00
2025-12-17T02:02:00Z,13.49
2025-12-17T02:07:00Z,14.49
2025-12-17T02:16:00Z,13.08
2025-12-17T02:18:00Z,13.00
2025-12-17T02:19:00Z,13.00
2025-12-17T02:20:00Z,13.00
2025-12-17T02:21:00Z,14.00
2025-12-17T02:22:00Z,14.81
2025-12-17T02:25:00Z,14.95
2025-12-17T02:28:00Z,15.00
2025-12-17T02:32:00Z,15.00
2025-12-17T02:36:00Z,14.00
2025-12-17T02:37:00Z,14.99
2025-12-17T02:39:00Z,14.00
2025-12-17T02:43:00Z,14.15
2025-12-17T02:44:00Z,14.06
2025-12-17T02:47:00Z,15.00
2025-12-17T02:49:00Z,15.00
2025-12-17T02:51:00Z,15.00
2025-12-17T02:53:00Z,15.00
2025-12-17T02:58:00Z,15.00
2025-12-17T02:59:00Z,14.00
2025-12-17T03:02:00Z,14.00
2025-12-17T03:04:00Z,13.93
2025-12-17T03:05:00Z,14.00
2025-12-17T03:07:00Z,13.75
2025-12-17T03:08:00Z,13.98
2025-12-17T03:09:00Z,14.00
2025-12-17T03:10:00Z,14.00
2025-12-17T03:13:00Z,14.00
2025-12-17T03:17:00Z,13.00
2025-12-17T03:18:00Z,13.00
2025-12-17T03:20:00Z,14.00
2025-12-17T03:21:00Z,14.00
2025-12-17T03:22:00Z,14.00
2025-12-17T03:25:00Z,14.00
2025-12-17T03:27:00Z,14.00
2025-12-17T03:28:00Z,14.00
2025-12-17T03:32:00Z,14.94
2025-12-17T03:39:00Z,15.00
2025-12-17T03:40:00Z,14.00
2025-12-17T03:43:00Z,15.00
2025-12-17T03:46:00Z,15.00
2025-12-17T03:47:00Z,14.99
2025-12-17T03:50:00Z,14.00
2025-12-17T04:01:00Z,15.00
2025-12-17T04:05:00Z,13.15
2025-12-17T04:06:00Z,13.00
2025-12-17T04:09:00Z,13.00
2025-12-17T04:14:00Z,14.00
2025-12-17T04:19:00Z,12.38
2025-12-17T04:21:00Z,12.00
2025-12-17T04:29:00Z,13.00
2025-12-17T04:30:00Z,13.00
2025-12-17T04:31:00Z,12.00
2025-12-17T04:36:00Z,12.00
2025-12-17T04:37:00Z,13.00
2025-12-17T04:43:00Z,13.00
2025-12-17T04:45:00Z,13.00
2025-12-17T04:51:00Z,12.06
2025-12-17T04:53:00Z,13.00
2025-12-17T04:54:00Z,12.00
2025-12-17T04:59:00Z,12.00
2025-12-17T05:04:00Z,11.00
2025-12-17T05:08:00Z,12.00
2025-12-17T05:11:00Z,12.00
2025-12-17T05:18:00Z,11.00
2025-12-17T05:19:00Z,12.00
2025-12-17T05:22:00Z,11.00
2025-12-17T05:24:00Z,11.26
2025-12-17T05:25:00Z,12.00
2025-12-17T05:27:00Z,11.97
2025-12-17T05:28:00Z,12.00
2025-12-17T05:30:00Z,12.00
2025-12-17T05:31:00Z,12.00
2025-12-17T05:34:00Z,12.00
2025-12-17T05:37:00Z,12.00
2025-12-17T05:41:00Z,13.00
2025-12-17T05:44:00Z,13.00
2025-12-17T05:45:00Z,13.00
2025-12-17T05:49:00Z,13.00
2025-12-17T06:03:00Z,13.00
2025-12-17T06:05:00Z,13.00
2025-12-17T06:06:00Z,12.00
2025-12-17T06:11:00Z,13.00
2025-12-17T06:18:00Z,13.00
2025-12-17T06:23:00Z,12.00
2025-12-17T06:25:00Z,12.00
2025-12-17T06:36:00Z,13.00
2025-12-17T06:37:00Z,13.00
2025-12-17T06:51:00Z,13.00
2025-12-17T06:52:00Z,13.00
2025-12-17T07:01:00Z,11.31
2025-12-17T07:03:00Z,11.00
2025-12-17T07:08:00Z,11.00
2025-12-17T07:11:00Z,11.00
2025-12-17T07:12:00Z,11.00
2025-12-17T07:22:00Z,12.00
2025-12-17T07:27:00Z,12.15
2025-12-17T07:28:00Z,13.00
2025-12-17T07:31:00Z,13.00
2025-12-17T07:39:00Z,12.08
2025-12-17T07:44:00Z,14.00
2025-12-17T07:49:00Z,13.00
2025-12-17T07:58:00Z,13.00
2025-12-17T08:10:00Z,13.00
2025-12-17T08:11:00Z,14.00
2025-12-17T08:20:00Z,14.00
2025-12-17T08:22:00Z,14.00
2025-12-17T08:27:00Z,14.00
2025-12-17T08:29:00Z,14.00
2025-12-17T08:33:00Z,14.00
2025-12-17T08:47:00Z,13.00
2025-12-17T08:48:00Z,13.00
2025-12-17T08:56:00Z,12.00
2025-12-17T09:06:00Z,12.00
2025-12-17T09:21:00Z,13.00
2025-12-17T09:25:00Z,13.00
2025-12-17T09:34:00Z,12.00
2025-12-17T09:43:00Z,12.00
2025-12-17T09:58:00Z,13.00
2025-12-17T10:33:00Z,13.00
2025-12-17T10:36:00Z,13.00
2025-12-17T10:43:00Z,12.00
2025-12-17T10:46:00Z,12.00
2025-12-17T10:47:00Z,12.00
2025-12-17T10:51:00Z,13.00
2025-12-17T10:52:00Z,13.00
2025-12-17T10:54:00Z,13.00
2025-12-17T11:13:00Z,13.00
2025-12-17T11:24:00Z,13.00
2025-12-17T11:27:00Z,12.00
2025-12-17T11:28:00Z,13.00
2025-12-17T11:34:00Z,13.00
2025-12-17T11:53:00Z,12.50
2025-12-17T11:56:00Z,13.00
2025-12-17T12:08:00Z,12.00
2025-12-17T12:11:00Z,13.00
2025-12-17T12:14:00Z,12.00
2025-12-17T12:16:00Z,12.00
2025-12-17T12:17:00Z,13.00
2025-12-17T12:23:00Z,12.00
2025-12-17T12:31:00Z,12.00
2025-12-17T12:33:00Z,12.00
2025-12-17T12:35:00Z,12.00
2025-12-17T12:36:00Z,12.00
2025-12-17T12:38:00Z,13.00
2025-12-17T12:40:00Z,13.00
2025-12-17T12:52:00Z,12.00
2025-12-17T13:14:00Z,12.00
2025-12-17T13:18:00Z,13.00
2025-12-17T13:19:00Z,12.00
2025-12-17T13:21:00Z,13.00
2025-12-17T13:29:00Z,13.00
2025-12-17T13:34:00Z,12.00
2025-12-17T13:35:00Z,12.96
2025-12-17T13:43:00Z,12.00
2025-12-17T13:44:00Z,12.00
2025-12-17T13:46:00Z,12.50
2025-12-17T13:50:00Z,13.00
2025-12-17T13:51:00Z,13.00
2025-12-17T13:57:00Z,13.00
2025-12-17T13:58:00Z,12.94
2025-12-17T14:00:00Z,13.00
2025-12-17T14:01:00Z,13.00
2025-12-17T14:04:00Z,12.00
2025-12-17T14:05:00Z,12.80
2025-12-17T14:06:00Z,13.00
2025-12-17T14:10:00Z,13.00
2025-12-17T14:16:00Z,12.00
2025-12-17T14:19:00Z,13.00
2025-12-17T14:21:00Z,13.00
2025-12-17T14:23:00Z,13.00
2025-12-17T14:24:00Z,12.00
2025-12-17T14:25:00Z,12.50
2025-12-17T14:26:00Z,12.00
2025-12-17T14:28:00Z,12.70
2025-12-17T14:31:00Z,13.00
2025-12-17T14:32:00Z,13.00
2025-12-17T14:39:00Z,14.00
2025-12-17T14:42:00Z,13.00
2025-12-17T14:44:00Z,13.00
2025-12-17T14:47:00Z,12.36
2025-12-17T14:49:00Z,12.00
2025-12-17T14:50:00Z,12.00
2025-12-17T14:52:00Z,13.00
2025-12-17T14:53:00Z,14.27
2025-12-17T14:54:00Z,14.93
2025-12-17T14:55:00Z,15.00
2025-12-17T14:56:00Z,15.00
2025-12-17T14:57:00Z,15.10
2025-12-17T14:58:00Z,16.09
2025-12-17T14:59:00Z,18.55
2025-12-17T15:00:00Z,17.29
2025-12-17T15:01:00Z,17.58
2025-12-17T15:02:00Z,18.00
2025-12-17T15:03:00Z,19.08
2025-12-17T15:04:00Z,19.00
2025-12-17T15:05:00Z,19.00
2025-12-17T15:06:00Z,18.00
2025-12-17T15:08:00Z,20.00
2025-12-17T15:09:00Z,18.55
2025-12-17T15:10:00Z,17.98
2025-12-17T15:11:00Z,19.00
2025-12-17T15:12:00Z,20.00
2025-12-17T15:13:00Z,20.00
2025-12-17T15:14:00Z,20.00
2025-12-17T15:16:00Z,19.00
2025-12-17T15:18:00Z,19.81
2025-12-17T15:19:00Z,19.55
2025-12-17T15:20:00Z,19.00
2025-12-17T15:21:00Z,18.16
2025-12-17T15:22:00Z,19.00
2025-12-17T15:23:00Z,20.00
2025-12-17T15:25:00Z,19.00
2025-12-17T15:27:00Z,20.00
2025-12-17T15:28:00Z,20.00
2025-12-17T15:30:00Z,20.00
2025-12-17T15:31:00Z,21.00
2025-12-17T15:32:00Z,21.00
2025-12-17T15:33:00Z,20.72
2025-12-17T15:34:00Z,19.00
2025-12-17T15:36:00Z,19.16
2025-12-17T15:37:00Z,18.56
2025-12-17T15:38:00Z,20.00
2025-12-17T15:43:00Z,19.00
2025-12-17T15:44:00Z,18.00
2025-12-17T15:45:00Z,16.33
2025-12-17T15:46:00Z,17.94
2025-12-17T15:47:00Z,18.00
2025-12-17T15:48:00Z,15.55
2025-12-17T15:51:00Z,15.10
2025-12-17T15:52:00Z,15.00
2025-12-17T15:57:00Z,14.29
2025-12-17T16:01:00Z,15.00
2025-12-17T16:05:00Z,14.00
2025-12-17T16:06:00Z,14.00
2025-12-17T16:07:00Z,14.00
2025-12-17T16:10:00Z,13.00
2025-12-17T16:12:00Z,14.00
2025-12-17T16:13:00Z,14.00
2025-12-17T16:15:00Z,14.00
2025-12-17T16:17:00Z,13.37
2025-12-17T16:19:00Z,13.00
2025-12-17T16:21:00Z,13.00
2025-12-17T16:22:00Z,13.00
2025-12-17T16:30:00Z,12.00
2025-12-17T16:33:00Z,13.00
2025-12-17T16:34:00Z,13.00
2025-12-17T16:35:00Z,13.00
2025-12-17T16:38:00Z,13.00
2025-12-17T16:39:00Z,12.96
2025-12-17T16:40:00Z,13.00
2025-12-17T16:41:00Z,13.00
2025-12-17T16:42:00Z,12.00
2025-12-17T16:43:00Z,12.74
2025-12-17T16:45:00Z,13.00
2025-12-17T16:48:00Z,13.00
2025-12-17T16:49:00Z,13.00
2025-12-17T16:50:00Z,12.00
2025-12-17T16:52:00Z,12.00
2025-12-17T16:54:00Z,12.00
2025-12-17T16:59:00Z,12.00
2025-12-17T17:00:00Z,13.00
2025-12-17T17:03:00Z,13.00
2025-12-17T17:13:00Z,13.00
2025-12-17T17:15:00Z,13.00
2025-12-17T17:17:00Z,12.00
2025-12-17T17:20:00Z,12.00
2025-12-17T17:22:00Z,13.00
2025-12-17T17:24:00Z,12.00
2025-12-17T17:25:00Z,13.00
2025-12-17T17:26:00Z,13.00
2025-12-17T17:32:00Z,12.00
2025-12-17T17:33:00Z,12.83
2025-12-17T17:34:00Z,13.00
2025-12-17T17:36:00Z,12.00
2025-12-17T17:39:00Z,13.00
2025-12-17T17:41:00Z,12.00
2025-12-17T17:44:00Z,12.00
2025-12-17T17:46:00Z,13.00
2025-12-17T17:47:00Z,13.00
2025-12-17T17:50:00Z,11.05
2025-12-17T17:51:00Z,10.02
2025-12-17T17:52:00Z,11.00
2025-12-17T17:54:00Z,11.00
2025-12-17T17:55:00Z,11.00
2025-12-17T17:56:00Z,9.64
2025-12-17T17:57:00Z,10.00
2025-12-17T17:58:00Z,10.00
2025-12-17T18:00:00Z,10.00
2025-12-17T18:01:00Z,11.00
2025-12-17T18:06:00Z,10.00
2025-12-17T18:08:00Z,10.00
2025-12-17T18:11:00Z,10.99
2025-12-17T18:12:00Z,11.00
2025-12-17T18:16:00Z,10.00
2025-12-17T18:19:00Z,11.00
2025-12-17T18:20:00Z,10.00
2025-12-17T18:22:00Z,11.00
2025-12-17T18:24:00Z,11.00
2025-12-17T18:25:00Z,11.00
2025-12-17T18:26:00Z,10.86
2025-12-17T18:27:00Z,11.86
2025-12-17T18:28:00Z,12.98
2025-12-17T18:29:00Z,12.96
2025-12-17T18:31:00Z,12.00
2025-12-17T18:33:00Z,12.00
2025-12-17T18:37:00Z,13.00
2025-12-17T18:38:00Z,13.00
2025-12-17T18:43:00Z,13.00
2025-12-17T18:44:00Z,12.00
2025-12-17T18:46:00Z,11.00
2025-12-17T18:47:00Z,12.00
2025-12-17T18:51:00Z,12.00
2025-12-17T18:52:00Z,12.00
2025-12-17T18:53:00Z,12.00
2025-12-17T18:57:00Z,11.00
2025-12-17T18:58:00Z,12.00
2025-12-17T19:03:00Z,11.98
2025-12-17T19:05:00Z,12.00
2025-12-17T19:07:00Z,12.00
2025-12-17T19:11:00Z,11.00
2025-12-17T19:14:00Z,12.00
2025-12-17T19:15:00Z,11.00
2025-12-17T19:20:00Z,12.00
2025-12-17T19:23:00Z,12.00
2025-12-17T19:26:00Z,11.68
2025-12-17T19:28:00Z,12.00
2025-12-17T19:31:00Z,11.00
2025-12-17T19:37:00Z,11.00
2025-12-17T19:38:00Z,11.00
2025-12-17T19:44:00Z,12.00
2025-12-17T19:46:00Z,12.00
2025-12-17T19:47:00Z,11.00
2025-12-17T19:52:00Z,11.03
2025-12-17T19:53:00Z,12.00
2025-12-17T19:55:00Z,11.01
2025-12-17T19:56:00Z,11.00
2025-12-17T19:58:00Z,11.00
2025-12-17T19:59:00Z,11.00
2025-12-17T20:00:00Z,11.00
2025-12-17T20:01:00Z,10.00
2025-12-17T20:07:00Z,11.00
2025-12-17T20:12:00Z,10.00
2025-12-17T20:14:00Z,10.00
2025-12-17T20:15:00Z,11.00
2025-12-17T20:16:00Z,11.00
2025-12-17T20:18:00Z,11.00
2025-12-17T20:22:00Z,11.00
2025-12-17T20:23:00Z,11.00
2025-12-17T20:27:00Z,11.00
2025-12-17T20:30:00Z,11.43
2025-12-17T20:32:00Z,12.00
2025-12-17T20:34:00Z,12.00
2025-12-17T20:35:00Z,12.00
2025-12-17T20:36:00Z,11.96
2025-12-17T20:37:00Z,11.99
2025-12-17T20:38:00Z,12.00
2025-12-17T20:39:00Z,11.99
2025-12-17T20:40:00Z,12.00
2025-12-17T20:44:00Z,12.00
2025-12-17T20:45:00Z,12.00
2025-12-17T20:48:00Z,12.37
2025-12-17T20:54:00Z,13.00
2025-12-17T20:56:00Z,12.00
2025-12-17T20:57:00Z,12.00
2025-12-17T21:04:00Z,12.00
2025-12-17T21:05:00Z,13.00
2025-12-17T21:08:00Z,13.00
2025-12-17T21:12:00Z,12.00
2025-12-17T21:17:00Z,13.00
2025-12-17T21:18:00Z,12.40
2025-12-17T21:19:00Z,12.00
2025-12-17T21:20:00Z,11.00
2025-12-17T21:22:00Z,12.00
2025-12-17T21:23:00Z,11.00
2025-12-17T21:24:00Z,12.00
2025-12-17T21:25:00Z,12.00
2025-12-17T21:28:00Z,12.00
2025-12-17T21:29:00Z,11.00
2025-12-17T21:31:00Z,12.00
2025-12-17T21:32:00Z,11.00
2025-12-17T21:36:00Z,11.00
2025-12-17T21:37:00Z,11.00
2025-12-17T21:38:00Z,12.00
2025-12-17T21:39:00Z,11.00
2025-12-17T21:40:00Z,11.01
2025-12-17T21:43:00Z,11.00
2025-12-17T21:44:00Z,11.00
2025-12-17T21:47:00Z,10.00
2025-12-17T21:48:00Z,11.00
2025-12-17T21:49:00Z,11.00
2025-12-17T21:53:00Z,12.00
2025-12-17T21:55:00Z,12.00
2025-12-17T21:57:00Z,12.07
2025-12-17T21:58:00Z,11.06
2025-12-17T22:00:00Z,12.00
2025-12-17T22:01:00Z,11.00
2025-12-17T22:02:00Z,11.00
2025-12-17T22:05:00Z,11.00
2025-12-17T22:09:00Z,12.00
2025-12-17T22:11:00Z,11.00
2025-12-17T22:12:00Z,12.15
2025-12-17T22:13:00Z,11.00
2025-12-17T22:14:00Z,12.55
2025-12-17T22:19:00Z,11.94
2025-12-17T22:21:00Z,11.02
2025-12-17T22:25:00Z,11.00
2025-12-17T22:26:00Z,11.00
2025-12-17T22:29:00Z,11.00
2025-12-17T22:30:00Z,11.00
2025-12-17T22:31:00Z,12.00
2025-12-17T22:34:00Z,11.00
2025-12-17T22:35:00Z,12.00
2025-12-17T22:38:00Z,12.00
2025-12-17T22:42:00Z,11.00
2025-12-17T22:43:00Z,12.40
2025-12-17T22:46:00Z,12.00
2025-12-17T22:53:00Z,11.90
2025-12-17T22:54:00Z,12.00
2025-12-17T22:55:00Z,12.00
2025-12-17T23:03:00Z,13.00
2025-12-17T23:15:00Z,12.00
2025-12-17T23:18:00Z,12.00
2025-12-17T23:19:00Z,12.00
2025-12-17T23:23:00Z,11.00
2025-12-17T23:24:00Z,12.43
2025-12-17T23:30:00Z,12.00
2025-12-17T23:31:00Z,12.00
2025-12-17T23:33:00Z,12.00
2025-12-17T23:35:00Z,11.00
2025-12-17T23:41:00Z,12.00
2025-12-17T23:42:00Z,11.00
2025-12-17T23:43:00Z,12.00
2025-12-17T23:46:00Z,10.00
2025-12-17T23:48:00Z,11.00
2025-12-17T23:51:00Z,10.47
2025-12-17T23:53:00Z,11.00
2025-12-17T23:54:00Z,11.00
2025-12-17T23:56:00Z,11.00
2025-12-17T23:58:00Z,10.00
2025-12-18T00:01:00Z,10.97
2025-12-18T00:03:00Z,11.00
2025-12-18T00:06:00Z,10.01
2025-12-18T00:08:00Z,11.00
2025-12-18T00:09:00Z,11.00
2025-12-18T00:11:00Z,10.00
2025-12-18T00:15:00Z,10.00
2025-12-18T00:18:00Z,11.00
2025-12-18T00:19:00Z,11.00
2025-12-18T00:21:00Z,11.27
2025-12-18T00:22:00Z,12.00
2025-12-18T00:23:00Z,12.00
2025-12-18T00:31:00Z,11.00
2025-12-18T00:34:00Z,11.00
2025-12-18T00:38:00Z,12.97
2025-12-18T00:43:00Z,11.75
2025-12-18T00:44:00Z,12.37
2025-12-18T00:47:00Z,12.00
2025-12-18T00:48:00Z,12.00
2025-12-18T00:49:00Z,12.00
2025-12-18T00:54:00Z,11.00
2025-12-18T00:56:00Z,12.00
2025-12-18T00:57:00Z,12.00
2025-12-18T01:00:00Z,11.00
2025-12-18T01:01:00Z,12.00
2025-12-18T01:03:00Z,12.00
2025-12-18T01:04:00Z,12.00
2025-12-18T01:05:00Z,12.00
2025-12-18T01:08:00Z,11.00
2025-12-18T01:09:00Z,12.00
2025-12-18T01:11:00Z,11.00
2025-12-18T01:13:00Z,12.00
2025-12-18T01:16:00Z,12.00
2025-12-18T01:19:00Z,12.00
2025-12-18T01:23:00Z,12.00
2025-12-18T01:28:00Z,12.00
2025-12-18T01:33:00Z,12.00
2025-12-18T01:37:00Z,11.00
2025-12-18T01:39:00Z,11.00
2025-12-18T01:48:00Z,12.00
2025-12-18T01:50:00Z,11.80
2025-12-18T01:53:00Z,11.00
2025-12-18T01:57:00Z,12.00
2025-12-18T02:10:00Z,12.00
2025-12-18T02:11:00Z,12.00
2025-12-18T02:12:00Z,12.00
2025-12-18T02:16:00Z,12.00
2025-12-18T02:17:00Z,11.21
2025-12-18T02:19:00Z,11.38
2025-12-18T02:20:00Z,12.00
2025-12-18T02:23:00Z,12.00
2025-12-18T02:26:00Z,11.00
2025-12-18T02:27:00Z,12.00
2025-12-18T02:29:00Z,11.00
2025-12-18T02:30:00Z,11.00
2025-12-18T02:34:00Z,12.00
2025-12-18T02:38:00Z,12.00
2025-12-18T02:40:00Z,11.00
2025-12-18T02:41:00Z,12.00
2025-12-18T02:45:00Z,11.00
2025-12-18T02:48:00Z,12.00
2025-12-18T02:49:00Z,12.00
2025-12-18T02:50:00Z,12.00
2025-12-18T02:51:00Z,12.00
2025-12-18T02:55:00Z,11.00
2025-12-18T02:56:00Z,12.00
2025-12-18T03:01:00Z,12.00
2025-12-18T03:04:00Z,11.00
2025-12-18T03:06:00Z,11.00
2025-12-18T03:12:00Z,12.00
2025-12-18T03:14:00Z,12.00
2025-12-18T03:17:00Z,12.00
2025-12-18T03:18:00Z,12.00
2025-12-18T03:24:00Z,11.00
2025-12-18T03:31:00Z,11.00
2025-12-18T03:35:00Z,12.88
2025-12-18T03:39:00Z,11.00
2025-12-18T03:42:00Z,12.00
2025-12-18T03:52:00Z,11.07
2025-12-18T03:54:00Z,13.00
2025-12-18T03:56:00Z,13.00
2025-12-18T03:57:00Z,13.00
2025-12-18T03:59:00Z,13.00
2025-12-18T04:00:00Z,13.00
2025-12-18T04:06:00Z,13.00
2025-12-18T04:10:00Z,12.00
2025-12-18T04:13:00Z,13.00
2025-12-18T04:21:00Z,12.00
2025-12-18T04:24:00Z,13.00
2025-12-18T04:29:00Z,12.00
2025-12-18T04:32:00Z,12.00
2025-12-18T04:37:00Z,12.00
2025-12-18T04:38:00Z,11.00
2025-12-18T04:44:00Z,12.00
2025-12-18T04:49:00Z,12.00
2025-12-18T05:03:00Z,12.00
2025-12-18T05:06:00Z,11.00
2025-12-18T05:07:00Z,12.00
2025-12-18T05:12:00Z,12.00
2025-12-18T05:13:00Z,12.00
2025-12-18T05:24:00Z,11.00
2025-12-18T05:39:00Z,11.00
2025-12-18T05:42:00Z,11.00
2025-12-18T05:46:00Z,11.00
2025-12-18T06:00:00Z,12.00
2025-12-18T06:01:00Z,12.00
2025-12-18T06:02:00Z,11.00
2025-12-18T06:03:00Z,11.00
2025-12-18T06:09:00Z,11.24
2025-12-18T06:12:00Z,12.00
2025-12-18T06:17:00Z,11.00
2025-12-18T06:20:00Z,11.00
2025-12-18T06:22:00Z,12.00
2025-12-18T06:25:00Z,11.00
2025-12-18T06:26:00Z,11.11
2025-12-18T06:29:00Z,11.00
2025-12-18T06:30:00Z,12.00
2025-12-18T06:38:00Z,12.00
2025-12-18T06:39:00Z,12.00
2025-12-18T06:41:00Z,12.00
2025-12-18T06:45:00Z,10.68
2025-12-18T06:51:00Z,11.00
2025-12-18T06:54:00Z,11.47
2025-12-18T06:58:00Z,11.00
2025-12-18T07:00:00Z,12.00
2025-12-18T07:03:00Z,12.00
2025-12-18T07:05:00Z,12.00
2025-12-18T07:13:00Z,12.00
2025-12-18T07:15:00Z,11.00
2025-12-18T07:18:00Z,12.00
2025-12-18T07:20:00Z,11.00
2025-12-18T07:22:00Z,11.19
2025-12-18T07:35:00Z,12.00
2025-12-18T07:36:00Z,12.00
2025-12-18T07:39:00Z,11.00
2025-12-18T07:42:00Z,11.00
2025-12-18T07:45:00Z,11.00
2025-12-18T07:46:00Z,12.00
2025-12-18T07:50:00Z,12.00
2025-12-18T07:54:00Z,12.00
2025-12-18T07:57:00Z,10.17
2025-12-18T10:01:00Z,12.00
2025-12-18T10:05:00Z,12.00
2025-12-18T10:10:00Z,12.00
2025-12-18T10:23:00Z,12.00
2025-12-18T10:24:00Z,12.00
2025-12-18T10:45:00Z,12.00
2025-12-18T10:46:00Z,12.00
2025-12-18T10:47:00Z,11.00
2025-12-18T10:55:00Z,11.00
2025-12-18T11:00:00Z,12.00
2025-12-18T11:04:00Z,11.00
2025-12-18T11:07:00Z,12.00
2025-12-18T11:12:00Z,11.00
2025-12-18T11:17:00Z,12.00
2025-12-18T11:21:00Z,12.00
2025-12-18T11:45:00Z,12.00
2025-12-18T11:59:00Z,12.00
2025-12-18T12:02:00Z,11.00
2025-12-18T12:07:00Z,12.00
2025-12-18T12:14:00Z,11.00
2025-12-18T12:19:00Z,12.00
2025-12-18T12:27:00Z,11.00
2025-12-18T12:36:00Z,11.00
2025-12-18T12:39:00Z,12.00
2025-12-18T12:41:00Z,12.00
2025-12-18T12:56:00Z,11.91
2025-12-18T12:58:00Z,11.00
2025-12-18T13:01:00Z,11.00
2025-12-18T13:05:00Z,11.62
2025-12-18T13:09:00Z,11.00
2025-12-18T13:16:00Z,12.00
2025-12-18T13:26:00Z,12.00
2025-12-18T13:32:00Z,12.00
2025-12-18T13:34:00Z,13.00
2025-12-18T13:35:00Z,13.00
2025-12-18T13:39:00Z,13.00
2025-12-18T13:43:00Z,13.00
2025-12-18T13:44:00Z,13.00
2025-12-18T13:45:00Z,13.86
2025-12-18T13:48:00Z,14.00
2025-12-18T13:49:00Z,15.00
2025-12-18T13:52:00Z,15.00
2025-12-18T13:53:00Z,15.00
2025-12-18T13:54:00Z,14.00
2025-12-18T13:55:00Z,14.00
2025-12-18T13:56:00Z,15.00
2025-12-18T13:58:00Z,14.10
2025-12-18T14:00:00Z,14.00
2025-12-18T14:02:00Z,14.74
2025-12-18T14:03:00Z,15.00
2025-12-18T14:04:00Z,14.00
2025-12-18T14:05:00Z,15.00
2025-12-18T14:06:00Z,15.00
2025-12-18T14:07:00Z,15.00
2025-12-18T14:08:00Z,14.12
2025-12-18T14:09:00Z,14.00
2025-12-18T14:10:00Z,14.00
2025-12-18T14:14:00Z,12.97
2025-12-18T14:15:00Z,12.00
2025-12-18T14:17:00Z,12.00
2025-12-18T14:21:00Z,13.00
2025-12-18T14:23:00Z,13.00
2025-12-18T14:24:00Z,13.00
2025-12-18T14:28:00Z,12.00
2025-12-18T14:29:00Z,13.00
2025-12-18T14:33:00Z,12.00
2025-12-18T14:37:00Z,12.00
2025-12-18T14:39:00Z,13.00
2025-12-18T14:40:00Z,12.84
2025-12-18T14:41:00Z,12.00
2025-12-18T14:42:00Z,12.00
2025-12-18T14:46:00Z,13.00
2025-12-18T14:48:00Z,13.00
2025-12-18T14:49:00Z,13.00
2025-12-18T14:50:00Z,13.00
2025-12-18T14:53:00Z,13.00
2025-12-18T14:59:00Z,13.00
2025-12-18T15:01:00Z,12.00
2025-12-18T15:02:00Z,12.00
2025-12-18T15:08:00Z,12.00
2025-12-18T15:09:00Z,12.00
2025-12-18T15:10:00Z,13.00
2025-12-18T15:11:00Z,12.00
2025-12-18T15:12:00Z,12.00
2025-12-18T15:13:00Z,11.00
2025-12-18T15:14:00Z,12.00
2025-12-18T15:15:00Z,12.00
2025-12-18T15:16:00Z,12.00
2025-12-18T15:21:00Z,12.00
2025-12-18T15:25:00Z,12.00
2025-12-18T15:27:00Z,12.99
2025-12-18T15:29:00Z,13.00
2025-12-18T15:30:00Z,13.00
2025-12-18T15:33:00Z,13.30
2025-12-18T15:34:00Z,14.00
2025-12-18T15:35:00Z,13.06
2025-12-18T15:37:00Z,13.53
2025-12-18T15:38:00Z,13.78
2025-12-18T15:42:00Z,14.44
2025-12-18T15:43:00Z,14.94
2025-12-18T15:44:00Z,13.00
2025-12-18T15:45:00Z,13.04
2025-12-18T15:46:00Z,12.00
2025-12-18T15:47:00Z,12.00
2025-12-18T15:48:00Z,12.01
2025-12-18T15:49:00Z,13.00
2025-12-18T15:52:00Z,13.00
2025-12-18T15:55:00Z,12.00
2025-12-18T15:56:00Z,13.49
2025-12-18T16:03:00Z,12.00
2025-12-18T16:05:00Z,12.00
2025-12-18T16:07:00Z,12.00
2025-12-18T16:09:00Z,12.00
2025-12-18T16:11:00Z,13.00
2025-12-18T16:16:00Z,12.00
2025-12-18T16:18:00Z,12.00
2025-12-18T16:19:00Z,13.00
2025-12-18T16:20:00Z,12.00
2025-12-18T16:22:00Z,13.00
2025-12-18T16:25:00Z,13.00
2025-12-18T16:26:00Z,13.00
2025-12-18T16:28:00Z,12.00
2025-12-18T16:32:00Z,13.00
2025-12-18T16:37:00Z,13.00
2025-12-18T16:38:00Z,13.00
2025-12-18T16:39:00Z,13.00
2025-12-18T16:42:00Z,13.00
2025-12-18T16:45:00Z,12.41
2025-12-18T16:47:00Z,12.00
2025-12-18T16:48:00Z,12.00
2025-12-18T16:49:00Z,12.81
2025-12-18T16:51:00Z,13.00
2025-12-18T16:52:00Z,13.69
2025-12-18T17:02:00Z,12.00
2025-12-18T17:03:00Z,12.00
2025-12-18T17:06:00Z,13.00
2025-12-18T17:07:00Z,12.00
2025-12-18T17:08:00Z,13.00
2025-12-18T17:10:00Z,12.00
2025-12-18T17:12:00Z,12.00
2025-12-18T17:16:00Z,11.00
2025-12-18T17:18:00Z,10.27
2025-12-18T17:19:00Z,10.00
2025-12-18T17:23:00Z,10.00
2025-12-18T17:24:00Z,9.58
2025-12-18T17:25:00Z,10.00
2025-12-18T17:26:00Z,11.00
2025-12-18T17:27:00Z,10.00
2025-12-18T17:33:00Z,11.00
2025-12-18T17:34:00Z,11.00
2025-12-18T17:35:00Z,10.16
2025-12-18T17:36:00Z,10.88
2025-12-18T17:37:00Z,9.00
2025-12-18T17:40:00Z,10.00
2025-12-18T17:44:00Z,11.00
2025-12-18T17:45:00Z,11.00
2025-12-18T17:49:00Z,11.00
2025-12-18T17:50:00Z,11.00
2025-12-18T17:54:00Z,11.00
2025-12-18T17:55:00Z,11.00
2025-12-18T17:58:00Z,11.00
2025-12-18T18:01:00Z,10.92
2025-12-18T18:02:00Z,10.00
2025-12-18T18:04:00Z,10.00
2025-12-18T18:12:00Z,10.00
2025-12-18T18:14:00Z,10.00
2025-12-18T18:15:00Z,11.00
2025-12-18T18:18:00Z,10.00
2025-12-18T18:20:00Z,10.00
2025-12-18T18:23:00Z,10.00
2025-12-18T18:24:00Z,10.00
2025-12-18T18:27:00Z,10.00
2025-12-18T18:33:00Z,9.00
2025-12-18T18:36:00Z,9.00
2025-12-18T18:39:00Z,9.00
2025-12-18T18:40:00Z,9.00
2025-12-18T18:42:00Z,10.00
2025-12-18T18:45:00Z,9.00
2025-12-18T18:51:00Z,10.00
2025-12-18T18:52:00Z,10.00
2025-12-18T18:57:00Z,9.00
2025-12-18T19:00:00Z,10.00
2025-12-18T19:02:00Z,10.00
2025-12-18T19:05:00Z,10.33
2025-12-18T19:06:00Z,10.00
2025-12-18T19:09:00Z,10.05
2025-12-18T19:10:00Z,10.92
2025-12-18T19:12:00Z,10.00
2025-12-18T19:13:00Z,9.20
2025-12-18T19:15:00Z,10.00
2025-12-18T19:19:00Z,9.00
2025-12-18T19:26:00Z,10.00
2025-12-18T19:28:00Z,9.00
2025-12-18T19:32:00Z,10.00
2025-12-18T19:35:00Z,10.00
2025-12-18T19:38:00Z,10.00
2025-12-18T19:43:00Z,9.87
2025-12-18T19:45:00Z,10.00
2025-12-18T19:51:00Z,9.24
2025-12-18T19:52:00Z,10.00
2025-12-18T19:54:00Z,9.00
2025-12-18T19:56:00Z,10.00
2025-12-18T19:57:00Z,9.00
2025-12-18T20:01:00Z,9.00
2025-12-18T20:03:00Z,9.00
2025-12-18T20:06:00Z,9.00
2025-12-18T20:07:00Z,8.52
2025-12-18T20:10:00Z,8.00
2025-12-18T20:11:00Z,9.00
2025-12-18T20:12:00Z,9.00
2025-12-18T20:15:00Z,9.00
2025-12-18T20:16:00Z,9.00
2025-12-18T20:17:00Z,9.00
2025-12-18T20:18:00Z,9.00
2025-12-18T20:20:00Z,8.80
2025-12-18T20:22:00Z,8.79
2025-12-18T20:23:00Z,9.00
2025-12-18T20:24:00Z,9.00
2025-12-18T20:25:00Z,9.00
2025-12-18T20:27:00Z,9.00
2025-12-18T20:28:00Z,9.95
2025-12-18T20:30:00Z,10.00
2025-12-18T20:31:00Z,10.00
2025-12-18T20:33:00Z,10.00
2025-12-18T20:34:00Z,8.25
2025-12-18T20:36:00Z,8.00
2025-12-18T20:40:00Z,9.00
2025-12-18T20:43:00Z,9.00
2025-12-18T20:48:00Z,8.00
2025-12-18T20:51:00Z,9.00
2025-12-18T20:52:00Z,9.00
2025-12-18T20:53:00Z,9.00
2025-12-18T20:54:00Z,9.00
2025-12-18T20:56:00Z,8.91
2025-12-18T20:58:00Z,8.00
2025-12-18T20:59:00Z,8.00
2025-12-18T21:00:00Z,9.00
2025-12-18T21:01:00Z,8.00
2025-12-18T21:02:00Z,9.00
2025-12-18T21:09:00Z,8.00
2025-12-18T21:12:00Z,8.00
2025-12-18T21:16:00Z,8.15
2025-12-18T21:18:00Z,7.00
2025-12-18T21:21:00Z,7.00
2025-12-18T21:24:00Z,8.00
2025-12-18T21:29:00Z,8.00
2025-12-18T21:34:00Z,8.00
2025-12-18T21:35:00Z,7.00
2025-12-18T21:36:00Z,8.00
2025-12-18T21:42:00Z,7.00
2025-12-18T21:44:00Z,7.00
2025-12-18T21:48:00Z,8.00
2025-12-18T21:54:00Z,8.00
2025-12-18T21:56:00Z,8.00
2025-12-18T21:58:00Z,8.00
2025-12-18T21:59:00Z,8.00
2025-12-18T22:00:00Z,8.00
2025-12-18T22:04:00Z,8.00
2025-12-18T22:06:00Z,8.00
2025-12-18T22:08:00Z,7.00
2025-12-18T22:11:00Z,8.00
2025-12-18T22:16:00Z,8.92
2025-12-18T22:20:00Z,9.00
2025-12-18T22:23:00Z,9.00
2025-12-18T22:25:00Z,8.00
2025-12-18T22:29:00Z,9.00
2025-12-18T22:31:00Z,9.00
2025-12-18T22:36:00Z,9.00
2025-12-18T22:37:00Z,9.00
2025-12-18T22:46:00Z,8.59
2025-12-18T22:47:00Z,8.00
2025-12-18T22:48:00Z,8.00
2025-12-18T22:50:00Z,8.00
2025-12-18T22:52:00Z,9.00
2025-12-18T22:57:00Z,8.00
2025-12-18T22:59:00Z,8.00
2025-12-18T23:00:00Z,8.00
2025-12-18T23:03:00Z,9.00
2025-12-18T23:05:00Z,9.00
2025-12-18T23:06:00Z,9.00
2025-12-18T23:10:00Z,8.00
2025-12-18T23:13:00Z,8.00
2025-12-18T23:19:00Z,9.00
2025-12-18T23:21:00Z,9.00
2025-12-18T23:23:00Z,9.00
2025-12-18T23:24:00Z,9.00
2025-12-18T23:31:00Z,9.00
2025-12-18T23:34:00Z,8.00
2025-12-18T23:36:00Z,8.00
2025-12-19T00:03:00Z,9.00
2025-12-19T00:09:00Z,8.16
2025-12-19T00:10:00Z,9.00
2025-12-19T00:12:00Z,8.14
2025-12-19T00:13:00Z,8.83
2025-12-19T00:14:00Z,8.00
2025-12-19T00:15:00Z,9.00
2025-12-19T00:20:00Z,9.00
2025-12-19T00:21:00Z,9.00
2025-12-19T00:25:00Z,8.00
2025-12-19T00:31:00Z,7.60
2025-12-19T00:34:00Z,8.00
2025-12-19T00:35:00Z,7.00
2025-12-19T00:37:00Z,7.99
2025-12-19T00:40:00Z,7.00
2025-12-19T00:42:00Z,7.00
2025-12-19T00:44:00Z,7.82
2025-12-19T00:45:00Z,7.00
2025-12-19T00:51:00Z,8.00
2025-12-19T00:56:00Z,8.00
2025-12-19T00:57:00Z,7.00
2025-12-19T01:00:00Z,7.50
2025-12-19T01:01:00Z,8.02
2025-12-19T01:02:00Z,8.00
2025-12-19T01:03:00Z,9.00
2025-12-19T01:13:00Z,7.95
2025-12-19T01:14:00Z,8.00
2025-12-19T01:17:00Z,8.00
2025-12-19T01:18:00Z,8.51
2025-12-19T01:19:00Z,8.00
2025-12-19T01:20:00Z,8.92
2025-12-19T01:27:00Z,9.00
2025-12-19T01:29:00Z,7.00
2025-12-19T01:32:00Z,8.15
2025-12-19T01:35:00Z,8.00
2025-12-19T01:39:00Z,9.00
2025-12-19T01:45:00Z,8.00
2025-12-19T01:51:00Z,9.50
2025-12-19T01:52:00Z,8.00
2025-12-19T01:56:00Z,10.00
2025-12-19T01:57:00Z,9.00
2025-12-19T01:59:00Z,10.00
2025-12-19T02:03:00Z,10.00
2025-12-19T02:05:00Z,9.00
2025-12-19T02:06:00Z,10.00
2025-12-19T02:07:00Z,10.00
2025-12-19T02:14:00Z,10.00
2025-12-19T02:18:00Z,10.00
2025-12-19T02:19:00Z,10.00
2025-12-19T02:20:00Z,10.00
2025-12-19T02:21:00Z,10.00
2025-12-19T02:22:00Z,10.00
2025-12-19T02:24:00Z,10.00
2025-12-19T02:27:00Z,9.00
2025-12-19T02:35:00Z,9.00
2025-12-19T02:43:00Z,10.00
2025-12-19T02:52:00Z,10.00
2025-12-19T02:57:00Z,10.00
2025-12-19T02:58:00Z,9.00
2025-12-19T02:59:00Z,10.00
2025-12-19T03:07:00Z,9.00
2025-12-19T03:09:00Z,10.00
2025-12-19T03:10:00Z,10.00
2025-12-19T03:16:00Z,10.00
2025-12-19T03:17:00Z,10.00
2025-12-19T03:26:00Z,10.00
2025-12-19T03:29:00Z,10.00
2025-12-19T03:31:00Z,10.00
2025-12-19T03:33:00Z,10.00
2025-12-19T03:37:00Z,10.00
2025-12-19T03:38:00Z,9.98
2025-12-19T03:41:00Z,10.00
2025-12-19T03:42:00Z,9.00
2025-12-19T03:45:00Z,10.00
2025-12-19T03:51:00Z,9.00
2025-12-19T03:52:00Z,10.00
2025-12-19T03:56:00Z,10.00
2025-12-19T03:58:00Z,9.00
2025-12-19T04:06:00Z,9.00
2025-12-19T04:08:00Z,10.00
2025-12-19T04:13:00Z,9.00
2025-12-19T04:17:00Z,10.00
2025-12-19T04:18:00Z,10.00
2025-12-19T04:19:00Z,9.97
2025-12-19T04:24:00Z,10.00
2025-12-19T04:26:00Z,9.00
2025-12-19T04:29:00Z,10.00
2025-12-19T04:30:00Z,10.00
2025-12-19T04:34:00Z,10.00
2025-12-19T04:35:00Z,8.62
2025-12-19T04:36:00Z,11.19
2025-12-19T04:50:00Z,11.00
2025-12-19T04:56:00Z,11.12
2025-12-19T04:57:00Z,12.00
2025-12-19T04:58:00Z,10.00
2025-12-19T05:03:00Z,10.90
2025-12-19T05:04:00Z,10.00
2025-12-19T05:06:00Z,11.00
2025-12-19T05:08:00Z,10.48
2025-12-19T05:14:00Z,10.00
2025-12-19T05:27:00Z,11.00
2025-12-19T05:28:00Z,11.06
2025-12-19T05:29:00Z,12.00
2025-12-19T05:30:00Z,10.05
2025-12-19T05:31:00Z,11.64
2025-12-19T05:36:00Z,10.00
2025-12-19T05:38:00Z,10.00
2025-12-19T05:40:00Z,11.00
2025-12-19T05:41:00Z,11.00
2025-12-19T05:42:00Z,10.00
2025-12-19T05:43:00Z,11.66
2025-12-19T05:45:00Z,11.00
2025-12-19T05:47:00Z,11.00
2025-12-19T05:51:00Z,10.00
2025-12-19T05:53:00Z,10.00
2025-12-19T05:54:00Z,10.00
2025-12-19T06:00:00Z,11.00
2025-12-19T06:01:00Z,11.00
2025-12-19T06:06:00Z,11.00
2025-12-19T06:11:00Z,11.00
2025-12-19T06:16:00Z,11.00
2025-12-19T06:17:00Z,12.00
2025-12-19T06:23:00Z,10.00
2025-12-19T06:34:00Z,11.00
2025-12-19T06:38:00Z,11.00
2025-12-19T06:39:00Z,12.00
2025-12-19T06:43:00Z,12.00
2025-12-19T06:46:00Z,11.00
2025-12-19T06:51:00Z,12.00
2025-12-19T06:52:00Z,11.00
2025-12-19T07:04:00Z,12.00
2025-12-19T07:05:00Z,12.00
2025-12-19T07:06:00Z,12.00
2025-12-19T07:07:00Z,12.00
2025-12-19T07:08:00Z,12.00
2025-12-19T07:09:00Z,12.00
2025-12-19T07:11:00Z,12.00
2025-12-19T07:12:00Z,12.00
2025-12-19T07:13:00Z,12.00
2025-12-19T07:14:00Z,11.99
2025-12-19T07:15:00Z,11.00
2025-12-19T07:17:00Z,11.31
2025-12-19T07:35:00Z,12.00
2025-12-19T07:38:00Z,11.00
2025-12-19T07:46:00Z,12.00
2025-12-19T07:51:00Z,11.00
2025-12-19T08:00:00Z,10.00
2025-12-19T08:01:00Z,11.00
2025-12-19T08:11:00Z,11.00
2025-12-19T08:16:00Z,10.41
2025-12-19T08:17:00Z,11.06
2025-12-19T08:18:00Z,10.00
2025-12-19T08:27:00Z,11.43
2025-12-19T08:30:00Z,10.00
2025-12-19T08:34:00Z,10.00
2025-12-19T08:37:00Z,10.00
2025-12-19T08:39:00Z,11.96
2025-12-19T08:40:00Z,11.65
2025-12-19T08:52:00Z,12.00
2025-12-19T08:53:00Z,12.00
2025-12-19T09:01:00Z,12.00
2025-12-19T09:02:00Z,12.00
2025-12-19T09:04:00Z,11.00
2025-12-19T09:05:00Z,11.32
2025-12-19T09:07:00Z,11.00
2025-12-19T09:11:00Z,12.60
2025-12-19T09:12:00Z,11.00
2025-12-19T09:13:00Z,11.00
2025-12-19T09:14:00Z,10.98
2025-12-19T09:16:00Z,12.00
2025-12-19T09:18:00Z,11.77
2025-12-19T09:19:00Z,12.00
2025-12-19T09:20:00Z,10.00
2025-12-19T09:26:00Z,12.00
2025-12-19T09:28:00Z,11.00
2025-12-19T09:31:00Z,12.00
2025-12-19T09:32:00Z,11.00
2025-12-19T09:35:00Z,11.00
2025-12-19T09:37:00Z,10.00
2025-12-19T09:39:00Z,12.00
2025-12-19T09:56:00Z,10.00
2025-12-19T10:07:00Z,10.00
2025-12-19T10:11:00Z,11.00
2025-12-19T10:12:00Z,11.00
2025-12-19T10:31:00Z,12.70
2025-12-19T10:36:00Z,12.45
2025-12-19T10:37:00Z,12.20
2025-12-19T10:38:00Z,12.78
2025-12-19T10:40:00Z,11.00
2025-12-19T10:48:00Z,11.00
2025-12-19T11:13:00Z,11.00
2025-12-19T11:15:00Z,12.31
2025-12-19T11:17:00Z,11.08
2025-12-19T11:39:00Z,11.00
2025-12-19T11:59:00Z,12.00
2025-12-19T12:02:00Z,11.00
2025-12-19T12:05:00Z,12.77
2025-12-19T12:06:00Z,11.00
2025-12-19T12:12:00Z,11.86
2025-12-19T12:14:00Z,12.00
2025-12-19T12:17:00Z,10.50
2025-12-19T12:26:00Z,12.00
2025-12-19T12:37:00Z,12.97
2025-12-19T12:42:00Z,13.00
2025-12-19T12:43:00Z,13.00
2025-12-19T12:56:00Z,13.00
2025-12-19T12:57:00Z,12.70
2025-12-19T12:59:00Z,11.00
2025-12-19T13:00:00Z,13.69
2025-12-19T13:01:00Z,13.00
2025-12-19T13:02:00Z,12.00
2025-12-19T13:03:00Z,13.87
2025-12-19T13:13:00Z,14.00
2025-12-19T13:14:00Z,13.00
2025-12-19T13:18:00Z,13.00
2025-12-19T13:22:00Z,13.38
2025-12-19T13:30:00Z,12.00
2025-12-19T13:31:00Z,13.19
2025-12-19T13:34:00Z,13.00
2025-12-19T13:39:00Z,13.00
2025-12-19T13:40:00Z,13.00
2025-12-19T13:41:00Z,13.98
2025-12-19T13:42:00Z,14.00
2025-12-19T13:43:00Z,14.00
2025-12-19T13:52:00Z,13.00
2025-12-19T13:54:00Z,14.00
2025-12-19T13:55:00Z,14.00
2025-12-19T14:05:00Z,13.00
2025-12-19T14:07:00Z,14.00
2025-12-19T14:11:00Z,14.00
2025-12-19T14:12:00Z,14.00
2025-12-19T14:15:00Z,14.00
2025-12-19T14:16:00Z,13.00
2025-12-19T14:17:00Z,13.19
2025-12-19T14:18:00Z,11.17
2025-12-19T14:21:00Z,11.00
2025-12-19T14:22:00Z,11.00
2025-12-19T14:23:00Z,12.00
2025-12-19T14:24:00Z,13.00
2025-12-19T14:25:00Z,12.00
2025-12-19T14:27:00Z,12.95
2025-12-19T14:29:00Z,12.00
2025-12-19T14:30:00Z,13.00
2025-12-19T14:33:00Z,12.00
2025-12-19T14:36:00Z,11.00
2025-12-19T14:41:00Z,12.00
2025-12-19T14:42:00Z,10.00
2025-12-19T14:43:00Z,12.00
2025-12-19T14:44:00Z,10.00
2025-12-19T14:45:00Z,11.00
2025-12-19T14:50:00Z,12.00
2025-12-19T14:51:00Z,11.00
2025-12-19T14:57:00Z,11.00
2025-12-19T14:58:00Z,12.00
2025-12-19T15:00:00Z,12.00
2025-12-19T15:02:00Z,12.00
2025-12-19T15:03:00Z,12.00
2025-12-19T15:06:00Z,12.00
2025-12-19T15:10:00Z,11.00
2025-12-19T15:15:00Z,12.00
2025-12-19T15:16:00Z,12.00
2025-12-19T15:17:00Z,12.04
2025-12-19T15:18:00Z,13.99
2025-12-19T15:20:00Z,14.00
2025-12-19T15:23:00Z,13.76
2025-12-19T15:24:00Z,12.00
2025-12-19T15:25:00Z,12.00
2025-12-19T15:28:00Z,12.00
2025-12-19T15:29:00Z,12.00
2025-12-19T15:32:00Z,13.00
2025-12-19T15:37:00Z,12.00
2025-12-19T15:41:00Z,13.00
2025-12-19T15:42:00Z,13.00
2025-12-19T15:43:00Z,13.99
2025-12-19T15:44:00Z,13.00
2025-12-19T15:45:00Z,14.00
2025-12-19T15:47:00Z,13.00
2025-12-19T15:49:00Z,14.00
2025-12-19T15:52:00Z,14.00
2025-12-19T15:57:00Z,14.00
2025-12-19T16:02:00Z,12.08
2025-12-19T16:04:00Z,13.00
2025-12-19T16:06:00Z,12.00
2025-12-19T16:10:00Z,13.00
2025-12-19T16:11:00Z,12.00
2025-12-19T16:12:00Z,12.00
2025-12-19T16:15:00Z,13.48
2025-12-19T16:17:00Z,13.00
2025-12-19T16:21:00Z,12.12
2025-12-19T16:22:00Z,12.00
2025-12-19T16:24:00Z,13.00
2025-12-19T16:28:00Z,12.00
2025-12-19T16:32:00Z,12.00
2025-12-19T16:33:00Z,12.00
2025-12-19T16:34:00Z,13.00
2025-12-19T16:35:00Z,13.95
2025-12-19T16:36:00Z,13.00
2025-12-19T16:40:00Z,13.00
2025-12-19T16:41:00Z,13.00
2025-12-19T16:43:00Z,13.00
2025-12-19T16:46:00Z,13.00
2025-12-19T16:47:00Z,13.00
2025-12-19T16:50:00Z,12.00
2025-12-19T16:52:00Z,12.00
2025-12-19T16:53:00Z,13.00
2025-12-19T17:03:00Z,13.00
2025-12-19T17:09:00Z,12.00
2025-12-19T17:11:00Z,13.00
2025-12-19T17:13:00Z,13.00
2025-12-19T17:22:00Z,13.00
2025-12-19T17:23:00Z,13.00
2025-12-19T17:24:00Z,12.00
2025-12-19T17:25:00Z,12.00
2025-12-19T17:33:00Z,12.00
2025-12-19T17:34:00Z,11.00
2025-12-19T17:37:00Z,11.00
2025-12-19T17:38:00Z,11.00
2025-12-19T17:39:00Z,11.00
2025-12-19T17:45:00Z,11.43
2025-12-19T17:48:00Z,10.00
2025-12-19T17:51:00Z,12.00
2025-12-19T17:54:00Z,11.06
2025-12-19T17:55:00Z,13.00
2025-12-19T18:03:00Z,11.00
2025-12-19T18:06:00Z,11.93
2025-12-19T18:09:00Z,12.00
2025-12-19T18:11:00Z,12.00
2025-12-19T18:12:00Z,13.00
2025-12-19T18:13:00Z,12.00
2025-12-19T18:14:00Z,12.75
2025-12-19T18:15:00Z,12.00
2025-12-19T18:16:00Z,14.00
2025-12-19T18:17:00Z,12.26
2025-12-19T18:20:00Z,13.00
2025-12-19T18:21:00Z,13.00
2025-12-19T18:22:00Z,13.00
2025-12-19T18:25:00Z,13.00
2025-12-19T18:26:00Z,13.00
2025-12-19T18:34:00Z,13.08
2025-12-19T18:35:00Z,14.00
2025-12-19T18:36:00Z,13.00
2025-12-19T18:37:00Z,13.00
2025-12-19T18:39:00Z,13.00
2025-12-19T18:42:00Z,12.00
2025-12-19T18:44:00Z,12.01
2025-12-19T18:45:00Z,12.00
2025-12-19T18:50:00Z,12.00
2025-12-19T18:51:00Z,12.00
2025-12-19T18:56:00Z,13.00
2025-12-19T19:07:00Z,13.00
2025-12-19T19:08:00Z,12.00
2025-12-19T19:09:00Z,12.00
2025-12-19T19:10:00Z,13.00
2025-12-19T19:13:00Z,12.00
2025-12-19T19:21:00Z,12.00
2025-12-19T19:23:00Z,12.00
2025-12-19T19:26:00Z,12.00
2025-12-19T19:27:00Z,12.00
2025-12-19T19:31:00Z,13.00
2025-12-19T19:35:00Z,12.00
2025-12-19T19:36:00Z,13.00
2025-12-19T19:38:00Z,13.00
2025-12-19T19:39:00Z,13.00
2025-12-19T19:41:00Z,13.00
2025-12-19T19:43:00Z,14.00
2025-12-19T19:44:00Z,13.00
2025-12-19T19:51:00Z,14.00
2025-12-19T19:52:00Z,13.00
2025-12-19T19:54:00Z,13.00
2025-12-19T19:55:00Z,14.00
2025-12-19T19:57:00Z,13.31
2025-12-19T20:04:00Z,14.00
2025-12-19T20:08:00Z,13.00
2025-12-19T20:12:00Z,13.00
2025-12-19T20:13:00Z,12.00
2025-12-19T20:14:00Z,12.00
2025-12-19T20:19:00Z,12.00
2025-12-19T20:20:00Z,12.00
2025-12-19T20:21:00Z,11.02
2025-12-19T20:22:00Z,11.71
2025-12-19T20:23:00Z,12.99
2025-12-19T20:25:00Z,13.00
2025-12-19T20:27:00Z,13.00
2025-12-19T20:33:00Z,13.00
2025-12-19T20:34:00Z,12.00
2025-12-19T20:35:00Z,12.97
2025-12-19T20:36:00Z,14.44
2025-12-19T20:37:00Z,15.00
2025-12-19T20:43:00Z,15.00
2025-12-19T20:45:00Z,14.98
2025-12-19T20:47:00Z,14.00
2025-12-19T20:50:00Z,15.00
2025-12-19T20:52:00Z,14.00
2025-12-19T20:54:00Z,14.00
2025-12-19T20:56:00Z,13.75
2025-12-19T20:57:00Z,14.00
2025-12-19T20:59:00Z,13.00
2025-12-19T21:00:00Z,14.00
2025-12-19T21:01:00Z,12.60
2025-12-19T21:02:00Z,13.00
2025-12-19T21:05:00Z,13.00
2025-12-19T21:08:00Z,14.00
2025-12-19T21:11:00Z,14.00
2025-12-19T21:12:00Z,13.11
2025-12-19T21:20:00Z,12.31
2025-12-19T21:23:00Z,13.00
2025-12-19T21:24:00Z,13.00
2025-12-19T21:26:00Z,14.00
2025-12-19T21:27:00Z,14.00
2025-12-19T21:28:00Z,12.35
2025-12-19T21:30:00Z,14.00
2025-12-19T21:34:00Z,14.00
2025-12-19T21:35:00Z,13.85
2025-12-19T21:36:00Z,13.66
2025-12-19T21:37:00Z,13.00
2025-12-19T21:42:00Z,12.92
2025-12-19T21:44:00Z,13.00
2025-12-19T21:46:00Z,12.00
2025-12-19T21:47:00Z,12.00
2025-12-19T21:48:00Z,12.00
2025-12-19T21:50:00Z,11.00
2025-12-19T21:52:00Z,12.00
2025-12-19T21:53:00Z,12.00
2025-12-19T21:55:00Z,12.00
2025-12-19T21:56:00Z,13.00
2025-12-19T21:58:00Z,12.00
2025-12-19T22:01:00Z,12.03
2025-12-19T22:02:00Z,13.36
2025-12-19T22:03:00Z,13.00
2025-12-19T22:06:00Z,12.00
2025-12-19T22:10:00Z,12.00
2025-12-19T22:12:00Z,13.00
2025-12-19T22:13:00Z,12.00
2025-12-19T22:16:00Z,13.00
2025-12-19T22:17:00Z,14.00
2025-12-19T22:21:00Z,13.00
2025-12-19T22:22:00Z,13.00
2025-12-19T22:25:00Z,13.85
2025-12-19T22:26:00Z,13.50
2025-12-19T22:37:00Z,13.00
2025-12-19T22:38:00Z,14.77
2025-12-19T22:44:00Z,15.00
2025-12-19T22:45:00Z,14.00
2025-12-19T22:49:00Z,15.00
2025-12-19T22:50:00Z,15.00
2025-12-19T22:53:00Z,15.00
2025-12-19T22:54:00Z,14.00
2025-12-19T22:56:00Z,14.98
2025-12-19T23:01:00Z,15.00
2025-12-19T23:02:00Z,15.00
2025-12-19T23:03:00Z,15.00
2025-12-19T23:05:00Z,15.00
2025-12-19T23:07:00Z,12.42
2025-12-19T23:13:00Z,14.00
2025-12-19T23:15:00Z,12.61
2025-12-19T23:17:00Z,11.04
2025-12-19T23:23:00Z,13.00
2025-12-19T23:24:00Z,13.00
2025-12-19T23:25:00Z,12.00
2025-12-19T23:27:00Z,13.00
2025-12-19T23:29:00Z,12.13
2025-12-19T23:32:00Z,12.96
2025-12-19T23:34:00Z,13.00
2025-12-19T23:35:00Z,12.00
2025-12-19T23:37:00Z,13.00
2025-12-19T23:41:00Z,11.44
2025-12-19T23:42:00Z,12.00
2025-12-19T23:51:00Z,11.00
2025-12-19T23:52:00Z,12.69
2025-12-19T23:57:00Z,13.26
2025-12-20T00:01:00Z,13.00
2025-12-20T00:02:00Z,14.00
2025-12-20T00:04:00Z,13.00
2025-12-20T00:05:00Z,14.00
2025-12-20T00:12:00Z,14.00
2025-12-20T00:13:00Z,14.00
2025-12-20T00:15:00Z,14.72
2025-12-20T00:16:00Z,14.00
2025-12-20T00:17:00Z,13.41
2025-12-20T00:19:00Z,14.00
2025-12-20T00:22:00Z,14.00
2025-12-20T00:29:00Z,14.00
2025-12-20T00:32:00Z,13.12
2025-12-20T00:33:00Z,15.00
2025-12-20T00:34:00Z,14.00
2025-12-20T00:35:00Z,14.45
2025-12-20T00:39:00Z,15.00
2025-12-20T00:40:00Z,14.00
2025-12-20T00:47:00Z,13.65
2025-12-20T00:48:00Z,14.00
2025-12-20T00:50:00Z,13.00
2025-12-20T00:59:00Z,14.00
2025-12-20T01:00:00Z,13.00
2025-12-20T01:01:00Z,14.00
2025-12-20T01:02:00Z,13.88
2025-12-20T01:04:00Z,13.00
2025-12-20T01:08:00Z,13.00
2025-12-20T01:09:00Z,14.00
2025-12-20T01:11:00Z,14.00
2025-12-20T01:14:00Z,13.00
2025-12-20T01:17:00Z,14.00
2025-12-20T01:18:00Z,14.00
2025-12-20T01:19:00Z,14.00
2025-12-20T01:20:00Z,14.00
2025-12-20T01:26:00Z,15.00
2025-12-20T01:32:00Z,14.00
2025-12-20T01:34:00Z,15.00
2025-12-20T01:38:00Z,14.00
2025-12-20T01:39:00Z,14.00
2025-12-20T01:40:00Z,13.37
2025-12-20T01:42:00Z,15.52
2025-12-20T01:43:00Z,13.58
2025-12-20T01:45:00Z,15.00
2025-12-20T01:46:00Z,14.00
2025-12-20T01:48:00Z,14.00
2025-12-20T01:49:00Z,15.00
2025-12-20T01:50:00Z,15.00
2025-12-20T01:54:00Z,14.00
2025-12-20T01:55:00Z,15.00
2025-12-20T01:56:00Z,15.00
2025-12-20T01:57:00Z,15.00
2025-12-20T01:58:00Z,15.00
2025-12-20T01:59:00Z,15.85
2025-12-20T02:00:00Z,14.00
2025-12-20T02:03:00Z,14.00
2025-12-20T02:12:00Z,15.00
2025-12-20T02:14:00Z,15.00
2025-12-20T02:28:00Z,15.00
2025-12-20T02:30:00Z,14.00
2025-12-20T02:33:00Z,14.00
2025-12-20T02:39:00Z,14.00
2025-12-20T02:41:00Z,14.00
2025-12-20T02:43:00Z,14.00
2025-12-20T02:44:00Z,14.00
2025-12-20T02:47:00Z,14.00
2025-12-20T02:49:00Z,13.72
2025-12-20T02:50:00Z,13.00
2025-12-20T02:51:00Z,14.00
2025-12-20T02:52:00Z,14.00
2025-12-20T02:53:00Z,15.00
2025-12-20T02:56:00Z,14.08
2025-12-20T03:04:00Z,14.00
2025-12-20T03:08:00Z,13.42
2025-12-20T03:10:00Z,14.98
2025-12-20T03:11:00Z,15.02
2025-12-20T03:12:00Z,15.72
2025-12-20T03:13:00Z,15.14
2025-12-20T03:14:00Z,15.03
2025-12-20T03:15:00Z,15.00
2025-12-20T03:17:00Z,17.87
2025-12-20T03:19:00Z,17.00
2025-12-20T03:21:00Z,15.11
2025-12-20T03:22:00Z,16.00
2025-12-20T03:23:00Z,15.00
2025-12-20T03:25:00Z,14.00
2025-12-20T03:27:00Z,15.00
2025-12-20T03:29:00Z,15.00
2025-12-20T03:31:00Z,14.01
2025-12-20T03:33:00Z,14.00
2025-12-20T03:35:00Z,15.00
2025-12-20T03:40:00Z,13.07
2025-12-20T03:41:00Z,12.52
2025-12-20T03:43:00Z,13.88
2025-12-20T03:47:00Z,14.00
2025-12-20T03:49:00Z,14.00
2025-12-20T03:51:00Z,13.00
2025-12-20T03:53:00Z,13.00
2025-12-20T03:55:00Z,14.00
2025-12-20T03:56:00Z,14.00
2025-12-20T03:58:00Z,14.47
2025-12-20T03:59:00Z,15.00
2025-12-20T04:00:00Z,15.00
2025-12-20T04:02:00Z,13.77
2025-12-20T04:05:00Z,14.00
2025-12-20T04:06:00Z,14.00
2025-12-20T04:07:00Z,15.00
2025-12-20T04:08:00Z,14.00
2025-12-20T04:09:00Z,15.00
2025-12-20T04:10:00Z,15.02
2025-12-20T04:12:00Z,14.05
2025-12-20T04:15:00Z,13.00
2025-12-20T04:17:00Z,14.00
2025-12-20T04:19:00Z,14.22
2025-12-20T04:20:00Z,14.00
2025-12-20T04:23:00Z,14.00
2025-12-20T04:25:00Z,14.00
2025-12-20T04:26:00Z,13.00
2025-12-20T04:28:00Z,14.00
2025-12-20T04:29:00Z,14.77
2025-12-20T04:30:00Z,15.00
2025-12-20T04:34:00Z,15.00
2025-12-20T04:36:00Z,15.00
2025-12-20T04:40:00Z,14.00
2025-12-20T04:42:00Z,14.23
2025-12-20T04:43:00Z,14.00
2025-12-20T04:46:00Z,15.00
2025-12-20T04:50:00Z,14.00
2025-12-20T04:52:00Z,15.00
2025-12-20T04:56:00Z,14.00
2025-12-20T04:59:00Z,14.00
2025-12-20T05:00:00Z,15.00
2025-12-20T05:01:00Z,14.00
2025-12-20T05:02:00Z,14.78
2025-12-20T05:03:00Z,15.00
2025-12-20T05:04:00Z,15.00
2025-12-20T05:07:00Z,14.00
2025-12-20T05:10:00Z,14.86
2025-12-20T05:14:00Z,14.18
2025-12-20T05:15:00Z,14.00
2025-12-20T05:16:00Z,13.61
2025-12-20T05:17:00Z,13.00
2025-12-20T05:19:00Z,14.87
2025-12-20T05:22:00Z,13.98
2025-12-20T05:23:00Z,13.00
2025-12-20T05:24:00Z,13.00
2025-12-20T05:25:00Z,13.00
2025-12-20T05:26:00Z,13.87
2025-12-20T05:27:00Z,14.00
2025-12-20T05:28:00Z,14.00
2025-12-20T05:32:00Z,13.00
2025-12-20T05:38:00Z,13.00
2025-12-20T05:39:00Z,13.00
2025-12-20T05:42:00Z,13.00
2025-12-20T05:44:00Z,14.15
2025-12-20T05:47:00Z,13.22
2025-12-20T05:48:00Z,13.00
2025-12-20T05:51:00Z,14.00
2025-12-20T05:54:00Z,14.00
2025-12-20T05:58:00Z,15.00
2025-12-20T06:00:00Z,15.00
2025-12-20T06:01:00Z,14.00
2025-12-20T06:06:00Z,14.00
2025-12-20T06:07:00Z,14.75
2025-12-20T06:12:00Z,14.00
2025-12-20T06:14:00Z,15.00
2025-12-20T06:15:00Z,15.00
2025-12-20T06:16:00Z,15.00
2025-12-20T06:17:00Z,15.00
2025-12-20T06:18:00Z,15.00
2025-12-20T06:19:00Z,15.00
2025-12-20T06:20:00Z,15.00
2025-12-20T06:21:00Z,15.00
2025-12-20T06:24:00Z,15.00
2025-12-20T06:27:00Z,15.00
2025-12-20T06:28:00Z,14.00
2025-12-20T06:36:00Z,14.00
2025-12-20T06:37:00Z,14.00
2025-12-20T06:38:00Z,15.00
2025-12-20T06:40:00Z,14.00
2025-12-20T06:41:00Z,15.00
2025-12-20T06:45:00Z,14.00
2025-12-20T06:47:00Z,14.00
2025-12-20T06:48:00Z,15.00
2025-12-20T06:50:00Z,14.00
2025-12-20T06:54:00Z,14.00
2025-12-20T06:55:00Z,14.00
2025-12-20T06:57:00Z,14.54
2025-12-20T06:59:00Z,14.00
2025-12-20T07:00:00Z,14.00
2025-12-20T07:01:00Z,14.00
2025-12-20T07:03:00Z,15.00
2025-12-20T07:04:00Z,15.00
2025-12-20T07:06:00Z,14.00
2025-12-20T07:07:00Z,15.00
2025-12-20T07:08:00Z,15.00
2025-12-20T07:09:00Z,14.00
2025-12-20T07:12:00Z,14.00
2025-12-20T07:13:00Z,14.00
2025-12-20T07:20:00Z,14.00
2025-12-20T07:21:00Z,14.00
2025-12-20T07:33:00Z,13.00
2025-12-20T07:36:00Z,13.00
2025-12-20T07:37:00Z,14.00
2025-12-20T07:54:00Z,14.00
2025-12-20T07:55:00Z,13.00
2025-12-20T08:00:00Z,13.00
2025-12-20T08:11:00Z,12.00
2025-12-20T08:21:00Z,12.00
2025-12-20T08:22:00Z,12.00
2025-12-20T08:23:00Z,10.40
2025-12-20T08:24:00Z,10.10
2025-12-20T08:27:00Z,10.00
2025-12-20T08:28:00Z,10.00
2025-12-20T08:31:00Z,10.00
2025-12-20T08:32:00Z,11.00
2025-12-20T08:33:00Z,11.00
2025-12-20T08:49:00Z,10.00
2025-12-20T08:51:00Z,10.00
2025-12-20T08:52:00Z,11.00
2025-12-20T09:12:00Z,10.00
2025-12-20T09:20:00Z,11.00
2025-12-20T09:31:00Z,10.00
2025-12-20T09:35:00Z,11.00
2025-12-20T09:50:00Z,11.05
2025-12-20T09:53:00Z,10.61
2025-12-20T10:03:00Z,10.00
2025-12-20T10:06:00Z,10.00
2025-12-20T10:07:00Z,11.00
2025-12-20T10:20:00Z,9.52
2025-12-20T10:21:00Z,9.00
2025-12-20T10:34:00Z,9.37
2025-12-20T10:45:00Z,11.00
2025-12-20T10:52:00Z,11.00
2025-12-20T11:01:00Z,10.00
2025-12-20T11:03:00Z,11.00
2025-12-20T11:18:00Z,11.00
2025-12-20T11:24:00Z,10.00
2025-12-20T11:28:00Z,10.00
2025-12-20T11:30:00Z,10.00
2025-12-20T11:36:00Z,11.10
2025-12-20T11:42:00Z,11.00
2025-12-20T11:44:00Z,11.00
2025-12-20T11:45:00Z,11.00
2025-12-20T11:48:00Z,10.76
2025-12-20T11:53:00Z,9.21
2025-12-20T11:54:00Z,10.00
2025-12-20T11:56:00Z,11.00
2025-12-20T12:00:00Z,10.00
2025-12-20T12:03:00Z,11.00
2025-12-20T12:04:00Z,11.54
2025-12-20T12:07:00Z,11.00
2025-12-20T12:14:00Z,12.00
2025-12-20T12:17:00Z,12.00
2025-12-20T12:23:00Z,12.51
2025-12-20T12:26:00Z,12.88
2025-12-20T12:32:00Z,13.00
2025-12-20T12:33:00Z,10.23
2025-12-20T12:40:00Z,13.00
2025-12-20T12:41:00Z,13.53
2025-12-20T12:46:00Z,14.00
2025-12-20T12:47:00Z,14.00
2025-12-20T12:50:00Z,14.00
2025-12-20T13:02:00Z,12.36
2025-12-20T13:06:00Z,14.00
2025-12-20T13:07:00Z,14.00
2025-12-20T13:15:00Z,13.00
2025-12-20T13:17:00Z,13.00
2025-12-20T13:18:00Z,14.00
2025-12-20T13:19:00Z,14.00
2025-12-20T13:20:00Z,13.00
2025-12-20T13:22:00Z,13.00
2025-12-20T13:23:00Z,13.25
2025-12-20T13:24:00Z,13.00
2025-12-20T13:25:00Z,12.00
2025-12-20T13:30:00Z,13.00
2025-12-20T13:32:00Z,13.00
2025-12-20T13:33:00Z,12.08
2025-12-20T13:37:00Z,12.00
2025-12-20T13:46:00Z,12.00
2025-12-20T13:50:00Z,13.00
2025-12-20T13:51:00Z,14.00
2025-12-20T13:53:00Z,12.02
2025-12-20T13:54:00Z,12.00
2025-12-20T13:55:00Z,11.00
2025-12-20T13:59:00Z,12.50
2025-12-20T14:02:00Z,13.00
2025-12-20T14:09:00Z,13.39
2025-12-20T14:10:00Z,12.00
2025-12-20T14:11:00Z,12.00
2025-12-20T14:12:00Z,13.00
2025-12-20T14:14:00Z,13.00
2025-12-20T14:15:00Z,11.64
2025-12-20T14:16:00Z,12.57
2025-12-20T14:19:00Z,11.00
2025-12-20T14:21:00Z,11.00
2025-12-20T14:23:00Z,12.00
2025-12-20T14:31:00Z,11.00
2025-12-20T14:34:00Z,12.00
2025-12-20T14:37:00Z,11.00
2025-12-20T14:38:00Z,11.00
2025-12-20T14:39:00Z,11.92
2025-12-20T14:41:00Z,11.00
2025-12-20T14:43:00Z,12.00
2025-12-20T14:46:00Z,12.10
2025-12-20T14:47:00Z,11.04
2025-12-20T14:49:00Z,12.00
2025-12-20T14:50:00Z,12.00
2025-12-20T14:51:00Z,13.00
2025-12-20T14:57:00Z,12.00
2025-12-20T14:58:00Z,11.00
2025-12-20T14:59:00Z,12.00
2025-12-20T15:00:00Z,12.67
2025-12-20T15:01:00Z,12.00
2025-12-20T15:02:00Z,12.00
2025-12-20T15:03:00Z,14.00
2025-12-20T15:05:00Z,14.00
2025-12-20T15:07:00Z,13.00
2025-12-20T15:08:00Z,14.00
2025-12-20T15:11:00Z,13.00
2025-12-20T15:15:00Z,14.00
2025-12-20T15:24:00Z,14.00
2025-12-20T15:25:00Z,13.00
2025-12-20T15:26:00Z,13.00
2025-12-20T15:27:00Z,13.00
2025-12-20T15:30:00Z,13.56
2025-12-20T15:31:00Z,13.00
2025-12-20T15:32:00Z,14.00
2025-12-20T15:33:00Z,14.00
2025-12-20T15:39:00Z,13.00
2025-12-20T15:40:00Z,13.00
2025-12-20T15:41:00Z,13.00
2025-12-20T15:43:00Z,14.00
2025-12-20T15:46:00Z,14.00
2025-12-20T15:47:00Z,14.00
2025-12-20T15:48:00Z,13.00
2025-12-20T15:55:00Z,13.46
2025-12-20T15:59:00Z,13.00
2025-12-20T16:03:00Z,13.00
2025-12-20T16:05:00Z,12.00
2025-12-20T16:08:00Z,12.00
2025-12-20T16:11:00Z,12.00
2025-12-20T16:12:00Z,13.00
2025-12-20T16:13:00Z,13.00
2025-12-20T16:17:00Z,12.00
2025-12-20T16:18:00Z,12.00
2025-12-20T16:19:00Z,13.00
2025-12-20T16:20:00Z,13.00
2025-12-20T16:22:00Z,13.00
2025-12-20T16:24:00Z,12.26
2025-12-20T16:25:00Z,13.00
2025-12-20T16:26:00Z,13.00
2025-12-20T16:27:00Z,13.00
2025-12-20T16:28:00Z,12.27
2025-12-20T16:29:00Z,13.00
2025-12-20T16:30:00Z,12.00
2025-12-20T16:31:00Z,13.00
2025-12-20T16:33:00Z,13.00
2025-12-20T16:35:00Z,13.00
2025-12-20T16:40:00Z,12.16
2025-12-20T16:42:00Z,12.00
2025-12-20T16:43:00Z,12.00
2025-12-20T16:44:00Z,12.27
2025-12-20T16:46:00Z,12.24
2025-12-20T16:53:00Z,12.00
2025-12-20T16:56:00Z,13.00
2025-12-20T16:57:00Z,13.00
2025-12-20T16:59:00Z,12.00
2025-12-20T17:00:00Z,12.00
2025-12-20T17:01:00Z,12.00
2025-12-20T17:06:00Z,12.26
2025-12-20T17:08:00Z,12.00
2025-12-20T17:09:00Z,13.00
2025-12-20T17:10:00Z,11.92
2025-12-20T17:11:00Z,11.00
2025-12-20T17:19:00Z,12.00
2025-12-20T17:21:00Z,11.00
2025-12-20T17:26:00Z,12.05
2025-12-20T17:27:00Z,11.92
2025-12-20T17:32:00Z,11.00
2025-12-20T17:34:00Z,12.97
2025-12-20T17:36:00Z,11.00
2025-12-20T17:37:00Z,11.00
2025-12-20T17:39:00Z,12.00
2025-12-20T17:41:00Z,11.00
2025-12-20T17:42:00Z,11.00
2025-12-20T17:43:00Z,10.73
2025-12-20T17:44:00Z,12.54
2025-12-20T17:45:00Z,12.00
2025-12-20T17:48:00Z,11.00
2025-12-20T17:50:00Z,11.98
2025-12-20T17:51:00Z,11.00
2025-12-20T17:53:00Z,11.00
2025-12-20T17:59:00Z,11.00
2025-12-20T18:00:00Z,11.90
2025-12-20T18:11:00Z,12.00
2025-12-20T18:14:00Z,11.04
2025-12-20T18:17:00Z,12.00
2025-12-20T18:18:00Z,12.00
2025-12-20T18:20:00Z,12.00
2025-12-20T18:21:00Z,11.00
2025-12-20T18:25:00Z,12.00
2025-12-20T18:26:00Z,12.00
2025-12-20T18:27:00Z,11.80
2025-12-20T18:29:00Z,12.00
2025-12-20T18:30:00Z,12.00
2025-12-20T18:34:00Z,11.00
2025-12-20T18:38:00Z,11.00
2025-12-20T18:43:00Z,10.78
2025-12-20T18:44:00Z,11.00
2025-12-20T18:49:00Z,10.00
2025-12-20T18:52:00Z,11.00
2025-12-20T18:53:00Z,10.00
2025-12-20T18:55:00Z,11.00
2025-12-20T19:03:00Z,10.00
2025-12-20T19:06:00Z,10.00
2025-12-20T19:13:00Z,11.00
2025-12-20T19:15:00Z,11.00
2025-12-20T19:26:00Z,11.00
2025-12-20T19:30:00Z,10.00
2025-12-20T19:31:00Z,10.00
2025-12-20T19:32:00Z,10.00
2025-12-20T19:35:00Z,11.00
2025-12-20T19:38:00Z,11.00
2025-12-20T19:41:00Z,10.01
2025-12-20T19:48:00Z,10.00
2025-12-20T19:50:00Z,11.00
2025-12-20T19:51:00Z,10.00
2025-12-20T19:54:00Z,10.00
2025-12-20T19:55:00Z,10.00
2025-12-20T20:00:00Z,10.00
2025-12-20T20:01:00Z,11.00
2025-12-20T20:02:00Z,11.00
2025-12-20T20:03:00Z,10.94
2025-12-20T20:04:00Z,10.00
2025-12-20T20:05:00Z,11.00
2025-12-20T20:06:00Z,10.99
2025-12-20T20:07:00Z,10.00
2025-12-20T20:08:00Z,11.00
2025-12-20T20:10:00Z,10.00
2025-12-20T20:18:00Z,11.00
2025-12-20T20:23:00Z,10.00
2025-12-20T20:24:00Z,10.00
2025-12-20T20:25:00Z,11.00
2025-12-20T20:26:00Z,10.00
2025-12-20T20:33:00Z,11.00
2025-12-20T20:36:00Z,11.00
2025-12-20T20:37:00Z,11.00
2025-12-20T20:39:00Z,11.00
2025-12-20T20:40:00Z,10.00
2025-12-20T20:41:00Z,10.99
2025-12-20T20:43:00Z,10.00
2025-12-20T20:45:00Z,10.00
2025-12-20T20:46:00Z,10.00
2025-12-20T20:51:00Z,11.00
2025-12-20T20:54:00Z,10.00
2025-12-20T20:55:00Z,11.00
2025-12-20T20:56:00Z,10.00
2025-12-20T20:59:00Z,10.00
2025-12-20T21:05:00Z,10.00
2025-12-20T21:07:00Z,11.00
2025-12-20T21:08:00Z,11.00
2025-12-20T21:10:00Z,10.00
2025-12-20T21:16:00Z,10.00
2025-12-20T21:17:00Z,10.00
2025-12-20T21:18:00Z,10.33
2025-12-20T21:19:00Z,11.00
2025-12-20T21:22:00Z,11.00
2025-12-20T21:23:00Z,11.00
2025-12-20T21:29:00Z,10.19
2025-12-20T21:32:00Z,11.00
2025-12-20T21:36:00Z,10.00
2025-12-20T21:38:00Z,11.47
2025-12-20T21:39:00Z,11.00
2025-12-20T21:41:00Z,10.99
2025-12-20T21:43:00Z,10.00
2025-12-20T21:49:00Z,10.00
2025-12-20T21:51:00Z,10.74
2025-12-20T21:53:00Z,11.00
2025-12-20T21:55:00Z,11.00
2025-12-20T22:02:00Z,10.00
2025-12-20T22:03:00Z,11.26
2025-12-20T22:04:00Z,11.50
2025-12-20T22:10:00Z,12.00
2025-12-20T22:11:00Z,12.00
2025-12-20T22:13:00Z,12.00
2025-12-20T22:15:00Z,11.63
2025-12-20T22:16:00Z,12.00
2025-12-20T22:18:00Z,10.77
2025-12-20T22:21:00Z,12.00
2025-12-20T22:24:00Z,11.00
2025-12-20T22:36:00Z,11.00
2025-12-20T22:37:00Z,12.00
2025-12-20T22:39:00Z,11.97
2025-12-20T22:40:00Z,11.00
2025-12-20T22:43:00Z,12.00
2025-12-20T22:46:00Z,11.00
2025-12-20T22:49:00Z,11.00
2025-12-20T22:52:00Z,11.00
2025-12-20T22:53:00Z,12.00
2025-12-20T22:56:00Z,11.57
2025-12-20T22:59:00Z,11.00
2025-12-20T23:01:00Z,11.00
2025-12-20T23:02:00Z,12.00
2025-12-20T23:03:00Z,12.00
2025-12-20T23:04:00Z,11.00
2025-12-20T23:06:00Z,12.00
2025-12-20T23:08:00Z,11.99
2025-12-20T23:09:00Z,12.00
2025-12-20T23:11:00Z,12.00
2025-12-20T23:12:00Z,12.00
2025-12-20T23:13:00Z,12.00
2025-12-20T23:22:00Z,11.00
2025-12-20T23:24:00Z,11.00
2025-12-20T23:29:00Z,11.00
2025-12-20T23:33:00Z,11.00
2025-12-20T23:35:00Z,11.00
2025-12-20T23:36:00Z,11.00
2025-12-20T23:38:00Z,11.00
2025-12-20T23:41:00Z,12.00
2025-12-20T23:43:00Z,12.00
2025-12-20T23:45:00Z,12.00
2025-12-20T23:46:00Z,12.00
2025-12-20T23:47:00Z,12.00
2025-12-20T23:48:00Z,11.00
2025-12-20T23:52:00Z,11.00
2025-12-20T23:55:00Z,11.23
2025-12-20T23:59:00Z,11.00
2025-12-21T00:01:00Z,12.00
2025-12-21T00:02:00Z,12.00
2025-12-21T00:03:00Z,11.28
2025-12-21T00:05:00Z,12.00
2025-12-21T00:06:00Z,12.00
2025-12-21T00:07:00Z,11.00
2025-12-21T00:13:00Z,11.22
2025-12-21T00:14:00Z,12.00
2025-12-21T00:15:00Z,11.00
2025-12-21T00:16:00Z,12.00
2025-12-21T00:18:00Z,12.00
2025-12-21T00:19:00Z,10.71
2025-12-21T00:22:00Z,10.66
2025-12-21T00:24:00Z,11.00
2025-12-21T00:25:00Z,12.00
2025-12-21T00:27:00Z,11.00
2025-12-21T00:29:00Z,10.60
2025-12-21T00:34:00Z,12.00
2025-12-21T00:35:00Z,12.00
2025-12-21T00:36:00Z,12.00
2025-12-21T00:37:00Z,11.00
2025-12-21T00:39:00Z,12.00
2025-12-21T00:42:00Z,11.00
2025-12-21T00:43:00Z,11.01
2025-12-21T00:44:00Z,12.00
2025-12-21T00:46:00Z,12.00
2025-12-21T00:47:00Z,12.00
2025-12-21T00:56:00Z,11.00
2025-12-21T01:00:00Z,11.00
2025-12-21T01:05:00Z,10.00
2025-12-21T01:06:00Z,11.00
2025-12-21T01:07:00Z,11.00
2025-12-21T01:12:00Z,10.00
2025-12-21T01:16:00Z,11.00
2025-12-21T01:17:00Z,11.00
2025-12-21T01:18:00Z,11.00
2025-12-21T01:21:00Z,11.00
2025-12-21T01:23:00Z,11.00
2025-12-21T01:28:00Z,11.00
2025-12-21T01:29:00Z,12.00
2025-12-21T01:30:00Z,11.97
2025-12-21T01:32:00Z,12.00
2025-12-21T01:33:00Z,12.00
2025-12-21T01:34:00Z,12.00
2025-12-21T01:35:00Z,12.00
2025-12-21T01:40:00Z,12.00
2025-12-21T01:42:00Z,12.00
2025-12-21T01:44:00Z,12.00
2025-12-21T01:45:00Z,11.00
2025-12-21T01:48:00Z,12.00
2025-12-21T01:49:00Z,11.00
2025-12-21T01:52:00Z,11.00
2025-12-21T01:53:00Z,12.00
2025-12-21T01:58:00Z,12.00
2025-12-21T01:59:00Z,12.00
2025-12-21T02:00:00Z,11.00
2025-12-21T02:01:00Z,12.00
2025-12-21T02:03:00Z,11.00
2025-12-21T02:06:00Z,11.00
2025-12-21T02:08:00Z,11.00
2025-12-21T02:10:00Z,12.00
2025-12-21T02:11:00Z,11.00
2025-12-21T02:16:00Z,11.00
2025-12-21T02:17:00Z,12.00
2025-12-21T02:18:00Z,11.00
2025-12-21T02:24:00Z,10.57
2025-12-21T02:27:00Z,12.00
2025-12-21T02:28:00Z,11.00
2025-12-21T02:29:00Z,11.00
2025-12-21T02:31:00Z,10.00
2025-12-21T02:32:00Z,10.00
2025-12-21T02:34:00Z,10.60
2025-12-21T02:39:00Z,10.00
2025-12-21T02:43:00Z,10.00
2025-12-21T02:44:00Z,11.00
2025-12-21T02:48:00Z,10.00
2025-12-21T02:50:00Z,10.00
2025-12-21T02:52:00Z,10.00
2025-12-21T02:55:00Z,10.00
2025-12-21T02:59:00Z,11.00
2025-12-21T03:08:00Z,10.00
2025-12-21T03:09:00Z,11.00
2025-12-21T03:11:00Z,10.00
2025-12-21T03:12:00Z,10.00
2025-12-21T03:13:00Z,10.00
2025-12-21T03:14:00Z,11.00
2025-12-21T03:16:00Z,10.00
2025-12-21T03:20:00Z,10.68
2025-12-21T03:22:00Z,11.00
2025-12-21T03:23:00Z,11.00
2025-12-21T03:24:00Z,11.00
2025-12-21T03:29:00Z,10.00
2025-12-21T03:33:00Z,10.58
2025-12-21T03:34:00Z,11.00
2025-12-21T03:46:00Z,11.00
2025-12-21T03:48:00Z,10.13
2025-12-21T03:49:00Z,11.00
2025-12-21T03:55:00Z,10.00
2025-12-21T04:08:00Z,11.00
2025-12-21T04:09:00Z,11.00
2025-12-21T04:11:00Z,10.06
2025-12-21T04:12:00Z,10.73
2025-12-21T04:15:00Z,11.00
2025-12-21T04:19:00Z,11.00
2025-12-21T04:20:00Z,10.75
2025-12-21T04:32:00Z,11.00
2025-12-21T04:34:00Z,10.00
2025-12-21T04:37:00Z,10.00
2025-12-21T04:40:00Z,10.78
2025-12-21T04:45:00Z,11.00
2025-12-21T04:46:00Z,10.99
2025-12-21T04:49:00Z,11.00
2025-12-21T05:02:00Z,10.00
2025-12-21T05:03:00Z,10.00
2025-12-21T05:06:00Z,11.00
2025-12-21T05:08:00Z,10.00
2025-12-21T05:10:00Z,11.00
2025-12-21T05:11:00Z,11.00
2025-12-21T05:15:00Z,12.00
2025-12-21T05:18:00Z,11.00
2025-12-21T05:19:00Z,10.00
2025-12-21T05:20:00Z,11.00
2025-12-21T05:21:00Z,12.00
2025-12-21T05:22:00Z,11.00
2025-12-21T05:30:00Z,12.00
2025-12-21T05:31:00Z,12.00
2025-12-21T05:37:00Z,11.00
2025-12-21T05:38:00Z,11.00
2025-12-21T05:39:00Z,12.00
2025-12-21T05:42:00Z,12.00
2025-12-21T05:49:00Z,11.00
2025-12-21T05:54:00Z,11.00
2025-12-21T05:56:00Z,11.00
2025-12-21T06:00:00Z,11.00
2025-12-21T06:04:00Z,12.00
2025-12-21T06:07:00Z,12.00
2025-12-21T06:09:00Z,12.00
2025-12-21T06:11:00Z,11.00
2025-12-21T06:13:00Z,11.68
2025-12-21T06:16:00Z,12.00
2025-12-21T06:17:00Z,12.00
2025-12-21T06:18:00Z,12.00
2025-12-21T06:21:00Z,11.86
2025-12-21T06:22:00Z,12.98
2025-12-21T06:23:00Z,13.00
2025-12-21T06:25:00Z,12.00
2025-12-21T06:29:00Z,12.00
2025-12-21T06:38:00Z,12.00
2025-12-21T06:49:00Z,11.49
2025-12-21T06:55:00Z,12.00
2025-12-21T06:57:00Z,11.00
2025-12-21T06:59:00Z,12.00
2025-12-21T07:12:00Z,12.00
2025-12-21T07:17:00Z,12.00
2025-12-21T07:18:00Z,11.00
2025-12-21T07:22:00Z,11.00
2025-12-21T07:41:00Z,11.00
2025-12-21T07:44:00Z,12.00
2025-12-21T07:46:00Z,11.00
2025-12-21T07:48:00Z,11.38
2025-12-21T07:54:00Z,12.00
2025-12-21T08:00:00Z,12.00
2025-12-21T08:01:00Z,11.00
2025-12-21T08:31:00Z,11.00
2025-12-21T08:35:00Z,11.00
2025-12-21T08:47:00Z,11.00
2025-12-21T08:49:00Z,12.00
2025-12-21T08:50:00Z,12.00
2025-12-21T08:51:00Z,12.00
2025-12-21T08:53:00Z,12.00
2025-12-21T08:54:00Z,11.00
2025-12-21T08:56:00Z,11.00
2025-12-21T09:03:00Z,12.00
2025-12-21T09:05:00Z,11.00
2025-12-21T09:07:00Z,11.00
2025-12-21T09:10:00Z,12.00
2025-12-21T09:15:00Z,12.00
2025-12-21T09:17:00Z,12.00
2025-12-21T09:19:00Z,12.00
2025-12-21T09:24:00Z,12.00
2025-12-21T09:29:00Z,12.00
2025-12-21T09:46:00Z,12.00
2025-12-21T09:47:00Z,12.16
2025-12-21T09:48:00Z,14.00
2025-12-21T09:50:00Z,13.00
2025-12-21T09:52:00Z,14.00
2025-12-21T09:55:00Z,14.00
2025-12-21T09:56:00Z,14.00
2025-12-21T09:57:00Z,14.00
2025-12-21T10:02:00Z,14.00
2025-12-21T10:03:00Z,14.00
2025-12-21T10:10:00Z,13.70
2025-12-21T10:13:00Z,13.00
2025-12-21T10:20:00Z,13.00
2025-12-21T10:31:00Z,14.00
2025-12-21T10:42:00Z,14.00
2025-12-21T10:44:00Z,13.00
2025-12-21T11:12:00Z,14.00
2025-12-21T11:16:00Z,13.07
2025-12-21T11:17:00Z,14.00
2025-12-21T11:18:00Z,14.00
2025-12-21T11:36:00Z,13.00
2025-12-21T11:39:00Z,14.36
2025-12-21T11:59:00Z,12.00
2025-12-21T12:06:00Z,13.00
2025-12-21T12:08:00Z,13.00
2025-12-21T12:09:00Z,12.00
2025-12-21T12:15:00Z,13.51
2025-12-21T12:27:00Z,13.00
2025-12-21T12:31:00Z,13.37
2025-12-21T12:33:00Z,14.00
2025-12-21T12:39:00Z,14.00
2025-12-21T12:43:00Z,14.00
2025-12-21T12:50:00Z,12.00
2025-12-21T12:57:00Z,12.12
2025-12-21T13:04:00Z,12.00
2025-12-21T13:09:00Z,12.00
2025-12-21T13:10:00Z,14.00
2025-12-21T13:15:00Z,14.00
2025-12-21T13:23:00Z,13.00
2025-12-21T13:24:00Z,13.00
2025-12-21T13:29:00Z,14.00
2025-12-21T13:30:00Z,13.00
2025-12-21T13:32:00Z,12.00
2025-12-21T13:34:00Z,12.00
2025-12-21T13:48:00Z,11.00
2025-12-21T13:52:00Z,11.00
2025-12-21T14:05:00Z,10.00
2025-12-21T14:10:00Z,10.00
2025-12-21T14:12:00Z,10.00
2025-12-21T14:14:00Z,11.00
2025-12-21T14:18:00Z,11.88
2025-12-21T14:21:00Z,12.75
2025-12-21T14:26:00Z,12.00
2025-12-21T14:27:00Z,12.00
2025-12-21T14:30:00Z,11.00
2025-12-21T14:34:00Z,12.00
2025-12-21T14:38:00Z,12.00
2025-12-21T14:39:00Z,12.00
2025-12-21T14:40:00Z,10.96
2025-12-21T14:43:00Z,11.00
2025-12-21T14:45:00Z,10.38
2025-12-21T14:46:00Z,10.87
2025-12-21T14:47:00Z,10.00
2025-12-21T14:54:00Z,10.00
2025-12-21T14:57:00Z,10.00
2025-12-21T14:58:00Z,10.00
2025-12-21T14:59:00Z,10.00
2025-12-21T15:04:00Z,11.00
2025-12-21T15:06:00Z,10.76
2025-12-21T15:07:00Z,10.00
2025-12-21T15:10:00Z,11.00
2025-12-21T15:11:00Z,10.00
2025-12-21T15:15:00Z,11.00
2025-12-21T15:17:00Z,10.00
2025-12-21T15:20:00Z,10.00
2025-12-21T15:21:00Z,10.00
2025-12-21T15:29:00Z,10.00
2025-12-21T15:31:00Z,11.00
2025-12-21T15:32:00Z,10.00
2025-12-21T15:34:00Z,11.00
2025-12-21T15:39:00Z,11.00
2025-12-21T15:42:00Z,11.00
2025-12-21T15:46:00Z,10.00
2025-12-21T15:48:00Z,11.00
2025-12-21T15:53:00Z,11.00
2025-12-21T15:55:00Z,11.00
2025-12-21T15:56:00Z,11.00
2025-12-21T15:58:00Z,11.00
2025-12-21T16:00:00Z,11.00
2025-12-21T16:02:00Z,11.00
2025-12-21T16:06:00Z,11.00
2025-12-21T16:07:00Z,10.00
2025-12-21T16:09:00Z,11.00
2025-12-21T16:11:00Z,10.00
2025-12-21T16:12:00Z,10.00
2025-12-21T16:15:00Z,10.00
2025-12-21T16:19:00Z,11.00
2025-12-21T16:22:00Z,10.00
2025-12-21T16:26:00Z,10.00
2025-12-21T16:35:00Z,10.00
2025-12-21T16:37:00Z,10.00
2025-12-21T16:38:00Z,10.00
2025-12-21T16:43:00Z,10.00
2025-12-21T16:44:00Z,11.00
2025-12-21T16:48:00Z,11.00
2025-12-21T16:50:00Z,11.00
2025-12-21T16:52:00Z,10.00
2025-12-21T16:53:00Z,11.00
2025-12-21T16:54:00Z,11.00
2025-12-21T16:55:00Z,11.00
2025-12-21T16:57:00Z,10.00
2025-12-21T17:01:00Z,11.00
2025-12-21T17:02:00Z,11.59
2025-12-21T17:04:00Z,12.00
2025-12-21T17:05:00Z,12.00
2025-12-21T17:06:00Z,12.00
2025-12-21T17:07:00Z,12.00
2025-12-21T17:08:00Z,12.77
2025-12-21T17:09:00Z,13.57
2025-12-21T17:10:00Z,13.63
2025-12-21T17:11:00Z,14.00
2025-12-21T17:12:00Z,14.00
2025-12-21T17:13:00Z,14.07
2025-12-21T17:14:00Z,14.93
2025-12-21T17:16:00Z,12.56
2025-12-21T17:17:00Z,12.10
2025-12-21T17:18:00Z,13.93
2025-12-21T17:19:00Z,13.79
2025-12-21T17:20:00Z,14.63
2025-12-21T17:21:00Z,13.00
2025-12-21T17:23:00Z,12.01
2025-12-21T17:26:00Z,12.02
2025-12-21T17:31:00Z,13.51
2025-12-21T17:32:00Z,12.00
2025-12-21T17:33:00Z,12.00
2025-12-21T17:34:00Z,11.40
2025-12-21T17:35:00Z,13.02
2025-12-21T17:43:00Z,13.00
2025-12-21T17:50:00Z,12.00
2025-12-21T17:53:00Z,12.00
2025-12-21T17:56:00Z,11.06
2025-12-21T18:00:00Z,11.12
2025-12-21T18:16:00Z,12.00
2025-12-21T18:19:00Z,11.00
2025-12-21T18:31:00Z,11.00
2025-12-21T18:33:00Z,11.00
2025-12-21T18:37:00Z,11.00
2025-12-21T18:38:00Z,11.00
2025-12-21T18:41:00Z,10.00
2025-12-21T18:42:00Z,11.00
2025-12-21T18:45:00Z,11.00
2025-12-21T18:46:00Z,11.00
2025-12-21T18:48:00Z,10.00
2025-12-21T18:50:00Z,11.00
2025-12-21T18:54:00Z,10.00
2025-12-21T19:07:00Z,11.00
2025-12-21T19:08:00Z,10.00
2025-12-21T19:10:00Z,11.00
2025-12-21T19:11:00Z,11.00
2025-12-21T19:15:00Z,11.00
2025-12-21T19:16:00Z,11.00
2025-12-21T19:20:00Z,10.00
2025-12-21T19:22:00Z,10.00
2025-12-21T19:32:00Z,10.03
2025-12-21T19:42:00Z,11.00
2025-12-21T19:44:00Z,10.00
2025-12-21T19:47:00Z,10.00
2025-12-21T19:56:00Z,11.00
2025-12-21T19:57:00Z,10.00
2025-12-21T20:01:00Z,10.33
2025-12-21T20:03:00Z,10.00
2025-12-21T20:04:00Z,10.00
2025-12-21T20:05:00Z,10.78
2025-12-21T20:06:00Z,10.00
2025-12-21T20:09:00Z,10.00
2025-12-21T20:10:00Z,10.98
2025-12-21T20:11:00Z,10.00
2025-12-21T20:14:00Z,11.00
2025-12-21T20:31:00Z,10.45
2025-12-21T20:38:00Z,10.00
2025-12-21T20:46:00Z,10.00
2025-12-21T20:47:00Z,11.00
2025-12-21T20:52:00Z,11.00
2025-12-21T20:53:00Z,11.00
2025-12-21T20:54:00Z,11.00
2025-12-21T20:55:00Z,11.00
2025-12-21T20:57:00Z,10.00
2025-12-21T21:02:00Z,10.60
2025-12-21T21:03:00Z,10.00
2025-12-21T21:05:00Z,11.00
2025-12-21T21:06:00Z,11.00
2025-12-21T21:07:00Z,11.00
2025-12-21T21:14:00Z,11.00
2025-12-21T21:21:00Z,10.00
2025-12-21T21:23:00Z,11.00
2025-12-21T21:28:00Z,10.00
2025-12-21T21:29:00Z,10.00
2025-12-21T21:31:00Z,11.00
2025-12-21T21:37:00Z,11.00
2025-12-21T21:38:00Z,10.50
2025-12-21T21:42:00Z,11.00
2025-12-21T21:43:00Z,10.00
2025-12-21T21:44:00Z,10.00
2025-12-21T21:46:00Z,11.00
2025-12-21T21:47:00Z,11.86
2025-12-21T21:49:00Z,11.78
2025-12-21T21:57:00Z,11.00
2025-12-21T22:06:00Z,12.00
2025-12-21T22:07:00Z,12.00
2025-12-21T22:10:00Z,11.00
2025-12-21T22:11:00Z,12.00
2025-12-21T22:12:00Z,12.00
2025-12-21T22:13:00Z,11.00
2025-12-21T22:15:00Z,10.00
2025-12-21T22:19:00Z,11.00
2025-12-21T22:20:00Z,10.00
2025-12-21T22:22:00Z,11.89
2025-12-21T22:29:00Z,12.00
2025-12-21T22:36:00Z,11.00
2025-12-21T22:41:00Z,11.00
2025-12-21T22:42:00Z,12.00
2025-12-21T23:00:00Z,11.08
2025-12-21T23:02:00Z,11.00
2025-12-21T23:06:00Z,12.00
2025-12-21T23:07:00Z,13.00
2025-12-21T23:08:00Z,13.00
2025-12-21T23:10:00Z,11.00
2025-12-21T23:11:00Z,11.00
2025-12-21T23:17:00Z,12.47
2025-12-21T23:22:00Z,12.00
2025-12-21T23:27:00Z,13.00
2025-12-21T23:28:00Z,13.00
2025-12-21T23:29:00Z,13.00
2025-12-21T23:30:00Z,13.71
2025-12-21T23:34:00Z,12.00
2025-12-21T23:36:00Z,12.00
2025-12-21T23:39:00Z,13.00
2025-12-21T23:47:00Z,12.00
2025-12-21T23:50:00Z,11.57
2025-12-21T23:53:00Z,13.00
2025-12-21T23:55:00Z,12.09
2025-12-22T00:09:00Z,12.00
2025-12-22T00:14:00Z,13.00
2025-12-22T00:15:00Z,13.00
2025-12-22T00:16:00Z,13.00
2025-12-22T00:17:00Z,14.61
2025-12-22T00:19:00Z,16.00
2025-12-22T00:21:00Z,14.15
2025-12-22T00:22:00Z,15.00
2025-12-22T00:26:00Z,13.00
2025-12-22T00:30:00Z,12.00
2025-12-22T00:32:00Z,13.00
2025-12-22T00:33:00Z,13.00
2025-12-22T00:38:00Z,13.94
2025-12-22T00:39:00Z,14.00
2025-12-22T00:41:00Z,13.07
2025-12-22T00:48:00Z,14.00
2025-12-22T00:50:00Z,13.00
2025-12-22T00:51:00Z,13.00
2025-12-22T00:53:00Z,14.00
2025-12-22T00:58:00Z,13.00
2025-12-22T01:00:00Z,14.00
2025-12-22T01:01:00Z,14.00
2025-12-22T01:02:00Z,14.98
2025-12-22T01:05:00Z,15.00
2025-12-22T01:06:00Z,15.00
2025-12-22T01:08:00Z,14.00
2025-12-22T01:09:00Z,14.00
2025-12-22T01:13:00Z,14.00
2025-12-22T01:14:00Z,14.00
2025-12-22T01:15:00Z,14.00
2025-12-22T01:16:00Z,15.00
2025-12-22T01:17:00Z,15.00
2025-12-22T01:21:00Z,15.00
2025-12-22T01:26:00Z,14.00
2025-12-22T01:27:00Z,14.63
2025-12-22T01:29:00Z,15.00
2025-12-22T01:30:00Z,15.00
2025-12-22T01:33:00Z,14.00
2025-12-22T01:35:00Z,14.00
2025-12-22T01:39:00Z,14.10
2025-12-22T01:40:00Z,14.00
2025-12-22T01:44:00Z,14.00
2025-12-22T01:45:00Z,13.23
2025-12-22T01:47:00Z,14.75
2025-12-22T01:48:00Z,12.94
2025-12-22T01:53:00Z,12.78
2025-12-22T01:54:00Z,12.00
2025-12-22T01:55:00Z,12.00
2025-12-22T01:58:00Z,13.00
2025-12-22T02:00:00Z,12.00
2025-12-22T02:03:00Z,12.76
2025-12-22T02:05:00Z,12.24
2025-12-22T02:06:00Z,12.17
2025-12-22T02:07:00Z,11.00
2025-12-22T02:08:00Z,12.00
2025-12-22T02:12:00Z,12.89
2025-12-22T02:14:00Z,11.01
2025-12-22T02:15:00Z,12.00
2025-12-22T02:17:00Z,12.00
2025-12-22T02:19:00Z,12.00
2025-12-22T02:21:00Z,12.00
2025-12-22T02:23:00Z,11.00
2025-12-22T02:24:00Z,12.00
2025-12-22T02:25:00Z,11.00
2025-12-22T02:26:00Z,11.88
2025-12-22T02:34:00Z,11.00
2025-12-22T02:41:00Z,11.00
2025-12-22T02:42:00Z,12.00
2025-12-22T02:45:00Z,12.00
2025-12-22T02:46:00Z,12.00
2025-12-22T02:49:00Z,11.95
2025-12-22T02:50:00Z,12.00
2025-12-22T02:51:00Z,12.00
2025-12-22T02:53:00Z,12.00
2025-12-22T02:54:00Z,11.00
2025-12-22T02:57:00Z,11.00
2025-12-22T02:58:00Z,12.00
2025-12-22T03:01:00Z,12.00
2025-12-22T03:02:00Z,12.00
2025-12-22T03:03:00Z,12.00
2025-12-22T03:04:00Z,12.00
2025-12-22T03:08:00Z,12.00
2025-12-22T03:13:00Z,11.00
2025-12-22T03:15:00Z,11.00
2025-12-22T03:18:00Z,11.00
2025-12-22T03:19:00Z,11.00
2025-12-22T03:20:00Z,11.00
2025-12-22T03:24:00Z,11.00
2025-12-22T03:27:00Z,12.06
2025-12-22T03:28:00Z,12.00
2025-12-22T03:29:00Z,12.00
2025-12-22T03:30:00Z,13.00
2025-12-22T03:31:00Z,12.98
2025-12-22T03:32:00Z,13.00
2025-12-22T03:33:00Z,12.00
2025-12-22T03:34:00Z,12.00
2025-12-22T03:35:00Z,12.00
2025-12-22T03:36:00Z,12.00
2025-12-22T03:37:00Z,12.00
2025-12-22T03:39:00Z,11.09
2025-12-22T03:44:00Z,12.39
2025-12-22T03:45:00Z,13.00
2025-12-22T03:46:00Z,12.12
2025-12-22T03:47:00Z,12.00
2025-12-22T03:49:00Z,12.00
2025-12-22T03:51:00Z,13.00
2025-12-22T03:53:00Z,13.38
2025-12-22T03:54:00Z,14.00
2025-12-22T03:55:00Z,15.00
2025-12-22T04:05:00Z,16.00
2025-12-22T04:06:00Z,15.00
2025-12-22T04:08:00Z,16.00
2025-12-22T04:09:00Z,16.00
2025-12-22T04:11:00Z,15.00
2025-12-22T04:14:00Z,16.00
2025-12-22T04:15:00Z,15.00
2025-12-22T04:16:00Z,14.00
2025-12-22T04:18:00Z,15.00
2025-12-22T04:19:00Z,15.00
2025-12-22T04:21:00Z,14.81
2025-12-22T04:22:00Z,15.00
2025-12-22T04:23:00Z,15.00
2025-12-22T04:24:00Z,14.13
2025-12-22T04:25:00Z,15.00
2025-12-22T04:27:00Z,14.00
2025-12-22T04:28:00Z,14.00
2025-12-22T04:29:00Z,15.00
2025-12-22T04:32:00Z,14.00
2025-12-22T04:34:00Z,13.00
2025-12-22T04:35:00Z,13.00
2025-12-22T04:40:00Z,13.00
2025-12-22T04:41:00Z,14.00
2025-12-22T04:42:00Z,15.00
2025-12-22T04:43:00Z,13.93
2025-12-22T04:46:00Z,14.33
2025-12-22T04:48:00Z,13.26
2025-12-22T04:49:00Z,13.82
2025-12-22T04:51:00Z,13.00
2025-12-22T04:52:00Z,13.00
2025-12-22T04:53:00Z,14.00
2025-12-22T04:54:00Z,14.00
2025-12-22T04:56:00Z,13.00
2025-12-22T04:57:00Z,13.00
2025-12-22T05:00:00Z,13.00
2025-12-22T05:04:00Z,14.00
2025-12-22T05:05:00Z,14.00
2025-12-22T05:06:00Z,14.00
2025-12-22T05:09:00Z,14.95
2025-12-22T05:11:00Z,15.00
2025-12-22T05:14:00Z,14.00
2025-12-22T05:15:00Z,15.00
2025-12-22T05:16:00Z,14.00
2025-12-22T05:17:00Z,15.00
2025-12-22T05:18:00Z,15.00
2025-12-22T05:19:00Z,15.00
2025-12-22T05:20:00Z,15.00
2025-12-22T05:23:00Z,15.00
2025-12-22T05:24:00Z,14.00
2025-12-22T05:26:00Z,12.14
2025-12-22T05:27:00Z,13.00
2025-12-22T05:28:00Z,12.08
2025-12-22T05:31:00Z,12.00
2025-12-22T05:33:00Z,12.00
2025-12-22T05:35:00Z,12.00
2025-12-22T05:36:00Z,13.00
2025-12-22T05:41:00Z,13.00
2025-12-22T05:43:00Z,13.80
2025-12-22T05:46:00Z,13.00
2025-12-22T05:52:00Z,13.27
2025-12-22T05:53:00Z,14.00
2025-12-22T05:54:00Z,13.00
2025-12-22T05:56:00Z,13.00
2025-12-22T05:58:00Z,13.00
2025-12-22T05:59:00Z,14.00
2025-12-22T06:00:00Z,15.00
2025-12-22T06:02:00Z,14.00
2025-12-22T06:03:00Z,14.00
2025-12-22T06:04:00Z,13.22
2025-12-22T06:06:00Z,13.67
2025-12-22T06:08:00Z,14.00
2025-12-22T06:09:00Z,15.00
2025-12-22T06:10:00Z,15.00
2025-12-22T06:12:00Z,14.00
2025-12-22T06:14:00Z,14.00
2025-12-22T06:15:00Z,14.00
2025-12-22T06:17:00Z,13.00
2025-12-22T06:18:00Z,13.93
2025-12-22T06:20:00Z,13.00
2025-12-22T06:21:00Z,13.96
2025-12-22T06:23:00Z,13.00
2025-12-22T06:26:00Z,13.00
2025-12-22T06:28:00Z,13.00
2025-12-22T06:32:00Z,14.00
2025-12-22T06:33:00Z,13.90
2025-12-22T06:34:00Z,14.00
2025-12-22T06:35:00Z,14.00
2025-12-22T06:36:00Z,13.50
2025-12-22T06:38:00Z,13.00
2025-12-22T06:39:00Z,13.00
2025-12-22T06:41:00Z,13.00
2025-12-22T06:42:00Z,14.00
2025-12-22T06:43:00Z,14.00
2025-12-22T06:44:00Z,14.00
2025-12-22T06:45:00Z,14.97
2025-12-22T06:51:00Z,15.00
2025-12-22T07:03:00Z,14.00
2025-12-22T07:04:00Z,14.00
2025-12-22T07:05:00Z,14.24
2025-12-22T07:09:00Z,14.67
2025-12-22T07:10:00Z,15.00
2025-12-22T07:11:00Z,11.70
2025-12-22T07:19:00Z,13.00
2025-12-22T07:20:00Z,13.00
2025-12-22T07:22:00Z,13.00
2025-12-22T07:24:00Z,13.60
2025-12-22T07:30:00Z,13.00
2025-12-22T07:32:00Z,12.00
2025-12-22T07:34:00Z,13.55
2025-12-22T07:36:00Z,12.00
2025-12-22T07:40:00Z,13.00
2025-12-22T07:45:00Z,14.00
2025-12-22T07:50:00Z,14.00
2025-12-22T07:51:00Z,14.00
2025-12-22T07:56:00Z,14.00
2025-12-22T07:57:00Z,14.00
2025-12-22T07:58:00Z,14.00
2025-12-22T07:59:00Z,14.00
2025-12-22T08:03:00Z,13.00
2025-12-22T08:07:00Z,14.00
2025-12-22T08:08:00Z,12.07
2025-12-22T08:12:00Z,12.00
2025-12-22T08:13:00Z,13.00
2025-12-22T08:14:00Z,12.00
2025-12-22T08:16:00Z,12.00
2025-12-22T08:21:00Z,12.04
2025-12-22T08:22:00Z,12.00
2025-12-22T08:24:00Z,13.00
2025-12-22T08:26:00Z,12.00
2025-12-22T08:27:00Z,12.00
2025-12-22T08:28:00Z,12.19
2025-12-22T08:29:00Z,13.00
2025-12-22T08:30:00Z,13.00
2025-12-22T08:33:00Z,13.00
2025-12-22T08:34:00Z,14.00
2025-12-22T08:38:00Z,14.54
2025-12-22T08:39:00Z,14.00
2025-12-22T08:40:00Z,13.00
2025-12-22T08:43:00Z,15.00
2025-12-22T08:47:00Z,15.00
2025-12-22T08:48:00Z,15.00
2025-12-22T08:50:00Z,15.00
2025-12-22T08:51:00Z,15.00
2025-12-22T08:57:00Z,15.36
2025-12-22T08:59:00Z,15.00
2025-12-22T09:06:00Z,16.00
2025-12-22T09:07:00Z,16.00
2025-12-22T09:10:00Z,16.00
2025-12-22T09:13:00Z,14.00
2025-12-22T09:14:00Z,13.84
2025-12-22T09:15:00Z,15.00
2025-12-22T09:16:00Z,15.00
2025-12-22T09:19:00Z,16.00
2025-12-22T09:20:00Z,17.00
2025-12-22T09:24:00Z,13.01
2025-12-22T09:25:00Z,16.96
2025-12-22T09:28:00Z,16.00
2025-12-22T09:32:00Z,23.71
2025-12-22T09:34:00Z,17.00
2025-12-22T09:35:00Z,17.00
2025-12-22T09:36:00Z,17.00
2025-12-22T09:44:00Z,18.00
2025-12-22T09:45:00Z,18.00
2025-12-22T09:49:00Z,18.00
2025-12-22T09:53:00Z,18.00
2025-12-22T09:55:00Z,18.00
2025-12-22T09:57:00Z,17.36
2025-12-22T10:00:00Z,18.94
2025-12-22T10:02:00Z,19.00
2025-12-22T10:10:00Z,15.87
2025-12-22T10:14:00Z,18.95
2025-12-22T10:19:00Z,17.23
2025-12-22T10:22:00Z,16.75
2025-12-22T10:24:00Z,16.73
2025-12-22T10:27:00Z,17.00
2025-12-22T10:28:00Z,17.00
2025-12-22T10:32:00Z,18.00
2025-12-22T10:33:00Z,19.00
2025-12-22T10:35:00Z,17.97
2025-12-22T10:39:00Z,18.00
2025-12-22T10:40:00Z,19.00
2025-12-22T10:42:00Z,18.00
2025-12-22T10:48:00Z,17.00
2025-12-22T10:49:00Z,17.39
2025-12-22T10:50:00Z,17.88
2025-12-22T10:52:00Z,17.50
2025-12-22T10:53:00Z,18.41
2025-12-22T10:58:00Z,18.70
2025-12-22T11:00:00Z,18.00
2025-12-22T11:01:00Z,18.00
2025-12-22T11:03:00Z,18.37
2025-12-22T11:10:00Z,16.66
2025-12-22T11:11:00Z,17.00
2025-12-22T11:12:00Z,16.94
2025-12-22T11:13:00Z,17.00
2025-12-22T11:15:00Z,16.00
2025-12-22T11:20:00Z,16.00
2025-12-22T11:21:00Z,17.00
2025-12-22T11:23:00Z,17.00
2025-12-22T11:24:00Z,18.76
2025-12-22T11:25:00Z,17.00
2025-12-22T11:26:00Z,17.36
2025-12-22T11:32:00Z,16.80
2025-12-22T11:35:00Z,17.00
2025-12-22T11:38:00Z,18.00
2025-12-22T11:39:00Z,18.00
2025-12-22T11:44:00Z,17.47
2025-12-22T11:45:00Z,17.00
2025-12-22T11:47:00Z,17.00
2025-12-22T11:49:00Z,18.00
2025-12-22T11:50:00Z,17.00
2025-12-22T11:51:00Z,18.00
2025-12-22T11:52:00Z,19.46
2025-12-22T11:56:00Z,17.01
2025-12-22T11:57:00Z,18.00
2025-12-22T11:58:00Z,18.00
2025-12-22T12:00:00Z,19.00
2025-12-22T12:02:00Z,19.00
2025-12-22T12:06:00Z,19.00
2025-12-22T12:07:00Z,20.00
2025-12-22T12:11:00Z,20.00
2025-12-22T12:12:00Z,19.00
2025-12-22T12:13:00Z,19.00
2025-12-22T12:15:00Z,19.00
2025-12-22T12:16:00Z,19.98
2025-12-22T12:17:00Z,18.71
2025-12-22T12:18:00Z,20.23
2025-12-22T12:19:00Z,17.40
2025-12-22T12:20:00Z,20.00
2025-12-22T12:21:00Z,21.00
2025-12-22T12:22:00Z,20.00
2025-12-22T12:27:00Z,20.00
2025-12-22T12:30:00Z,17.09
2025-12-22T12:31:00Z,20.67
2025-12-22T12:32:00Z,20.00
2025-12-22T12:35:00Z,21.00
2025-12-22T12:36:00Z,21.00
2025-12-22T12:37:00Z,20.00
2025-12-22T12:40:00Z,21.00
2025-12-22T12:41:00Z,19.00
2025-12-22T12:43:00Z,20.00
2025-12-22T12:46:00Z,20.91
2025-12-22T12:47:00Z,20.12
2025-12-22T12:49:00Z,21.00
2025-12-22T12:52:00Z,21.00
2025-12-22T12:56:00Z,21.00
2025-12-22T12:58:00Z,21.00
2025-12-22T13:00:00Z,21.00
2025-12-22T13:01:00Z,21.14
2025-12-22T13:03:00Z,21.90
2025-12-22T13:04:00Z,18.89
2025-12-22T13:06:00Z,20.99
2025-12-22T13:07:00Z,21.00
2025-12-22T13:08:00Z,20.00
2025-12-22T13:10:00Z,21.00
2025-12-22T13:12:00Z,20.00
2025-12-22T13:14:00Z,20.00
2025-12-22T13:15:00Z,19.00
2025-12-22T13:17:00Z,19.00
2025-12-22T13:18:00Z,19.00
2025-12-22T13:19:00Z,19.00
2025-12-22T13:20:00Z,19.00
2025-12-22T13:21:00Z,19.00
2025-12-22T13:23:00Z,18.00
2025-12-22T13:28:00Z,19.00
2025-12-22T13:29:00Z,19.00
2025-12-22T13:32:00Z,20.00
2025-12-22T13:33:00Z,20.00
2025-12-22T13:34:00Z,19.85
2025-12-22T13:36:00Z,20.00
2025-12-22T13:38:00Z,19.00
2025-12-22T13:39:00Z,20.00
2025-12-22T13:41:00Z,19.00
2025-12-22T13:42:00Z,19.00
2025-12-22T13:46:00Z,18.00
2025-12-22T13:47:00Z,18.00
2025-12-22T13:48:00Z,19.11
2025-12-22T13:53:00Z,19.00
2025-12-22T13:56:00Z,18.00
2025-12-22T13:57:00Z,19.66
2025-12-22T13:58:00Z,19.00
2025-12-22T13:59:00Z,18.01
2025-12-22T14:00:00Z,18.64
2025-12-22T14:02:00Z,18.00
2025-12-22T14:03:00Z,17.00
2025-12-22T14:04:00Z,16.06
2025-12-22T14:09:00Z,17.23
2025-12-22T14:10:00Z,18.00
2025-12-22T14:11:00Z,16.86
2025-12-22T14:12:00Z,17.95
2025-12-22T14:13:00Z,18.00
2025-12-22T14:14:00Z,18.00
2025-12-22T14:16:00Z,18.00
2025-12-22T14:18:00Z,17.03
2025-12-22T14:20:00Z,17.59
2025-12-22T14:21:00Z,19.00
2025-12-22T14:22:00Z,19.00
2025-12-22T14:23:00Z,18.93
2025-12-22T14:24:00Z,19.00
2025-12-22T14:25:00Z,19.00
2025-12-22T14:26:00Z,18.00
2025-12-22T14:27:00Z,18.90
2025-12-22T14:28:00Z,17.04
2025-12-22T14:30:00Z,19.00
2025-12-22T14:31:00Z,17.04
2025-12-22T14:32:00Z,16.03
2025-12-22T14:33:00Z,17.01
2025-12-22T14:34:00Z,16.89
2025-12-22T14:36:00Z,16.00
2025-12-22T14:37:00Z,14.17
2025-12-22T14:38:00Z,15.00
2025-12-22T14:39:00Z,14.00
2025-12-22T14:40:00Z,14.03
2025-12-22T14:41:00Z,15.00
2025-12-22T14:42:00Z,15.00
2025-12-22T14:43:00Z,14.80
2025-12-22T14:45:00Z,15.00
2025-12-22T14:46:00Z,14.00
2025-12-22T14:48:00Z,14.96
2025-12-22T14:50:00Z,15.00
2025-12-22T14:51:00Z,15.00
2025-12-22T14:52:00Z,14.00
2025-12-22T14:53:00Z,15.00
2025-12-22T14:55:00Z,17.65
2025-12-22T14:56:00Z,17.00
2025-12-22T14:58:00Z,17.00
2025-12-22T14:59:00Z,16.00
2025-12-22T15:00:00Z,16.82
2025-12-22T15:01:00Z,16.77
2025-12-22T15:02:00Z,16.00
2025-12-22T15:03:00Z,16.00
2025-12-22T15:04:00Z,17.00
2025-12-22T15:05:00Z,17.00
2025-12-22T15:06:00Z,16.00
2025-12-22T15:07:00Z,17.00
2025-12-22T15:09:00Z,17.15
2025-12-22T15:11:00Z,15.89
2025-12-22T15:13:00Z,15.11
2025-12-22T15:15:00Z,14.17
2025-12-22T15:16:00Z,17.00
2025-12-22T15:19:00Z,17.00
2025-12-22T15:20:00Z,16.92
2025-12-22T15:21:00Z,18.41
2025-12-22T15:22:00Z,18.20
2025-12-22T15:23:00Z,16.09
2025-12-22T15:26:00Z,15.93
2025-12-22T15:27:00Z,15.04
2025-12-22T15:35:00Z,15.00
2025-12-22T15:36:00Z,15.00
2025-12-22T15:38:00Z,15.00
2025-12-22T15:39:00Z,15.00
2025-12-22T15:41:00Z,15.00
2025-12-22T15:42:00Z,14.40
2025-12-22T15:43:00Z,15.00
2025-12-22T15:44:00Z,14.00
2025-12-22T15:47:00Z,13.21
2025-12-22T15:50:00Z,14.00
2025-12-22T15:51:00Z,14.00
2025-12-22T15:52:00Z,13.00
2025-12-22T15:53:00Z,13.00
2025-12-22T15:54:00Z,13.63
2025-12-22T15:55:00Z,14.50
2025-12-22T15:56:00Z,15.00
2025-12-22T15:57:00Z,15.72
2025-12-22T15:58:00Z,16.00
2025-12-22T15:59:00Z,16.00
2025-12-22T16:00:00Z,15.00
2025-12-22T16:01:00Z,16.72
2025-12-22T16:03:00Z,17.00
2025-12-22T16:04:00Z,16.82
2025-12-22T16:07:00Z,17.00
2025-12-22T16:09:00Z,18.00
2025-12-22T16:10:00Z,18.87
2025-12-22T16:11:00Z,17.00
2025-12-22T16:13:00Z,18.00
2025-12-22T16:15:00Z,17.02
2025-12-22T16:16:00Z,17.00
2025-12-22T16:18:00Z,18.00
2025-12-22T16:19:00Z,16.99
2025-12-22T16:22:00Z,16.00
2025-12-22T16:23:00Z,17.00
2025-12-22T16:24:00Z,16.00
2025-12-22T16:25:00Z,16.00
2025-12-22T16:28:00Z,15.91
2025-12-22T16:29:00Z,16.00
2025-12-22T16:31:00Z,15.02
2025-12-22T16:33:00Z,16.00
2025-12-22T16:35:00Z,15.71
2025-12-22T16:39:00Z,13.47
2025-12-22T16:40:00Z,14.33
2025-12-22T16:41:00Z,13.00
2025-12-22T16:42:00Z,13.50
2025-12-22T16:45:00Z,14.00
2025-12-22T16:47:00Z,13.33
2025-12-22T16:50:00Z,14.00
2025-12-22T16:51:00Z,13.00
2025-12-22T16:53:00Z,14.73
2025-12-22T16:54:00Z,14.15
2025-12-22T16:55:00Z,14.00
2025-12-22T16:56:00Z,14.00
2025-12-22T16:57:00Z,14.00
2025-12-22T17:03:00Z,14.00
2025-12-22T17:07:00Z,14.00
2025-12-22T17:09:00Z,14.00
2025-12-22T17:10:00Z,13.00
2025-12-22T17:11:00Z,13.00
2025-12-22T17:12:00Z,13.63
2025-12-22T17:13:00Z,13.00
2025-12-22T17:14:00Z,13.00
2025-12-22T17:15:00Z,12.00
2025-12-22T17:18:00Z,13.00
2025-12-22T17:23:00Z,13.00
2025-12-22T17:25:00Z,12.00
2025-12-22T17:26:00Z,12.00
2025-12-22T17:27:00Z,13.00
2025-12-22T17:28:00Z,13.00
2025-12-22T17:29:00Z,13.00
2025-12-22T17:32:00Z,14.34
2025-12-22T17:35:00Z,14.00
2025-12-22T17:38:00Z,15.13
2025-12-22T17:39:00Z,15.00
2025-12-22T17:40:00Z,14.95
2025-12-22T17:41:00Z,15.00
2025-12-22T17:42:00Z,14.00
2025-12-22T17:43:00Z,15.00
2025-12-22T17:44:00Z,14.00
2025-12-22T17:46:00Z,15.00
2025-12-22T17:47:00Z,15.00
2025-12-22T17:48:00Z,14.00
2025-12-22T17:49:00Z,12.02
2025-12-22T17:51:00Z,12.00
2025-12-22T17:55:00Z,14.00
2025-12-22T17:58:00Z,14.00
2025-12-22T18:06:00Z,13.00
2025-12-22T18:07:00Z,12.00
2025-12-22T18:09:00Z,13.00
2025-12-22T18:11:00Z,12.00
2025-12-22T18:12:00Z,13.00
2025-12-22T18:16:00Z,13.00
2025-12-22T18:17:00Z,13.00
2025-12-22T18:19:00Z,13.00
2025-12-22T18:20:00Z,12.79
2025-12-22T18:21:00Z,12.31
2025-12-22T18:23:00Z,13.00
2025-12-22T18:24:00Z,13.00
2025-12-22T18:25:00Z,13.00
2025-12-22T18:26:00Z,12.98
2025-12-22T18:28:00Z,12.00
2025-12-22T18:29:00Z,12.98
2025-12-22T18:31:00Z,12.04
2025-12-22T18:32:00Z,13.00
2025-12-22T18:33:00Z,12.00
2025-12-22T18:35:00Z,12.00
2025-12-22T18:36:00Z,12.02
2025-12-22T18:37:00Z,11.98
2025-12-22T18:38:00Z,11.58
2025-12-22T18:39:00Z,11.98
2025-12-22T18:41:00Z,12.00
2025-12-22T18:42:00Z,13.00
2025-12-22T18:43:00Z,12.00
2025-12-22T18:44:00Z,12.00
2025-12-22T18:45:00Z,12.98
2025-12-22T18:46:00Z,12.31
2025-12-22T18:50:00Z,12.00
2025-12-22T18:51:00Z,12.52
2025-12-22T18:52:00Z,12.00
2025-12-22T18:54:00Z,12.43
2025-12-22T18:56:00Z,12.98
2025-12-22T18:57:00Z,13.00
2025-12-22T18:58:00Z,11.03
2025-12-22T19:01:00Z,12.00
2025-12-22T19:05:00Z,11.00
2025-12-22T19:06:00Z,12.00
2025-12-22T19:07:00Z,12.00
2025-12-22T19:08:00Z,11.15
2025-12-22T19:11:00Z,12.00
2025-12-22T19:16:00Z,12.00
2025-12-22T19:18:00Z,11.00
2025-12-22T19:22:00Z,12.00
2025-12-22T19:26:00Z,11.00
2025-12-22T19:27:00Z,11.00
2025-12-22T19:30:00Z,11.00
2025-12-22T19:31:00Z,11.00
2025-12-22T19:32:00Z,12.00
2025-12-22T19:33:00Z,11.00
2025-12-22T19:39:00Z,10.00
2025-12-22T19:41:00Z,10.00
2025-12-22T19:44:00Z,10.00
2025-12-22T19:45:00Z,9.99
2025-12-22T19:53:00Z,10.00
2025-12-22T19:54:00Z,10.00
2025-12-22T19:55:00Z,9.00
2025-12-22T19:56:00Z,9.39
2025-12-22T19:57:00Z,8.65
2025-12-22T19:58:00Z,10.00
2025-12-22T19:59:00Z,10.00
2025-12-22T20:00:00Z,10.00
2025-12-22T20:02:00Z,9.00
2025-12-22T20:04:00Z,10.00
2025-12-22T20:05:00Z,10.00
2025-12-22T20:06:00Z,10.00
2025-12-22T20:07:00Z,10.00
2025-12-22T20:08:00Z,10.00
2025-12-22T20:09:00Z,10.00
2025-12-22T20:11:00Z,9.99
2025-12-22T20:12:00Z,10.00
2025-12-22T20:14:00Z,10.00
2025-12-22T20:15:00Z,9.00
2025-12-22T20:16:00Z,9.57
2025-12-22T20:17:00Z,8.00
2025-12-22T20:18:00Z,10.00
2025-12-22T20:22:00Z,8.00
2025-12-22T20:25:00Z,8.00
2025-12-22T20:26:00Z,8.00
2025-12-22T20:27:00Z,10.00
2025-12-22T20:31:00Z,10.00
2025-12-22T20:33:00Z,9.66
2025-12-22T20:35:00Z,10.00
2025-12-22T20:38:00Z,9.99
2025-12-22T20:39:00Z,10.00
2025-12-22T20:41:00Z,9.92
2025-12-22T20:44:00Z,9.07
2025-12-22T20:46:00Z,9.40
2025-12-22T20:49:00Z,10.00
2025-12-22T20:55:00Z,9.00
2025-12-22T20:56:00Z,9.00
2025-12-22T21:01:00Z,10.00
2025-12-22T21:02:00Z,10.00
2025-12-22T21:03:00Z,10.00
2025-12-22T21:04:00Z,10.00
2025-12-22T21:05:00Z,10.00
2025-12-22T21:07:00Z,10.00
2025-12-22T21:08:00Z,9.00
2025-12-22T21:11:00Z,10.00
2025-12-22T21:22:00Z,9.23
2025-12-22T21:23:00Z,9.00
2025-12-22T21:25:00Z,9.00
2025-12-22T21:31:00Z,10.00
2025-12-22T21:35:00Z,9.19
2025-12-22T21:37:00Z,10.00
2025-12-22T21:38:00Z,9.75
2025-12-22T21:44:00Z,10.00
2025-12-22T21:46:00Z,10.22
2025-12-22T21:49:00Z,9.00
2025-12-22T21:50:00Z,10.40
2025-12-22T21:52:00Z,10.26
2025-12-22T21:53:00Z,10.00
2025-12-22T21:54:00Z,10.01
2025-12-22T21:55:00Z,9.35
2025-12-22T21:57:00Z,9.00
2025-12-22T22:03:00Z,9.00
2025-12-22T22:05:00Z,10.00
2025-12-22T22:06:00Z,10.00
2025-12-22T22:09:00Z,11.00
2025-12-22T22:10:00Z,10.23
2025-12-22T22:11:00Z,11.00
2025-12-22T22:13:00Z,11.00
2025-12-22T22:15:00Z,10.00
2025-12-22T22:16:00Z,10.00
2025-12-22T22:18:00Z,11.00
2025-12-22T22:19:00Z,11.00
2025-12-22T22:20:00Z,9.58
2025-12-22T22:25:00Z,10.00
2025-12-22T22:27:00Z,10.00
2025-12-22T22:28:00Z,10.00
2025-12-22T22:30:00Z,10.00
2025-12-22T22:32:00Z,10.00
2025-12-22T22:34:00Z,10.00
2025-12-22T22:35:00Z,10.00
2025-12-22T22:36:00Z,10.00
2025-12-22T22:37:00Z,10.00
2025-12-22T22:39:00Z,9.00
2025-12-22T22:40:00Z,10.22
2025-12-22T22:42:00Z,10.00
2025-12-22T22:43:00Z,10.00
2025-12-22T22:49:00Z,11.00
2025-12-22T22:50:00Z,11.00
2025-12-22T22:51:00Z,10.00
2025-12-22T22:54:00Z,11.00
2025-12-22T22:55:00Z,10.98
2025-12-22T22:57:00Z,10.00
2025-12-22T22:59:00Z,10.00
2025-12-22T23:00:00Z,11.20
2025-12-22T23:02:00Z,12.00
2025-12-22T23:03:00Z,12.00
2025-12-22T23:04:00Z,12.00
2025-12-22T23:06:00Z,12.00
2025-12-22T23:07:00Z,11.00
2025-12-22T23:08:00Z,12.00
2025-12-22T23:10:00Z,11.00
2025-12-22T23:12:00Z,10.00
2025-12-22T23:15:00Z,11.00
2025-12-22T23:16:00Z,11.00
2025-12-22T23:17:00Z,11.00
2025-12-22T23:18:00Z,11.00
2025-12-22T23:19:00Z,10.20
2025-12-22T23:20:00Z,11.10
2025-12-22T23:25:00Z,11.95
2025-12-22T23:27:00Z,11.93
2025-12-22T23:29:00Z,11.00
2025-12-22T23:33:00Z,11.00
2025-12-22T23:34:00Z,11.34
2025-12-22T23:35:00Z,11.33
2025-12-22T23:38:00Z,10.00
2025-12-22T23:40:00Z,11.00
2025-12-22T23:41:00Z,11.00
2025-12-22T23:42:00Z,10.00
2025-12-22T23:49:00Z,11.00
2025-12-22T23:51:00Z,10.00
2025-12-22T23:52:00Z,11.00
2025-12-22T23:54:00Z,10.00
2025-12-22T23:55:00Z,11.00
2025-12-22T23:57:00Z,10.00
2025-12-22T23:59:00Z,10.00
2025-12-23T00:00:00Z,11.00
2025-12-23T00:01:00Z,11.00
2025-12-23T00:02:00Z,11.00
2025-12-23T00:03:00Z,10.00
2025-12-23T00:04:00Z,10.00
2025-12-23T00:06:00Z,11.00
2025-12-23T00:13:00Z,10.00
2025-12-23T00:14:00Z,11.00
2025-12-23T00:22:00Z,11.00
2025-12-23T00:23:00Z,10.00
2025-12-23T00:26:00Z,11.00
2025-12-23T00:27:00Z,11.00
2025-12-23T00:29:00Z,10.13
2025-12-23T00:30:00Z,11.00
2025-12-23T00:31:00Z,10.00
2025-12-23T00:33:00Z,10.50
2025-12-23T00:36:00Z,10.98
2025-12-23T00:37:00Z,10.36
2025-12-23T00:39:00Z,11.00
2025-12-23T00:40:00Z,11.00
2025-12-23T00:43:00Z,10.98
2025-12-23T00:44:00Z,10.00
2025-12-23T00:48:00Z,10.00
2025-12-23T00:54:00Z,11.00
2025-12-23T00:56:00Z,10.00
2025-12-23T00:59:00Z,11.00
2025-12-23T01:00:00Z,11.00
2025-12-23T01:02:00Z,10.89
2025-12-23T01:03:00Z,11.00
2025-12-23T01:06:00Z,11.00
2025-12-23T01:07:00Z,10.97
2025-12-23T01:08:00Z,10.00
2025-12-23T01:09:00Z,11.00
2025-12-23T01:11:00Z,11.00
2025-12-23T01:12:00Z,10.00
2025-12-23T01:14:00Z,11.67
2025-12-23T01:15:00Z,11.59
2025-12-23T01:16:00Z,12.00
2025-12-23T01:19:00Z,12.55
2025-12-23T01:20:00Z,12.03
2025-12-23T01:21:00Z,12.00
2025-12-23T01:22:00Z,12.00
2025-12-23T01:23:00Z,12.00
2025-12-23T01:25:00Z,11.35
2025-12-23T01:29:00Z,11.03
2025-12-23T01:30:00Z,11.00
2025-12-23T01:32:00Z,11.00
2025-12-23T01:38:00Z,11.00
2025-12-23T01:39:00Z,12.00
2025-12-23T01:40:00Z,11.00
2025-12-23T01:41:00Z,11.56
2025-12-23T01:42:00Z,11.18
2025-12-23T01:43:00Z,10.00
2025-12-23T01:44:00Z,11.07
2025-12-23T01:46:00Z,10.73
2025-12-23T01:47:00Z,10.00
2025-12-23T01:49:00Z,11.00
2025-12-23T01:54:00Z,10.00
2025-12-23T01:55:00Z,11.00
2025-12-23T01:58:00Z,11.00
2025-12-23T02:04:00Z,11.00
2025-12-23T02:05:00Z,9.36
2025-12-23T02:09:00Z,10.00
2025-12-23T02:10:00Z,10.00
2025-12-23T02:11:00Z,9.00
2025-12-23T02:13:00Z,10.00
2025-12-23T02:14:00Z,10.00
2025-12-23T02:15:00Z,9.00
2025-12-23T02:18:00Z,9.12
2025-12-23T02:21:00Z,10.00
2025-12-23T02:22:00Z,9.00
2025-12-23T02:29:00Z,9.00
2025-12-23T02:31:00Z,10.00
2025-12-23T02:32:00Z,9.00
2025-12-23T02:34:00Z,10.00
2025-12-23T02:36:00Z,10.00
2025-12-23T02:38:00Z,11.00
2025-12-23T02:42:00Z,11.00
2025-12-23T02:43:00Z,10.00
2025-12-23T02:48:00Z,11.00
2025-12-23T02:52:00Z,10.00
2025-12-23T02:54:00Z,11.79
2025-12-23T02:56:00Z,12.00
2025-12-23T02:58:00Z,11.00
2025-12-23T03:02:00Z,10.00
2025-12-23T03:06:00Z,10.40
2025-12-23T03:08:00Z,9.54
2025-12-23T03:09:00Z,8.76
2025-12-23T03:11:00Z,10.00
2025-12-23T03:12:00Z,10.00
2025-12-23T03:16:00Z,10.00
2025-12-23T03:18:00Z,9.00
2025-12-23T03:19:00Z,9.00
2025-12-23T03:20:00Z,10.00
2025-12-23T03:21:00Z,9.00
2025-12-23T03:24:00Z,10.00
2025-12-23T03:25:00Z,9.00
2025-12-23T03:26:00Z,9.00
2025-12-23T03:27:00Z,10.32
2025-12-23T03:29:00Z,10.00
2025-12-23T03:30:00Z,11.00
2025-12-23T03:31:00Z,10.04
2025-12-23T03:32:00Z,10.00
2025-12-23T03:34:00Z,11.00
2025-12-23T03:38:00Z,10.00
2025-12-23T03:43:00Z,10.88
2025-12-23T03:49:00Z,11.00
2025-12-23T03:50:00Z,11.00
2025-12-23T03:51:00Z,11.00
2025-12-23T03:52:00Z,10.03
2025-12-23T03:59:00Z,10.00
2025-12-23T04:00:00Z,11.00
2025-12-23T04:01:00Z,10.00
2025-12-23T04:02:00Z,11.00
2025-12-23T04:04:00Z,10.00
2025-12-23T04:07:00Z,10.18
2025-12-23T04:08:00Z,11.00
2025-12-23T04:09:00Z,11.00
2025-12-23T04:13:00Z,10.00
2025-12-23T04:14:00Z,10.00
2025-12-23T04:15:00Z,11.00
2025-12-23T04:16:00Z,11.00
2025-12-23T04:18:00Z,10.00
2025-12-23T04:28:00Z,10.00
2025-12-23T04:29:00Z,11.00
2025-12-23T04:30:00Z,11.00
2025-12-23T04:38:00Z,11.00
2025-12-23T04:39:00Z,11.20
2025-12-23T04:41:00Z,11.00
2025-12-23T04:44:00Z,12.00
2025-12-23T04:45:00Z,12.00
2025-12-23T04:47:00Z,11.00
2025-12-23T04:48:00Z,11.00
2025-12-23T04:49:00Z,11.88
2025-12-23T04:50:00Z,12.00
2025-12-23T04:54:00Z,11.00
2025-12-23T04:56:00Z,12.00
2025-12-23T04:57:00Z,12.00
2025-12-23T04:59:00Z,12.00
2025-12-23T05:00:00Z,12.00
2025-12-23T05:01:00Z,11.00
2025-12-23T05:07:00Z,8.98
2025-12-23T05:09:00Z,9.40
2025-12-23T05:10:00Z,9.00
2025-12-23T05:11:00Z,9.00
2025-12-23T05:18:00Z,9.00
2025-12-23T05:19:00Z,9.00
2025-12-23T05:23:00Z,9.29
2025-12-23T05:24:00Z,10.00
2025-12-23T05:25:00Z,9.00
2025-12-23T05:26:00Z,10.16
2025-12-23T05:27:00Z,9.00
2025-12-23T05:28:00Z,10.00
2025-12-23T05:30:00Z,9.00
2025-12-23T05:32:00Z,10.00
2025-12-23T05:33:00Z,9.00
2025-12-23T05:34:00Z,10.00
2025-12-23T05:39:00Z,10.00
2025-12-23T05:40:00Z,10.48
2025-12-23T05:41:00Z,10.99
2025-12-23T05:44:00Z,11.14
2025-12-23T05:47:00Z,11.68
2025-12-23T05:48:00Z,11.00
2025-12-23T05:51:00Z,10.00
2025-12-23T05:52:00Z,11.11
2025-12-23T05:54:00Z,10.00
2025-12-23T05:57:00Z,11.32
2025-12-23T05:58:00Z,11.00
2025-12-23T05:59:00Z,11.98
2025-12-23T06:02:00Z,10.00
2025-12-23T06:05:00Z,11.00
2025-12-23T06:09:00Z,10.00
2025-12-23T06:10:00Z,11.00
2025-12-23T06:11:00Z,11.49
2025-12-23T06:12:00Z,11.00
2025-12-23T06:13:00Z,11.00
2025-12-23T06:14:00Z,12.00
2025-12-23T06:15:00Z,11.00
2025-12-23T06:17:00Z,11.00
2025-12-23T06:19:00Z,11.00
2025-12-23T06:20:00Z,10.00
2025-12-23T06:25:00Z,10.00
2025-12-23T06:27:00Z,9.00
2025-12-23T06:28:00Z,9.00
2025-12-23T06:36:00Z,10.00
2025-12-23T06:37:00Z,9.00
2025-12-23T06:40:00Z,9.00
2025-12-23T06:41:00Z,9.00
2025-12-23T06:43:00Z,9.00
2025-12-23T06:45:00Z,8.01
2025-12-23T06:47:00Z,8.00
2025-12-23T06:48:00Z,8.00
2025-12-23T06:49:00Z,9.00
2025-12-23T06:50:00Z,8.00
2025-12-23T06:52:00Z,9.00
2025-12-23T06:56:00Z,9.00
2025-12-23T06:58:00Z,9.00
2025-12-23T07:00:00Z,8.00
2025-12-23T07:03:00Z,9.00
2025-12-23T07:05:00Z,8.00
2025-12-23T07:07:00Z,8.00
2025-12-23T07:08:00Z,8.00
2025-12-23T07:13:00Z,9.00
2025-12-23T07:19:00Z,9.00
2025-12-23T07:20:00Z,8.50
2025-12-23T07:23:00Z,9.00
2025-12-23T07:24:00Z,9.00
2025-12-23T07:27:00Z,8.00
2025-12-23T07:33:00Z,8.95
2025-12-23T07:35:00Z,8.00
2025-12-23T07:36:00Z,9.00
2025-12-23T07:51:00Z,9.00
2025-12-23T07:53:00Z,8.00
2025-12-23T07:54:00Z,8.00
2025-12-23T07:55:00Z,8.00
2025-12-23T07:56:00Z,9.00
2025-12-23T07:58:00Z,8.00
2025-12-23T07:59:00Z,9.00
2025-12-23T08:13:00Z,8.00
2025-12-23T08:16:00Z,9.00
2025-12-23T08:21:00Z,9.00
2025-12-23T08:30:00Z,8.00
2025-12-23T08:31:00Z,9.00
2025-12-23T08:32:00Z,9.00
2025-12-23T08:34:00Z,8.00
2025-12-23T08:35:00Z,8.99
2025-12-23T08:39:00Z,9.00
2025-12-23T08:43:00Z,9.00
2025-12-23T08:44:00Z,9.00
2025-12-23T08:45:00Z,9.00
2025-12-23T08:46:00Z,8.00
2025-12-23T08:50:00Z,9.00
2025-12-23T08:51:00Z,9.00
2025-12-23T08:54:00Z,8.00
2025-12-23T09:00:00Z,8.00
2025-12-23T09:09:00Z,8.00
2025-12-23T09:12:00Z,8.00
2025-12-23T09:15:00Z,9.00
2025-12-23T09:19:00Z,9.00
2025-12-23T09:22:00Z,6.81
2025-12-23T09:23:00Z,8.00
2025-12-23T09:24:00Z,8.00
2025-12-23T09:25:00Z,7.00
2025-12-23T09:27:00Z,6.00
2025-12-23T09:28:00Z,7.00
2025-12-23T09:29:00Z,6.00
2025-12-23T09:32:00Z,6.00
2025-12-23T09:36:00Z,7.00
2025-12-23T09:38:00Z,7.00
2025-12-23T09:41:00Z,6.00
2025-12-23T09:43:00Z,7.00
2025-12-23T09:56:00Z,6.00
2025-12-23T09:58:00Z,6.98
2025-12-23T10:01:00Z,7.00
2025-12-23T10:04:00Z,7.00
2025-12-23T10:12:00Z,7.00
2025-12-23T10:15:00Z,6.00
2025-12-23T10:16:00Z,6.00
2025-12-23T10:18:00Z,6.00
2025-12-23T10:21:00Z,7.85
2025-12-23T10:23:00Z,8.00
2025-12-23T10:32:00Z,9.00
2025-12-23T10:33:00Z,7.00
2025-12-23T10:40:00Z,7.00
2025-12-23T10:41:00Z,9.00
2025-12-23T10:46:00Z,7.00
2025-12-23T10:53:00Z,7.00
2025-12-23T10:59:00Z,8.00
2025-12-23T11:02:00Z,8.43
2025-12-23T11:06:00Z,9.00
2025-12-23T11:16:00Z,9.00
2025-12-23T11:23:00Z,8.00
2025-12-23T11:30:00Z,8.60
2025-12-23T11:31:00Z,9.00
2025-12-23T11:32:00Z,9.00
2025-12-23T11:34:00Z,9.00
2025-12-23T11:37:00Z,8.00
2025-12-23T11:38:00Z,9.00
2025-12-23T11:39:00Z,9.00
2025-12-23T11:41:00Z,9.23
2025-12-23T11:45:00Z,10.00
2025-12-23T12:06:00Z,9.03
2025-12-23T12:08:00Z,10.00
2025-12-23T12:11:00Z,9.00
2025-12-23T12:12:00Z,9.00
2025-12-23T12:13:00Z,10.00
2025-12-23T12:14:00Z,9.00
2025-12-23T12:17:00Z,9.00
2025-12-23T12:18:00Z,10.00
2025-12-23T12:23:00Z,10.00
2025-12-23T12:25:00Z,9.00
2025-12-23T12:28:00Z,10.00
2025-12-23T12:30:00Z,9.00
2025-12-23T12:32:00Z,10.00
2025-12-23T12:33:00Z,10.00
2025-12-23T12:34:00Z,10.00
2025-12-23T12:39:00Z,9.00
2025-12-23T12:40:00Z,10.00
2025-12-23T12:41:00Z,10.04
2025-12-23T12:42:00Z,10.00
2025-12-23T12:46:00Z,10.00
2025-12-23T12:47:00Z,11.00
2025-12-23T12:49:00Z,10.00
2025-12-23T12:50:00Z,11.00
2025-12-23T12:51:00Z,10.00
2025-12-23T12:53:00Z,10.00
2025-12-23T12:55:00Z,11.00
2025-12-23T12:57:00Z,11.00
2025-12-23T12:58:00Z,10.00
2025-12-23T13:02:00Z,11.00
2025-12-23T13:09:00Z,10.00
2025-12-23T13:12:00Z,11.00
2025-12-23T13:14:00Z,9.00
2025-12-23T13:15:00Z,10.00
2025-12-23T13:17:00Z,10.00
2025-12-23T13:24:00Z,9.00
2025-12-23T13:28:00Z,10.00
2025-12-23T13:31:00Z,10.00
2025-12-23T13:37:00Z,8.55
2025-12-23T13:38:00Z,7.11
2025-12-23T13:39:00Z,9.00
2025-12-23T13:40:00Z,9.00
2025-12-23T13:41:00Z,9.00
2025-12-23T13:43:00Z,8.99
2025-12-23T13:46:00Z,9.00
2025-12-23T13:50:00Z,9.00
2025-12-23T13:52:00Z,8.00
2025-12-23T13:54:00Z,8.00
2025-12-23T14:01:00Z,8.00
2025-12-23T14:05:00Z,8.00
2025-12-23T14:08:00Z,8.00
2025-12-23T14:09:00Z,8.00
2025-12-23T14:19:00Z,8.00
2025-12-23T14:23:00Z,7.00
2025-12-23T14:29:00Z,7.00
2025-12-23T14:32:00Z,8.00
2025-12-23T14:37:00Z,7.00
2025-12-23T14:41:00Z,7.37
2025-12-23T14:49:00Z,7.96
2025-12-23T14:51:00Z,7.00
2025-12-23T14:54:00Z,7.19
2025-12-23T14:55:00Z,6.15
2025-12-23T14:56:00Z,7.00
2025-12-23T14:57:00Z,7.00
2025-12-23T14:59:00Z,6.00
2025-12-23T15:02:00Z,6.18
2025-12-23T15:05:00Z,8.00
2025-12-23T15:09:00Z,6.99
2025-12-23T15:10:00Z,7.71
2025-12-23T15:14:00Z,6.00
2025-12-23T15:16:00Z,7.99
2025-12-23T15:18:00Z,8.00
2025-12-23T15:19:00Z,8.00
2025-12-23T15:20:00Z,7.00
2025-12-23T15:23:00Z,7.00
2025-12-23T15:25:00Z,7.61
2025-12-23T15:33:00Z,6.00
2025-12-23T15:34:00Z,8.00
2025-12-23T15:35:00Z,8.00
2025-12-23T15:39:00Z,8.00
2025-12-23T15:40:00Z,8.00
2025-12-23T15:41:00Z,8.00
2025-12-23T15:42:00Z,8.00
2025-12-23T15:43:00Z,8.00
2025-12-23T15:44:00Z,8.00
2025-12-23T15:46:00Z,8.00
2025-12-23T15:48:00Z,8.00
2025-12-23T15:49:00Z,9.20
2025-12-23T15:51:00Z,10.00
2025-12-23T15:52:00Z,10.00
2025-12-23T15:53:00Z,9.05
2025-12-23T15:54:00Z,9.00
2025-12-23T15:56:00Z,9.00
2025-12-23T15:57:00Z,8.00
2025-12-23T15:58:00Z,8.00
2025-12-23T16:00:00Z,8.00
2025-12-23T16:01:00Z,9.00
2025-12-23T16:02:00Z,9.00
2025-12-23T16:03:00Z,9.00
2025-12-23T16:04:00Z,8.00
2025-12-23T16:05:00Z,9.00
2025-12-23T16:10:00Z,9.00
2025-12-23T16:13:00Z,8.00
2025-12-23T16:19:00Z,9.00
2025-12-23T16:20:00Z,9.00
2025-12-23T16:21:00Z,10.00
2025-12-23T16:22:00Z,8.93
2025-12-23T16:23:00Z,10.00
2025-12-23T16:24:00Z,8.99
2025-12-23T16:28:00Z,9.00
2025-12-23T16:30:00Z,8.00
2025-12-23T16:31:00Z,9.98
2025-12-23T16:32:00Z,9.23
2025-12-23T16:35:00Z,9.00
2025-12-23T16:36:00Z,8.65
2025-12-23T16:37:00Z,8.21
2025-12-23T16:38:00Z,9.00
2025-12-23T16:39:00Z,9.00
2025-12-23T16:42:00Z,9.00
2025-12-23T16:43:00Z,8.00
2025-12-23T16:46:00Z,9.00
2025-12-23T16:48:00Z,9.00
2025-12-23T16:49:00Z,8.00
2025-12-23T16:52:00Z,8.00
2025-12-23T16:53:00Z,8.00
2025-12-23T16:54:00Z,9.00
2025-12-23T16:55:00Z,9.00
2025-12-23T16:56:00Z,8.07
2025-12-23T16:59:00Z,8.00
2025-12-23T17:03:00Z,8.00
2025-12-23T17:04:00Z,8.00
2025-12-23T17:05:00Z,9.00
2025-12-23T17:06:00Z,8.99
2025-12-23T17:11:00Z,9.00
2025-12-23T17:13:00Z,8.00
2025-12-23T17:14:00Z,8.77
2025-12-23T17:15:00Z,8.83
2025-12-23T17:19:00Z,9.00
2025-12-23T17:21:00Z,8.00
2025-12-23T17:23:00Z,9.00
2025-12-23T17:24:00Z,8.00
2025-12-23T17:28:00Z,8.00
2025-12-23T17:33:00Z,9.00
2025-12-23T17:38:00Z,9.00
2025-12-23T17:40:00Z,9.00
2025-12-23T17:41:00Z,8.14
2025-12-23T17:44:00Z,8.00
2025-12-23T17:46:00Z,9.00
2025-12-23T17:47:00Z,8.00
2025-12-23T17:48:00Z,9.00
2025-12-23T17:53:00Z,9.00
2025-12-23T17:54:00Z,9.00
2025-12-23T17:58:00Z,8.00
2025-12-23T17:59:00Z,8.52
2025-12-23T18:00:00Z,8.11
2025-12-23T18:01:00Z,9.00
2025-12-23T18:02:00Z,9.00
2025-12-23T18:03:00Z,8.00
2025-12-23T18:04:00Z,8.00
2025-12-23T18:06:00Z,8.00
2025-12-23T18:07:00Z,8.00
2025-12-23T18:10:00Z,8.00
2025-12-23T18:12:00Z,8.00
2025-12-23T18:15:00Z,8.00
2025-12-23T18:17:00Z,9.00
2025-12-23T18:18:00Z,8.00
2025-12-23T18:21:00Z,8.00
2025-12-23T18:22:00Z,8.00
2025-12-23T18:23:00Z,8.00
2025-12-23T18:24:00Z,8.00
2025-12-23T18:30:00Z,9.00
2025-12-23T18:32:00Z,8.81
2025-12-23T18:34:00Z,9.00
2025-12-23T18:39:00Z,8.25
2025-12-23T18:40:00Z,9.00
2025-12-23T18:43:00Z,9.00
2025-12-23T18:44:00Z,9.00
2025-12-23T18:48:00Z,8.00
2025-12-23T18:51:00Z,9.00
2025-12-23T18:54:00Z,9.00
2025-12-23T18:57:00Z,8.00
2025-12-23T18:59:00Z,8.15
2025-12-23T19:04:00Z,8.00
2025-12-23T19:05:00Z,8.00
2025-12-23T19:06:00Z,8.00
2025-12-23T19:13:00Z,9.00
2025-12-23T19:17:00Z,8.00
2025-12-23T19:18:00Z,8.32
2025-12-23T19:19:00Z,9.00
2025-12-23T19:21:00Z,8.00
2025-12-23T19:26:00Z,8.00
2025-12-23T19:27:00Z,8.00
2025-12-23T19:30:00Z,8.00
2025-12-23T19:37:00Z,9.00
2025-12-23T19:38:00Z,8.00
2025-12-23T19:39:00Z,9.00
2025-12-23T19:41:00Z,8.00
2025-12-23T19:42:00Z,9.00
2025-12-23T19:44:00Z,9.00
2025-12-23T19:48:00Z,7.18
2025-12-23T19:49:00Z,7.99
2025-12-23T19:51:00Z,7.19
2025-12-23T19:52:00Z,8.00
2025-12-23T19:54:00Z,8.00
2025-12-23T19:57:00Z,7.00
2025-12-23T20:03:00Z,7.00
2025-12-23T20:05:00Z,8.00
2025-12-23T20:07:00Z,7.93
2025-12-23T20:08:00Z,6.00
2025-12-23T20:12:00Z,7.46
2025-12-23T20:14:00Z,8.00
2025-12-23T20:17:00Z,8.00
2025-12-23T20:19:00Z,8.00
2025-12-23T20:20:00Z,8.00
2025-12-23T20:21:00Z,7.00
2025-12-23T20:23:00Z,7.00
2025-12-23T20:24:00Z,6.00
2025-12-23T20:25:00Z,7.10
2025-12-23T20:27:00Z,8.00
2025-12-23T20:28:00Z,8.00
2025-12-23T20:29:00Z,8.00
2025-12-23T20:30:00Z,8.00
2025-12-23T20:31:00Z,8.00
2025-12-23T20:32:00Z,8.00
2025-12-23T20:34:00Z,6.00
2025-12-23T20:37:00Z,8.00
2025-12-23T20:42:00Z,8.00
2025-12-23T20:43:00Z,6.00
2025-12-23T20:44:00Z,8.00
2025-12-23T20:47:00Z,7.85
2025-12-23T20:48:00Z,8.00
2025-12-23T20:55:00Z,8.00
2025-12-23T20:58:00Z,7.99
2025-12-23T20:59:00Z,6.00
2025-12-23T21:00:00Z,7.36
2025-12-23T21:01:00Z,8.00
2025-12-23T21:02:00Z,6.28
2025-12-23T21:03:00Z,7.00
2025-12-23T21:04:00Z,7.00
2025-12-23T21:05:00Z,7.00
2025-12-23T21:06:00Z,7.00
2025-12-23T21:10:00Z,6.98
2025-12-23T21:12:00Z,7.00
2025-12-23T21:13:00Z,7.00
2025-12-23T21:14:00Z,6.03
2025-12-23T21:20:00Z,7.00
2025-12-23T21:21:00Z,7.00
2025-12-23T21:23:00Z,7.00
2025-12-23T21:31:00Z,6.00
2025-12-23T21:37:00Z,7.00
2025-12-23T21:38:00Z,7.00
2025-12-23T21:41:00Z,6.00
2025-12-23T21:42:00Z,6.86
2025-12-23T21:43:00Z,7.00
2025-12-23T21:44:00Z,7.00
2025-12-23T21:45:00Z,7.00
2025-12-23T21:46:00Z,6.91
2025-12-23T21:47:00Z,7.00
2025-12-23T21:48:00Z,7.60
2025-12-23T21:50:00Z,8.00
2025-12-23T21:52:00Z,7.00
2025-12-23T21:55:00Z,7.00
2025-12-23T21:58:00Z,6.00
2025-12-23T22:04:00Z,6.00
2025-12-23T22:05:00Z,6.35
2025-12-23T22:06:00Z,7.00
2025-12-23T22:07:00Z,7.00
2025-12-23T22:10:00Z,7.00
2025-12-23T22:12:00Z,8.00
2025-12-23T22:17:00Z,7.00
2025-12-23T22:18:00Z,8.00
2025-12-23T22:19:00Z,8.00
2025-12-23T22:20:00Z,8.00
2025-12-23T22:28:00Z,8.00
2025-12-23T22:31:00Z,7.22
2025-12-23T22:33:00Z,8.00
2025-12-23T22:35:00Z,7.00
2025-12-23T22:36:00Z,7.00
2025-12-23T22:39:00Z,8.00
2025-12-23T22:40:00Z,8.00
2025-12-23T22:41:00Z,7.00
2025-12-23T22:43:00Z,6.00
2025-12-23T22:47:00Z,8.00
2025-12-23T22:48:00Z,8.00
2025-12-23T22:49:00Z,8.00
2025-12-23T22:50:00Z,7.00
2025-12-23T22:51:00Z,7.14
2025-12-23T22:53:00Z,7.00
2025-12-23T22:56:00Z,7.00
2025-12-23T22:57:00Z,8.00
2025-12-23T22:59:00Z,8.00
2025-12-23T23:03:00Z,6.00
2025-12-23T23:05:00Z,6.00
2025-12-23T23:06:00Z,7.00
2025-12-23T23:07:00Z,7.00
2025-12-23T23:09:00Z,6.00
2025-12-23T23:13:00Z,7.00
2025-12-23T23:14:00Z,6.00
2025-12-23T23:15:00Z,6.01
2025-12-23T23:17:00Z,7.00
2025-12-23T23:19:00Z,6.00
2025-12-23T23:20:00Z,6.00
2025-12-23T23:21:00Z,6.00
2025-12-23T23:24:00Z,6.70
2025-12-23T23:25:00Z,7.00
2025-12-23T23:26:00Z,6.42
2025-12-23T23:31:00Z,7.00
2025-12-23T23:34:00Z,7.00
2025-12-23T23:35:00Z,7.00
2025-12-23T23:36:00Z,6.00
2025-12-23T23:37:00Z,6.00
2025-12-23T23:39:00Z,7.00
2025-12-23T23:45:00Z,6.00
2025-12-23T23:50:00Z,7.00
2025-12-23T23:54:00Z,7.00
2025-12-24T00:02:00Z,7.00
2025-12-24T00:03:00Z,7.00
2025-12-24T00:04:00Z,7.00
2025-12-24T00:06:00Z,7.00
2025-12-24T00:11:00Z,7.00
2025-12-24T00:12:00Z,7.00
2025-12-24T00:17:00Z,7.00
2025-12-24T00:27:00Z,7.00
2025-12-24T00:37:00Z,6.00
2025-12-24T00:41:00Z,7.00
2025-12-24T00:45:00Z,7.00
2025-12-24T00:47:00Z,6.98
2025-12-24T00:49:00Z,6.00
2025-12-24T00:52:00Z,7.00
2025-12-24T00:56:00Z,7.00
2025-12-24T00:57:00Z,7.00
2025-12-24T01:01:00Z,6.00
2025-12-24T01:02:00Z,6.00
2025-12-24T01:05:00Z,7.00
2025-12-24T01:06:00Z,7.00
2025-12-24T01:14:00Z,7.00
2025-12-24T01:16:00Z,7.00
2025-12-24T01:22:00Z,6.00
2025-12-24T01:29:00Z,7.00
2025-12-24T01:31:00Z,6.07
2025-12-24T01:40:00Z,6.10
2025-12-24T01:41:00Z,6.00
2025-12-24T01:44:00Z,6.00
2025-12-24T01:48:00Z,7.00
2025-12-24T01:53:00Z,7.00
2025-12-24T01:56:00Z,6.00
2025-12-24T02:02:00Z,7.00
2025-12-24T02:03:00Z,6.02
2025-12-24T02:04:00Z,6.00
2025-12-24T02:05:00Z,7.00
2025-12-24T02:07:00Z,7.00
2025-12-24T02:11:00Z,6.00
2025-12-24T02:12:00Z,7.00
2025-12-24T02:14:00Z,6.97
2025-12-24T02:15:00Z,7.00
2025-12-24T02:16:00Z,6.00
2025-12-24T02:18:00Z,7.00
2025-12-24T02:20:00Z,6.00
2025-12-24T02:21:00Z,7.00
2025-12-24T02:22:00Z,7.00
2025-12-24T02:25:00Z,7.00
2025-12-24T02:28:00Z,6.00
2025-12-24T02:29:00Z,7.00
2025-12-24T02:31:00Z,6.00
2025-12-24T02:35:00Z,7.00
2025-12-24T02:36:00Z,7.00
2025-12-24T02:39:00Z,7.00
2025-12-24T02:41:00Z,6.43
2025-12-24T02:42:00Z,7.00
2025-12-24T02:44:00Z,7.00
2025-12-24T02:45:00Z,6.00
2025-12-24T02:46:00Z,7.00
2025-12-24T02:48:00Z,6.00
2025-12-24T02:51:00Z,7.00
2025-12-24T02:54:00Z,6.00
2025-12-24T02:55:00Z,7.00
2025-12-24T02:57:00Z,6.00
2025-12-24T02:58:00Z,6.00
2025-12-24T02:59:00Z,6.00
2025-12-24T03:00:00Z,6.00
2025-12-24T03:01:00Z,7.00
2025-12-24T03:03:00Z,5.00
2025-12-24T03:04:00Z,6.00
2025-12-24T03:05:00Z,6.00
2025-12-24T03:10:00Z,6.00
2025-12-24T03:11:00Z,5.00
2025-12-24T03:15:00Z,5.39
2025-12-24T03:19:00Z,6.00
2025-12-24T03:23:00Z,6.00
2025-12-24T03:25:00Z,6.00
2025-12-24T03:26:00Z,5.00
2025-12-24T03:29:00Z,5.00
2025-12-24T03:34:00Z,6.00
2025-12-24T03:36:00Z,6.00
2025-12-24T03:39:00Z,5.00
2025-12-24T03:48:00Z,5.00
2025-12-24T03:50:00Z,6.00
2025-12-24T03:51:00Z,6.00
2025-12-24T03:52:00Z,5.98
2025-12-24T03:54:00Z,5.00
2025-12-24T03:57:00Z,6.00
2025-12-24T03:58:00Z,6.00
2025-12-24T04:01:00Z,6.00
2025-12-24T04:08:00Z,6.00
2025-12-24T04:12:00Z,5.64
2025-12-24T04:13:00Z,7.00
2025-12-24T04:17:00Z,7.00
2025-12-24T04:19:00Z,7.00
2025-12-24T04:21:00Z,7.00
2025-12-24T04:23:00Z,7.00
2025-12-24T04:25:00Z,7.00
2025-12-24T04:29:00Z,6.00
2025-12-24T04:32:00Z,6.00
2025-12-24T04:34:00Z,6.00
2025-12-24T04:43:00Z,7.00
2025-12-24T04:45:00Z,6.00
2025-12-24T04:50:00Z,7.00
2025-12-24T04:56:00Z,7.00
2025-12-24T05:01:00Z,6.00
2025-12-24T05:08:00Z,7.00
2025-12-24T05:20:00Z,6.00
2025-12-24T05:21:00Z,7.00
2025-12-24T05:26:00Z,6.50
2025-12-24T05:28:00Z,7.00
2025-12-24T05:29:00Z,7.00
2025-12-24T05:30:00Z,7.00
2025-12-24T05:36:00Z,6.00
2025-12-24T05:37:00Z,6.00
2025-12-24T05:38:00Z,5.00
2025-12-24T05:39:00Z,5.00
2025-12-24T05:40:00Z,5.00
2025-12-24T05:44:00Z,5.00
2025-12-24T05:48:00Z,6.00
2025-12-24T05:49:00Z,6.00
2025-12-24T05:54:00Z,6.00
2025-12-24T05:56:00Z,6.00
2025-12-24T05:57:00Z,5.00
2025-12-24T05:59:00Z,5.00
2025-12-24T06:00:00Z,6.00
2025-12-24T06:06:00Z,5.00
2025-12-24T06:07:00Z,6.00
2025-12-24T06:09:00Z,6.00
2025-12-24T06:12:00Z,5.00
2025-12-24T06:23:00Z,5.00
2025-12-24T06:24:00Z,5.00
2025-12-24T06:25:00Z,5.00
2025-12-24T06:26:00Z,6.00
2025-12-24T06:32:00Z,5.00
2025-12-24T06:35:00Z,6.00
2025-12-24T06:40:00Z,5.00
2025-12-24T06:42:00Z,5.00
2025-12-24T06:43:00Z,5.00
2025-12-24T06:49:00Z,5.13
2025-12-24T06:50:00Z,6.00
2025-12-24T06:52:00Z,6.00
2025-12-24T06:53:00Z,5.96
2025-12-24T06:55:00Z,5.09
2025-12-24T06:56:00Z,6.00
2025-12-24T07:00:00Z,6.00
2025-12-24T07:01:00Z,5.00
2025-12-24T07:03:00Z,5.00
2025-12-24T07:07:00Z,5.95
2025-12-24T07:10:00Z,6.00
2025-12-24T07:13:00Z,6.00
2025-12-24T07:15:00Z,5.94
2025-12-24T07:17:00Z,5.00
2025-12-24T07:19:00Z,6.00
2025-12-24T07:21:00Z,6.00
2025-12-24T07:25:00Z,5.00
2025-12-24T07:33:00Z,6.00
2025-12-24T07:38:00Z,5.00
2025-12-24T07:40:00Z,5.00
2025-12-24T07:41:00Z,6.00
2025-12-24T07:45:00Z,5.00
2025-12-24T07:46:00Z,6.00
2025-12-24T07:47:00Z,5.00
2025-12-24T07:51:00Z,5.96
2025-12-24T07:53:00Z,6.00
2025-12-24T07:55:00Z,6.00
2025-12-24T08:05:00Z,5.00
2025-12-24T08:07:00Z,5.00
2025-12-24T08:14:00Z,6.00
2025-12-24T08:17:00Z,5.00
2025-12-24T08:31:00Z,6.00
2025-12-24T08:33:00Z,6.00
2025-12-24T08:34:00Z,6.00
2025-12-24T08:35:00Z,6.00
2025-12-24T08:41:00Z,5.00
2025-12-24T08:42:00Z,5.00
2025-12-24T08:45:00Z,4.00
2025-12-24T08:47:00Z,5.00
2025-12-24T08:50:00Z,4.00
2025-12-24T08:53:00Z,4.00
2025-12-24T08:56:00Z,5.00
2025-12-24T08:57:00Z,5.00
2025-12-24T09:12:00Z,5.00
2025-12-24T09:20:00Z,5.00
2025-12-24T09:30:00Z,4.00
2025-12-24T09:33:00Z,5.00
2025-12-24T09:46:00Z,5.00
2025-12-24T10:01:00Z,4.00
2025-12-24T10:04:00Z,5.00
2025-12-24T10:08:00Z,5.00
2025-12-24T10:16:00Z,5.99
2025-12-24T10:17:00Z,5.26
2025-12-24T10:18:00Z,5.00
2025-12-24T10:19:00Z,4.99
2025-12-24T10:20:00Z,4.90
2025-12-24T10:21:00Z,5.00
2025-12-24T10:23:00Z,5.00
2025-12-24T10:27:00Z,4.00
2025-12-24T10:35:00Z,5.00
2025-12-24T10:39:00Z,5.00
2025-12-24T10:41:00Z,4.00
2025-12-24T10:46:00Z,4.00
2025-12-24T11:02:00Z,4.00
2025-12-24T11:04:00Z,5.00
2025-12-24T11:06:00Z,5.00
2025-12-24T11:08:00Z,5.00
2025-12-24T11:16:00Z,5.00
2025-12-24T11:20:00Z,5.00
2025-12-24T11:21:00Z,4.00
2025-12-24T11:22:00Z,5.00
2025-12-24T11:23:00Z,4.00
2025-12-24T11:24:00Z,5.00
2025-12-24T11:26:00Z,4.00
2025-12-24T11:28:00Z,5.00
2025-12-24T11:33:00Z,5.00
2025-12-24T11:35:00Z,5.00
2025-12-24T11:37:00Z,5.00
2025-12-24T11:40:00Z,5.00
2025-12-24T11:42:00Z,4.00
2025-12-24T11:48:00Z,5.00
2025-12-24T11:56:00Z,5.00
2025-12-24T12:04:00Z,5.00
2025-12-24T12:07:00Z,4.00
2025-12-24T12:09:00Z,5.00
2025-12-24T12:10:00Z,4.64
2025-12-24T12:13:00Z,4.18
2025-12-24T12:17:00Z,6.00
2025-12-24T12:21:00Z,5.00
2025-12-24T12:28:00Z,5.00
2025-12-24T12:31:00Z,6.00
2025-12-24T12:32:00Z,5.00
2025-12-24T12:35:00Z,6.00
2025-12-24T12:36:00Z,5.00
2025-12-24T12:38:00Z,6.00
2025-12-24T12:39:00Z,5.00
2025-12-24T12:40:00Z,5.00
2025-12-24T12:41:00Z,5.00
2025-12-24T12:42:00Z,5.98
2025-12-24T12:46:00Z,6.00
2025-12-24T12:47:00Z,6.00
2025-12-24T12:48:00Z,6.05
2025-12-24T12:55:00Z,6.00
2025-12-24T12:58:00Z,6.64
2025-12-24T13:00:00Z,6.98
2025-12-24T13:03:00Z,7.00
2025-12-24T13:04:00Z,6.00
2025-12-24T13:15:00Z,5.00
2025-12-24T13:19:00Z,5.00
2025-12-24T13:24:00Z,6.00
2025-12-24T13:25:00Z,5.00
2025-12-24T13:26:00Z,5.99
2025-12-24T13:29:00Z,5.08
2025-12-24T13:30:00Z,5.04
2025-12-24T13:32:00Z,5.00
2025-12-24T13:33:00Z,4.00
2025-12-24T13:36:00Z,4.00
2025-12-24T13:40:00Z,4.00
2025-12-24T13:45:00Z,6.00
2025-12-24T13:46:00Z,6.00
2025-12-24T13:58:00Z,4.00
2025-12-24T14:07:00Z,4.00
2025-12-24T14:08:00Z,5.00
2025-12-24T14:10:00Z,4.00
2025-12-24T14:11:00Z,5.00
2025-12-24T14:12:00Z,4.00
2025-12-24T14:14:00Z,5.00
2025-12-24T14:15:00Z,5.00
2025-12-24T14:16:00Z,4.00
2025-12-24T14:17:00Z,4.00
2025-12-24T14:19:00Z,5.00
2025-12-24T14:21:00Z,5.00
2025-12-24T14:24:00Z,5.00
2025-12-24T14:26:00Z,4.00
2025-12-24T14:34:00Z,5.00
2025-12-24T14:35:00Z,4.00
2025-12-24T14:36:00Z,5.00
2025-12-24T14:38:00Z,4.99
2025-12-24T14:40:00Z,4.72
2025-12-24T14:41:00Z,5.00
2025-12-24T14:43:00Z,4.00
2025-12-24T14:44:00Z,5.00
2025-12-24T14:45:00Z,5.71
2025-12-24T14:46:00Z,5.00
2025-12-24T14:48:00Z,5.00
2025-12-24T14:49:00Z,5.49
2025-12-24T14:53:00Z,5.00
2025-12-24T14:58:00Z,5.00
2025-12-24T14:59:00Z,5.00
2025-12-24T15:01:00Z,5.00
2025-12-24T15:04:00Z,5.00
2025-12-24T15:05:00Z,5.00
2025-12-24T15:07:00Z,4.29
2025-12-24T15:10:00Z,5.00
2025-12-24T15:11:00Z,4.82
2025-12-24T15:13:00Z,5.00
2025-12-24T15:14:00Z,5.00
2025-12-24T15:15:00Z,5.00
2025-12-24T15:16:00Z,4.90
2025-12-24T15:17:00Z,5.00
2025-12-24T15:18:00Z,5.00
2025-12-24T15:22:00Z,5.00
2025-12-24T15:24:00Z,4.00
2025-12-24T15:26:00Z,4.00
2025-12-24T15:27:00Z,4.81
2025-12-24T15:32:00Z,4.00
2025-12-24T15:33:00Z,4.00
2025-12-24T15:35:00Z,4.00
2025-12-24T15:36:00Z,5.00
2025-12-24T15:38:00Z,5.00
2025-12-24T15:39:00Z,5.00
2025-12-24T15:40:00Z,4.64
2025-12-24T15:41:00Z,5.00
2025-12-24T15:42:00Z,4.00
2025-12-24T15:43:00Z,5.00
2025-12-24T15:47:00Z,4.00
2025-12-24T15:48:00Z,5.00
2025-12-24T15:56:00Z,4.90
2025-12-24T16:01:00Z,5.00
2025-12-24T16:02:00Z,4.00
2025-12-24T16:03:00Z,4.00
2025-12-24T16:04:00Z,4.98
2025-12-24T16:05:00Z,5.00
2025-12-24T16:07:00Z,4.00
2025-12-24T16:08:00Z,5.00
2025-12-24T16:09:00Z,4.00
2025-12-24T16:10:00Z,4.00
2025-12-24T16:11:00Z,5.00
2025-12-24T16:14:00Z,4.00
2025-12-24T16:15:00Z,5.00
2025-12-24T16:16:00Z,5.00
2025-12-24T16:19:00Z,4.27
2025-12-24T16:20:00Z,5.00
2025-12-24T16:26:00Z,4.20
2025-12-24T16:30:00Z,4.00
2025-12-24T16:31:00Z,5.00
2025-12-24T16:32:00Z,5.00
2025-12-24T16:34:00Z,4.00
2025-12-24T16:35:00Z,5.00
2025-12-24T16:37:00Z,4.99
2025-12-24T16:38:00Z,4.00
2025-12-24T16:39:00Z,5.00
2025-12-24T16:40:00Z,5.00
2025-12-24T16:43:00Z,5.00
2025-12-24T16:44:00Z,4.99
2025-12-24T16:45:00Z,5.00
2025-12-24T16:46:00Z,5.98
2025-12-24T16:47:00Z,6.00
2025-12-24T16:50:00Z,6.00
2025-12-24T16:51:00Z,5.05
2025-12-24T16:53:00Z,5.04
2025-12-24T16:54:00Z,4.93
2025-12-24T16:57:00Z,4.98
2025-12-24T17:02:00Z,4.00
2025-12-24T17:03:00Z,5.00
2025-12-24T17:05:00Z,4.95
2025-12-24T17:09:00Z,4.00
2025-12-24T17:10:00Z,5.00
2025-12-24T17:11:00Z,4.69
2025-12-24T17:13:00Z,4.00
2025-12-24T17:16:00Z,4.00
2025-12-24T17:17:00Z,5.00
2025-12-24T17:18:00Z,4.96
2025-12-24T17:19:00Z,5.00
2025-12-24T17:22:00Z,5.00
2025-12-24T17:23:00Z,5.00
2025-12-24T17:29:00Z,4.00
2025-12-24T17:30:00Z,4.69
2025-12-24T17:35:00Z,5.00
2025-12-24T17:38:00Z,5.00
2025-12-24T17:39:00Z,5.00
2025-12-24T17:42:00Z,4.00
2025-12-24T17:44:00Z,4.00
2025-12-24T17:47:00Z,5.00
2025-12-24T17:49:00Z,5.00
2025-12-24T17:50:00Z,5.00
2025-12-24T17:54:00Z,4.00
2025-12-24T17:55:00Z,4.00
2025-12-24T17:56:00Z,5.00
2025-12-24T17:57:00Z,4.00
2025-12-24T17:58:00Z,4.00
2025-12-24T18:01:00Z,5.00
2025-12-24T18:05:00Z,4.00
2025-12-24T18:06:00Z,4.00
2025-12-24T18:07:00Z,5.00
2025-12-24T18:11:00Z,4.00
2025-12-24T18:17:00Z,5.00
2025-12-24T18:18:00Z,5.00
2025-12-24T18:20:00Z,4.63
2025-12-24T18:21:00Z,5.00
2025-12-24T18:23:00Z,4.00
2025-12-24T18:26:00Z,5.00
2025-12-24T18:28:00Z,5.00
2025-12-24T18:30:00Z,5.00
2025-12-24T18:37:00Z,5.00
2025-12-24T18:38:00Z,5.00
2025-12-24T18:39:00Z,5.00
2025-12-24T18:44:00Z,5.00
2025-12-24T18:47:00Z,5.00
2025-12-24T18:48:00Z,4.00
2025-12-24T18:50:00Z,5.00
2025-12-24T18:54:00Z,4.00
2025-12-24T18:55:00Z,5.00
2025-12-24T18:56:00Z,5.00
2025-12-24T18:58:00Z,5.00
2025-12-24T18:59:00Z,5.00
2025-12-24T19:00:00Z,5.00
2025-12-24T19:01:00Z,5.00
2025-12-24T19:03:00Z,4.98
2025-12-24T19:09:00Z,4.00
2025-12-24T19:10:00Z,4.00
2025-12-24T19:12:00Z,4.00
2025-12-24T19:13:00Z,4.00
2025-12-24T19:17:00Z,4.00
2025-12-24T19:20:00Z,4.00
2025-12-24T19:22:00Z,3.00
2025-12-24T19:23:00Z,4.00
2025-12-24T19:28:00Z,4.00
2025-12-24T19:30:00Z,4.00
2025-12-24T19:33:00Z,4.00
2025-12-24T19:34:00Z,4.00
2025-12-24T19:35:00Z,4.00
2025-12-24T19:37:00Z,4.00
2025-12-24T19:41:00Z,4.00
2025-12-24T19:45:00Z,4.00
2025-12-24T19:48:00Z,3.00
2025-12-24T19:54:00Z,3.00
2025-12-24T19:55:00Z,3.98
2025-12-24T19:57:00Z,4.00
2025-12-24T19:59:00Z,4.00
2025-12-24T20:05:00Z,3.00
2025-12-24T20:06:00Z,3.00
2025-12-24T20:08:00Z,4.00
2025-12-24T20:10:00Z,4.00
2025-12-24T20:11:00Z,4.00
2025-12-24T20:13:00Z,4.00
2025-12-24T20:14:00Z,4.00
2025-12-24T20:15:00Z,4.25
2025-12-24T20:16:00Z,5.00
2025-12-24T20:17:00Z,5.00
2025-12-24T20:18:00Z,5.00
2025-12-24T20:19:00Z,4.00
2025-12-24T20:25:00Z,5.00
2025-12-24T20:26:00Z,4.00
2025-12-24T20:28:00Z,4.00
2025-12-24T20:29:00Z,5.00
2025-12-24T20:31:00Z,4.00
2025-12-24T20:34:00Z,4.00
2025-12-24T20:37:00Z,4.00
2025-12-24T20:38:00Z,4.54
2025-12-24T20:47:00Z,4.00
2025-12-24T20:52:00Z,4.00
2025-12-24T20:55:00Z,5.00
2025-12-24T21:02:00Z,4.01
2025-12-24T21:06:00Z,5.00
2025-12-24T21:07:00Z,5.00
2025-12-24T21:09:00Z,5.00
2025-12-24T21:10:00Z,5.00
2025-12-24T21:11:00Z,4.00
2025-12-24T21:12:00Z,5.00
2025-12-24T21:17:00Z,5.00
2025-12-24T21:19:00Z,4.00
2025-12-24T21:23:00Z,4.00
2025-12-24T21:30:00Z,4.83
2025-12-24T21:32:00Z,4.00
2025-12-24T21:34:00Z,5.00
2025-12-24T21:38:00Z,4.00
2025-12-24T21:39:00Z,5.00
2025-12-24T21:41:00Z,4.93
2025-12-24T21:42:00Z,4.00
2025-12-24T21:43:00Z,5.00
2025-12-24T21:49:00Z,5.00
2025-12-24T21:50:00Z,4.00
2025-12-24T21:52:00Z,4.00
2025-12-24T21:54:00Z,4.98
2025-12-24T22:02:00Z,4.31
2025-12-24T22:06:00Z,4.00
2025-12-24T22:07:00Z,5.00
2025-12-24T22:08:00Z,5.00
2025-12-24T22:09:00Z,5.00
2025-12-24T22:11:00Z,5.00
2025-12-24T22:13:00Z,5.00
2025-12-24T22:14:00Z,5.00
2025-12-24T22:15:00Z,4.00
2025-12-24T22:19:00Z,4.00
2025-12-24T22:20:00Z,4.15
2025-12-24T22:21:00Z,5.00
2025-12-24T22:22:00Z,5.00
2025-12-24T22:23:00Z,4.66
2025-12-24T22:24:00Z,5.00
2025-12-24T22:28:00Z,5.00
2025-12-24T22:30:00Z,5.00
2025-12-24T22:31:00Z,4.80
2025-12-24T22:35:00Z,4.00
2025-12-24T22:37:00Z,5.00
2025-12-24T22:43:00Z,5.00
2025-12-24T22:46:00Z,5.00
2025-12-24T22:47:00Z,4.00
2025-12-24T22:51:00Z,4.98
2025-12-24T22:57:00Z,5.00
2025-12-24T23:00:00Z,5.00
2025-12-24T23:01:00Z,5.00
2025-12-24T23:04:00Z,4.92
2025-12-24T23:06:00Z,5.00
2025-12-24T23:10:00Z,5.00
2025-12-24T23:14:00Z,5.00
2025-12-24T23:15:00Z,4.00
2025-12-24T23:18:00Z,5.00
2025-12-24T23:19:00Z,5.00
2025-12-24T23:21:00Z,5.00
2025-12-24T23:25:00Z,5.00
2025-12-24T23:26:00Z,5.92
2025-12-24T23:31:00Z,6.00
2025-12-24T23:38:00Z,4.00
2025-12-24T23:39:00Z,5.00
2025-12-24T23:41:00Z,5.00
2025-12-24T23:46:00Z,5.00
2025-12-24T23:56:00Z,4.00
2025-12-25T00:02:00Z,5.00
2025-12-25T00:06:00Z,4.00
2025-12-25T00:08:00Z,5.00
2025-12-25T00:11:00Z,4.00
2025-12-25T00:12:00Z,4.00
2025-12-25T00:19:00Z,4.00
2025-12-25T00:24:00Z,5.00
2025-12-25T00:25:00Z,5.00
2025-12-25T00:29:00Z,5.00
2025-12-25T00:30:00Z,5.00
2025-12-25T00:33:00Z,6.00
2025-12-25T00:41:00Z,5.00
2025-12-25T00:42:00Z,6.00
2025-12-25T00:47:00Z,6.00
2025-12-25T00:51:00Z,6.00
2025-12-25T00:52:00Z,5.84
2025-12-25T00:54:00Z,5.85
2025-12-25T00:58:00Z,6.00
2025-12-25T01:00:00Z,6.00
2025-12-25T01:02:00Z,5.97
2025-12-25T01:03:00Z,6.00
2025-12-25T01:05:00Z,6.00
2025-12-25T01:10:00Z,5.00
2025-12-25T01:13:00Z,6.00
2025-12-25T01:15:00Z,6.00
2025-12-25T01:21:00Z,5.00
2025-12-25T01:27:00Z,6.00
2025-12-25T01:36:00Z,5.00
2025-12-25T01:37:00Z,6.00
2025-12-25T01:42:00Z,6.00
2025-12-25T01:45:00Z,6.00
2025-12-25T01:46:00Z,6.00
2025-12-25T01:52:00Z,5.00
2025-12-25T01:56:00Z,5.00
2025-12-25T02:03:00Z,5.00
2025-12-25T02:06:00Z,5.00
2025-12-25T02:09:00Z,6.00
2025-12-25T02:10:00Z,5.00
2025-12-25T02:12:00Z,6.00
2025-12-25T02:16:00Z,6.00
2025-12-25T02:26:00Z,5.00
2025-12-25T02:33:00Z,5.00
2025-12-25T02:34:00Z,6.00
2025-12-25T02:37:00Z,5.98
2025-12-25T02:39:00Z,5.17
2025-12-25T02:40:00Z,6.00
2025-12-25T02:44:00Z,4.00
2025-12-25T02:48:00Z,5.00
2025-12-25T02:50:00Z,5.00
2025-12-25T02:54:00Z,4.00
2025-12-25T02:55:00Z,4.06
2025-12-25T02:56:00Z,4.00
2025-12-25T02:57:00Z,4.36
2025-12-25T03:02:00Z,5.00
2025-12-25T03:09:00Z,5.00
2025-12-25T03:10:00Z,5.00
2025-12-25T03:11:00Z,4.00
2025-12-25T03:20:00Z,4.23
2025-12-25T03:26:00Z,4.00
2025-12-25T03:33:00Z,5.00
2025-12-25T03:35:00Z,4.00
2025-12-25T03:37:00Z,5.00
2025-12-25T03:38:00Z,4.00
2025-12-25T03:41:00Z,4.00
2025-12-25T03:42:00Z,4.00
2025-12-25T03:44:00Z,4.00
2025-12-25T03:54:00Z,5.00
2025-12-25T03:58:00Z,5.00
2025-12-25T03:59:00Z,5.00
2025-12-25T04:00:00Z,4.00
2025-12-25T04:01:00Z,4.00
2025-12-25T04:03:00Z,5.00
2025-12-25T04:04:00Z,5.00
2025-12-25T04:07:00Z,4.89
2025-12-25T04:12:00Z,5.00
2025-12-25T04:21:00Z,4.00
2025-12-25T04:26:00Z,5.00
2025-12-25T04:28:00Z,5.00
2025-12-25T04:30:00Z,4.00
2025-12-25T04:32:00Z,5.00
2025-12-25T04:33:00Z,3.97
2025-12-25T04:37:00Z,3.00
2025-12-25T04:43:00Z,4.00
2025-12-25T04:50:00Z,4.00
2025-12-25T04:51:00Z,3.00
2025-12-25T04:53:00Z,4.82
2025-12-25T04:55:00Z,3.00
2025-12-25T05:03:00Z,3.00
2025-12-25T05:06:00Z,5.00
2025-12-25T05:07:00Z,5.00
2025-12-25T05:08:00Z,3.00
2025-12-25T05:10:00Z,3.13
2025-12-25T05:11:00Z,5.00
2025-12-25T05:18:00Z,3.00
2025-12-25T05:19:00Z,4.00
2025-12-25T05:20:00Z,4.00
2025-12-25T05:22:00Z,3.00
2025-12-25T05:28:00Z,4.00
2025-12-25T05:36:00Z,4.00
2025-12-25T05:38:00Z,4.00
2025-12-25T05:44:00Z,4.07
2025-12-25T05:48:00Z,5.00
2025-12-25T06:01:00Z,5.00
2025-12-25T06:06:00Z,5.00
2025-12-25T06:11:00Z,5.00
2025-12-25T06:12:00Z,3.00
2025-12-25T06:13:00Z,5.00
2025-12-25T06:22:00Z,5.00
2025-12-25T06:26:00Z,5.00
2025-12-25T06:31:00Z,3.22
2025-12-25T06:33:00Z,5.00
2025-12-25T06:38:00Z,5.00
2025-12-25T06:40:00Z,5.00
2025-12-25T06:57:00Z,5.00
2025-12-25T07:13:00Z,4.00
2025-12-25T07:14:00Z,4.00
2025-12-25T07:16:00Z,5.00
2025-12-25T07:24:00Z,4.00
2025-12-25T07:34:00Z,5.00
2025-12-25T07:35:00Z,4.00
2025-12-25T07:41:00Z,3.00
2025-12-25T07:48:00Z,3.00
2025-12-25T07:52:00Z,5.00
2025-12-25T07:53:00Z,5.00
2025-12-25T07:55:00Z,4.00
2025-12-25T07:56:00Z,4.00
2025-12-25T10:02:00Z,4.00
2025-12-25T10:09:00Z,3.95
2025-12-25T10:11:00Z,3.09
2025-12-25T10:13:00Z,4.00
2025-12-25T10:15:00Z,4.00
2025-12-25T10:16:00Z,4.62
2025-12-25T10:22:00Z,3.00
2025-12-25T10:26:00Z,3.00
2025-12-25T10:34:00Z,4.95
2025-12-25T10:36:00Z,4.97
2025-12-25T10:40:00Z,5.00
2025-12-25T10:45:00Z,4.00
2025-12-25T10:47:00Z,4.00
2025-12-25T11:03:00Z,4.00
2025-12-25T11:09:00Z,4.00
2025-12-25T11:11:00Z,4.93
2025-12-25T11:19:00Z,5.00
2025-12-25T11:20:00Z,5.00
2025-12-25T11:43:00Z,4.12
2025-12-25T11:44:00Z,4.00
2025-12-25T11:48:00Z,3.00
2025-12-25T11:49:00Z,4.84
2025-12-25T11:54:00Z,4.00
2025-12-25T11:55:00Z,5.00
2025-12-25T11:58:00Z,5.00
2025-12-25T12:02:00Z,4.00
2025-12-25T12:15:00Z,4.00
2025-12-25T12:23:00Z,4.00
2025-12-25T12:25:00Z,4.00
2025-12-25T12:26:00Z,4.00
2025-12-25T12:27:00Z,5.00
2025-12-25T12:32:00Z,5.00
2025-12-25T12:34:00Z,5.00
2025-12-25T12:35:00Z,4.00
2025-12-25T12:37:00Z,5.00
2025-12-25T12:57:00Z,4.00
2025-12-25T12:59:00Z,5.00
2025-12-25T13:00:00Z,5.00
2025-12-25T13:14:00Z,4.00
2025-12-25T13:19:00Z,4.00
2025-12-25T13:21:00Z,4.00
2025-12-25T13:24:00Z,4.00
2025-12-25T13:27:00Z,5.00
2025-12-25T13:28:00Z,4.00
2025-12-25T13:30:00Z,5.00
2025-12-25T13:32:00Z,5.00
2025-12-25T13:38:00Z,4.00
2025-12-25T13:47:00Z,5.00
2025-12-25T13:49:00Z,5.00
2025-12-25T13:54:00Z,3.08
2025-12-25T14:02:00Z,4.00
2025-12-25T14:03:00Z,3.60
2025-12-25T14:05:00Z,4.76
2025-12-25T14:06:00Z,5.00
2025-12-25T14:11:00Z,5.00
2025-12-25T14:16:00Z,4.00
2025-12-25T14:18:00Z,4.00
2025-12-25T14:21:00Z,5.00
2025-12-25T14:26:00Z,4.00
2025-12-25T14:27:00Z,4.00
2025-12-25T14:28:00Z,5.00
2025-12-25T14:33:00Z,4.00
2025-12-25T14:35:00Z,5.00
2025-12-25T14:46:00Z,3.15
2025-12-25T14:48:00Z,3.00
2025-12-25T14:50:00Z,5.00
2025-12-25T14:52:00Z,3.00
2025-12-25T14:53:00Z,5.00
2025-12-25T14:57:00Z,5.00
2025-12-25T15:06:00Z,5.00
2025-12-25T15:08:00Z,4.00
2025-12-25T15:13:00Z,5.00
2025-12-25T15:14:00Z,5.00
2025-12-25T15:17:00Z,5.00
2025-12-25T15:20:00Z,5.00
2025-12-25T15:27:00Z,5.00
2025-12-25T15:28:00Z,5.00
2025-12-25T15:29:00Z,5.00
2025-12-25T15:30:00Z,5.00
2025-12-25T15:31:00Z,4.00
2025-12-25T15:33:00Z,4.00
2025-12-25T15:35:00Z,5.00
2025-12-25T15:38:00Z,5.00
2025-12-25T15:41:00Z,4.00
2025-12-25T15:43:00Z,5.00
2025-12-25T15:45:00Z,5.00
2025-12-25T15:47:00Z,5.00
2025-12-25T15:48:00Z,5.00
2025-12-25T15:50:00Z,5.00
2025-12-25T15:51:00Z,5.00
2025-12-25T15:52:00Z,5.00
2025-12-25T15:53:00Z,4.00
2025-12-25T15:54:00Z,5.41
2025-12-25T16:00:00Z,5.00
2025-12-25T16:01:00Z,5.00
2025-12-25T16:06:00Z,4.00
2025-12-25T16:07:00Z,5.00
2025-12-25T16:12:00Z,4.04
2025-12-25T16:15:00Z,5.00
2025-12-25T16:17:00Z,4.00
2025-12-25T16:18:00Z,5.19
2025-12-25T16:19:00Z,6.00
2025-12-25T16:23:00Z,5.43
2025-12-25T16:27:00Z,5.78
2025-12-25T16:30:00Z,5.00
2025-12-25T16:35:00Z,5.00
2025-12-25T16:36:00Z,5.00
2025-12-25T16:40:00Z,6.00
2025-12-25T16:44:00Z,6.00
2025-12-25T16:45:00Z,5.00
2025-12-25T16:47:00Z,6.00
2025-12-25T16:48:00Z,6.00
2025-12-25T16:49:00Z,5.50
2025-12-25T16:50:00Z,5.00
2025-12-25T16:54:00Z,6.00
2025-12-25T16:56:00Z,5.00
2025-12-25T17:02:00Z,5.00
2025-12-25T17:04:00Z,5.00
2025-12-25T17:11:00Z,5.00
2025-12-25T17:13:00Z,5.00
2025-12-25T17:14:00Z,5.00
2025-12-25T17:15:00Z,5.00
2025-12-25T17:18:00Z,6.00
2025-12-25T17:21:00Z,6.00
2025-12-25T17:22:00Z,5.00
2025-12-25T17:25:00Z,5.00
2025-12-25T17:26:00Z,5.00
2025-12-25T17:28:00Z,5.00
2025-12-25T17:31:00Z,6.00
2025-12-25T17:33:00Z,6.00
2025-12-25T17:34:00Z,6.00
2025-12-25T17:35:00Z,4.84
2025-12-25T17:36:00Z,5.00
2025-12-25T17:37:00Z,5.00
2025-12-25T17:41:00Z,4.00
2025-12-25T17:42:00Z,4.00
2025-12-25T17:44:00Z,5.00
2025-12-25T17:46:00Z,5.00
2025-12-25T17:49:00Z,4.51
2025-12-25T17:50:00Z,5.00
2025-12-25T17:52:00Z,5.00
2025-12-25T17:53:00Z,4.00
2025-12-25T17:54:00Z,4.00
2025-12-25T17:58:00Z,5.00
2025-12-25T17:59:00Z,5.00
2025-12-25T18:03:00Z,4.00
2025-12-25T18:04:00Z,4.28
2025-12-25T18:08:00Z,4.00
2025-12-25T18:10:00Z,5.00
2025-12-25T18:12:00Z,4.00
2025-12-25T18:15:00Z,5.00
2025-12-25T18:16:00Z,5.00
2025-12-25T18:19:00Z,5.00
2025-12-25T18:23:00Z,5.00
2025-12-25T18:25:00Z,4.00
2025-12-25T18:27:00Z,4.00
2025-12-25T18:29:00Z,5.00
2025-12-25T18:30:00Z,4.96
2025-12-25T18:31:00Z,5.00
2025-12-25T18:34:00Z,4.00
2025-12-25T18:38:00Z,5.00
2025-12-25T18:41:00Z,5.00
2025-12-25T18:42:00Z,4.99
2025-12-25T18:45:00Z,5.00
2025-12-25T18:46:00Z,4.00
2025-12-25T18:47:00Z,5.00
2025-12-25T18:48:00Z,5.00
2025-12-25T18:49:00Z,5.00
2025-12-25T18:50:00Z,5.00
2025-12-25T18:55:00Z,5.00
2025-12-25T18:57:00Z,5.00
2025-12-25T19:02:00Z,4.00
2025-12-25T19:04:00Z,5.00
2025-12-25T19:08:00Z,5.00
2025-12-25T19:13:00Z,5.00
2025-12-25T19:19:00Z,5.00
2025-12-25T19:21:00Z,4.00
2025-12-25T19:24:00Z,5.00
2025-12-25T19:26:00Z,5.00
2025-12-25T19:28:00Z,4.00
2025-12-25T19:32:00Z,5.00
2025-12-25T19:45:00Z,5.00
2025-12-25T19:49:00Z,5.00
2025-12-25T19:52:00Z,4.00
2025-12-25T19:55:00Z,5.00
2025-12-25T19:57:00Z,4.91
2025-12-25T20:06:00Z,5.00
2025-12-25T20:10:00Z,4.00
2025-12-25T20:12:00Z,5.00
2025-12-25T20:13:00Z,5.00
2025-12-25T20:16:00Z,4.00
2025-12-25T20:20:00Z,5.00
2025-12-25T20:21:00Z,5.00
2025-12-25T20:25:00Z,5.00
2025-12-25T20:28:00Z,5.00
2025-12-25T20:30:00Z,5.00
2025-12-25T20:33:00Z,5.00
2025-12-25T20:40:00Z,4.16
2025-12-25T20:47:00Z,4.00
2025-12-25T20:48:00Z,4.00
2025-12-25T20:51:00Z,5.00
2025-12-25T20:52:00Z,4.00
2025-12-25T20:53:00Z,4.00
2025-12-25T20:56:00Z,4.00
2025-12-25T21:01:00Z,4.00
2025-12-25T21:02:00Z,3.00
2025-12-25T21:06:00Z,4.00
2025-12-25T21:07:00Z,3.00
2025-12-25T21:11:00Z,4.19
2025-12-25T21:15:00Z,5.00
2025-12-25T21:16:00Z,5.00
2025-12-25T21:18:00Z,5.00
2025-12-25T21:19:00Z,4.34
2025-12-25T21:23:00Z,4.01
2025-12-25T21:24:00Z,5.00
2025-12-25T21:25:00Z,4.00
2025-12-25T21:28:00Z,4.90
2025-12-25T21:29:00Z,5.00
2025-12-25T21:30:00Z,5.00
2025-12-25T21:31:00Z,4.62
2025-12-25T21:32:00Z,4.00
2025-12-25T21:39:00Z,4.49
2025-12-25T21:42:00Z,4.00
2025-12-25T21:45:00Z,5.00
2025-12-25T21:48:00Z,4.00
2025-12-25T21:50:00Z,4.03
2025-12-25T21:51:00Z,5.00
2025-12-25T21:52:00Z,4.00
2025-12-25T21:53:00Z,4.00
2025-12-25T21:54:00Z,4.94
2025-12-25T21:58:00Z,5.00
2025-12-25T22:00:00Z,4.00
2025-12-25T22:01:00Z,5.00
2025-12-25T22:03:00Z,5.00
2025-12-25T22:04:00Z,3.59
2025-12-25T22:07:00Z,3.98
2025-12-25T22:08:00Z,4.00
2025-12-25T22:09:00Z,4.00
2025-12-25T22:12:00Z,4.00
2025-12-25T22:16:00Z,4.00
2025-12-25T22:17:00Z,4.00
2025-12-25T22:19:00Z,4.00
2025-12-25T22:20:00Z,4.00
2025-12-25T22:22:00Z,3.50
2025-12-25T22:24:00Z,3.00
2025-12-25T22:26:00Z,4.00
2025-12-25T22:27:00Z,4.00
2025-12-25T22:30:00Z,4.00
2025-12-25T22:36:00Z,3.00
2025-12-25T22:38:00Z,3.02
2025-12-25T22:44:00Z,4.00
2025-12-25T22:55:00Z,4.00
2025-12-25T22:56:00Z,4.00
2025-12-25T22:59:00Z,4.00
2025-12-25T23:06:00Z,3.91
2025-12-25T23:15:00Z,4.00
2025-12-25T23:16:00Z,4.00
2025-12-25T23:17:00Z,3.00
2025-12-25T23:18:00Z,4.00
2025-12-25T23:19:00Z,4.00
2025-12-25T23:23:00Z,4.00
2025-12-25T23:25:00Z,3.00
2025-12-25T23:27:00Z,3.00
2025-12-25T23:28:00Z,3.00
2025-12-25T23:31:00Z,4.00
2025-12-25T23:32:00Z,3.00
2025-12-25T23:33:00Z,3.30
2025-12-25T23:42:00Z,3.00
2025-12-25T23:48:00Z,3.88
2025-12-25T23:50:00Z,4.00
2025-12-25T23:51:00Z,4.00
2025-12-25T23:52:00Z,4.00
2025-12-25T23:56:00Z,4.00
2025-12-25T23:57:00Z,4.00
2025-12-25T23:58:00Z,3.00
2025-12-26T00:01:00Z,4.00
2025-12-26T00:04:00Z,3.00
2025-12-26T00:07:00Z,2.28
2025-12-26T00:09:00Z,4.00
2025-12-26T00:10:00Z,2.10
2025-12-26T00:11:00Z,4.00
2025-12-26T00:14:00Z,4.00
2025-12-26T00:16:00Z,4.00
2025-12-26T00:17:00Z,4.00
2025-12-26T00:18:00Z,3.00
2025-12-26T00:19:00Z,4.00
2025-12-26T00:22:00Z,3.61
2025-12-26T00:27:00Z,4.00
2025-12-26T00:30:00Z,3.82
2025-12-26T00:33:00Z,4.00
2025-12-26T00:34:00Z,2.28
2025-12-26T00:35:00Z,4.00
2025-12-26T00:36:00Z,4.00
2025-12-26T00:37:00Z,3.91
2025-12-26T00:38:00Z,4.00
2025-12-26T00:45:00Z,3.00
2025-12-26T00:46:00Z,4.00
2025-12-26T00:48:00Z,4.00
2025-12-26T00:52:00Z,4.00
2025-12-26T00:54:00Z,2.00
2025-12-26T00:56:00Z,4.00
2025-12-26T00:57:00Z,4.00
2025-12-26T00:58:00Z,4.00
2025-12-26T00:59:00Z,4.00
2025-12-26T01:01:00Z,2.00
2025-12-26T01:02:00Z,4.00
2025-12-26T01:03:00Z,4.00
2025-12-26T01:05:00Z,2.00
2025-12-26T01:07:00Z,4.00
2025-12-26T01:09:00Z,3.00
2025-12-26T01:10:00Z,3.00
2025-12-26T01:11:00Z,3.02
2025-12-26T01:13:00Z,4.00
2025-12-26T01:16:00Z,3.00
2025-12-26T01:20:00Z,4.00
2025-12-26T01:21:00Z,3.00
2025-12-26T01:22:00Z,3.00
2025-12-26T01:27:00Z,3.00
2025-12-26T01:28:00Z,2.00
2025-12-26T01:34:00Z,3.00
2025-12-26T01:35:00Z,3.00
2025-12-26T01:38:00Z,3.00
2025-12-26T01:41:00Z,3.00
2025-12-26T01:46:00Z,3.00
2025-12-26T01:50:00Z,3.00
2025-12-26T01:52:00Z,3.00
2025-12-26T01:54:00Z,3.00
2025-12-26T01:57:00Z,3.00
2025-12-26T01:58:00Z,3.00
2025-12-26T02:03:00Z,3.00
2025-12-26T02:06:00Z,3.00
2025-12-26T02:07:00Z,3.00
2025-12-26T02:08:00Z,3.00
2025-12-26T02:10:00Z,3.00
2025-12-26T02:13:00Z,2.00
2025-12-26T02:14:00Z,3.01
2025-12-26T02:15:00Z,3.10
2025-12-26T02:16:00Z,4.00
2025-12-26T02:17:00Z,4.00
2025-12-26T02:19:00Z,4.00
2025-12-26T02:20:00Z,4.00
2025-12-26T02:21:00Z,4.00
2025-12-26T02:22:00Z,4.00
2025-12-26T02:23:00Z,4.00
2025-12-26T02:24:00Z,4.00
2025-12-26T02:25:00Z,4.00
2025-12-26T02:26:00Z,3.99
2025-12-26T02:27:00Z,4.00
2025-12-26T02:28:00Z,4.00
2025-12-26T02:30:00Z,4.00
2025-12-26T02:31:00Z,4.00
2025-12-26T02:32:00Z,4.00
2025-12-26T02:33:00Z,4.00
2025-12-26T02:37:00Z,5.00
2025-12-26T02:38:00Z,5.00
2025-12-26T02:39:00Z,3.02
2025-12-26T02:41:00Z,3.03
2025-12-26T02:42:00Z,4.00
2025-12-26T02:43:00Z,4.51
2025-12-26T02:45:00Z,4.00
2025-12-26T02:46:00Z,5.00
2025-12-26T02:47:00Z,5.00
2025-12-26T02:48:00Z,5.00
2025-12-26T02:49:00Z,5.00
2025-12-26T02:50:00Z,5.00
2025-12-26T02:51:00Z,5.00
2025-12-26T02:55:00Z,4.93
2025-12-26T02:56:00Z,5.00
2025-12-26T02:57:00Z,5.00
2025-12-26T02:58:00Z,5.00
2025-12-26T02:59:00Z,5.00
2025-12-26T03:01:00Z,5.00
2025-12-26T03:03:00Z,5.00
2025-12-26T03:06:00Z,5.00
2025-12-26T03:07:00Z,5.00
2025-12-26T03:09:00Z,5.00
2025-12-26T03:11:00Z,5.00
2025-12-26T03:13:00Z,4.96
2025-12-26T03:14:00Z,5.00
2025-12-26T03:15:00Z,5.00
2025-12-26T03:18:00Z,3.00
2025-12-26T03:19:00Z,5.00
2025-12-26T03:22:00Z,5.00
2025-12-26T03:25:00Z,5.00
2025-12-26T03:26:00Z,5.00
2025-12-26T03:29:00Z,3.00
2025-12-26T03:30:00Z,5.00
2025-12-26T03:36:00Z,5.00
2025-12-26T03:37:00Z,3.00
2025-12-26T03:38:00Z,5.00
2025-12-26T03:41:00Z,3.00
2025-12-26T03:42:00Z,5.00
2025-12-26T03:44:00Z,3.00
2025-12-26T03:45:00Z,4.00
2025-12-26T03:46:00Z,4.00
2025-12-26T03:47:00Z,3.12
2025-12-26T03:48:00Z,4.00
2025-12-26T03:49:00Z,5.00
2025-12-26T03:51:00Z,5.00
2025-12-26T03:57:00Z,5.00
2025-12-26T03:58:00Z,5.00
2025-12-26T04:00:00Z,5.00
2025-12-26T04:03:00Z,3.96
2025-12-26T04:04:00Z,3.00
2025-12-26T04:05:00Z,4.00
2025-12-26T04:10:00Z,3.00
2025-12-26T04:11:00Z,4.00
2025-12-26T04:13:00Z,4.00
2025-12-26T04:15:00Z,4.00
2025-12-26T04:16:00Z,4.20
2025-12-26T04:18:00Z,5.00
2025-12-26T04:19:00Z,5.00
2025-12-26T04:23:00Z,4.00
2025-12-26T04:25:00Z,5.00
2025-12-26T04:26:00Z,5.00
2025-12-26T04:28:00Z,3.00
2025-12-26T04:31:00Z,4.00
2025-12-26T04:33:00Z,3.00
2025-12-26T04:35:00Z,4.00
2025-12-26T04:39:00Z,3.01
2025-12-26T04:40:00Z,4.00
2025-12-26T04:43:00Z,4.00
2025-12-26T04:45:00Z,4.00
2025-12-26T04:48:00Z,4.00
2025-12-26T04:49:00Z,4.00
2025-12-26T04:56:00Z,4.00
2025-12-26T04:57:00Z,3.00
2025-12-26T04:58:00Z,3.77
2025-12-26T05:00:00Z,4.00
2025-12-26T05:05:00Z,4.00
2025-12-26T05:06:00Z,4.00
2025-12-26T05:10:00Z,4.00
2025-12-26T05:12:00Z,4.00
2025-12-26T05:15:00Z,4.00
2025-12-26T05:16:00Z,4.00
2025-12-26T05:19:00Z,3.00
2025-12-26T05:20:00Z,4.00
2025-12-26T05:21:00Z,4.00
2025-12-26T05:24:00Z,4.00
2025-12-26T05:28:00Z,4.00
2025-12-26T05:29:00Z,4.00
2025-12-26T05:35:00Z,4.00
2025-12-26T05:36:00Z,3.00
2025-12-26T05:38:00Z,4.00
2025-12-26T05:41:00Z,3.00
2025-12-26T05:43:00Z,4.00
2025-12-26T05:44:00Z,4.00
2025-12-26T05:46:00Z,3.00
2025-12-26T05:48:00Z,4.00
2025-12-26T05:49:00Z,3.00
2025-12-26T05:50:00Z,3.96
2025-12-26T05:51:00Z,3.00
2025-12-26T05:52:00Z,4.00
2025-12-26T05:57:00Z,4.00
2025-12-26T06:03:00Z,4.00
2025-12-26T06:10:00Z,4.00
2025-12-26T06:12:00Z,4.00
2025-12-26T06:14:00Z,4.00
2025-12-26T06:15:00Z,3.00
2025-12-26T06:17:00Z,4.00
2025-12-26T06:18:00Z,4.00
2025-12-26T06:20:00Z,4.00
2025-12-26T06:21:00Z,4.00
2025-12-26T06:23:00Z,4.00
2025-12-26T06:24:00Z,4.00
2025-12-26T06:30:00Z,4.00
2025-12-26T06:32:00Z,3.16
2025-12-26T06:38:00Z,4.00
2025-12-26T06:39:00Z,3.06
2025-12-26T06:41:00Z,4.00
2025-12-26T06:42:00Z,4.00
2025-12-26T06:43:00Z,3.80
2025-12-26T06:45:00Z,4.00
2025-12-26T06:47:00Z,4.00
2025-12-26T06:49:00Z,3.90
2025-12-26T06:50:00Z,4.00
2025-12-26T06:51:00Z,4.00
2025-12-26T06:54:00Z,3.00
2025-12-26T06:55:00Z,3.00
2025-12-26T06:58:00Z,4.00
2025-12-26T07:00:00Z,4.00
2025-12-26T07:02:00Z,4.00
2025-12-26T07:04:00Z,3.98
2025-12-26T07:05:00Z,3.99
2025-12-26T07:07:00Z,4.00
2025-12-26T07:08:00Z,4.00
2025-12-26T07:15:00Z,3.00
2025-12-26T07:23:00Z,4.00
2025-12-26T07:25:00Z,4.00
2025-12-26T07:26:00Z,4.00
2025-12-26T07:27:00Z,4.00
2025-12-26T07:28:00Z,4.00
2025-12-26T07:30:00Z,4.00
2025-12-26T07:33:00Z,4.00
2025-12-26T07:35:00Z,4.00
2025-12-26T07:36:00Z,4.00
2025-12-26T07:38:00Z,4.00
2025-12-26T07:39:00Z,3.71
2025-12-26T07:43:00Z,4.00
2025-12-26T07:44:00Z,4.00
2025-12-26T07:47:00Z,4.00
2025-12-26T07:53:00Z,4.00
2025-12-26T07:55:00Z,4.00
2025-12-26T07:58:00Z,4.00
2025-12-26T08:01:00Z,4.00
2025-12-26T08:02:00Z,4.00
2025-12-26T08:03:00Z,4.00
2025-12-26T08:04:00Z,3.40
2025-12-26T08:05:00Z,4.00
2025-12-26T08:06:00Z,4.00
2025-12-26T08:07:00Z,4.00
2025-12-26T08:08:00Z,4.32
2025-12-26T08:20:00Z,5.00
2025-12-26T08:28:00Z,5.00
2025-12-26T08:33:00Z,5.00
2025-12-26T08:42:00Z,5.00
2025-12-26T08:46:00Z,3.00
2025-12-26T08:48:00Z,5.00
2025-12-26T08:56:00Z,3.00
2025-12-26T09:06:00Z,3.00
2025-12-26T09:08:00Z,5.00
2025-12-26T09:20:00Z,5.00
2025-12-26T09:39:00Z,5.00
2025-12-26T09:41:00Z,5.00
2025-12-26T09:50:00Z,5.00
2025-12-26T09:53:00Z,3.00
2025-12-26T09:58:00Z,3.00
2025-12-26T10:01:00Z,4.00
2025-12-26T10:05:00Z,3.00
2025-12-26T10:17:00Z,4.81
2025-12-26T10:20:00Z,5.00
2025-12-26T10:34:00Z,5.00
2025-12-26T10:41:00Z,3.00
2025-12-26T10:45:00Z,5.00
2025-12-26T10:57:00Z,5.00
2025-12-26T11:06:00Z,4.00
2025-12-26T11:07:00Z,4.00
2025-12-26T11:08:00Z,3.74
2025-12-26T11:10:00Z,4.00
2025-12-26T11:26:00Z,3.00
2025-12-26T11:31:00Z,5.00
2025-12-26T11:35:00Z,5.00
2025-12-26T11:41:00Z,5.00
2025-12-26T11:42:00Z,5.00
2025-12-26T11:43:00Z,5.00
2025-12-26T11:45:00Z,4.00
2025-12-26T11:47:00Z,5.00
2025-12-26T11:49:00Z,4.48
2025-12-26T11:51:00Z,5.00
2025-12-26T11:55:00Z,4.00
2025-12-26T11:57:00Z,4.00
2025-12-26T12:02:00Z,4.00
2025-12-26T12:12:00Z,4.00
2025-12-26T12:19:00Z,5.00
2025-12-26T12:22:00Z,5.00
2025-12-26T12:28:00Z,4.08
2025-12-26T12:50:00Z,4.00
2025-12-26T12:52:00Z,4.99
2025-12-26T12:59:00Z,5.00
2025-12-26T13:04:00Z,5.00
2025-12-26T13:08:00Z,4.00
2025-12-26T13:13:00Z,4.00
2025-12-26T13:14:00Z,5.00
2025-12-26T13:15:00Z,5.00
2025-12-26T13:16:00Z,5.00
2025-12-26T13:20:00Z,4.15
2025-12-26T13:22:00Z,4.55
2025-12-26T13:23:00Z,5.00
2025-12-26T13:26:00Z,4.00
2025-12-26T13:27:00Z,5.00
2025-12-26T13:38:00Z,5.00
2025-12-26T13:39:00Z,4.00
2025-12-26T13:46:00Z,5.00
2025-12-26T13:50:00Z,5.00
2025-12-26T13:51:00Z,5.00
2025-12-26T13:53:00Z,5.00
2025-12-26T13:55:00Z,5.00
2025-12-26T14:00:00Z,4.19
2025-12-26T14:03:00Z,5.00
2025-12-26T14:05:00Z,4.00
2025-12-26T14:09:00Z,4.58
2025-12-26T14:10:00Z,4.00
2025-12-26T14:11:00Z,5.00
2025-12-26T14:18:00Z,5.00
2025-12-26T14:23:00Z,4.00
2025-12-26T14:24:00Z,5.00
2025-12-26T14:25:00Z,5.00
2025-12-26T14:27:00Z,4.00
2025-12-26T14:29:00Z,5.00
2025-12-26T14:34:00Z,5.00
2025-12-26T14:35:00Z,5.00
2025-12-26T14:36:00Z,4.00
2025-12-26T14:40:00Z,5.00
2025-12-26T14:41:00Z,4.00
2025-12-26T14:44:00Z,4.07
2025-12-26T14:46:00Z,3.00
2025-12-26T14:48:00Z,3.00
2025-12-26T14:50:00Z,3.00
2025-12-26T14:51:00Z,3.00
2025-12-26T14:52:00Z,3.00
2025-12-26T15:00:00Z,3.00
2025-12-26T15:04:00Z,4.00
2025-12-26T15:05:00Z,4.00
2025-12-26T15:06:00Z,4.00
2025-12-26T15:08:00Z,2.28
2025-12-26T15:14:00Z,4.00
2025-12-26T15:18:00Z,2.01
2025-12-26T15:22:00Z,4.00
2025-12-26T15:26:00Z,4.00
2025-12-26T15:29:00Z,3.00
2025-12-26T15:30:00Z,2.16
2025-12-26T15:31:00Z,4.00
2025-12-26T15:33:00Z,4.00
2025-12-26T15:35:00Z,4.00
2025-12-26T15:43:00Z,3.00
2025-12-26T15:44:00Z,3.00
2025-12-26T15:45:00Z,3.76
2025-12-26T15:46:00Z,3.00
2025-12-26T15:48:00Z,4.00
2025-12-26T15:49:00Z,4.00
2025-12-26T15:55:00Z,3.00
2025-12-26T15:59:00Z,4.00
2025-12-26T16:02:00Z,3.00
2025-12-26T16:03:00Z,4.00
2025-12-26T16:04:00Z,3.00
2025-12-26T16:10:00Z,4.00
2025-12-26T16:15:00Z,3.00
2025-12-26T16:17:00Z,4.00
2025-12-26T16:18:00Z,3.00
2025-12-26T16:19:00Z,3.96
2025-12-26T16:22:00Z,4.00
2025-12-26T16:27:00Z,4.00
2025-12-26T17:12:00Z,3.00
2025-12-26T17:13:00Z,4.00
2025-12-26T17:21:00Z,3.00
2025-12-26T17:23:00Z,4.00
2025-12-26T17:24:00Z,4.00
2025-12-26T17:25:00Z,3.00
2025-12-26T17:26:00Z,4.00
2025-12-26T17:29:00Z,3.00
2025-12-26T17:35:00Z,3.83
2025-12-26T17:37:00Z,3.00
2025-12-26T17:38:00Z,4.00
2025-12-26T17:39:00Z,3.74
2025-12-26T17:41:00Z,4.00
2025-12-26T17:45:00Z,3.00
2025-12-26T17:50:00Z,4.00
2025-12-26T17:51:00Z,3.00
2025-12-26T17:53:00Z,3.00
2025-12-26T17:54:00Z,3.20
2025-12-26T17:55:00Z,3.00
2025-12-26T18:00:00Z,3.00
2025-12-26T18:01:00Z,4.00
2025-12-26T18:02:00Z,4.00
2025-12-26T18:03:00Z,4.00
2025-12-26T18:04:00Z,3.50
2025-12-26T18:05:00Z,4.00
2025-12-26T18:08:00Z,3.00
2025-12-26T18:09:00Z,3.69
2025-12-26T18:11:00Z,4.00
2025-12-26T18:13:00Z,3.00
2025-12-26T18:14:00Z,3.00
2025-12-26T18:15:00Z,4.00
2025-12-26T18:16:00Z,3.00
2025-12-26T18:22:00Z,4.00
2025-12-26T18:25:00Z,4.00
2025-12-26T18:26:00Z,3.00
2025-12-26T18:28:00Z,4.00
2025-12-26T18:31:00Z,3.53
2025-12-26T18:36:00Z,4.00
2025-12-26T18:39:00Z,3.53
2025-12-26T18:41:00Z,3.80
2025-12-26T18:42:00Z,4.00
2025-12-26T18:43:00Z,4.00
2025-12-26T18:45:00Z,4.00
2025-12-26T18:46:00Z,3.00
2025-12-26T18:47:00Z,4.00
2025-12-26T18:52:00Z,4.00
2025-12-26T18:53:00Z,4.00
2025-12-26T18:54:00Z,3.91
2025-12-26T18:55:00Z,4.00
2025-12-26T18:56:00Z,4.00
2025-12-26T18:57:00Z,4.00
2025-12-26T18:59:00Z,3.78
2025-12-26T19:02:00Z,4.00
2025-12-26T19:04:00Z,3.28
2025-12-26T19:05:00Z,4.00
2025-12-26T19:08:00Z,3.00
2025-12-26T19:10:00Z,3.00
2025-12-26T19:12:00Z,3.00
2025-12-26T19:14:00Z,3.00
2025-12-26T19:22:00Z,3.00
2025-12-26T19:25:00Z,3.00
2025-12-26T19:29:00Z,2.00
2025-12-26T19:30:00Z,3.00
2025-12-26T19:31:00Z,2.00
2025-12-26T19:32:00Z,3.00
2025-12-26T19:34:00Z,3.00
2025-12-26T19:35:00Z,2.95
2025-12-26T19:37:00Z,2.00
2025-12-26T19:38:00Z,2.62
2025-12-26T19:40:00Z,3.00
2025-12-26T19:41:00Z,3.00
2025-12-26T19:43:00Z,3.00
2025-12-26T19:47:00Z,2.92
2025-12-26T19:49:00Z,3.00
2025-12-26T19:50:00Z,2.85
2025-12-26T19:53:00Z,2.50
2025-12-26T19:56:00Z,3.00
2025-12-26T19:58:00Z,3.00
2025-12-26T20:00:00Z,2.92
2025-12-26T20:04:00Z,2.01
2025-12-26T20:05:00Z,2.00
2025-12-26T20:08:00Z,3.00
2025-12-26T20:09:00Z,3.00
2025-12-26T20:11:00Z,3.00
2025-12-26T20:12:00Z,3.00
2025-12-26T20:13:00Z,2.00
2025-12-26T20:14:00Z,2.94
2025-12-26T20:15:00Z,3.00
2025-12-26T20:29:00Z,2.00
2025-12-26T20:30:00Z,3.00
2025-12-26T20:31:00Z,3.00
2025-12-26T20:32:00Z,3.00
2025-12-26T20:46:00Z,3.00
2025-12-26T20:47:00Z,2.75
2025-12-26T20:49:00Z,2.00
2025-12-26T20:52:00Z,3.00
2025-12-26T20:56:00Z,3.00
2025-12-26T20:58:00Z,3.00
2025-12-26T21:00:00Z,3.00
2025-12-26T21:03:00Z,2.00
2025-12-26T21:05:00Z,3.00
2025-12-26T21:09:00Z,3.00
2025-12-26T21:10:00Z,2.99
2025-12-26T21:11:00Z,2.93
2025-12-26T21:12:00Z,3.00
2025-12-26T21:15:00Z,3.00
2025-12-26T21:16:00Z,2.25
2025-12-26T21:17:00Z,3.00
2025-12-26T21:19:00Z,2.94
2025-12-26T21:20:00Z,2.96
2025-12-26T21:21:00Z,3.00
2025-12-26T21:23:00Z,3.00
2025-12-26T21:25:00Z,2.00
2025-12-26T21:27:00Z,3.00
2025-12-26T21:29:00Z,3.00
2025-12-26T21:30:00Z,3.00
2025-12-26T21:32:00Z,3.00
2025-12-26T21:33:00Z,2.00
2025-12-26T21:35:00Z,2.00
2025-12-26T21:36:00Z,2.00
2025-12-26T21:41:00Z,2.00
2025-12-26T21:45:00Z,3.00
2025-12-26T21:48:00Z,2.00
2025-12-26T21:49:00Z,3.00
2025-12-26T21:51:00Z,2.00
2025-12-26T21:52:00Z,3.00
2025-12-26T21:56:00Z,3.00
2025-12-26T21:57:00Z,2.59
2025-12-26T21:59:00Z,2.00
2025-12-26T22:03:00Z,3.00
2025-12-26T22:04:00Z,2.00
2025-12-26T22:09:00Z,3.00
2025-12-26T22:10:00Z,3.00
2025-12-26T22:11:00Z,3.00
2025-12-26T22:13:00Z,3.00
2025-12-26T22:15:00Z,2.00
2025-12-26T22:18:00Z,3.00
2025-12-26T22:25:00Z,2.00
2025-12-26T22:27:00Z,3.00
2025-12-26T22:28:00Z,2.00
2025-12-26T22:34:00Z,3.00
2025-12-26T22:42:00Z,2.00
2025-12-26T22:45:00Z,3.00
2025-12-26T22:56:00Z,3.00
2025-12-26T22:57:00Z,2.00
2025-12-26T22:58:00Z,3.00
2025-12-26T23:00:00Z,2.00
2025-12-26T23:02:00Z,3.00
2025-12-26T23:05:00Z,3.00
2025-12-26T23:09:00Z,3.00
2025-12-26T23:10:00Z,3.00
2025-12-26T23:11:00Z,2.37
2025-12-26T23:12:00Z,3.00
2025-12-26T23:16:00Z,2.73
2025-12-26T23:21:00Z,2.00
2025-12-26T23:28:00Z,3.00
2025-12-26T23:33:00Z,2.00
2025-12-26T23:34:00Z,2.98
2025-12-26T23:35:00Z,2.99
2025-12-26T23:39:00Z,3.00
2025-12-26T23:42:00Z,2.00
2025-12-26T23:43:00Z,2.00
2025-12-26T23:44:00Z,3.00
2025-12-26T23:47:00Z,3.00
2025-12-26T23:48:00Z,2.00
2025-12-26T23:49:00Z,2.00
2025-12-26T23:52:00Z,3.00
2025-12-26T23:53:00Z,2.00
2025-12-26T23:54:00Z,3.00
2025-12-26T23:59:00Z,3.00
2025-12-27T00:01:00Z,3.00
2025-12-27T00:02:00Z,2.00
2025-12-27T00:03:00Z,3.00
2025-12-27T00:05:00Z,3.00
2025-12-27T00:11:00Z,3.00
2025-12-27T00:22:00Z,3.00
2025-12-27T00:23:00Z,3.00
2025-12-27T00:24:00Z,3.00
2025-12-27T00:25:00Z,2.00
2025-12-27T00:26:00Z,3.00
2025-12-27T00:27:00Z,3.00
2025-12-27T00:28:00Z,3.00
2025-12-27T00:30:00Z,2.92
2025-12-27T00:32:00Z,3.00
2025-12-27T00:35:00Z,3.00
2025-12-27T00:36:00Z,3.00
2025-12-27T00:37:00Z,3.00
2025-12-27T00:38:00Z,3.00
2025-12-27T00:39:00Z,3.00
2025-12-27T00:44:00Z,2.00
2025-12-27T00:45:00Z,3.00
2025-12-27T00:51:00Z,3.00
2025-12-27T00:57:00Z,2.00
2025-12-27T00:59:00Z,3.00
2025-12-27T01:11:00Z,3.00
2025-12-27T01:20:00Z,3.00
2025-12-27T01:23:00Z,3.00
2025-12-27T01:26:00Z,2.00
2025-12-27T01:28:00Z,3.00
2025-12-27T01:30:00Z,3.00
2025-12-27T01:31:00Z,3.00
2025-12-27T01:32:00Z,2.44
2025-12-27T01:33:00Z,3.00
2025-12-27T01:37:00Z,2.00
2025-12-27T01:39:00Z,3.00
2025-12-27T01:42:00Z,3.00
2025-12-27T01:47:00Z,3.00
2025-12-27T01:53:00Z,2.96
2025-12-27T01:57:00Z,3.00
2025-12-27T01:58:00Z,3.00
2025-12-27T01:59:00Z,2.30
2025-12-27T02:00:00Z,3.00
2025-12-27T02:01:00Z,2.99
2025-12-27T02:05:00Z,3.00
2025-12-27T02:09:00Z,2.33
2025-12-27T02:10:00Z,3.00
2025-12-27T02:11:00Z,3.00
2025-12-27T02:12:00Z,3.00
2025-12-27T02:13:00Z,2.00
2025-12-27T02:14:00Z,3.00
2025-12-27T02:15:00Z,2.00
2025-12-27T02:18:00Z,3.00
2025-12-27T02:21:00Z,2.00
2025-12-27T02:29:00Z,3.00
2025-12-27T02:30:00Z,3.00
2025-12-27T02:31:00Z,3.00
2025-12-27T02:32:00Z,3.00
2025-12-27T02:36:00Z,3.00
2025-12-27T02:38:00Z,3.00
2025-12-27T02:40:00Z,2.00
2025-12-27T02:43:00Z,2.00
2025-12-27T02:45:00Z,3.00
2025-12-27T02:46:00Z,3.00
2025-12-27T02:47:00Z,2.00
2025-12-27T02:48:00Z,3.00
2025-12-27T02:57:00Z,3.00
2025-12-27T02:58:00Z,2.00
2025-12-27T02:59:00Z,2.00
2025-12-27T03:00:00Z,3.00
2025-12-27T03:01:00Z,2.99
2025-12-27T03:04:00Z,3.00
2025-12-27T03:10:00Z,2.00
2025-12-27T03:13:00Z,3.00
2025-12-27T03:18:00Z,2.43
2025-12-27T03:19:00Z,3.00
2025-12-27T03:20:00Z,2.02
2025-12-27T03:21:00Z,2.59
2025-12-27T03:22:00Z,3.00
2025-12-27T03:24:00Z,2.00
2025-12-27T03:25:00Z,2.00
2025-12-27T03:27:00Z,2.00
2025-12-27T03:28:00Z,3.00
2025-12-27T03:34:00Z,2.36
2025-12-27T03:35:00Z,2.00
2025-12-27T03:38:00Z,3.00
2025-12-27T03:39:00Z,3.00
2025-12-27T03:49:00Z,3.00
2025-12-27T03:50:00Z,3.00
2025-12-27T03:51:00Z,3.00
2025-12-27T03:54:00Z,3.00
2025-12-27T03:55:00Z,3.00
2025-12-27T03:57:00Z,2.91
2025-12-27T03:59:00Z,2.00
2025-12-27T04:01:00Z,3.00
2025-12-27T04:02:00Z,3.00
2025-12-27T04:04:00Z,3.00
2025-12-27T04:05:00Z,3.00
2025-12-27T04:07:00Z,3.00
2025-12-27T04:08:00Z,3.00
2025-12-27T04:12:00Z,3.00
2025-12-27T04:15:00Z,3.00
2025-12-27T04:18:00Z,2.00
2025-12-27T04:20:00Z,3.00
2025-12-27T04:23:00Z,3.00
2025-12-27T04:27:00Z,3.00
2025-12-27T04:30:00Z,3.00
2025-12-27T04:35:00Z,3.00
2025-12-27T04:45:00Z,3.00
2025-12-27T04:48:00Z,3.00
2025-12-27T04:49:00Z,3.00
2025-12-27T04:50:00Z,2.00
2025-12-27T04:54:00Z,3.00
2025-12-27T04:56:00Z,3.00
2025-12-27T04:58:00Z,2.99
2025-12-27T05:00:00Z,3.00
2025-12-27T05:03:00Z,2.00
2025-12-27T05:04:00Z,3.00
2025-12-27T05:08:00Z,3.00
2025-12-27T05:10:00Z,2.00
2025-12-27T05:12:00Z,2.98
2025-12-27T05:21:00Z,2.25
2025-12-27T05:27:00Z,3.00
2025-12-27T05:30:00Z,3.00
2025-12-27T05:33:00Z,3.00
2025-12-27T05:44:00Z,2.00
2025-12-27T05:45:00Z,2.00
2025-12-27T05:46:00Z,2.60
2025-12-27T05:48:00Z,2.00
2025-12-27T05:49:00Z,3.00
2025-12-27T05:52:00Z,2.00
2025-12-27T05:54:00Z,2.00
2025-12-27T05:58:00Z,3.00
2025-12-27T06:00:00Z,3.00
2025-12-27T06:06:00Z,3.00
2025-12-27T06:09:00Z,3.00
2025-12-27T06:12:00Z,3.00
2025-12-27T06:20:00Z,2.00
2025-12-27T06:21:00Z,2.00
2025-12-27T06:22:00Z,2.00
2025-12-27T06:23:00Z,2.00
2025-12-27T06:24:00Z,2.99
2025-12-27T06:25:00Z,3.00
2025-12-27T06:28:00Z,3.00
2025-12-27T06:36:00Z,3.00
2025-12-27T06:38:00Z,3.00
2025-12-27T06:40:00Z,2.50
2025-12-27T06:45:00Z,2.00
2025-12-27T06:47:00Z,3.00
2025-12-27T06:48:00Z,3.00
2025-12-27T06:49:00Z,3.00
2025-12-27T07:09:00Z,3.00
2025-12-27T07:10:00Z,3.00
2025-12-27T07:12:00Z,3.00
2025-12-27T07:17:00Z,2.00
2025-12-27T07:23:00Z,3.00
2025-12-27T07:24:00Z,3.00
2025-12-27T07:29:00Z,3.00
2025-12-27T07:35:00Z,2.00
2025-12-27T07:44:00Z,3.00
2025-12-27T07:56:00Z,2.00
2025-12-27T07:57:00Z,3.00
2025-12-27T07:58:00Z,2.93
2025-12-27T08:08:00Z,3.00
2025-12-27T08:10:00Z,3.00
2025-12-27T08:11:00Z,2.53
2025-12-27T08:13:00Z,2.00
2025-12-27T08:15:00Z,3.00
2025-12-27T08:19:00Z,3.00
2025-12-27T08:31:00Z,3.00
2025-12-27T08:35:00Z,2.00
2025-12-27T08:38:00Z,3.00
2025-12-27T08:46:00Z,3.00
2025-12-27T08:55:00Z,2.00
2025-12-27T08:58:00Z,3.00
2025-12-27T09:00:00Z,3.00
2025-12-27T09:13:00Z,2.00
2025-12-27T09:14:00Z,2.00
2025-12-27T09:27:00Z,3.00
2025-12-27T09:37:00Z,2.00
2025-12-27T09:44:00Z,3.00
2025-12-27T09:48:00Z,3.00
2025-12-27T09:50:00Z,2.00
2025-12-27T09:52:00Z,2.00
2025-12-27T09:53:00Z,3.00
2025-12-27T09:56:00Z,3.00
2025-12-27T10:01:00Z,2.00
2025-12-27T10:09:00Z,3.00
2025-12-27T10:10:00Z,3.00
2025-12-27T10:14:00Z,2.00
2025-12-27T10:25:00Z,2.00
2025-12-27T10:27:00Z,3.00
2025-12-27T10:37:00Z,2.00
2025-12-27T10:42:00Z,2.00
2025-12-27T10:45:00Z,3.00
2025-12-27T10:47:00Z,3.00
2025-12-27T10:55:00Z,2.00
2025-12-27T10:56:00Z,2.00
2025-12-27T11:00:00Z,2.00
2025-12-27T11:04:00Z,3.00
2025-12-27T11:07:00Z,3.00
2025-12-27T11:13:00Z,2.00
2025-12-27T11:18:00Z,3.00
2025-12-27T11:19:00Z,2.96
2025-12-27T11:20:00Z,2.00
2025-12-27T11:25:00Z,3.00
2025-12-27T11:26:00Z,3.00
2025-12-27T11:29:00Z,2.00
2025-12-27T11:35:00Z,3.00
2025-12-27T11:39:00Z,2.99
2025-12-27T11:43:00Z,3.00
2025-12-27T11:44:00Z,3.00
2025-12-27T11:46:00Z,2.11
2025-12-27T11:47:00Z,2.00
2025-12-27T11:48:00Z,2.00
2025-12-27T11:49:00Z,3.00
2025-12-27T11:55:00Z,2.00
2025-12-27T12:16:00Z,2.00
2025-12-27T12:21:00Z,2.00
2025-12-27T12:22:00Z,3.00
2025-12-27T12:23:00Z,2.99
2025-12-27T12:27:00Z,2.00
2025-12-27T12:36:00Z,3.00
2025-12-27T12:37:00Z,2.00
2025-12-27T12:40:00Z,2.00
2025-12-27T12:42:00Z,2.00
2025-12-27T12:46:00Z,2.00
2025-12-27T12:48:00Z,3.00
2025-12-27T12:49:00Z,2.50
2025-12-27T12:50:00Z,2.00
2025-12-27T12:54:00Z,3.00
2025-12-27T12:57:00Z,2.00
2025-12-27T12:58:00Z,3.00
2025-12-27T13:10:00Z,3.00
2025-12-27T13:11:00Z,3.00
2025-12-27T13:13:00Z,3.00
2025-12-27T13:15:00Z,3.00
2025-12-27T13:16:00Z,3.00
2025-12-27T13:19:00Z,2.00
2025-12-27T13:22:00Z,3.00
2025-12-27T13:23:00Z,3.00
2025-12-27T13:28:00Z,3.00
2025-12-27T13:31:00Z,2.00
2025-12-27T13:33:00Z,3.00
2025-12-27T13:37:00Z,3.00
2025-12-27T13:45:00Z,3.00
2025-12-27T13:49:00Z,2.00
2025-12-27T13:55:00Z,2.00
2025-12-27T13:57:00Z,3.00
2025-12-27T14:02:00Z,3.00
2025-12-27T14:04:00Z,3.00
2025-12-27T14:12:00Z,3.00
2025-12-27T14:17:00Z,3.00
2025-12-27T14:18:00Z,3.00
2025-12-27T14:22:00Z,3.00
2025-12-27T14:25:00Z,2.00
2025-12-27T14:26:00Z,2.97
2025-12-27T14:28:00Z,3.00
2025-12-27T14:29:00Z,2.00
2025-12-27T14:30:00Z,2.85
2025-12-27T14:31:00Z,2.00
2025-12-27T14:33:00Z,2.00
2025-12-27T14:35:00Z,3.00
2025-12-27T14:38:00Z,2.86
2025-12-27T14:45:00Z,2.00
2025-12-27T14:52:00Z,2.00
2025-12-27T14:56:00Z,3.00
2025-12-27T14:59:00Z,2.00
2025-12-27T15:00:00Z,3.00
2025-12-27T15:04:00Z,3.00
2025-12-27T15:07:00Z,3.00
2025-12-27T15:08:00Z,2.00
2025-12-27T15:12:00Z,2.00
2025-12-27T15:13:00Z,2.20
2025-12-27T15:14:00Z,2.00
2025-12-27T15:16:00Z,1.57
2025-12-27T15:18:00Z,1.99
2025-12-27T15:22:00Z,2.00
2025-12-27T15:27:00Z,1.00
2025-12-27T15:28:00Z,2.00
2025-12-27T15:30:00Z,1.00
2025-12-27T15:31:00Z,2.00
2025-12-27T15:32:00Z,2.00
2025-12-27T15:34:00Z,2.00
2025-12-27T15:37:00Z,2.00
2025-12-27T15:43:00Z,1.00
2025-12-27T15:49:00Z,1.88
2025-12-27T15:50:00Z,2.00
2025-12-27T15:51:00Z,1.40
2025-12-27T15:54:00Z,2.00
2025-12-27T15:55:00Z,2.00
2025-12-27T15:56:00Z,2.00
2025-12-27T15:57:00Z,1.00
2025-12-27T15:58:00Z,2.00
2025-12-27T15:59:00Z,2.00
2025-12-27T16:00:00Z,2.00
2025-12-27T16:02:00Z,2.00
2025-12-27T16:04:00Z,1.00
2025-12-27T16:05:00Z,1.96
2025-12-27T16:08:00Z,2.00
2025-12-27T16:10:00Z,2.00
2025-12-27T16:11:00Z,1.78
2025-12-27T16:20:00Z,2.00
2025-12-27T16:21:00Z,2.00
2025-12-27T16:22:00Z,2.00
2025-12-27T16:23:00Z,2.00
2025-12-27T16:25:00Z,2.00
2025-12-27T16:29:00Z,2.00
2025-12-27T16:34:00Z,1.98
2025-12-27T16:35:00Z,2.00
2025-12-27T16:36:00Z,2.00
2025-12-27T16:37:00Z,1.00
2025-12-27T16:39:00Z,2.00
2025-12-27T16:40:00Z,2.00
2025-12-27T16:44:00Z,1.95
2025-12-27T16:48:00Z,3.00
2025-12-27T16:50:00Z,3.00
2025-12-27T16:52:00Z,2.89
2025-12-27T16:59:00Z,3.00
2025-12-27T17:00:00Z,2.58
2025-12-27T17:01:00Z,3.00
2025-12-27T17:02:00Z,3.00
2025-12-27T17:06:00Z,3.00
2025-12-27T17:11:00Z,3.00
2025-12-27T17:15:00Z,2.00
2025-12-27T17:18:00Z,2.00
2025-12-27T17:19:00Z,3.00
2025-12-27T17:20:00Z,3.00
2025-12-27T17:23:00Z,2.88
2025-12-27T17:25:00Z,3.00
2025-12-27T17:26:00Z,3.00
2025-12-27T17:29:00Z,2.00
2025-12-27T17:30:00Z,3.00
2025-12-27T17:31:00Z,2.00
2025-12-27T17:36:00Z,3.00
2025-12-27T17:40:00Z,2.99
2025-12-27T17:43:00Z,2.00
2025-12-27T17:49:00Z,3.00
2025-12-27T17:50:00Z,1.28
2025-12-27T17:56:00Z,2.00
2025-12-27T18:03:00Z,2.32
2025-12-27T18:04:00Z,3.00
2025-12-27T18:05:00Z,3.00
2025-12-27T18:07:00Z,3.00
2025-12-27T18:11:00Z,3.00
2025-12-27T18:12:00Z,3.00
2025-12-27T18:21:00Z,3.00
2025-12-27T18:30:00Z,2.00
2025-12-27T18:31:00Z,3.00
2025-12-27T18:33:00Z,2.00
2025-12-27T18:36:00Z,2.00
2025-12-27T18:37:00Z,1.00
2025-12-27T18:38:00Z,2.95
2025-12-27T18:40:00Z,1.00
2025-12-27T18:42:00Z,2.27
2025-12-27T18:43:00Z,2.00
2025-12-27T18:44:00Z,3.00
2025-12-27T18:45:00Z,3.00
2025-12-27T18:46:00Z,3.00
2025-12-27T18:47:00Z,3.00
2025-12-27T19:04:00Z,3.00
2025-12-27T19:10:00Z,2.00
2025-12-27T19:11:00Z,2.00
2025-12-27T19:12:00Z,2.00
2025-12-27T19:15:00Z,2.00
2025-12-27T19:17:00Z,2.00
2025-12-27T19:18:00Z,1.20
2025-12-27T19:22:00Z,2.00
2025-12-27T19:24:00Z,2.00
2025-12-27T19:25:00Z,2.00
2025-12-27T19:26:00Z,2.00
2025-12-27T19:29:00Z,2.00
2025-12-27T19:32:00Z,2.00
2025-12-27T19:33:00Z,2.00
2025-12-27T19:34:00Z,1.00
2025-12-27T19:35:00Z,1.00
2025-12-27T19:36:00Z,1.62
2025-12-27T19:38:00Z,1.00
2025-12-27T19:39:00Z,2.00
2025-12-27T19:40:00Z,2.00
2025-12-27T19:43:00Z,2.00
2025-12-27T19:44:00Z,1.00
2025-12-27T19:46:00Z,2.00
2025-12-27T19:47:00Z,2.00
2025-12-27T19:50:00Z,1.89
2025-12-27T19:51:00Z,2.00
2025-12-27T19:52:00Z,2.00
2025-12-27T19:53:00Z,2.00
2025-12-27T19:54:00Z,2.00
2025-12-27T19:56:00Z,2.00
2025-12-27T19:57:00Z,2.00
2025-12-27T20:01:00Z,2.00
2025-12-27T20:03:00Z,1.00
2025-12-27T20:04:00Z,1.00
2025-12-27T20:06:00Z,1.00
2025-12-27T20:07:00Z,2.00
2025-12-27T20:09:00Z,1.99
2025-12-27T20:10:00Z,2.00
2025-12-27T20:11:00Z,2.00
2025-12-27T20:12:00Z,1.00
2025-12-27T20:14:00Z,2.00
2025-12-27T20:16:00Z,1.00
2025-12-27T20:17:00Z,2.00
2025-12-27T20:18:00Z,1.99
2025-12-27T20:20:00Z,2.00
2025-12-27T20:21:00Z,2.00
2025-12-27T20:22:00Z,2.00
2025-12-27T20:26:00Z,2.00
2025-12-27T20:27:00Z,2.00
2025-12-27T20:29:00Z,2.00
2025-12-27T20:32:00Z,2.00
2025-12-27T20:35:00Z,2.00
2025-12-27T20:41:00Z,2.00
2025-12-27T20:42:00Z,1.00
2025-12-27T20:43:00Z,1.00
2025-12-27T20:46:00Z,1.00
2025-12-27T20:47:00Z,2.00
2025-12-27T20:49:00Z,2.00
2025-12-27T20:52:00Z,2.00
2025-12-27T21:00:00Z,2.00
2025-12-27T21:01:00Z,2.00
2025-12-27T21:02:00Z,2.00
2025-12-27T21:07:00Z,1.66
2025-12-27T21:09:00Z,2.00
2025-12-27T21:11:00Z,2.00
2025-12-27T21:14:00Z,2.00
2025-12-27T21:17:00Z,2.00
2025-12-27T21:18:00Z,2.00
2025-12-27T21:19:00Z,2.00
2025-12-27T21:23:00Z,1.00
2025-12-27T21:25:00Z,1.99
2025-12-27T21:27:00Z,2.00
2025-12-27T21:29:00Z,2.00
2025-12-27T21:34:00Z,1.00
2025-12-27T21:36:00Z,1.00
2025-12-27T21:38:00Z,2.00
2025-12-27T21:39:00Z,2.00
2025-12-27T21:41:00Z,2.00
2025-12-27T21:46:00Z,1.00
2025-12-27T21:47:00Z,1.00
2025-12-27T21:49:00Z,1.85
2025-12-27T21:51:00Z,2.00
2025-12-27T21:52:00Z,2.00
2025-12-27T21:55:00Z,2.00
2025-12-27T21:56:00Z,2.00
2025-12-27T22:02:00Z,2.00
2025-12-27T22:03:00Z,2.00
2025-12-27T22:09:00Z,2.00
2025-12-27T22:11:00Z,2.00
2025-12-27T22:15:00Z,1.00
2025-12-27T22:16:00Z,2.00
2025-12-27T22:17:00Z,2.00
2025-12-27T22:20:00Z,2.00
2025-12-27T22:22:00Z,1.99
2025-12-27T22:28:00Z,1.00
2025-12-27T22:30:00Z,2.00
2025-12-27T22:32:00Z,2.00
2025-12-27T22:33:00Z,2.00
2025-12-27T22:38:00Z,1.00
2025-12-27T22:40:00Z,2.00
2025-12-27T22:43:00Z,1.86
2025-12-27T22:44:00Z,1.00
2025-12-27T22:45:00Z,2.00
2025-12-27T22:48:00Z,2.00
2025-12-27T22:49:00Z,2.00
2025-12-27T22:50:00Z,1.00
2025-12-27T22:51:00Z,2.00
2025-12-27T22:55:00Z,2.00
2025-12-27T22:57:00Z,2.00
2025-12-27T23:09:00Z,2.00
2025-12-27T23:10:00Z,2.00
2025-12-27T23:11:00Z,1.91
2025-12-27T23:13:00Z,2.00
2025-12-27T23:19:00Z,1.00
2025-12-27T23:20:00Z,2.00
2025-12-27T23:23:00Z,2.00
2025-12-27T23:26:00Z,2.00
2025-12-27T23:27:00Z,2.00
2025-12-27T23:29:00Z,1.21
2025-12-27T23:31:00Z,1.17
2025-12-27T23:36:00Z,2.00
2025-12-27T23:41:00Z,2.00
2025-12-27T23:42:00Z,2.00
2025-12-27T23:45:00Z,2.00
2025-12-27T23:49:00Z,2.00
2025-12-27T23:52:00Z,2.00
2025-12-27T23:53:00Z,2.00
2025-12-27T23:54:00Z,2.00
2025-12-27T23:57:00Z,2.00
2025-12-27T23:58:00Z,2.00
2025-12-27T23:59:00Z,2.00
2025-12-28T00:01:00Z,1.00
2025-12-28T00:03:00Z,2.00
2025-12-28T00:09:00Z,1.00
2025-12-28T00:10:00Z,1.63
2025-12-28T00:11:00Z,2.00
2025-12-28T00:12:00Z,2.00
2025-12-28T00:13:00Z,2.00
2025-12-28T00:16:00Z,1.99
2025-12-28T00:17:00Z,2.00
2025-12-28T00:19:00Z,2.00
2025-12-28T00:20:00Z,2.00
2025-12-28T00:21:00Z,2.00
2025-12-28T00:23:00Z,1.00
2025-12-28T00:24:00Z,1.93
2025-12-28T00:26:00Z,2.00
2025-12-28T00:28:00Z,1.00
2025-12-28T00:30:00Z,2.00
2025-12-28T00:31:00Z,2.00
2025-12-28T00:32:00Z,1.96
2025-12-28T00:34:00Z,2.00
2025-12-28T00:35:00Z,1.99
2025-12-28T00:36:00Z,2.00
2025-12-28T00:37:00Z,1.77
2025-12-28T00:38:00Z,1.50
2025-12-28T00:39:00Z,2.00
2025-12-28T00:40:00Z,2.00
2025-12-28T00:41:00Z,1.00
2025-12-28T00:42:00Z,2.00
2025-12-28T00:45:00Z,2.00
2025-12-28T00:46:00Z,1.00
2025-12-28T00:47:00Z,2.00
2025-12-28T00:48:00Z,2.00
2025-12-28T00:50:00Z,1.03
2025-12-28T00:51:00Z,2.00
2025-12-28T00:53:00Z,1.00
2025-12-28T00:54:00Z,2.00
2025-12-28T00:55:00Z,2.00
2025-12-28T00:57:00Z,1.00
2025-12-28T01:00:00Z,2.00
2025-12-28T01:01:00Z,2.00
2025-12-28T01:02:00Z,2.00
2025-12-28T01:05:00Z,2.00
2025-12-28T01:06:00Z,1.00
2025-12-28T01:07:00Z,1.00
2025-12-28T01:08:00Z,2.00
2025-12-28T01:09:00Z,1.81
2025-12-28T01:11:00Z,2.00
2025-12-28T01:12:00Z,1.66
2025-12-28T01:13:00Z,2.00
2025-12-28T01:14:00Z,1.97
2025-12-28T01:16:00Z,1.00
2025-12-28T01:18:00Z,1.97
2025-12-28T01:19:00Z,2.00
2025-12-28T01:20:00Z,2.00
2025-12-28T01:21:00Z,2.00
2025-12-28T01:22:00Z,1.00
2025-12-28T01:26:00Z,1.65
2025-12-28T01:27:00Z,2.00
2025-12-28T01:28:00Z,2.00
2025-12-28T01:33:00Z,1.00
2025-12-28T01:34:00Z,2.00
2025-12-28T01:35:00Z,1.00
2025-12-28T01:36:00Z,1.00
2025-12-28T01:37:00Z,1.00
2025-12-28T01:41:00Z,1.93
2025-12-28T01:42:00Z,1.90
2025-12-28T01:47:00Z,2.00
2025-12-28T01:49:00Z,2.00
2025-12-28T01:53:00Z,2.00
2025-12-28T01:54:00Z,2.00
2025-12-28T01:59:00Z,1.27
2025-12-28T02:02:00Z,2.00
2025-12-28T02:13:00Z,1.00
2025-12-28T02:14:00Z,2.00
2025-12-28T02:27:00Z,2.00
2025-12-28T02:28:00Z,2.00
2025-12-28T02:29:00Z,2.00
2025-12-28T02:31:00Z,2.00
2025-12-28T02:32:00Z,2.00
2025-12-28T02:33:00Z,2.00
2025-12-28T02:43:00Z,2.00
2025-12-28T02:47:00Z,2.00
2025-12-28T02:48:00Z,1.98
2025-12-28T02:50:00Z,2.00
2025-12-28T02:55:00Z,2.00
2025-12-28T02:56:00Z,2.00
2025-12-28T03:00:00Z,2.00
2025-12-28T03:01:00Z,2.00
2025-12-28T03:04:00Z,1.91
2025-12-28T03:09:00Z,2.00
2025-12-28T03:11:00Z,2.00
2025-12-28T03:12:00Z,1.00
2025-12-28T03:18:00Z,2.00
2025-12-28T03:20:00Z,1.00
2025-12-28T03:22:00Z,2.00
2025-12-28T03:24:00Z,1.00
2025-12-28T03:32:00Z,2.00
2025-12-28T03:35:00Z,1.00
2025-12-28T03:36:00Z,2.00
2025-12-28T03:38:00Z,1.00
2025-12-28T03:41:00Z,2.00
2025-12-28T03:46:00Z,2.00
2025-12-28T03:47:00Z,1.00
2025-12-28T03:50:00Z,2.00
2025-12-28T03:51:00Z,2.00
2025-12-28T03:55:00Z,2.00
2025-12-28T03:56:00Z,2.00
2025-12-28T04:00:00Z,1.00
2025-12-28T04:01:00Z,2.00
2025-12-28T04:06:00Z,2.00
2025-12-28T04:08:00Z,1.00
2025-12-28T04:09:00Z,1.00
2025-12-28T04:10:00Z,1.00
2025-12-28T04:17:00Z,2.00
2025-12-28T04:18:00Z,2.00
2025-12-28T04:22:00Z,2.00
2025-12-28T04:23:00Z,2.00
2025-12-28T04:25:00Z,2.00
2025-12-28T04:26:00Z,2.00
2025-12-28T04:33:00Z,2.00
2025-12-28T04:35:00Z,2.00
2025-12-28T04:41:00Z,2.00
2025-12-28T04:42:00Z,2.00
2025-12-28T04:52:00Z,2.00
2025-12-28T04:53:00Z,2.00
2025-12-28T04:55:00Z,2.00
2025-12-28T05:00:00Z,2.00
2025-12-28T05:01:00Z,1.00
2025-12-28T05:02:00Z,2.00
2025-12-28T05:04:00Z,1.00
2025-12-28T05:05:00Z,1.59
2025-12-28T05:08:00Z,2.00
2025-12-28T05:14:00Z,1.00
2025-12-28T05:15:00Z,2.00
2025-12-28T05:18:00Z,1.00
2025-12-28T05:19:00Z,2.00
2025-12-28T05:20:00Z,2.00
2025-12-28T05:27:00Z,2.00
2025-12-28T05:32:00Z,1.00
2025-12-28T05:33:00Z,2.00
2025-12-28T05:34:00Z,1.99
2025-12-28T05:42:00Z,2.00
2025-12-28T05:49:00Z,1.00
2025-12-28T05:50:00Z,2.00
2025-12-28T06:03:00Z,2.00
2025-12-28T06:04:00Z,2.00
2025-12-28T06:05:00Z,1.89
2025-12-28T06:08:00Z,2.80
2025-12-28T06:10:00Z,2.00
2025-12-28T06:12:00Z,2.12
2025-12-28T06:13:00Z,3.00
2025-12-28T06:15:00Z,3.00
2025-12-28T06:16:00Z,3.00
2025-12-28T06:19:00Z,2.75
2025-12-28T06:20:00Z,3.00
2025-12-28T06:21:00Z,3.00
2025-12-28T06:22:00Z,3.00
2025-12-28T06:23:00Z,3.00
2025-12-28T06:25:00Z,2.07
2025-12-28T06:28:00Z,2.81
2025-12-28T06:36:00Z,3.00
2025-12-28T06:37:00Z,3.00
2025-12-28T06:38:00Z,3.00
2025-12-28T06:40:00Z,3.00
2025-12-28T06:44:00Z,2.00
2025-12-28T06:46:00Z,2.14
2025-12-28T06:47:00Z,3.00
2025-12-28T06:53:00Z,3.00
2025-12-28T06:55:00Z,2.17
2025-12-28T06:56:00Z,3.00
2025-12-28T06:57:00Z,3.00
2025-12-28T06:59:00Z,3.00
2025-12-28T07:01:00Z,3.00
2025-12-28T07:04:00Z,3.00
2025-12-28T07:11:00Z,3.00
2025-12-28T07:26:00Z,3.00
2025-12-28T07:28:00Z,1.04
2025-12-28T07:29:00Z,1.00
2025-12-28T07:46:00Z,1.00
2025-12-28T07:48:00Z,1.94
2025-12-28T07:49:00Z,2.00
2025-12-28T07:50:00Z,2.00
2025-12-28T08:00:00Z,2.00
2025-12-28T08:04:00Z,1.00
2025-12-28T08:11:00Z,1.00
2025-12-28T08:19:00Z,1.00
2025-12-28T08:20:00Z,1.00
2025-12-28T08:30:00Z,2.00
2025-12-28T08:41:00Z,1.00
2025-12-28T08:42:00Z,2.00
2025-12-28T08:43:00Z,2.00
2025-12-28T08:49:00Z,2.00
2025-12-28T08:54:00Z,2.00
2025-12-28T08:56:00Z,1.00
2025-12-28T09:09:00Z,2.00
2025-12-28T09:12:00Z,1.37
2025-12-28T09:13:00Z,1.00
2025-12-28T09:19:00Z,2.00
2025-12-28T09:25:00Z,2.00
2025-12-28T09:27:00Z,1.00
2025-12-28T09:30:00Z,2.00
2025-12-28T09:33:00Z,2.00
2025-12-28T09:42:00Z,2.00
2025-12-28T09:48:00Z,2.00
2025-12-28T09:59:00Z,1.00
2025-12-28T10:04:00Z,1.00
2025-12-28T10:05:00Z,2.00
2025-12-28T10:11:00Z,2.00
2025-12-28T10:12:00Z,3.00
2025-12-28T10:13:00Z,2.56
2025-12-28T10:14:00Z,2.00
2025-12-28T10:32:00Z,3.00
2025-12-28T10:33:00Z,3.00
2025-12-28T10:34:00Z,2.99
2025-12-28T10:35:00Z,3.00
2025-12-28T10:36:00Z,2.00
2025-12-28T10:37:00Z,2.00
2025-12-28T10:38:00Z,2.00
2025-12-28T10:44:00Z,2.01
2025-12-28T10:54:00Z,3.00
2025-12-28T10:58:00Z,3.00
2025-12-28T11:00:00Z,1.22
2025-12-28T11:01:00Z,1.00
2025-12-28T11:03:00Z,1.00
2025-12-28T11:09:00Z,1.00
2025-12-28T11:16:00Z,1.00
2025-12-28T11:19:00Z,2.00
2025-12-28T11:25:00Z,1.00
2025-12-28T11:29:00Z,2.00
2025-12-28T11:32:00Z,2.00
2025-12-28T11:50:00Z,2.00
2025-12-28T12:01:00Z,2.00
2025-12-28T12:15:00Z,2.00
2025-12-28T12:23:00Z,2.00
2025-12-28T12:30:00Z,2.71
2025-12-28T12:40:00Z,3.00
2025-12-28T12:42:00Z,2.00
2025-12-28T12:43:00Z,3.00
2025-12-28T12:45:00Z,3.00
2025-12-28T12:48:00Z,2.00
2025-12-28T12:51:00Z,2.00
2025-12-28T12:57:00Z,2.00
2025-12-28T13:11:00Z,2.00
2025-12-28T13:12:00Z,3.00
2025-12-28T13:17:00Z,3.00
2025-12-28T13:23:00Z,2.42
2025-12-28T13:25:00Z,2.00
2025-12-28T13:32:00Z,2.00
2025-12-28T13:33:00Z,2.00
2025-12-28T13:39:00Z,2.00
2025-12-28T13:51:00Z,2.17
2025-12-28T13:54:00Z,2.25
2025-12-28T14:01:00Z,2.00
2025-12-28T14:11:00Z,2.00
2025-12-28T14:12:00Z,2.00
2025-12-28T14:21:00Z,2.00
2025-12-28T14:24:00Z,1.00
2025-12-28T14:27:00Z,2.26
2025-12-28T14:28:00Z,2.00
2025-12-28T14:29:00Z,2.27
2025-12-28T14:34:00Z,3.00
2025-12-28T14:38:00Z,2.00
2025-12-28T14:43:00Z,1.00
2025-12-28T14:45:00Z,2.20
2025-12-28T14:47:00Z,3.00
2025-12-28T14:49:00Z,2.00
2025-12-28T15:08:00Z,1.00
2025-12-28T15:14:00Z,1.00
2025-12-28T15:18:00Z,2.00
2025-12-28T15:19:00Z,2.00
2025-12-28T15:23:00Z,2.00
2025-12-28T15:26:00Z,2.00
2025-12-28T15:27:00Z,1.00
2025-12-28T15:28:00Z,2.51
2025-12-28T15:30:00Z,3.00
2025-12-28T15:34:00Z,3.00
2025-12-28T15:35:00Z,1.00
2025-12-28T15:45:00Z,2.00
2025-12-28T15:57:00Z,2.00
2025-12-28T15:59:00Z,1.00
2025-12-28T16:00:00Z,1.00
2025-12-28T16:03:00Z,2.00
2025-12-28T16:07:00Z,1.00
2025-12-28T16:08:00Z,2.26
2025-12-28T16:18:00Z,2.39
2025-12-28T16:23:00Z,3.00
2025-12-28T16:33:00Z,2.00
2025-12-28T16:38:00Z,1.00
2025-12-28T16:41:00Z,1.00
2025-12-28T16:47:00Z,2.00
2025-12-28T16:51:00Z,2.00
2025-12-28T16:53:00Z,2.00
2025-12-28T16:56:00Z,2.00
2025-12-28T17:02:00Z,2.00
2025-12-28T17:08:00Z,2.00
2025-12-28T17:11:00Z,2.00
2025-12-28T17:23:00Z,1.00
2025-12-28T17:24:00Z,2.00
2025-12-28T17:25:00Z,2.00
2025-12-28T17:29:00Z,2.00
2025-12-28T17:38:00Z,2.00
2025-12-28T17:40:00Z,2.00
2025-12-28T17:42:00Z,2.00
2025-12-28T17:45:00Z,1.00
2025-12-28T17:46:00Z,1.65
2025-12-28T17:49:00Z,1.00
2025-12-28T17:51:00Z,2.00
2025-12-28T17:55:00Z,2.00
2025-12-28T18:00:00Z,2.00
2025-12-28T18:01:00Z,2.00
2025-12-28T18:02:00Z,2.00
2025-12-28T18:10:00Z,1.00
2025-12-28T18:12:00Z,2.00
2025-12-28T18:14:00Z,1.00
2025-12-28T18:18:00Z,2.00
2025-12-28T18:21:00Z,1.00
2025-12-28T18:23:00Z,2.00
2025-12-28T18:25:00Z,2.00
2025-12-28T18:29:00Z,2.00
2025-12-28T18:32:00Z,2.00
2025-12-28T18:33:00Z,1.00
2025-12-28T18:35:00Z,2.00
2025-12-28T18:37:00Z,1.00
2025-12-28T18:38:00Z,1.00
2025-12-28T18:43:00Z,2.00
2025-12-28T18:46:00Z,1.00
2025-12-28T18:49:00Z,2.00
2025-12-28T18:56:00Z,1.00
2025-12-28T19:01:00Z,2.00
2025-12-28T19:06:00Z,1.00
2025-12-28T19:07:00Z,1.00
2025-12-28T19:08:00Z,1.00
2025-12-28T19:10:00Z,1.00
2025-12-28T19:13:00Z,1.00
2025-12-28T19:15:00Z,1.00
2025-12-28T19:16:00Z,1.00
2025-12-28T19:19:00Z,1.00
2025-12-28T19:21:00Z,1.00
2025-12-28T19:22:00Z,1.00
2025-12-28T19:24:00Z,1.00
2025-12-28T19:25:00Z,1.00
2025-12-28T19:28:00Z,1.00
2025-12-28T19:30:00Z,1.00
2025-12-28T19:31:00Z,1.00
2025-12-28T19:35:00Z,1.00
2025-12-28T19:39:00Z,1.00
2025-12-28T19:40:00Z,1.00
2025-12-28T19:42:00Z,1.00
2025-12-28T19:44:00Z,1.00
2025-12-28T19:46:00Z,1.00
2025-12-28T19:47:00Z,1.00
2025-12-28T19:50:00Z,1.00
2025-12-28T19:53:00Z,1.00
2025-12-28T19:58:00Z,1.00
2025-12-28T19:59:00Z,1.00
2025-12-28T20:00:00Z,1.00
2025-12-28T20:01:00Z,1.00
2025-12-28T20:04:00Z,1.00
2025-12-28T20:06:00Z,1.00
2025-12-28T20:07:00Z,1.00
2025-12-28T20:10:00Z,1.00
2025-12-28T20:13:00Z,1.00
2025-12-28T20:16:00Z,1.00
2025-12-28T20:18:00Z,1.00
2025-12-28T20:19:00Z,1.00
2025-12-28T20:20:00Z,1.00
2025-12-28T20:22:00Z,1.00
2025-12-28T20:25:00Z,1.00
2025-12-28T20:28:00Z,1.00
2025-12-28T20:29:00Z,1.00
2025-12-28T20:31:00Z,1.00
2025-12-28T20:32:00Z,1.46
2025-12-28T20:33:00Z,2.00
2025-12-28T20:35:00Z,2.00
2025-12-28T20:36:00Z,2.00
2025-12-28T20:39:00Z,1.00
2025-12-28T20:40:00Z,1.28
2025-12-28T20:41:00Z,2.00
2025-12-28T20:48:00Z,2.00
2025-12-28T20:51:00Z,2.00
2025-12-28T20:52:00Z,2.00
2025-12-28T20:56:00Z,2.00
2025-12-28T21:01:00Z,1.00
2025-12-28T21:02:00Z,2.00
2025-12-28T21:04:00Z,2.00
2025-12-28T21:07:00Z,1.00
2025-12-28T21:17:00Z,1.00
2025-12-28T21:20:00Z,2.00
2025-12-28T21:34:00Z,1.00
2025-12-28T21:36:00Z,1.00
2025-12-28T21:37:00Z,1.19
2025-12-28T21:38:00Z,1.00
2025-12-28T21:40:00Z,2.00
2025-12-28T21:42:00Z,2.00
2025-12-28T21:46:00Z,1.00
2025-12-28T21:50:00Z,2.00
2025-12-28T21:54:00Z,2.00
2025-12-28T21:55:00Z,2.00
2025-12-28T22:03:00Z,1.00
2025-12-28T22:04:00Z,1.00
2025-12-28T22:08:00Z,1.00
2025-12-28T22:18:00Z,2.00
2025-12-28T22:29:00Z,1.00
2025-12-28T22:31:00Z,2.00
2025-12-28T22:34:00Z,2.00
2025-12-28T22:38:00Z,1.00
2025-12-28T22:39:00Z,1.97
2025-12-28T22:42:00Z,1.00
2025-12-28T22:43:00Z,2.00
2025-12-28T22:44:00Z,2.00
2025-12-28T22:48:00Z,2.00
2025-12-28T22:53:00Z,2.00
2025-12-28T22:56:00Z,2.00
2025-12-28T22:59:00Z,1.00
2025-12-28T23:00:00Z,2.00
2025-12-28T23:04:00Z,2.00
2025-12-28T23:05:00Z,2.00
2025-12-28T23:11:00Z,1.00
2025-12-28T23:14:00Z,1.97
2025-12-28T23:15:00Z,2.00
2025-12-28T23:16:00Z,1.90
2025-12-28T23:17:00Z,2.00
2025-12-28T23:26:00Z,2.00
2025-12-28T23:27:00Z,1.00
2025-12-28T23:30:00Z,1.30
2025-12-28T23:32:00Z,2.00
2025-12-28T23:33:00Z,2.00
2025-12-28T23:41:00Z,2.00
2025-12-28T23:43:00Z,1.00
2025-12-28T23:45:00Z,2.00
2025-12-28T23:46:00Z,2.00
2025-12-28T23:51:00Z,2.00
2025-12-28T23:56:00Z,2.00
2025-12-28T23:57:00Z,2.00
2025-12-29T00:01:00Z,2.00
2025-12-29T00:08:00Z,2.00
2025-12-29T00:15:00Z,2.00
2025-12-29T00:17:00Z,2.00
2025-12-29T00:20:00Z,1.00
2025-12-29T00:28:00Z,2.00
2025-12-29T00:31:00Z,2.00
2025-12-29T00:32:00Z,2.00
2025-12-29T00:33:00Z,2.00
2025-12-29T00:36:00Z,2.00
2025-12-29T00:37:00Z,2.00
2025-12-29T00:38:00Z,2.00
2025-12-29T00:42:00Z,2.00
2025-12-29T00:46:00Z,2.00
2025-12-29T00:49:00Z,2.00
2025-12-29T00:53:00Z,2.00
2025-12-29T00:54:00Z,2.00
2025-12-29T00:55:00Z,2.00
2025-12-29T00:57:00Z,2.00
2025-12-29T00:59:00Z,2.00
2025-12-29T01:00:00Z,1.81
2025-12-29T01:08:00Z,2.00
2025-12-29T01:13:00Z,2.00
2025-12-29T01:14:00Z,1.91
2025-12-29T01:19:00Z,2.00
2025-12-29T01:20:00Z,2.00
2025-12-29T01:22:00Z,2.00
2025-12-29T01:25:00Z,3.00
2025-12-29T01:26:00Z,3.00
2025-12-29T01:27:00Z,3.00
2025-12-29T01:31:00Z,2.00
2025-12-29T01:32:00Z,2.00
2025-12-29T01:33:00Z,3.00
2025-12-29T01:35:00Z,3.00
2025-12-29T01:37:00Z,3.00
2025-12-29T01:40:00Z,3.00
2025-12-29T01:42:00Z,3.00
2025-12-29T01:44:00Z,3.00
2025-12-29T01:45:00Z,3.00
2025-12-29T01:46:00Z,3.00
2025-12-29T01:47:00Z,3.00
2025-12-29T01:48:00Z,2.00
2025-12-29T01:50:00Z,3.00
2025-12-29T01:53:00Z,3.00
2025-12-29T01:55:00Z,3.00
2025-12-29T01:56:00Z,3.00
2025-12-29T01:58:00Z,3.00
2025-12-29T01:59:00Z,3.00
2025-12-29T02:02:00Z,3.00
2025-12-29T02:03:00Z,3.00
2025-12-29T02:04:00Z,3.00
2025-12-29T02:05:00Z,3.00
2025-12-29T02:08:00Z,3.00
2025-12-29T02:09:00Z,3.00
2025-12-29T02:10:00Z,3.00
2025-12-29T02:11:00Z,2.95
2025-12-29T02:12:00Z,3.00
2025-12-29T02:14:00Z,3.00
2025-12-29T02:16:00Z,2.99
2025-12-29T02:17:00Z,3.00
2025-12-29T02:18:00Z,3.00
2025-12-29T02:19:00Z,3.00
2025-12-29T02:20:00Z,3.00
2025-12-29T02:21:00Z,2.00
2025-12-29T02:23:00Z,3.00
2025-12-29T02:24:00Z,3.00
2025-12-29T02:25:00Z,3.00
2025-12-29T02:26:00Z,2.00
2025-12-29T02:28:00Z,3.00
2025-12-29T02:31:00Z,3.00
2025-12-29T02:32:00Z,3.00
2025-12-29T02:36:00Z,3.00
2025-12-29T02:37:00Z,1.02
2025-12-29T02:43:00Z,3.00
2025-12-29T02:44:00Z,3.00
2025-12-29T02:47:00Z,3.00
2025-12-29T02:52:00Z,3.00
2025-12-29T02:53:00Z,3.00
2025-12-29T02:55:00Z,3.00
2025-12-29T02:56:00Z,3.00
2025-12-29T02:57:00Z,3.00
2025-12-29T03:00:00Z,3.00
2025-12-29T03:02:00Z,3.00
2025-12-29T03:04:00Z,3.00
2025-12-29T03:05:00Z,2.93
2025-12-29T03:06:00Z,3.00
2025-12-29T03:07:00Z,3.00
2025-12-29T03:10:00Z,2.86
2025-12-29T03:11:00Z,3.00
2025-12-29T03:12:00Z,3.00
2025-12-29T03:13:00Z,3.00
2025-12-29T03:14:00Z,3.00
2025-12-29T03:16:00Z,3.00
2025-12-29T03:20:00Z,3.00
2025-12-29T03:21:00Z,3.00
2025-12-29T03:23:00Z,3.00
2025-12-29T03:24:00Z,3.00
2025-12-29T03:25:00Z,3.00
2025-12-29T03:26:00Z,3.00
2025-12-29T03:27:00Z,3.00
2025-12-29T03:28:00Z,3.00
2025-12-29T03:29:00Z,3.00
2025-12-29T03:30:00Z,3.00
2025-12-29T03:31:00Z,3.00
2025-12-29T03:32:00Z,3.00
2025-12-29T03:33:00Z,3.00
2025-12-29T03:34:00Z,3.00
2025-12-29T03:35:00Z,3.00
2025-12-29T03:36:00Z,3.00
2025-12-29T03:38:00Z,3.00
2025-12-29T03:39:00Z,3.00
2025-12-29T03:41:00Z,3.00
2025-12-29T03:43:00Z,3.00
2025-12-29T03:44:00Z,3.35
2025-12-29T03:45:00Z,3.60
2025-12-29T03:46:00Z,3.42
2025-12-29T03:47:00Z,4.00
2025-12-29T03:48:00Z,3.99
2025-12-29T03:49:00Z,4.00
2025-12-29T03:50:00Z,4.00
2025-12-29T03:52:00Z,4.00
2025-12-29T03:53:00Z,4.12
2025-12-29T03:54:00Z,5.00
2025-12-29T03:55:00Z,5.00
2025-12-29T03:56:00Z,5.00
2025-12-29T03:57:00Z,5.00
2025-12-29T03:58:00Z,5.00
2025-12-29T03:59:00Z,4.99
2025-12-29T04:01:00Z,5.00
2025-12-29T04:02:00Z,4.96
2025-12-29T04:03:00Z,5.00
2025-12-29T04:04:00Z,5.00
2025-12-29T04:05:00Z,5.00
2025-12-29T04:06:00Z,5.00
2025-12-29T04:07:00Z,4.65
2025-12-29T04:08:00Z,5.00
2025-12-29T04:09:00Z,5.00
2025-12-29T04:10:00Z,3.55
2025-12-29T04:12:00Z,5.00
2025-12-29T04:13:00Z,5.00
2025-12-29T04:14:00Z,5.00
2025-12-29T04:15:00Z,5.00
2025-12-29T04:17:00Z,5.00
2025-12-29T04:18:00Z,5.00
2025-12-29T04:19:00Z,5.00
2025-12-29T04:20:00Z,5.00
2025-12-29T04:22:00Z,5.00
2025-12-29T04:23:00Z,4.00
2025-12-29T04:24:00Z,5.00
2025-12-29T04:25:00Z,5.96
2025-12-29T04:26:00Z,5.71
2025-12-29T04:29:00Z,6.00
2025-12-29T04:33:00Z,5.00
2025-12-29T04:37:00Z,5.00
2025-12-29T04:38:00Z,4.35
2025-12-29T04:39:00Z,6.00
2025-12-29T04:41:00Z,6.00
2025-12-29T04:42:00Z,6.00
2025-12-29T04:43:00Z,5.11
2025-12-29T04:44:00Z,7.88
2025-12-29T04:45:00Z,7.91
2025-12-29T04:46:00Z,7.99
2025-12-29T04:47:00Z,5.19
2025-12-29T04:48:00Z,7.00
2025-12-29T04:49:00Z,6.94
2025-12-29T04:50:00Z,7.00
2025-12-29T04:51:00Z,7.00
2025-12-29T04:52:00Z,7.00
2025-12-29T04:53:00Z,6.00
2025-12-29T04:54:00Z,5.91
2025-12-29T04:55:00Z,6.40
2025-12-29T04:56:00Z,6.28
2025-12-29T04:57:00Z,6.00
2025-12-29T04:58:00Z,7.00
2025-12-29T04:59:00Z,7.00
2025-12-29T05:00:00Z,6.61
2025-12-29T05:01:00Z,6.00
2025-12-29T05:03:00Z,5.00
2025-12-29T05:04:00Z,6.00
2025-12-29T05:05:00Z,6.00
2025-12-29T05:06:00Z,5.05
2025-12-29T05:07:00Z,5.00
2025-12-29T05:08:00Z,4.00
2025-12-29T05:09:00Z,4.29
2025-12-29T05:10:00Z,5.26
2025-12-29T05:11:00Z,5.98
2025-12-29T05:12:00Z,6.00
2025-12-29T05:13:00Z,6.40
2025-12-29T05:14:00Z,6.00
2025-12-29T05:16:00Z,6.00
2025-12-29T05:18:00Z,6.41
2025-12-29T05:19:00Z,6.84
2025-12-29T05:20:00Z,6.38
2025-12-29T05:21:00Z,7.00
2025-12-29T05:22:00Z,7.00
2025-12-29T05:23:00Z,7.00
2025-12-29T05:24:00Z,6.94
2025-12-29T05:25:00Z,6.00
2025-12-29T05:27:00Z,6.54
2025-12-29T05:28:00Z,7.00
2025-12-29T05:29:00Z,7.00
2025-12-29T05:30:00Z,7.00
2025-12-29T05:31:00Z,7.00
2025-12-29T05:33:00Z,6.04
2025-12-29T05:34:00Z,7.00
2025-12-29T05:35:00Z,5.00
2025-12-29T05:37:00Z,5.00
2025-12-29T05:38:00Z,3.77
2025-12-29T05:39:00Z,4.32
2025-12-29T05:41:00Z,4.00
2025-12-29T05:42:00Z,4.98
2025-12-29T05:43:00Z,4.00
2025-12-29T05:44:00Z,5.00
2025-12-29T05:46:00Z,5.00
2025-12-29T05:47:00Z,5.00
2025-12-29T05:49:00Z,4.00
2025-12-29T05:50:00Z,5.00
2025-12-29T05:51:00Z,6.00
2025-12-29T05:54:00Z,5.96
2025-12-29T05:55:00Z,5.00
2025-12-29T05:56:00Z,6.00
2025-12-29T05:57:00Z,6.00
2025-12-29T05:58:00Z,6.00
2025-12-29T06:00:00Z,5.00
2025-12-29T06:01:00Z,5.00
2025-12-29T06:02:00Z,6.00
2025-12-29T06:04:00Z,5.41
2025-12-29T06:06:00Z,6.00
2025-12-29T06:07:00Z,6.00
2025-12-29T06:10:00Z,5.00
2025-12-29T06:11:00Z,5.00
2025-12-29T06:12:00Z,6.00
2025-12-29T06:13:00Z,5.00
2025-12-29T06:16:00Z,5.98
2025-12-29T06:18:00Z,6.00
2025-12-29T06:21:00Z,6.00
2025-12-29T06:22:00Z,6.00
2025-12-29T06:26:00Z,6.00
2025-12-29T06:27:00Z,6.00
2025-12-29T06:28:00Z,5.89
2025-12-29T06:31:00Z,6.00
2025-12-29T06:32:00Z,6.00
2025-12-29T06:34:00Z,6.00
2025-12-29T06:40:00Z,3.28
2025-12-29T06:42:00Z,5.00
2025-12-29T06:45:00Z,5.00
2025-12-29T06:46:00Z,5.00
2025-12-29T06:48:00Z,5.00
2025-12-29T06:49:00Z,4.96
2025-12-29T06:50:00Z,5.00
2025-12-29T06:55:00Z,4.04
2025-12-29T07:00:00Z,4.00
2025-12-29T07:04:00Z,5.00
2025-12-29T07:07:00Z,4.00
2025-12-29T07:09:00Z,5.42
2025-12-29T07:12:00Z,5.00
2025-12-29T07:15:00Z,4.00
2025-12-29T07:17:00Z,5.00
2025-12-29T07:18:00Z,4.00
2025-12-29T07:19:00Z,5.00
2025-12-29T07:26:00Z,5.00
2025-12-29T07:31:00Z,3.21
2025-12-29T07:33:00Z,5.92
2025-12-29T07:34:00Z,6.00
2025-12-29T07:35:00Z,6.00
2025-12-29T07:37:00Z,5.00
2025-12-29T07:40:00Z,6.00
2025-12-29T07:43:00Z,5.00
2025-12-29T07:45:00Z,5.00
2025-12-29T07:46:00Z,5.00
2025-12-29T07:47:00Z,4.00
2025-12-29T07:48:00Z,4.82
2025-12-29T07:52:00Z,6.00
2025-12-29T07:54:00Z,5.48
2025-12-29T07:57:00Z,6.00
2025-12-29T07:58:00Z,5.82
2025-12-29T07:59:00Z,5.00
2025-12-29T08:00:00Z,6.00
2025-12-29T08:01:00Z,4.00
2025-12-29T08:03:00Z,4.00
2025-12-29T08:04:00Z,5.00
2025-12-29T08:07:00Z,4.00
2025-12-29T08:10:00Z,4.00
2025-12-29T08:11:00Z,4.50
2025-12-29T08:12:00Z,5.00
2025-12-29T08:14:00Z,6.00
2025-12-29T08:15:00Z,6.00
2025-12-29T08:21:00Z,5.00
2025-12-29T08:23:00Z,5.00
2025-12-29T08:33:00Z,4.00
2025-12-29T08:36:00Z,4.00
2025-12-29T08:38:00Z,5.00
2025-12-29T08:40:00Z,5.00
2025-12-29T08:41:00Z,4.00
2025-12-29T08:47:00Z,4.00
2025-12-29T08:48:00Z,3.00
2025-12-29T08:49:00Z,2.00
2025-12-29T08:51:00Z,5.30
2025-12-29T08:53:00Z,3.00
2025-12-29T08:54:00Z,2.00
2025-12-29T08:57:00Z,2.00
2025-12-29T09:02:00Z,3.68
2025-12-29T09:09:00Z,3.80
2025-12-29T09:12:00Z,3.00
2025-12-29T09:13:00Z,3.00
2025-12-29T09:14:00Z,4.27
2025-12-29T09:15:00Z,5.00
2025-12-29T09:26:00Z,5.00
2025-12-29T09:29:00Z,5.00
2025-12-29T09:30:00Z,3.47
2025-12-29T09:32:00Z,3.00
2025-12-29T09:33:00Z,3.98
2025-12-29T09:35:00Z,3.00
2025-12-29T09:37:00Z,2.12
2025-12-29T09:39:00Z,3.97
2025-12-29T09:47:00Z,3.00
2025-12-29T09:50:00Z,2.00
2025-12-29T09:51:00Z,2.00
2025-12-29T09:59:00Z,2.00
2025-12-29T10:00:00Z,3.00
2025-12-29T10:01:00Z,2.00
2025-12-29T10:02:00Z,3.87
2025-12-29T10:05:00Z,3.00
2025-12-29T10:06:00Z,3.00
2025-12-29T10:08:00Z,3.96
2025-12-29T10:09:00Z,3.00
2025-12-29T10:17:00Z,2.48
2025-12-29T10:23:00Z,3.33
2025-12-29T10:31:00Z,2.00
2025-12-29T10:36:00Z,2.00
2025-12-29T10:55:00Z,3.00
2025-12-29T10:56:00Z,3.00
2025-12-29T11:03:00Z,2.00
2025-12-29T11:06:00Z,3.00
2025-12-29T11:11:00Z,3.00
2025-12-29T11:16:00Z,3.86
2025-12-29T11:17:00Z,3.00
2025-12-29T11:27:00Z,4.00
2025-12-29T11:30:00Z,3.00
2025-12-29T11:34:00Z,2.00
2025-12-29T11:39:00Z,3.85
2025-12-29T11:42:00Z,2.16
2025-12-29T11:43:00Z,3.00
2025-12-29T11:46:00Z,2.00
2025-12-29T11:55:00Z,3.00
2025-12-29T11:56:00Z,2.00
2025-12-29T11:58:00Z,2.00
2025-12-29T12:06:00Z,1.26
2025-12-29T12:08:00Z,1.00
2025-12-29T12:11:00Z,1.39
2025-12-29T12:12:00Z,2.00
2025-12-29T12:24:00Z,2.00
2025-12-29T12:31:00Z,1.00
2025-12-29T12:32:00Z,2.00
2025-12-29T12:33:00Z,2.00
2025-12-29T12:38:00Z,2.00
2025-12-29T12:49:00Z,1.00
2025-12-29T12:53:00Z,1.00
2025-12-29T12:54:00Z,1.00
2025-12-29T12:55:00Z,2.00
2025-12-29T12:57:00Z,1.00
2025-12-29T13:06:00Z,2.00
2025-12-29T13:15:00Z,2.00
2025-12-29T13:18:00Z,2.00
2025-12-29T13:21:00Z,1.00
2025-12-29T13:22:00Z,1.00
2025-12-29T13:23:00Z,1.00
2025-12-29T13:25:00Z,2.00
2025-12-29T13:31:00Z,2.00
2025-12-29T13:39:00Z,2.00
2025-12-29T13:43:00Z,2.00
2025-12-29T13:46:00Z,1.00
2025-12-29T13:47:00Z,2.00
2025-12-29T13:53:00Z,2.00
2025-12-29T13:58:00Z,1.92
2025-12-29T14:05:00Z,2.00
2025-12-29T14:06:00Z,1.00
2025-12-29T14:07:00Z,1.00
2025-12-29T14:08:00Z,1.00
2025-12-29T14:09:00Z,1.00
2025-12-29T14:10:00Z,2.00
2025-12-29T14:11:00Z,1.97
2025-12-29T14:13:00Z,2.00
2025-12-29T14:16:00Z,2.00
2025-12-29T14:19:00Z,2.00
2025-12-29T14:20:00Z,2.00
2025-12-29T14:27:00Z,2.00
2025-12-29T14:28:00Z,2.00
2025-12-29T14:35:00Z,2.00
2025-12-29T14:39:00Z,1.00
2025-12-29T14:40:00Z,1.99
2025-12-29T14:41:00Z,1.00
2025-12-29T14:42:00Z,1.99
2025-12-29T14:43:00Z,1.00
2025-12-29T14:55:00Z,3.00
2025-12-29T14:57:00Z,3.00
2025-12-29T14:58:00Z,3.00
2025-12-29T14:59:00Z,2.00
2025-12-29T15:02:00Z,1.00
2025-12-29T15:04:00Z,3.00
2025-12-29T15:05:00Z,2.03
2025-12-29T15:06:00Z,1.00
2025-12-29T15:07:00Z,2.00
2025-12-29T15:12:00Z,1.00
2025-12-29T15:15:00Z,2.00
2025-12-29T15:16:00Z,2.00
2025-12-29T15:17:00Z,2.00
2025-12-29T15:18:00Z,1.74
2025-12-29T15:27:00Z,2.00
2025-12-29T15:29:00Z,2.00
2025-12-29T15:31:00Z,2.00
2025-12-29T15:32:00Z,2.00
2025-12-29T15:33:00Z,1.99
2025-12-29T15:34:00Z,1.89
2025-12-29T15:35:00Z,2.00
2025-12-29T15:37:00Z,2.00
2025-12-29T15:40:00Z,2.00
2025-12-29T15:41:00Z,2.00
2025-12-29T15:44:00Z,3.13
2025-12-29T15:45:00Z,3.00
2025-12-29T15:51:00Z,2.85
2025-12-29T15:52:00Z,2.00
2025-12-29T15:53:00Z,3.00
2025-12-29T15:56:00Z,2.00
2025-12-29T15:57:00Z,2.95
2025-12-29T15:58:00Z,3.00
2025-12-29T15:59:00Z,3.00
2025-12-29T16:00:00Z,2.00
2025-12-29T16:03:00Z,2.84
2025-12-29T16:04:00Z,3.00
2025-12-29T16:05:00Z,3.00
2025-12-29T16:06:00Z,3.00
2025-12-29T16:07:00Z,3.00
2025-12-29T16:08:00Z,3.00
2025-12-29T16:09:00Z,3.00
2025-12-29T16:10:00Z,2.00
2025-12-29T16:14:00Z,2.00
2025-12-29T16:18:00Z,1.00
2025-12-29T16:19:00Z,2.00
2025-12-29T16:20:00Z,2.00
2025-12-29T16:23:00Z,1.00
2025-12-29T16:26:00Z,1.00
2025-12-29T16:27:00Z,2.00
2025-12-29T16:28:00Z,2.00
2025-12-29T16:30:00Z,1.00
2025-12-29T16:31:00Z,2.00
2025-12-29T16:33:00Z,1.99
2025-12-29T16:35:00Z,2.00
2025-12-29T16:36:00Z,2.00
2025-12-29T16:38:00Z,2.00
2025-12-29T16:39:00Z,2.00
2025-12-29T16:40:00Z,1.04
2025-12-29T16:43:00Z,2.00
2025-12-29T16:44:00Z,2.00
2025-12-29T16:45:00Z,2.00
2025-12-29T16:49:00Z,1.70
2025-12-29T16:51:00Z,2.00
2025-12-29T16:54:00Z,1.97
2025-12-29T16:55:00Z,1.00
2025-12-29T16:57:00Z,1.00
2025-12-29T16:58:00Z,2.00
2025-12-29T16:59:00Z,1.00
2025-12-29T17:00:00Z,2.00
2025-12-29T17:02:00Z,1.00
2025-12-29T17:03:00Z,2.00
2025-12-29T17:04:00Z,1.00
2025-12-29T17:07:00Z,1.00
2025-12-29T17:10:00Z,2.00
2025-12-29T17:12:00Z,2.00
2025-12-29T17:13:00Z,1.00
2025-12-29T17:16:00Z,2.00
2025-12-29T17:21:00Z,1.44
2025-12-29T17:22:00Z,2.00
2025-12-29T17:23:00Z,1.00
2025-12-29T17:27:00Z,1.00
2025-12-29T17:28:00Z,1.09
2025-12-29T17:31:00Z,1.34
2025-12-29T17:33:00Z,2.00
2025-12-29T17:35:00Z,1.96
2025-12-29T17:38:00Z,2.00
2025-12-29T17:39:00Z,2.00
2025-12-29T17:40:00Z,2.00
2025-12-29T17:41:00Z,2.00
2025-12-29T17:43:00Z,2.00
2025-12-29T17:46:00Z,2.00
2025-12-29T17:52:00Z,1.00
2025-12-29T17:55:00Z,2.00
2025-12-29T17:57:00Z,1.00
2025-12-29T17:58:00Z,1.96
2025-12-29T17:59:00Z,2.00
2025-12-29T18:00:00Z,1.00
2025-12-29T18:02:00Z,2.00
2025-12-29T18:03:00Z,1.79
2025-12-29T18:05:00Z,2.00
2025-12-29T18:06:00Z,2.00
2025-12-29T18:10:00Z,2.00
2025-12-29T18:12:00Z,2.00
2025-12-29T18:15:00Z,2.00
2025-12-29T18:17:00Z,1.97
2025-12-29T18:18:00Z,2.00
2025-12-29T18:20:00Z,2.00
2025-12-29T18:22:00Z,2.00
2025-12-29T18:27:00Z,2.00
2025-12-29T18:29:00Z,1.00
2025-12-29T18:33:00Z,2.00
2025-12-29T18:34:00Z,2.00
2025-12-29T18:36:00Z,2.00
2025-12-29T18:39:00Z,1.48
2025-12-29T18:41:00Z,2.00
2025-12-29T18:42:00Z,2.00
2025-12-29T18:43:00Z,2.00
2025-12-29T18:45:00Z,2.00
2025-12-29T18:46:00Z,2.00
2025-12-29T18:51:00Z,2.00
2025-12-29T18:55:00Z,2.00
2025-12-29T18:56:00Z,1.00
2025-12-29T18:59:00Z,1.00
2025-12-29T19:00:00Z,1.00
2025-12-29T19:02:00Z,1.00
2025-12-29T19:05:00Z,1.99
2025-12-29T19:07:00Z,2.00
2025-12-29T19:08:00Z,2.00
2025-12-29T19:10:00Z,2.00
2025-12-29T19:12:00Z,2.00
2025-12-29T19:13:00Z,2.00
2025-12-29T19:14:00Z,2.00
2025-12-29T19:15:00Z,2.00
2025-12-29T19:16:00Z,2.00
2025-12-29T19:18:00Z,2.00
2025-12-29T19:19:00Z,2.00
2025-12-29T19:22:00Z,2.00
2025-12-29T19:24:00Z,2.00
2025-12-29T19:25:00Z,1.97
2025-12-29T19:28:00Z,2.00
2025-12-29T19:29:00Z,2.00
2025-12-29T19:31:00Z,2.00
2025-12-29T19:32:00Z,2.00
2025-12-29T19:36:00Z,1.79
2025-12-29T19:37:00Z,2.00
2025-12-29T19:38:00Z,2.00
2025-12-29T19:39:00Z,2.00
2025-12-29T19:46:00Z,1.00
2025-12-29T19:50:00Z,1.86
2025-12-29T19:58:00Z,2.00
2025-12-29T19:59:00Z,2.00
2025-12-29T20:01:00Z,1.80
2025-12-29T20:02:00Z,1.00
2025-12-29T20:03:00Z,2.00
2025-12-29T20:05:00Z,1.97
2025-12-29T20:06:00Z,1.99
2025-12-29T20:10:00Z,2.00
2025-12-29T20:11:00Z,1.97
2025-12-29T20:12:00Z,1.99
2025-12-29T20:13:00Z,1.00
2025-12-29T20:18:00Z,1.00
2025-12-29T20:19:00Z,2.00
2025-12-29T20:20:00Z,2.00
2025-12-29T20:21:00Z,2.00
2025-12-29T20:22:00Z,1.00
2025-12-29T20:33:00Z,1.00
2025-12-29T20:35:00Z,2.00
2025-12-29T20:40:00Z,2.00
2025-12-29T20:47:00Z,2.00
2025-12-29T20:48:00Z,2.00
2025-12-29T20:51:00Z,2.00
2025-12-29T20:52:00Z,1.00
2025-12-29T20:54:00Z,2.00
2025-12-29T20:57:00Z,2.00
2025-12-29T20:58:00Z,2.00
2025-12-29T20:59:00Z,1.00
2025-12-29T21:01:00Z,2.00
2025-12-29T21:03:00Z,2.00
2025-12-29T21:05:00Z,1.00
2025-12-29T21:06:00Z,1.00
2025-12-29T21:07:00Z,2.00
2025-12-29T21:10:00Z,2.00
2025-12-29T21:12:00Z,2.00
2025-12-29T21:15:00Z,2.00
2025-12-29T21:16:00Z,2.00
2025-12-29T21:18:00Z,1.00
2025-12-29T21:19:00Z,2.00
2025-12-29T21:23:00Z,2.00
2025-12-29T21:28:00Z,1.00
2025-12-29T21:30:00Z,1.00
2025-12-29T21:32:00Z,1.00
2025-12-29T21:34:00Z,2.00
2025-12-29T21:36:00Z,2.00
2025-12-29T21:37:00Z,2.00
2025-12-29T21:41:00Z,2.00
2025-12-29T21:42:00Z,1.29
2025-12-29T21:44:00Z,1.01
2025-12-29T21:47:00Z,2.00
2025-12-29T21:51:00Z,2.00
2025-12-29T21:54:00Z,2.00
2025-12-29T21:55:00Z,1.08
2025-12-29T21:56:00Z,1.63
2025-12-29T21:57:00Z,1.63
2025-12-29T22:00:00Z,2.00
2025-12-29T22:02:00Z,2.00
2025-12-29T22:10:00Z,2.00
2025-12-29T22:12:00Z,1.00
2025-12-29T22:22:00Z,1.00
2025-12-29T22:25:00Z,2.00
2025-12-29T22:28:00Z,2.00
2025-12-29T22:29:00Z,1.97
2025-12-29T22:34:00Z,1.01
2025-12-29T22:36:00Z,2.00
2025-12-29T22:37:00Z,2.00
2025-12-29T22:39:00Z,2.00
2025-12-29T22:40:00Z,2.00
2025-12-29T22:41:00Z,2.00
2025-12-29T22:42:00Z,1.99
2025-12-29T22:43:00Z,1.00
2025-12-29T22:44:00Z,1.00
2025-12-29T22:56:00Z,2.00
2025-12-29T23:01:00Z,1.00
2025-12-29T23:02:00Z,1.00
2025-12-29T23:03:00Z,1.00
2025-12-29T23:04:00Z,1.00
2025-12-29T23:05:00Z,1.00
2025-12-29T23:06:00Z,2.00
2025-12-29T23:08:00Z,1.00
2025-12-29T23:09:00Z,2.00
2025-12-29T23:11:00Z,1.00
2025-12-29T23:12:00Z,1.59
2025-12-29T23:14:00Z,2.00
2025-12-29T23:15:00Z,1.00
2025-12-29T23:16:00Z,2.00
2025-12-29T23:17:00Z,2.00
2025-12-29T23:18:00Z,2.00
2025-12-29T23:19:00Z,2.00
2025-12-29T23:21:00Z,2.00
2025-12-29T23:22:00Z,2.00
2025-12-29T23:23:00Z,1.00
2025-12-29T23:25:00Z,1.00
2025-12-29T23:28:00Z,2.00
2025-12-29T23:29:00Z,2.00
2025-12-29T23:33:00Z,1.00
2025-12-29T23:35:00Z,2.00
2025-12-29T23:37:00Z,1.00
2025-12-29T23:38:00Z,2.00
2025-12-29T23:45:00Z,1.00
2025-12-29T23:47:00Z,1.00
2025-12-29T23:49:00Z,1.42
2025-12-29T23:50:00Z,2.00
2025-12-29T23:56:00Z,2.00
2025-12-30T00:04:00Z,2.00
2025-12-30T00:10:00Z,2.00
2025-12-30T00:19:00Z,2.00
2025-12-30T00:22:00Z,2.00
2025-12-30T00:23:00Z,2.00
2025-12-30T00:25:00Z,2.00
2025-12-30T00:35:00Z,2.00
2025-12-30T00:39:00Z,2.00
2025-12-30T00:46:00Z,2.00
2025-12-30T00:48:00Z,2.00
2025-12-30T00:55:00Z,2.00
2025-12-30T00:58:00Z,2.00
2025-12-30T01:00:00Z,1.00
2025-12-30T01:02:00Z,2.00
2025-12-30T01:04:00Z,1.00
2025-12-30T01:05:00Z,2.00
2025-12-30T01:08:00Z,1.00
2025-12-30T01:14:00Z,1.96
2025-12-30T01:16:00Z,2.00
2025-12-30T01:34:00Z,2.00
2025-12-30T01:35:00Z,2.00
2025-12-30T01:37:00Z,1.00
2025-12-30T01:39:00Z,1.00
2025-12-30T01:41:00Z,2.00
2025-12-30T01:42:00Z,2.00
2025-12-30T01:44:00Z,2.00
2025-12-30T01:45:00Z,2.00
2025-12-30T01:48:00Z,2.00
2025-12-30T01:57:00Z,2.00
2025-12-30T02:07:00Z,2.00
2025-12-30T02:09:00Z,1.00
2025-12-30T02:11:00Z,1.00
2025-12-30T02:12:00Z,2.00
2025-12-30T02:14:00Z,2.00
2025-12-30T02:15:00Z,1.67
2025-12-30T02:16:00Z,2.00
2025-12-30T02:17:00Z,2.00
2025-12-30T02:18:00Z,2.00
2025-12-30T02:27:00Z,2.00
2025-12-30T02:30:00Z,2.00
2025-12-30T02:35:00Z,2.00
2025-12-30T02:37:00Z,2.00
2025-12-30T02:38:00Z,2.00
2025-12-30T02:41:00Z,2.00
2025-12-30T02:50:00Z,2.00
2025-12-30T02:51:00Z,2.00
2025-12-30T02:52:00Z,2.00
2025-12-30T02:58:00Z,2.00
2025-12-30T03:03:00Z,2.00
2025-12-30T03:04:00Z,2.00
2025-12-30T03:12:00Z,2.00
2025-12-30T03:17:00Z,2.00
2025-12-30T03:18:00Z,2.00
2025-12-30T03:23:00Z,1.00
2025-12-30T03:24:00Z,1.00
2025-12-30T03:25:00Z,1.02
2025-12-30T03:38:00Z,2.00
2025-12-30T03:40:00Z,2.00
2025-12-30T03:41:00Z,2.00
2025-12-30T03:45:00Z,2.00
2025-12-30T03:51:00Z,2.00
2025-12-30T03:55:00Z,1.09
2025-12-30T03:59:00Z,2.00
2025-12-30T04:12:00Z,1.79
2025-12-30T04:13:00Z,2.00
2025-12-30T04:20:00Z,2.00
2025-12-30T04:22:00Z,2.00
2025-12-30T04:26:00Z,2.00
2025-12-30T04:33:00Z,2.00
2025-12-30T04:35:00Z,2.00
2025-12-30T04:40:00Z,2.00
2025-12-30T04:47:00Z,1.88
2025-12-30T04:55:00Z,2.00
2025-12-30T04:56:00Z,2.00
2025-12-30T05:00:00Z,2.00
2025-12-30T05:05:00Z,1.98
2025-12-30T05:09:00Z,2.00
2025-12-30T05:11:00Z,1.00
2025-12-30T05:12:00Z,2.00
2025-12-30T05:13:00Z,2.00
2025-12-30T05:15:00Z,1.00
2025-12-30T05:18:00Z,1.00
2025-12-30T05:21:00Z,2.00
2025-12-30T05:25:00Z,1.00
2025-12-30T05:28:00Z,2.00
2025-12-30T05:32:00Z,2.00
2025-12-30T05:33:00Z,2.00
2025-12-30T05:48:00Z,2.00
2025-12-30T05:53:00Z,1.00
2025-12-30T05:56:00Z,2.00
2025-12-30T06:14:00Z,2.00
2025-12-30T06:15:00Z,2.00
2025-12-30T06:16:00Z,1.98
2025-12-30T06:23:00Z,2.00
2025-12-30T06:24:00Z,2.00
2025-12-30T06:29:00Z,2.00
2025-12-30T06:36:00Z,2.00
2025-12-30T06:49:00Z,1.00
2025-12-30T06:52:00Z,2.00
2025-12-30T07:09:00Z,2.00
2025-12-30T07:12:00Z,2.00
2025-12-30T07:30:00Z,2.00
2025-12-30T07:34:00Z,1.00
2025-12-30T07:50:00Z,2.00
2025-12-30T07:56:00Z,2.00
2025-12-30T08:00:00Z,2.00
2025-12-30T08:16:00Z,2.00
2025-12-30T08:17:00Z,1.92
2025-12-30T08:20:00Z,2.00
2025-12-30T08:22:00Z,2.00
2025-12-30T08:35:00Z,1.00
2025-12-30T08:39:00Z,1.00
2025-12-30T09:19:00Z,1.00
2025-12-30T09:21:00Z,1.00
2025-12-30T09:26:00Z,2.00
2025-12-30T09:32:00Z,1.00
2025-12-30T09:47:00Z,1.00
2025-12-30T09:48:00Z,2.00
2025-12-30T10:09:00Z,2.00
2025-12-30T10:10:00Z,1.00
2025-12-30T10:15:00Z,1.00
2025-12-30T10:19:00Z,1.00
2025-12-30T10:21:00Z,1.00
2025-12-30T10:29:00Z,1.00
2025-12-30T10:31:00Z,1.00
2025-12-30T10:34:00Z,2.00
2025-12-30T10:38:00Z,2.00
2025-12-30T10:40:00Z,2.00
2025-12-30T10:48:00Z,2.00
2025-12-30T10:57:00Z,2.00
2025-12-30T11:13:00Z,2.00
2025-12-30T11:14:00Z,2.00
2025-12-30T11:15:00Z,2.00
2025-12-30T11:27:00Z,2.00
2025-12-30T11:42:00Z,2.00
2025-12-30T11:53:00Z,2.00
2025-12-30T11:55:00Z,2.00
2025-12-30T11:56:00Z,2.00
2025-12-30T11:57:00Z,2.00
2025-12-30T12:07:00Z,2.00
2025-12-30T12:13:00Z,2.00
2025-12-30T12:18:00Z,2.00
2025-12-30T12:21:00Z,2.00
2025-12-30T12:22:00Z,2.00
2025-12-30T12:27:00Z,2.00
2025-12-30T12:29:00Z,2.00
2025-12-30T12:33:00Z,2.00
2025-12-30T12:37:00Z,2.00
2025-12-30T12:47:00Z,2.00
2025-12-30T12:50:00Z,2.00
2025-12-30T12:52:00Z,2.00
2025-12-30T13:00:00Z,2.00
2025-12-30T13:02:00Z,2.00
2025-12-30T13:09:00Z,2.00
2025-12-30T13:11:00Z,2.00
2025-12-30T13:18:00Z,2.00
2025-12-30T13:40:00Z,2.00
2025-12-30T13:41:00Z,2.00
2025-12-30T13:45:00Z,2.00
2025-12-30T13:46:00Z,2.00
2025-12-30T13:47:00Z,2.00
2025-12-30T14:04:00Z,2.00
2025-12-30T14:12:00Z,2.00
2025-12-30T14:13:00Z,2.00
2025-12-30T14:14:00Z,2.00
2025-12-30T14:16:00Z,2.00
2025-12-30T14:18:00Z,2.00
2025-12-30T14:22:00Z,2.00
2025-12-30T14:33:00Z,2.00
2025-12-30T14:38:00Z,2.00
2025-12-30T14:39:00Z,2.00
2025-12-30T14:41:00Z,2.00
2025-12-30T14:47:00Z,1.00
2025-12-30T14:51:00Z,1.00
2025-12-30T14:53:00Z,2.00
2025-12-30T14:55:00Z,2.00
2025-12-30T14:56:00Z,2.00
2025-12-30T14:59:00Z,2.00
2025-12-30T15:00:00Z,2.00
2025-12-30T15:01:00Z,2.00
2025-12-30T15:02:00Z,2.00
2025-12-30T15:05:00Z,2.00
2025-12-30T15:07:00Z,2.00
2025-12-30T15:08:00Z,2.00
2025-12-30T15:09:00Z,2.00
2025-12-30T15:12:00Z,1.00
2025-12-30T15:13:00Z,1.00
2025-12-30T15:14:00Z,2.00
2025-12-30T15:15:00Z,1.95
2025-12-30T15:21:00Z,2.00
2025-12-30T15:41:00Z,2.00
2025-12-30T15:44:00Z,2.00
2025-12-30T15:58:00Z,2.00
2025-12-30T16:00:00Z,2.00
2025-12-30T16:04:00Z,2.00
2025-12-30T16:05:00Z,2.00
2025-12-30T16:06:00Z,2.00
2025-12-30T16:15:00Z,2.00
2025-12-30T16:19:00Z,2.00
2025-12-30T16:20:00Z,2.00
2025-12-30T16:21:00Z,1.00
2025-12-30T16:22:00Z,2.00
2025-12-30T16:24:00Z,2.00
2025-12-30T16:32:00Z,2.00
2025-12-30T16:38:00Z,2.00
2025-12-30T16:45:00Z,1.76
2025-12-30T16:47:00Z,2.00
2025-12-30T16:53:00Z,2.00
2025-12-30T16:54:00Z,2.00
2025-12-30T16:55:00Z,2.00
2025-12-30T16:58:00Z,1.55
2025-12-30T17:03:00Z,2.00
2025-12-30T17:06:00Z,2.00
2025-12-30T17:07:00Z,2.00
2025-12-30T17:08:00Z,2.00
2025-12-30T17:14:00Z,2.00
2025-12-30T17:18:00Z,2.00
2025-12-30T17:22:00Z,2.00
2025-12-30T17:24:00Z,2.00
2025-12-30T17:25:00Z,2.00
2025-12-30T17:26:00Z,2.00
2025-12-30T17:31:00Z,2.00
2025-12-30T17:33:00Z,2.00
2025-12-30T17:47:00Z,2.00
2025-12-30T17:54:00Z,2.00
2025-12-30T17:59:00Z,2.00
2025-12-30T18:04:00Z,2.00
2025-12-30T18:05:00Z,2.00
2025-12-30T18:07:00Z,2.00
2025-12-30T18:08:00Z,2.00
2025-12-30T18:13:00Z,2.00
2025-12-30T18:17:00Z,2.00
2025-12-30T18:20:00Z,2.00
2025-12-30T18:21:00Z,1.00
2025-12-30T18:22:00Z,1.00
2025-12-30T18:23:00Z,1.82
2025-12-30T18:26:00Z,1.95
2025-12-30T18:30:00Z,2.00
2025-12-30T18:33:00Z,1.00
2025-12-30T18:38:00Z,1.00
2025-12-30T18:39:00Z,1.00
2025-12-30T18:41:00Z,1.82
2025-12-30T18:44:00Z,2.00
2025-12-30T18:46:00Z,2.00
2025-12-30T18:53:00Z,2.00
2025-12-30T18:58:00Z,2.00
2025-12-30T18:59:00Z,2.00
2025-12-30T19:06:00Z,2.00
2025-12-30T19:08:00Z,2.00
2025-12-30T19:15:00Z,2.00
2025-12-30T19:20:00Z,2.00
2025-12-30T19:21:00Z,2.00
2025-12-30T19:26:00Z,1.69
2025-12-30T19:29:00Z,2.00
2025-12-30T19:38:00Z,1.00
2025-12-30T19:40:00Z,1.00
2025-12-30T19:47:00Z,1.00
2025-12-30T19:54:00Z,1.00
2025-12-30T19:57:00Z,1.01
2025-12-30T19:59:00Z,2.00
2025-12-30T20:00:00Z,1.00
2025-12-30T20:01:00Z,2.00
2025-12-30T20:02:00Z,2.00
2025-12-30T20:05:00Z,1.00
2025-12-30T20:06:00Z,2.00
2025-12-30T20:10:00Z,2.00
2025-12-30T20:11:00Z,1.00
2025-12-30T20:14:00Z,1.00
2025-12-30T20:16:00Z,1.00
2025-12-30T20:17:00Z,2.00
2025-12-30T20:18:00Z,2.00
2025-12-30T20:23:00Z,1.93
2025-12-30T20:26:00Z,2.00
2025-12-30T20:28:00Z,2.00
2025-12-30T20:30:00Z,1.00
2025-12-30T20:31:00Z,1.00
2025-12-30T20:38:00Z,2.00
2025-12-30T20:47:00Z,1.03
2025-12-30T20:49:00Z,1.00
2025-12-30T20:52:00Z,1.00
2025-12-30T20:56:00Z,1.00
2025-12-30T20:58:00Z,2.00
2025-12-30T21:02:00Z,2.00
2025-12-30T21:06:00Z,2.00
2025-12-30T21:07:00Z,2.00
2025-12-30T21:08:00Z,1.00
2025-12-30T21:09:00Z,2.00
2025-12-30T21:12:00Z,1.00
2025-12-30T21:13:00Z,2.00
2025-12-30T21:18:00Z,2.00
2025-12-30T21:27:00Z,1.00
2025-12-30T21:28:00Z,1.00
2025-12-30T21:30:00Z,1.00
2025-12-30T21:33:00Z,1.00
2025-12-30T21:34:00Z,1.00
2025-12-30T21:38:00Z,1.02
2025-12-30T21:45:00Z,1.00
2025-12-30T21:47:00Z,1.00
2025-12-30T21:48:00Z,1.06
2025-12-30T22:00:00Z,2.00
2025-12-30T22:01:00Z,2.00
2025-12-30T22:04:00Z,2.00
2025-12-30T22:06:00Z,2.00
2025-12-30T22:09:00Z,2.00
2025-12-30T22:16:00Z,2.00
2025-12-30T22:19:00Z,1.00
2025-12-30T22:23:00Z,2.00
2025-12-30T22:29:00Z,2.00
2025-12-30T22:33:00Z,2.00
2025-12-30T22:41:00Z,2.00
2025-12-30T23:04:00Z,2.00
2025-12-30T23:20:00Z,2.00
2025-12-30T23:28:00Z,1.00
2025-12-30T23:39:00Z,1.00
2025-12-30T23:48:00Z,1.00
2025-12-30T23:50:00Z,1.00
2025-12-30T23:53:00Z,1.00
2025-12-30T23:54:00Z,1.00
2025-12-31T00:05:00Z,1.00
2025-12-31T00:08:00Z,1.00
2025-12-31T00:29:00Z,1.00
2025-12-31T00:31:00Z,1.00
2025-12-31T00:48:00Z,1.00
2025-12-31T00:53:00Z,1.00
2025-12-31T01:01:00Z,1.00
2025-12-31T01:12:00Z,1.00
2025-12-31T01:22:00Z,1.00
2025-12-31T01:25:00Z,1.00
2025-12-31T01:31:00Z,1.00
2025-12-31T01:37:00Z,1.00
2025-12-31T01:38:00Z,1.00
2025-12-31T01:44:00Z,1.00
2025-12-31T01:49:00Z,1.00
2025-12-31T01:51:00Z,1.00
2025-12-31T01:55:00Z,1.00
2025-12-31T01:56:00Z,1.00
2025-12-31T01:57:00Z,1.00
2025-12-31T02:01:00Z,1.00
2025-12-31T02:04:00Z,1.00
2025-12-31T02:06:00Z,1.00
2025-12-31T02:18:00Z,1.00
2025-12-31T02:19:00Z,1.00
2025-12-31T02:20:00Z,1.00
2025-12-31T02:21:00Z,1.00
2025-12-31T02:22:00Z,1.00
2025-12-31T02:28:00Z,1.00
2025-12-31T02:31:00Z,1.00
2025-12-31T02:32:00Z,1.00
2025-12-31T02:34:00Z,1.00
2025-12-31T02:42:00Z,1.00
2025-12-31T02:44:00Z,1.00
2025-12-31T02:45:00Z,1.00
2025-12-31T02:47:00Z,1.00
2025-12-31T02:54:00Z,1.00
2025-12-31T03:05:00Z,1.00
2025-12-31T03:06:00Z,1.00
2025-12-31T03:08:00Z,1.00
2025-12-31T03:19:00Z,1.00
2025-12-31T03:21:00Z,1.00
2025-12-31T03:30:00Z,1.00
2025-12-31T03:32:00Z,1.00
2025-12-31T03:37:00Z,1.00
2025-12-31T03:42:00Z,1.00
2025-12-31T03:51:00Z,1.00
2025-12-31T04:04:00Z,1.00
2025-12-31T04:22:00Z,1.00
2025-12-31T04:23:00Z,1.00
2025-12-31T04:27:00Z,1.00
2025-12-31T04:31:00Z,1.00
2025-12-31T04:36:00Z,1.00
2025-12-31T04:43:00Z,1.00
2025-12-31T04:45:00Z,1.00
2025-12-31T04:48:00Z,1.00
2025-12-31T05:05:00Z,1.00
2025-12-31T05:06:00Z,1.00
2025-12-31T05:07:00Z,1.00
2025-12-31T05:20:00Z,1.00
2025-12-31T05:21:00Z,1.00
2025-12-31T05:23:00Z,1.00
2025-12-31T05:35:00Z,1.00
2025-12-31T05:37:00Z,1.00
2025-12-31T05:41:00Z,1.00
2025-12-31T05:49:00Z,1.00
2025-12-31T05:54:00Z,1.00
2025-12-31T06:05:00Z,1.00
2025-12-31T06:10:00Z,1.00
2025-12-31T06:19:00Z,1.00
2025-12-31T06:21:00Z,1.00
2025-12-31T06:25:00Z,1.00
2025-12-31T06:28:00Z,1.00
2025-12-31T06:34:00Z,1.00
2025-12-31T06:51:00Z,1.00
2025-12-31T06:52:00Z,1.00
2025-12-31T06:53:00Z,1.00
2025-12-31T07:07:00Z,1.00
2025-12-31T07:33:00Z,1.00
2025-12-31T07:46:00Z,1.00
2025-12-31T07:49:00Z,1.00
2025-12-31T07:52:00Z,1.00
2025-12-31T07:58:00Z,1.00
2025-12-31T08:06:00Z,1.00
2025-12-31T08:08:00Z,1.00
2025-12-31T08:10:00Z,1.00
2025-12-31T08:14:00Z,1.00
2025-12-31T08:29:00Z,1.00
2025-12-31T08:37:00Z,1.00
2025-12-31T08:45:00Z,1.00
2025-12-31T08:47:00Z,1.00
2025-12-31T08:48:00Z,1.00
2025-12-31T08:57:00Z,1.00
2025-12-31T09:16:00Z,1.00
2025-12-31T09:41:00Z,1.00
2025-12-31T09:43:00Z,1.00
2025-12-31T09:48:00Z,1.00
2025-12-31T10:53:00Z,1.00
2025-12-31T10:55:00Z,1.00
2025-12-31T10:58:00Z,1.00
2025-12-31T11:03:00Z,1.00
2025-12-31T11:09:00Z,1.00
2025-12-31T11:19:00Z,1.00
2025-12-31T11:31:00Z,1.00
2025-12-31T11:36:00Z,1.00
2025-12-31T11:50:00Z,1.00
2025-12-31T11:58:00Z,1.00
2025-12-31T12:00:00Z,1.00
2025-12-31T12:04:00Z,1.00
2025-12-31T12:06:00Z,1.00
2025-12-31T12:09:00Z,1.00
2025-12-31T12:15:00Z,1.00
2025-12-31T12:37:00Z,1.00
2025-12-31T12:52:00Z,1.00
2025-12-31T12:54:00Z,1.00
2025-12-31T12:56:00Z,1.00
2025-12-31T13:11:00Z,1.00
2025-12-31T13:15:00Z,1.00
2025-12-31T13:18:00Z,1.00
2025-12-31T13:31:00Z,1.00
2025-12-31T13:35:00Z,1.00
2025-12-31T13:45:00Z,1.00
2025-12-31T14:17:00Z,1.00
2025-12-31T14:20:00Z,1.00
2025-12-31T14:25:00Z,1.00
2025-12-31T14:26:00Z,1.00
2025-12-31T14:52:00Z,1.00
2025-12-31T15:15:00Z,1.00
2025-12-31T15:17:00Z,1.00
2025-12-31T15:18:00Z,1.00
2025-12-31T15:19:00Z,1.00
2025-12-31T15:34:00Z,1.00
2025-12-31T15:44:00Z,1.00
2025-12-31T15:57:00Z,1.00
2025-12-31T15:58:00Z,1.00
2025-12-31T16:12:00Z,1.00
2025-12-31T16:13:00Z,1.00
2025-12-31T16:16:00Z,1.00
2025-12-31T16:18:00Z,1.00
2025-12-31T16:23:00Z,1.00
2025-12-31T16:24:00Z,1.00
2025-12-31T16:38:00Z,1.00
2025-12-31T16:50:00Z,1.00
2025-12-31T16:59:00Z,1.00
2025-12-31T17:07:00Z,1.00
2025-12-31T17:08:00Z,1.00
2025-12-31T17:19:00Z,1.00
2025-12-31T17:21:00Z,1.00
2025-12-31T17:22:00Z,1.00
2025-12-31T17:39:00Z,1.00
2025-12-31T17:43:00Z,1.00
2025-12-31T17:47:00Z,1.00
2025-12-31T17:56:00Z,1.00
2025-12-31T17:57:00Z,1.00
2025-12-31T18:04:00Z,1.00
2025-12-31T18:10:00Z,1.00
2025-12-31T18:16:00Z,1.00
2025-12-31T18:25:00Z,1.00
2025-12-31T18:26:00Z,1.00
2025-12-31T18:33:00Z,1.00
2025-12-31T18:34:00Z,1.00
2025-12-31T18:35:00Z,1.00
2025-12-31T18:36:00Z,1.00
2025-12-31T18:38:00Z,1.00
2025-12-31T18:41:00Z,1.00
2025-12-31T18:45:00Z,1.00
2025-12-31T18:46:00Z,1.00
2025-12-31T18:48:00Z,1.00
2025-12-31T18:49:00Z,1.00
2025-12-31T18:51:00Z,1.00
2025-12-31T18:53:00Z,1.00
2025-12-31T18:57:00Z,1.00
2025-12-31T18:59:00Z,1.00
2025-12-31T19:02:00Z,1.00
2025-12-31T19:09:00Z,1.00
2025-12-31T19:11:00Z,1.00
2025-12-31T19:13:00Z,1.00
2025-12-31T19:29:00Z,1.00
2025-12-31T19:30:00Z,1.00
2025-12-31T19:31:00Z,1.00
2025-12-31T19:36:00Z,1.00
2025-12-31T19:38:00Z,1.00
2025-12-31T19:39:00Z,1.00
2025-12-31T19:44:00Z,1.00
2025-12-31T19:46:00Z,1.00
2025-12-31T19:48:00Z,1.00
2025-12-31T19:50:00Z,1.00
2025-12-31T19:51:00Z,1.00
2025-12-31T20:04:00Z,1.00
2025-12-31T20:10:00Z,1.00
2025-12-31T20:20:00Z,1.00
2025-12-31T20:24:00Z,1.00
2025-12-31T20:25:00Z,1.00
2025-12-31T20:34:00Z,1.00
2025-12-31T20:37:00Z,1.00
2025-12-31T20:38:00Z,1.00
2025-12-31T20:47:00Z,1.00
2025-12-31T20:48:00Z,1.00
2025-12-31T21:08:00Z,1.00
2025-12-31T21:12:00Z,1.00
2025-12-31T21:24:00Z,1.00
2025-12-31T21:33:00Z,1.00
2025-12-31T21:46:00Z,1.00
2025-12-31T21:53:00Z,1.00
2025-12-31T21:59:00Z,1.00
2025-12-31T22:10:00Z,1.00
2025-12-31T22:14:00Z,1.00
2025-12-31T22:17:00Z,1.00
2025-12-31T22:23:00Z,1.00
2025-12-31T22:25:00Z,1.00
2025-12-31T22:28:00Z,1.00
2025-12-31T22:47:00Z,1.00
2025-12-31T22:49:00Z,1.00
2025-12-31T22:51:00Z,1.00
2025-12-31T22:52:00Z,1.00
2025-12-31T22:58:00Z,1.00
2025-12-31T23:05:00Z,1.00
2025-12-31T23:08:00Z,1.00
2025-12-31T23:15:00Z,1.00
2025-12-31T23:19:00Z,1.00
2025-12-31T23:21:00Z,1.00
2025-12-31T23:22:00Z,1.00
2025-12-31T23:23:00Z,1.00
2025-12-31T23:30:00Z,1.00
2025-12-31T23:33:00Z,1.00
2025-12-31T23:34:00Z,1.00
2025-12-31T23:40:00Z,1.00
2025-12-31T23:41:00Z,1.00
2025-12-31T23:42:00Z,1.00
2025-12-31T23:44:00Z,1.00
2026-01-01T00:00:00Z,1.00
2026-01-01T00:01:00Z,1.00
2026-01-01T00:04:00Z,1.00
2026-01-01T00:06:00Z,1.00
2026-01-01T00:17:00Z,1.00
2026-01-01T00:19:00Z,1.00
2026-01-01T00:20:00Z,1.00
2026-01-01T00:21:00Z,1.00
2026-01-01T00:24:00Z,1.00
2026-01-01T00:27:00Z,1.00
2026-01-01T00:36:00Z,1.00
2026-01-01T00:42:00Z,1.00
2026-01-01T00:48:00Z,1.00
2026-01-01T00:50:00Z,1.00
2026-01-01T01:05:00Z,1.00
2026-01-01T01:10:00Z,1.00
2026-01-01T01:29:00Z,1.00
2026-01-01T01:33:00Z,1.00
2026-01-01T01:37:00Z,1.00
2026-01-01T01:44:00Z,1.00
2026-01-01T01:45:00Z,1.00
2026-01-01T01:47:00Z,1.00
2026-01-01T01:48:00Z,1.00
2026-01-01T02:30:00Z,1.00
2026-01-01T02:31:00Z,1.00
2026-01-01T02:32:00Z,1.00
2026-01-01T02:37:00Z,1.00
2026-01-01T02:38:00Z,1.00
2026-01-01T02:49:00Z,1.00
2026-01-01T02:50:00Z,1.00
2026-01-01T02:55:00Z,1.00
2026-01-01T03:08:00Z,1.00
2026-01-01T03:09:00Z,1.00
2026-01-01T03:14:00Z,1.00
2026-01-01T03:15:00Z,1.00
2026-01-01T03:22:00Z,1.00
2026-01-01T03:23:00Z,1.00
2026-01-01T03:24:00Z,1.00
2026-01-01T03:31:00Z,1.00
2026-01-01T03:33:00Z,1.00
2026-01-01T03:42:00Z,1.00
2026-01-01T03:49:00Z,1.00
2026-01-01T03:56:00Z,1.00
2026-01-01T04:09:00Z,1.00
2026-01-01T04:12:00Z,1.00
2026-01-01T04:13:00Z,1.00
2026-01-01T04:15:00Z,1.00
2026-01-01T04:18:00Z,1.00
2026-01-01T04:20:00Z,1.00
2026-01-01T04:22:00Z,1.00
2026-01-01T04:29:00Z,1.00
2026-01-01T04:31:00Z,1.00
2026-01-01T04:33:00Z,1.00
2026-01-01T04:46:00Z,1.00
2026-01-01T04:49:00Z,1.00
2026-01-01T04:53:00Z,1.00
2026-01-01T05:02:00Z,1.00
2026-01-01T05:07:00Z,1.00