timestamp,39.9 or below,40.0 to 40.9,41.0 to 41.9,42.0 to 42.9,43.0 to 43.9,44.0 to 44.9,45.0 to 45.9,46.0 to 46.9,47.0 to 47.9,48.0 to 48.9,49.0 to 50.0,50.1 or above
2025-09-18T05:09:00Z,,,,6.00,,,,,,,,
2025-09-18T14:49:00Z,,,,6.00,,17.84,,,,,,
2025-09-19T17:14:00Z,3.00,,,6.00,,17.84,,,,,,
2025-09-19T21:20:00Z,3.00,,,6.00,,17.84,,,,,,
2025-09-22T15:59:00Z,3.00,,3.00,6.00,,17.84,,,,,,
2025-09-23T14:53:00Z,3.00,,3.00,6.00,,17.84,,30.90,,,,
2025-09-23T21:17:00Z,3.00,,3.00,6.00,,17.84,20.24,30.90,,,,
2025-09-25T01:24:00Z,3.00,,3.00,6.00,10.00,17.84,20.24,30.90,,,,
2025-09-25T02:02:00Z,3.00,,3.00,6.00,10.00,17.84,22.00,30.90,,,,
2025-09-25T14:43:00Z,3.00,,3.79,6.00,10.00,17.84,22.00,30.90,,,,
2025-09-26T02:36:00Z,3.00,,3.79,6.00,10.00,17.84,22.00,30.90,,,,
2025-09-26T20:22:00Z,3.00,,3.79,6.00,10.00,17.84,22.00,30.90,,,,
2025-09-27T05:04:00Z,3.63,,3.79,6.00,10.00,17.84,22.00,30.90,,,,
2025-09-27T08:02:00Z,1.00,,3.79,6.00,10.00,17.84,22.00,30.90,,,,
2025-09-28T02:39:00Z,1.00,,3.79,6.00,10.00,14.00,22.00,30.90,,,,
2025-09-28T03:08:00Z,3.00,,3.79,6.00,10.00,14.00,22.00,30.90,,,,
2025-09-29T18:42:00Z,3.00,,3.79,6.00,10.00,14.00,22.00,30.90,14.00,,,
2025-09-30T19:31:00Z,3.00,,3.79,6.00,10.00,14.00,22.00,21.33,14.00,,,
2025-10-01T05:36:00Z,4.37,,3.79,6.00,10.00,14.00,22.00,21.33,14.00,,,
2025-10-02T02:10:00Z,5.00,,3.79,6.00,10.00,14.00,22.00,21.33,14.00,,,
2025-10-02T05:38:00Z,5.00,,3.79,6.00,10.00,14.00,22.00,22.00,14.00,,,
2025-10-02T22:34:00Z,5.00,,3.79,6.00,12.51,14.00,22.00,22.00,14.00,,,
2025-10-03T00:56:00Z,4.50,,4.00,6.00,12.51,14.00,22.00,22.00,14.00,,,
2025-10-03T04:42:00Z,4.50,,4.00,6.00,12.51,14.00,21.09,22.00,14.00,,,
2025-10-03T15:51:00Z,4.50,,4.00,6.00,12.51,14.00,22.00,22.00,14.00,,,
2025-10-03T15:52:00Z,4.50,,4.00,6.00,12.51,14.00,22.00,35.00,14.00,,,
2025-10-03T19:29:00Z,4.50,,4.00,6.00,12.51,14.00,22.00,35.00,14.00,,,
2025-10-03T19:44:00Z,5.16,,4.00,6.00,12.51,14.00,22.00,35.00,14.00,,,
2025-10-03T19:48:00Z,4.00,,4.00,6.00,12.51,14.00,22.00,35.00,14.00,,,
2025-10-04T00:22:00Z,4.00,,4.00,6.00,12.51,14.00,22.00,19.95,14.00,,,
2025-10-04T02:37:00Z,4.00,,4.00,6.00,12.51,14.80,22.00,19.95,14.00,,,
2025-10-04T12:10:00Z,4.00,,4.00,6.00,12.51,14.15,22.00,19.95,14.00,,,
2025-10-04T13:40:00Z,4.00,,4.00,6.00,12.51,14.15,22.00,19.95,4.00,,,
2025-10-05T02:21:00Z,4.00,,4.00,7.07,12.51,14.15,22.00,19.95,4.00,,,
2025-10-06T00:13:00Z,4.00,,4.00,7.07,12.51,14.15,22.00,19.95,4.00,,,
2025-10-06T13:16:00Z,4.00,,4.00,7.07,12.51,14.15,22.00,19.95,3.00,,,
2025-10-06T13:54:00Z,4.00,,4.77,7.07,12.51,14.15,22.00,19.95,3.00,,,
2025-10-06T18:11:00Z,4.00,,4.77,7.07,12.51,14.15,22.00,19.95,3.00,,,
2025-10-07T00:38:00Z,4.00,,4.77,7.07,12.51,15.00,22.00,19.95,3.00,,,
2025-10-08T03:29:00Z,4.00,3.00,4.77,7.07,12.51,15.00,22.00,19.95,3.00,,,
2025-10-08T17:16:00Z,4.00,3.00,4.77,7.07,12.51,15.00,22.00,19.95,12.00,,,
2025-10-08T17:50:00Z,4.00,3.00,4.77,7.07,12.51,15.00,22.00,35.00,12.00,,,
2025-10-08T18:56:00Z,5.00,3.00,4.77,7.07,12.51,15.00,22.00,35.00,12.00,,,
2025-10-08T20:03:00Z,5.00,3.00,4.77,7.07,12.51,15.00,22.00,34.00,12.00,,,
2025-10-09T06:48:00Z,5.00,3.00,4.77,7.07,12.51,15.00,22.00,34.00,12.00,,,
2025-10-09T18:25:00Z,5.00,3.00,4.77,7.07,12.51,15.00,21.00,34.00,12.00,,,
2025-10-10T16:19:00Z,5.00,3.00,4.77,7.07,12.51,15.00,21.00,34.00,12.00,,,
2025-10-11T03:10:00Z,5.00,3.00,4.77,7.07,12.51,15.00,22.00,34.00,12.00,,,
2025-10-13T02:14:00Z,6.88,3.00,4.77,7.07,12.51,15.00,22.00,34.00,12.00,,,
2025-10-13T03:22:00Z,6.88,3.00,4.77,7.07,12.51,15.00,22.00,34.00,12.00,,,
2025-10-13T18:11:00Z,6.88,3.00,4.77,7.07,12.51,15.00,22.00,34.00,12.00,,,3.00
2025-10-13T20:16:00Z,12.62,3.00,4.77,7.07,12.51,15.00,22.00,34.00,12.00,,,3.00
2025-10-16T02:10:00Z,12.62,3.00,4.77,7.07,12.51,15.00,22.00,34.00,12.00,,,3.00
2025-10-16T04:49:00Z,12.62,3.00,6.00,8.00,12.51,15.00,22.00,34.00,12.00,,,3.00
2025-10-16T04:51:00Z,12.62,3.00,6.00,8.00,14.00,15.00,22.00,34.00,12.00,,,3.00
2025-10-17T15:19:00Z,12.62,3.00,6.00,8.00,14.00,15.00,22.00,34.00,12.00,,,3.00
2025-10-17T18:16:00Z,12.62,3.00,6.00,8.00,14.00,15.00,22.00,30.00,12.00,,,3.00
2025-10-17T18:43:00Z,12.62,3.00,6.00,8.00,14.00,15.00,22.00,30.00,12.00,,,3.00
2025-10-17T19:16:00Z,12.62,3.00,6.00,8.00,14.00,15.00,22.00,30.00,12.00,,,3.00
2025-10-17T20:19:00Z,12.62,3.00,6.00,8.00,14.00,15.00,22.00,30.00,12.00,,,3.00
2025-10-17T20:20:00Z,12.62,3.00,6.00,8.00,13.00,15.00,22.00,30.00,12.00,,,3.00
2025-10-17T21:15:00Z,12.62,3.00,6.00,5.00,13.00,15.00,22.00,30.00,12.00,,,3.00
2025-10-17T21:43:00Z,12.62,3.00,6.00,5.00,13.00,16.00,22.00,30.00,12.00,,,3.00
2025-10-17T21:50:00Z,12.62,3.00,6.00,5.00,13.00,16.00,22.00,30.00,12.00,,,3.00
2025-10-17T22:00:00Z,12.62,3.00,6.00,5.00,13.00,16.00,22.00,30.00,12.00,,,3.00
2025-10-17T22:41:00Z,12.62,3.00,6.00,5.00,13.00,16.00,22.00,30.00,12.00,,,3.00
2025-10-18T04:21:00Z,12.62,3.00,6.00,5.00,13.00,16.00,22.00,30.00,12.00,,,3.00
2025-10-18T04:38:00Z,12.62,3.00,6.00,5.00,13.00,16.00,22.00,30.00,12.00,,,3.00
2025-10-18T14:13:00Z,12.62,3.00,6.00,5.00,15.00,16.00,22.00,30.00,12.00,,,3.00
2025-10-18T14:41:00Z,12.62,3.00,6.00,5.00,15.00,16.00,22.00,30.00,12.00,,,4.00
2025-10-18T15:24:00Z,12.62,3.00,6.00,5.00,15.00,16.00,22.00,30.00,12.00,,,4.00
2025-10-18T15:40:00Z,12.62,3.00,6.00,5.00,15.00,16.00,22.00,30.00,12.00,,,4.00
2025-10-18T18:10:00Z,12.62,3.00,6.00,5.00,15.00,16.00,22.00,30.00,12.00,,,4.00
2025-10-18T21:46:00Z,12.62,3.00,6.00,5.00,15.00,16.00,22.00,30.00,12.00,,,4.00
2025-10-19T00:59:00Z,12.62,3.00,6.00,5.00,15.00,16.00,22.00,30.00,12.00,8.00,,4.00
2025-10-19T01:53:00Z,12.62,3.00,6.00,5.00,15.00,16.00,22.00,30.00,12.00,8.00,,4.00
2025-10-19T03:22:00Z,12.62,3.00,6.00,5.00,15.00,16.00,22.00,30.00,12.00,8.00,,4.00
2025-10-19T04:48:00Z,12.62,3.00,6.00,5.00,15.00,16.00,22.00,30.00,12.00,8.00,,4.00
2025-10-19T05:22:00Z,12.62,3.00,6.00,5.00,15.00,16.00,22.00,30.00,12.00,8.00,,4.00
2025-10-19T06:00:00Z,12.62,3.00,6.00,5.00,15.00,16.00,22.00,30.00,12.00,8.00,5.00,4.00
2025-10-19T06:01:00Z,12.62,3.00,6.00,5.00,15.00,16.00,22.00,30.00,12.00,8.00,5.00,5.00
2025-10-19T06:04:00Z,12.62,3.00,6.00,5.00,15.00,16.00,22.00,30.00,12.00,8.00,5.00,5.00
2025-10-19T06:05:00Z,12.62,3.00,6.00,5.00,16.00,16.00,22.00,30.00,12.00,8.00,5.00,5.00
2025-10-19T12:21:00Z,12.62,3.00,6.00,5.00,16.00,16.00,22.00,30.00,12.00,8.00,5.00,5.00
2025-10-19T13:18:00Z,12.62,3.00,6.00,5.00,15.00,16.00,22.00,30.00,12.00,8.00,5.00,5.00
2025-10-19T13:46:00Z,12.62,3.00,6.00,5.00,15.00,16.00,22.00,30.00,12.00,8.00,5.00,5.00
2025-10-19T14:23:00Z,12.62,3.00,6.00,5.00,15.00,16.00,22.00,30.00,6.00,8.00,5.00,5.00
2025-10-19T15:19:00Z,12.62,3.00,6.00,5.00,15.00,16.00,22.00,30.00,6.00,8.00,5.00,5.00
2025-10-19T17:53:00Z,12.62,3.00,6.00,5.00,14.00,16.00,22.00,30.00,6.00,8.00,5.00,5.00
2025-10-19T17:54:00Z,12.62,3.00,6.00,5.00,14.00,16.00,22.00,30.00,6.00,8.00,5.00,5.00
2025-10-19T18:42:00Z,12.62,3.00,6.00,5.00,14.00,16.00,22.00,30.00,6.00,8.00,5.00,5.00
2025-10-20T00:22:00Z,12.62,3.00,6.00,5.00,14.00,16.00,22.00,30.00,6.00,8.00,5.00,5.00
2025-10-20T01:30:00Z,12.62,3.00,6.00,5.00,14.00,16.00,22.00,30.00,6.00,8.00,5.00,5.00
2025-10-20T05:28:00Z,12.62,3.00,6.00,5.00,14.00,16.00,22.00,30.00,6.00,8.00,5.00,5.00
2025-10-20T05:29:00Z,12.62,3.00,6.00,5.00,14.00,16.00,22.00,30.00,11.00,8.00,5.00,5.00
2025-10-20T23:34:00Z,12.62,3.00,6.00,5.00,14.00,16.00,22.00,30.00,6.00,8.00,5.00,5.00
2025-10-21T03:56:00Z,12.62,3.00,6.00,5.00,14.00,16.00,22.00,30.00,11.00,8.00,5.00,5.00
2025-10-21T03:57:00Z,12.62,3.00,6.00,5.00,14.00,16.00,22.00,30.00,12.00,8.00,5.00,5.00
2025-10-21T04:34:00Z,12.62,3.00,6.00,5.00,15.00,16.00,22.00,30.00,12.00,8.00,5.00,5.00
2025-10-21T15:06:00Z,12.62,3.00,6.00,5.00,15.00,16.00,22.00,30.00,12.00,8.00,5.00,5.00
2025-10-21T15:30:00Z,12.62,3.00,6.00,5.00,15.00,16.00,22.00,30.00,12.00,8.00,5.00,5.00
2025-10-21T17:11:00Z,12.62,3.00,6.00,5.00,15.00,16.00,22.00,30.00,12.00,8.00,5.00,5.00
2025-10-21T17:28:00Z,12.62,3.00,6.00,5.00,15.00,16.00,22.00,23.00,12.00,8.00,5.00,5.00
2025-10-21T17:37:00Z,12.62,3.00,6.00,5.00,15.00,16.00,22.00,23.00,12.00,8.00,5.00,5.00
2025-10-21T17:51:00Z,12.62,3.00,6.00,5.00,15.00,16.00,22.00,22.00,12.00,8.00,5.00,5.00
2025-10-21T17:59:00Z,12.62,3.00,6.00,5.00,15.00,16.00,21.00,22.00,12.00,8.00,5.00,5.00
2025-10-21T18:04:00Z,12.62,3.00,6.00,5.00,15.00,16.00,21.00,22.00,12.00,8.00,5.00,5.00
2025-10-21T18:30:00Z,12.62,3.00,6.00,5.00,15.00,16.00,21.00,22.00,12.00,8.00,5.00,5.00
2025-10-21T18:31:00Z,12.62,3.00,6.00,5.00,15.00,17.00,21.00,22.00,12.00,8.00,5.00,5.00
2025-10-21T18:54:00Z,12.62,3.00,6.00,5.00,15.00,17.00,21.00,22.00,12.00,8.00,5.00,5.00
2025-10-21T18:55:00Z,12.62,3.00,6.00,5.00,15.00,17.00,21.00,23.00,12.00,8.00,5.00,5.00
2025-10-21T19:09:00Z,12.62,3.00,6.00,5.00,15.00,18.00,21.00,23.00,12.00,8.00,5.00,5.00
2025-10-21T19:23:00Z,12.62,3.00,6.00,5.00,15.00,18.00,21.00,23.00,12.00,8.00,5.00,5.00
2025-10-21T19:24:00Z,12.62,3.00,6.00,5.00,15.00,18.00,21.00,23.00,12.00,8.00,5.00,5.00
2025-10-21T19:28:00Z,12.62,3.00,6.00,5.00,15.00,18.00,21.00,23.00,12.00,8.00,5.00,5.00
2025-10-21T20:06:00Z,12.62,3.00,6.00,5.00,15.00,18.00,21.00,23.00,12.00,8.00,5.00,5.00
2025-10-21T20:08:00Z,12.62,3.00,6.00,5.00,15.00,18.00,21.00,23.00,12.00,8.00,5.00,5.00
2025-10-21T20:40:00Z,12.62,3.00,6.00,5.00,15.00,18.00,21.00,23.00,12.00,8.00,5.00,5.00
2025-10-21T20:41:00Z,12.62,3.00,6.00,5.00,15.00,18.00,21.00,23.00,12.00,8.00,5.00,5.00
2025-10-21T20:43:00Z,12.62,3.00,6.00,5.00,15.00,18.00,21.00,23.00,12.00,8.00,5.00,5.00
2025-10-21T21:04:00Z,12.62,3.00,6.00,5.00,15.00,11.14,21.00,23.00,12.00,8.00,5.00,5.00
2025-10-21T22:20:00Z,12.62,3.00,6.00,5.00,15.00,11.14,21.00,23.00,12.00,8.00,5.00,5.00
2025-10-21T22:23:00Z,12.62,3.00,6.00,5.00,14.00,11.14,21.00,23.00,12.00,8.00,5.00,5.00
2025-10-21T22:26:00Z,12.62,3.00,6.00,5.00,14.00,11.14,21.00,23.00,12.00,8.00,5.00,5.00
2025-10-21T22:28:00Z,12.62,3.00,6.00,5.00,14.00,11.14,21.00,22.00,12.00,8.00,5.00,5.00
2025-10-21T22:35:00Z,12.62,3.00,6.00,5.00,10.00,11.14,21.00,22.00,12.00,8.00,5.00,5.00
2025-10-21T22:40:00Z,12.62,3.00,6.00,5.00,10.00,17.00,21.00,22.00,12.00,8.00,5.00,5.00
2025-10-21T23:16:00Z,12.62,3.00,9.00,5.00,10.00,17.00,21.00,22.00,12.00,8.00,5.00,5.00
2025-10-21T23:53:00Z,12.62,3.00,9.00,5.00,10.00,17.00,21.00,22.00,12.00,8.00,5.00,5.00
2025-10-21T23:56:00Z,12.62,3.00,9.00,5.00,10.00,17.00,21.00,18.00,12.00,8.00,5.00,5.00
2025-10-22T00:08:00Z,12.62,3.00,9.00,5.00,10.00,16.00,21.00,18.00,12.00,8.00,5.00,5.00
2025-10-22T00:39:00Z,12.62,3.00,9.00,5.00,10.00,16.00,21.00,18.00,12.00,8.00,5.00,5.00
2025-10-22T00:41:00Z,12.62,3.00,9.00,5.00,10.00,16.00,16.00,18.00,12.00,8.00,5.00,5.00
2025-10-22T00:56:00Z,12.62,3.00,9.00,5.00,10.00,16.00,21.00,18.00,12.00,8.00,5.00,5.00
2025-10-22T01:00:00Z,12.62,3.00,9.00,5.00,10.00,16.00,21.00,18.00,12.00,8.00,5.00,5.00
2025-10-22T01:05:00Z,12.62,3.00,9.00,5.00,10.00,16.00,16.00,18.00,12.00,8.00,5.00,5.00
2025-10-22T01:25:00Z,12.62,3.00,9.00,5.00,14.00,16.00,16.00,18.00,12.00,8.00,5.00,5.00
2025-10-22T01:33:00Z,12.62,3.00,9.00,5.00,14.00,16.00,16.00,18.00,12.00,8.00,5.00,5.00
2025-10-22T01:44:00Z,12.62,3.00,9.00,5.00,14.00,16.00,16.00,18.00,12.00,8.00,5.00,5.00
2025-10-22T02:29:00Z,12.62,3.00,9.00,5.00,14.00,16.00,21.00,18.00,12.00,8.00,5.00,5.00
2025-10-22T02:59:00Z,12.62,3.00,9.00,5.00,14.00,16.00,21.00,18.00,12.00,8.00,5.00,5.00
2025-10-22T03:04:00Z,12.62,3.00,9.00,5.00,14.00,16.00,21.00,18.00,12.00,8.00,5.00,5.00
2025-10-22T03:16:00Z,12.62,3.00,9.00,5.00,14.00,16.00,21.00,18.00,12.00,8.00,5.00,5.00
2025-10-22T03:48:00Z,12.62,3.00,9.00,5.00,14.00,16.00,21.00,18.00,12.00,8.00,5.00,5.00
2025-10-22T04:14:00Z,12.62,3.00,9.00,5.00,14.00,16.00,21.00,18.00,12.00,8.00,5.00,5.00
2025-10-22T04:36:00Z,12.62,3.00,9.00,5.00,14.00,16.00,21.00,18.00,12.00,2.00,5.00,5.00
2025-10-22T04:42:00Z,12.62,3.00,9.00,5.00,14.00,16.00,15.00,18.00,12.00,2.00,5.00,5.00
2025-10-22T04:45:00Z,12.62,3.00,9.00,5.00,14.00,16.00,15.00,18.00,12.00,2.00,5.00,5.00
2025-10-22T05:43:00Z,12.62,3.00,9.00,5.00,14.00,16.00,15.00,18.00,12.00,2.00,5.00,5.00
2025-10-22T06:37:00Z,12.62,3.00,9.00,5.00,14.00,16.00,15.00,18.00,12.00,2.00,5.00,5.00
2025-10-22T06:38:00Z,12.62,3.00,9.00,5.00,14.00,16.00,15.00,23.00,12.00,2.00,5.00,5.00
2025-10-22T12:07:00Z,12.62,3.00,9.00,5.00,14.00,17.00,20.00,23.00,12.00,2.00,5.00,5.00
2025-10-22T12:36:00Z,12.62,3.00,9.00,5.00,14.00,17.00,20.00,23.00,12.00,2.00,5.00,5.00
2025-10-22T13:12:00Z,12.62,3.00,9.00,5.00,14.00,17.00,20.00,23.00,12.00,2.00,5.00,5.00
2025-10-22T13:15:00Z,12.62,3.00,9.00,5.00,14.00,17.00,20.00,23.00,12.00,2.00,5.00,5.00
2025-10-22T13:25:00Z,12.62,3.00,9.00,5.00,14.00,17.00,20.00,23.00,12.00,2.00,5.00,5.00
2025-10-22T13:47:00Z,12.62,3.00,9.00,5.00,14.00,18.00,20.00,23.00,12.00,2.00,5.00,5.00
2025-10-22T13:54:00Z,12.62,3.00,9.00,5.00,14.00,18.00,20.00,23.00,12.00,2.00,5.00,5.00
2025-10-22T13:56:00Z,12.62,3.00,9.00,5.00,14.00,18.00,20.00,23.00,12.00,2.00,5.00,5.00
2025-10-22T13:57:00Z,12.62,3.00,9.00,5.00,14.00,18.00,20.00,23.00,12.00,2.00,5.00,5.00
2025-10-22T14:01:00Z,12.62,3.00,9.00,5.00,14.00,18.00,20.00,23.00,12.00,2.00,5.00,5.00
2025-10-22T14:05:00Z,12.62,3.00,9.00,5.00,14.00,18.00,20.00,23.00,12.00,2.00,5.00,5.00
2025-10-22T14:07:00Z,12.62,3.00,9.00,5.00,15.00,18.00,20.00,23.00,12.00,2.00,5.00,5.00
2025-10-22T14:13:00Z,12.62,3.00,9.00,5.00,15.00,18.00,20.00,23.00,12.00,2.00,5.00,5.00
2025-10-22T14:24:00Z,12.62,3.00,9.00,5.00,15.00,18.00,20.00,23.00,12.00,2.00,5.00,5.00
2025-10-22T14:30:00Z,12.62,3.00,9.00,5.00,15.00,18.00,20.00,23.00,12.00,2.00,5.00,5.00
2025-10-22T14:36:00Z,12.62,3.00,9.00,5.00,15.00,18.00,21.00,23.00,12.00,2.00,5.00,5.00
2025-10-22T14:40:00Z,12.62,3.00,9.00,5.00,15.00,18.00,21.00,23.00,12.00,2.00,5.00,5.00
2025-10-22T14:45:00Z,12.62,3.00,9.00,5.00,15.00,18.00,21.00,18.00,12.00,2.00,5.00,5.00
2025-10-22T15:16:00Z,12.62,3.00,9.00,5.00,15.00,18.00,15.00,18.00,12.00,2.00,5.00,5.00
2025-10-22T15:24:00Z,12.62,3.00,9.00,5.00,15.00,18.00,15.00,18.00,12.00,2.00,5.00,5.00
2025-10-22T15:56:00Z,12.62,3.00,9.00,5.00,15.00,18.00,15.00,18.00,12.00,2.00,5.00,5.00
2025-10-22T15:59:00Z,12.62,3.00,9.00,5.00,15.00,18.00,15.00,18.00,12.00,2.00,5.00,5.00
2025-10-22T16:10:00Z,12.62,3.00,9.00,5.00,13.00,18.00,15.00,18.00,12.00,2.00,5.00,5.00
2025-10-22T16:11:00Z,12.62,3.00,9.00,5.00,13.00,18.00,15.00,18.00,12.00,2.00,5.00,5.00
2025-10-22T16:12:00Z,12.62,3.00,9.00,5.00,13.75,18.00,15.00,18.00,12.00,2.00,5.00,5.00
2025-10-22T16:14:00Z,12.62,3.00,9.00,5.00,13.75,18.00,15.00,18.00,12.00,2.00,5.00,5.00
2025-10-22T16:20:00Z,12.62,3.00,9.00,5.00,13.75,18.00,15.00,22.00,12.00,2.00,5.00,5.00
2025-10-22T16:58:00Z,12.62,3.00,9.00,5.00,13.75,18.00,15.00,22.00,12.00,2.00,5.00,6.00
2025-10-22T17:20:00Z,12.62,3.00,9.00,5.00,13.75,18.00,15.00,22.00,12.00,2.00,5.00,6.00
2025-10-22T17:23:00Z,12.62,3.00,9.00,5.00,13.75,18.00,15.00,22.00,12.00,2.00,5.00,6.00
2025-10-22T17:25:00Z,12.62,3.00,9.00,5.00,13.75,18.00,15.00,22.00,12.00,2.00,5.00,6.00
2025-10-22T17:30:00Z,12.62,3.00,9.00,5.00,13.75,18.00,19.00,22.00,12.00,2.00,5.00,6.00
2025-10-22T17:39:00Z,12.62,3.00,9.00,5.00,13.75,18.00,19.00,22.00,12.00,2.00,5.00,6.00
2025-10-22T17:41:00Z,12.62,3.00,9.00,5.00,13.75,18.00,19.00,22.00,12.00,2.00,5.00,6.00
2025-10-22T17:59:00Z,12.62,3.00,9.00,5.00,13.75,18.00,19.00,22.00,12.00,2.00,5.00,6.00
2025-10-22T18:04:00Z,12.62,3.00,9.00,5.00,13.75,18.00,19.00,22.00,12.00,2.00,5.00,6.00
2025-10-22T18:14:00Z,12.62,3.00,9.00,5.00,13.75,18.00,19.00,22.00,12.00,2.00,5.00,6.00
2025-10-22T18:15:00Z,12.62,3.00,9.00,5.00,13.75,18.00,19.00,22.00,12.00,2.00,5.00,6.00
2025-10-22T18:20:00Z,12.62,3.00,9.00,5.00,13.75,19.00,19.00,22.00,12.00,2.00,5.00,6.00
2025-10-22T19:02:00Z,12.62,3.00,9.00,5.00,13.75,18.00,19.00,22.00,12.00,2.00,5.00,6.00
2025-10-22T20:36:00Z,12.62,3.00,9.00,5.00,13.75,19.00,19.00,22.00,12.00,2.00,5.00,6.00
2025-10-22T21:52:00Z,12.62,3.00,9.00,5.00,10.00,19.00,19.00,22.00,12.00,2.00,5.00,6.00
2025-10-22T22:06:00Z,12.62,3.00,9.00,5.00,10.00,19.00,19.00,22.00,11.00,2.00,5.00,6.00
2025-10-22T22:24:00Z,12.62,3.00,9.00,5.00,10.00,19.00,19.00,22.00,11.00,2.00,5.00,6.00
2025-10-22T22:49:00Z,12.62,3.00,9.00,5.00,10.00,19.00,14.00,22.00,11.00,2.00,5.00,6.00
2025-10-22T23:15:00Z,12.62,3.00,9.00,5.00,10.00,19.00,14.00,22.00,11.00,2.00,5.00,6.00
2025-10-22T23:24:00Z,12.62,3.00,9.00,5.00,10.00,19.00,14.00,22.00,11.00,2.00,5.00,6.00
2025-10-22T23:55:00Z,12.62,3.00,9.00,5.00,10.00,19.00,14.00,22.00,11.00,2.00,5.00,6.00
2025-10-23T00:08:00Z,12.62,3.00,9.00,5.00,10.00,19.00,14.00,21.00,11.00,2.00,5.00,6.00
2025-10-23T00:26:00Z,12.62,3.00,9.00,5.00,13.00,19.00,14.00,21.00,11.00,2.00,5.00,6.00
2025-10-23T00:35:00Z,12.62,3.00,9.00,5.00,13.00,19.00,14.00,18.00,11.00,2.00,5.00,6.00
2025-10-23T00:36:00Z,12.62,3.00,9.00,5.00,13.00,19.00,14.00,18.00,11.00,2.00,5.00,6.00
2025-10-23T02:16:00Z,12.62,3.00,9.00,5.00,13.00,19.00,14.00,18.00,11.00,2.00,5.00,6.00
2025-10-23T06:07:00Z,12.62,3.00,9.00,5.00,13.00,19.00,14.00,18.00,11.00,2.00,5.00,6.00
2025-10-23T06:53:00Z,12.62,3.00,9.00,5.00,13.00,19.00,20.00,21.00,11.00,2.00,5.00,6.00
2025-10-23T06:54:00Z,12.62,3.00,9.00,5.00,13.00,19.00,20.00,21.00,11.00,2.00,5.00,6.00
2025-10-23T12:59:00Z,12.62,3.00,9.00,5.00,8.41,19.00,20.00,21.00,11.00,2.00,5.00,6.00
2025-10-23T14:44:00Z,12.62,3.00,9.00,5.00,8.41,19.00,20.00,21.00,11.00,2.00,5.00,6.00
2025-10-23T15:19:00Z,12.62,3.00,9.00,5.00,8.41,19.00,20.00,21.00,11.00,2.00,5.00,6.00
2025-10-23T15:34:00Z,12.62,3.00,9.00,5.00,8.41,19.00,20.00,21.00,11.00,2.00,5.00,6.00
2025-10-23T17:17:00Z,12.62,3.00,9.00,5.00,8.41,19.00,20.00,21.00,11.00,2.00,5.00,6.00
2025-10-23T17:45:00Z,12.62,3.00,9.00,5.00,8.41,19.00,19.00,21.00,11.00,2.00,5.00,6.00
2025-10-23T18:36:00Z,12.62,3.00,9.00,5.00,8.41,19.00,19.00,21.00,11.00,2.00,5.00,6.00
2025-10-23T18:37:00Z,12.62,3.00,9.00,5.00,8.41,19.00,19.00,20.00,11.00,2.00,5.00,6.00
2025-10-23T19:15:00Z,12.62,3.00,9.00,5.00,8.41,19.00,19.00,20.00,11.00,2.00,5.00,6.00
2025-10-23T20:24:00Z,12.62,3.00,9.00,5.00,8.41,19.00,19.00,20.00,11.00,2.00,5.00,6.00
2025-10-23T21:27:00Z,12.62,3.00,9.00,5.00,8.41,19.00,18.00,20.00,11.00,2.00,5.00,6.00
2025-10-23T21:46:00Z,12.62,3.00,9.00,5.00,13.00,19.00,18.00,20.00,11.00,2.00,5.00,6.00
2025-10-23T21:47:00Z,12.62,3.00,9.00,5.00,13.00,19.00,18.00,20.00,11.00,2.00,5.00,6.00
2025-10-23T22:11:00Z,12.62,3.00,9.00,5.00,13.00,19.00,15.00,20.00,11.00,2.00,5.00,6.00
2025-10-23T22:19:00Z,12.62,3.00,9.00,5.00,13.00,19.00,15.00,20.00,11.00,2.00,5.00,6.00
2025-10-23T22:35:00Z,12.62,3.00,9.00,5.00,13.00,19.00,15.00,20.00,11.00,2.00,5.00,6.00
2025-10-23T23:25:00Z,12.62,3.00,9.00,5.00,12.00,19.00,15.00,20.00,11.00,2.00,5.00,6.00
2025-10-23T23:26:00Z,12.62,3.00,9.00,5.00,12.00,19.00,15.00,19.00,11.00,2.00,5.00,6.00
2025-10-23T23:35:00Z,12.62,3.00,9.00,5.00,12.00,19.00,15.00,19.00,11.00,2.00,5.00,6.00
2025-10-23T23:41:00Z,12.62,3.00,9.00,5.00,12.00,19.00,18.28,19.00,11.00,2.00,5.00,6.00
2025-10-24T00:25:00Z,12.62,3.00,9.00,5.00,12.00,18.00,18.28,19.00,11.00,2.00,5.00,6.00
2025-10-24T01:02:00Z,12.62,3.00,9.00,5.00,12.00,18.00,18.28,19.00,11.00,2.00,5.00,6.00
2025-10-24T01:07:00Z,12.62,3.00,9.00,5.00,12.00,18.00,18.28,18.00,11.00,2.00,5.00,6.00
2025-10-24T01:28:00Z,12.62,3.00,9.00,5.00,12.00,18.95,18.28,18.00,11.00,2.00,5.00,6.00
2025-10-24T02:32:00Z,12.62,3.00,9.00,5.00,12.00,18.95,18.28,21.00,11.00,2.00,5.00,6.00
2025-10-24T02:51:00Z,12.62,3.00,9.00,5.00,12.00,18.95,18.28,21.00,11.00,2.00,5.00,6.00
2025-10-24T02:56:00Z,12.62,3.00,9.00,5.00,12.00,18.95,19.00,21.00,11.00,2.00,5.00,6.00
2025-10-24T03:02:00Z,12.62,3.00,9.00,5.00,12.00,18.95,19.00,21.00,11.00,2.00,5.00,6.00
2025-10-24T03:03:00Z,12.62,3.00,9.00,5.00,12.00,18.95,19.00,21.00,11.00,2.00,5.00,6.00
2025-10-24T04:52:00Z,12.62,3.00,9.00,5.00,12.00,18.95,19.00,21.00,11.00,2.00,5.00,6.00
2025-10-24T06:01:00Z,12.62,3.00,9.00,5.00,12.00,18.95,19.00,21.00,11.00,2.00,5.00,6.00
2025-10-24T12:29:00Z,12.62,3.00,9.00,5.00,12.00,19.00,19.00,21.00,11.00,2.00,5.00,6.00
2025-10-24T12:38:00Z,12.62,3.00,9.00,5.00,12.00,19.00,19.00,20.00,11.00,2.00,5.00,6.00
2025-10-24T13:09:00Z,12.62,3.00,9.00,5.00,12.00,19.00,19.00,20.00,11.00,2.00,5.00,6.00
2025-10-24T14:13:00Z,12.62,3.00,9.00,5.00,12.00,19.00,19.00,20.00,11.00,2.00,5.00,6.00
2025-10-24T15:27:00Z,12.62,3.00,9.00,5.00,12.00,19.00,19.00,20.00,11.00,2.00,5.00,6.00
2025-10-24T15:49:00Z,12.62,3.00,9.00,5.00,12.00,19.00,19.00,20.00,11.00,2.00,5.00,6.00
2025-10-24T15:50:00Z,12.62,3.00,9.00,5.00,12.00,19.00,19.00,20.00,11.00,2.00,5.00,6.00
2025-10-24T16:02:00Z,12.62,3.00,9.00,5.00,12.00,19.00,19.00,20.00,11.00,2.00,5.00,6.00
2025-10-24T16:27:00Z,12.62,3.00,9.00,5.00,12.00,19.00,18.00,20.00,11.00,2.00,5.00,6.00
2025-10-24T16:29:00Z,12.62,3.00,9.00,5.00,12.00,19.00,18.00,20.00,11.00,2.00,5.00,6.00
2025-10-24T18:17:00Z,12.62,3.00,9.00,5.00,12.00,19.00,18.00,20.00,11.00,2.00,5.00,6.00
2025-10-24T19:20:00Z,12.62,3.00,9.00,5.00,12.00,19.00,18.00,20.00,11.00,2.00,5.00,6.00
2025-10-24T21:07:00Z,12.62,3.00,9.00,5.00,12.00,19.00,18.00,20.00,11.00,2.00,5.00,6.00
2025-10-24T21:26:00Z,12.62,3.00,9.00,5.00,12.00,19.00,18.00,21.00,11.00,2.00,5.00,6.00
2025-10-24T21:29:00Z,12.62,3.00,9.00,5.00,12.00,19.00,14.00,17.90,11.00,2.00,5.00,6.00
2025-10-24T22:11:00Z,12.62,3.00,9.00,5.00,12.00,19.00,14.00,17.90,11.00,2.00,5.00,6.00
2025-10-24T23:04:00Z,12.62,3.00,9.00,5.00,12.00,19.00,14.00,20.86,11.00,2.00,5.00,6.00
2025-10-24T23:18:00Z,12.62,3.00,9.00,5.00,12.00,19.00,14.00,20.86,11.00,2.00,5.00,6.00
2025-10-24T23:19:00Z,12.62,3.00,9.00,5.00,13.00,19.00,14.00,20.86,11.00,2.00,5.00,6.00
2025-10-25T01:49:00Z,12.62,3.00,9.00,5.00,13.00,19.00,14.00,20.86,11.00,2.00,5.00,6.00
2025-10-25T01:50:00Z,12.62,3.00,9.00,5.00,13.00,19.00,14.00,20.00,11.00,2.00,5.00,6.00
2025-10-25T02:14:00Z,12.62,3.00,9.00,5.00,13.00,19.00,14.00,20.00,11.00,2.00,5.00,6.00
2025-10-25T13:14:00Z,12.62,3.00,9.00,5.00,13.00,19.00,19.00,20.00,11.00,2.00,5.00,6.00
2025-10-25T15:29:00Z,12.62,3.00,9.00,5.00,14.00,19.00,19.00,20.00,11.00,2.00,5.00,6.00
2025-10-25T16:24:00Z,12.62,3.00,9.00,5.00,14.00,18.00,19.00,20.00,11.00,2.00,5.00,6.00
2025-10-25T17:56:00Z,12.62,3.00,9.00,5.00,14.00,18.00,19.00,20.00,11.00,2.00,5.00,6.00
2025-10-25T19:30:00Z,12.62,3.00,9.00,5.00,14.00,19.00,19.00,20.00,11.00,2.00,5.00,6.00
2025-10-25T20:01:00Z,12.62,6.00,9.00,5.00,14.00,19.00,19.00,20.00,11.00,2.00,5.00,6.00
2025-10-26T03:49:00Z,12.62,6.00,9.00,5.00,14.00,19.00,19.00,20.00,11.00,2.00,5.00,6.00
2025-10-26T04:01:00Z,12.62,6.00,9.00,5.00,14.00,19.00,19.00,20.00,11.00,2.00,5.00,6.00
2025-10-26T13:41:00Z,12.62,6.00,9.00,5.00,14.00,19.00,19.00,20.00,11.00,2.00,5.00,6.00
2025-10-26T14:00:00Z,12.62,6.00,9.00,5.00,14.00,18.00,19.00,20.00,11.00,2.00,5.00,6.00
2025-10-26T15:58:00Z,12.62,6.00,9.00,5.00,14.00,18.00,18.00,20.00,11.00,2.00,5.00,6.00
2025-10-26T16:27:00Z,12.62,6.00,9.00,5.00,14.00,16.00,18.00,20.00,11.00,2.00,5.00,6.00
2025-10-26T17:53:00Z,12.62,6.00,9.00,5.00,14.00,15.00,18.00,20.00,11.00,2.00,5.00,6.00
2025-10-26T18:08:00Z,12.62,6.00,9.00,5.00,14.00,15.00,18.00,20.00,11.00,2.00,5.00,6.00
2025-10-26T18:09:00Z,12.62,6.00,8.00,5.00,14.00,15.00,18.00,20.00,11.00,2.00,5.00,6.00
2025-10-26T19:11:00Z,12.62,6.00,8.00,5.00,14.00,15.00,18.00,20.00,11.00,2.00,5.00,6.00
2025-10-26T19:14:00Z,12.62,6.00,8.00,5.00,14.00,15.00,18.00,20.00,11.00,2.00,5.00,6.00
2025-10-26T19:16:00Z,12.62,6.00,8.00,5.00,14.00,15.00,19.00,20.00,11.00,2.00,5.00,6.00
2025-10-26T19:57:00Z,12.62,6.00,8.00,5.00,14.00,15.00,19.00,20.00,11.00,2.00,5.00,6.00
2025-10-26T19:58:00Z,12.62,6.00,8.00,5.00,13.00,15.00,19.00,20.00,11.00,2.00,5.00,6.00
2025-10-26T20:49:00Z,12.62,6.00,8.00,5.00,13.00,15.00,18.00,20.00,11.00,2.00,5.00,6.00
2025-10-26T22:50:00Z,12.62,6.00,8.00,5.00,13.00,15.00,18.00,20.00,11.00,2.00,5.00,6.00
2025-10-26T23:25:00Z,12.62,6.00,8.00,5.00,13.00,15.00,18.00,20.00,11.00,2.00,5.00,6.00
2025-10-26T23:40:00Z,12.62,6.00,8.00,5.00,13.00,19.00,18.00,20.00,11.00,2.00,5.00,6.00
2025-10-27T00:15:00Z,12.62,6.00,8.00,5.00,13.00,19.00,18.00,20.00,11.00,7.00,5.00,6.00
2025-10-27T02:23:00Z,12.62,6.00,8.00,5.00,13.00,19.00,18.00,20.00,11.00,7.00,5.00,6.00
2025-10-27T03:12:00Z,12.62,6.00,8.00,5.00,13.00,19.00,18.00,20.00,11.00,7.00,5.00,6.00
2025-10-27T03:20:00Z,12.62,6.00,8.00,5.00,13.00,18.00,18.00,20.00,11.00,7.00,5.00,6.00
2025-10-27T03:56:00Z,12.62,6.00,8.00,5.00,13.00,18.00,18.00,20.00,11.00,7.00,5.00,6.00
2025-10-27T04:23:00Z,12.62,6.00,8.00,5.00,13.00,19.00,18.00,20.00,11.00,7.00,5.00,6.00
2025-10-27T12:04:00Z,12.62,6.00,8.00,5.00,13.00,19.00,18.00,20.00,11.00,7.00,5.00,6.00
2025-10-27T12:46:00Z,12.62,6.00,8.00,5.00,13.00,19.00,18.00,20.00,11.00,7.00,5.00,6.00
2025-10-27T12:52:00Z,12.62,6.00,8.00,5.00,13.00,19.00,18.00,20.00,11.00,7.00,5.00,6.00
2025-10-27T14:17:00Z,12.62,6.00,8.00,5.00,13.00,19.00,18.00,20.00,11.00,7.00,5.00,6.00
2025-10-27T14:50:00Z,12.62,6.00,8.00,5.00,13.00,18.00,18.00,20.00,11.00,7.00,5.00,6.00
2025-10-27T15:23:00Z,12.62,6.00,8.00,5.00,13.00,19.00,18.00,20.00,11.00,7.00,5.00,6.00
2025-10-27T15:46:00Z,12.62,6.00,8.00,5.00,13.00,19.00,18.00,20.00,11.00,7.00,5.00,6.00
2025-10-27T16:00:00Z,12.62,6.00,8.00,5.00,10.00,19.00,18.00,20.00,11.00,7.00,5.00,6.00
2025-10-27T17:59:00Z,12.62,6.00,8.00,5.00,10.00,19.00,18.00,20.00,11.00,7.00,5.00,6.00
2025-10-27T18:10:00Z,12.62,6.00,8.00,5.00,10.00,18.00,18.00,20.00,11.00,7.00,5.00,6.00
2025-10-27T18:32:00Z,12.62,6.00,8.00,5.00,10.00,18.00,18.00,20.00,11.00,7.00,5.00,6.00
2025-10-27T20:56:00Z,12.62,6.00,8.00,5.00,10.00,19.00,18.00,20.00,11.00,7.00,5.00,6.00
2025-10-27T22:42:00Z,12.62,6.00,8.00,5.00,10.00,19.00,18.00,20.00,11.00,7.00,5.00,6.00
2025-10-28T00:16:00Z,12.62,6.00,8.00,5.00,10.00,16.15,18.00,20.00,11.00,7.00,5.00,6.00
2025-10-28T01:56:00Z,12.62,6.00,8.00,5.00,10.00,16.15,18.00,20.00,11.00,7.00,5.00,6.00
2025-10-28T02:03:00Z,12.62,5.00,8.00,5.00,10.00,16.15,18.00,20.00,11.00,7.00,5.00,6.00
2025-10-28T02:46:00Z,12.62,5.00,8.00,5.00,10.00,16.15,19.00,20.00,11.00,7.00,5.00,6.00
2025-10-28T03:33:00Z,12.62,5.00,8.00,5.00,10.00,18.00,19.00,20.00,11.00,7.00,5.00,6.00
2025-10-28T03:34:00Z,12.62,5.00,8.00,5.00,10.00,19.00,19.00,20.00,11.00,7.00,5.00,6.00
2025-10-28T04:31:00Z,12.62,5.00,8.00,5.00,10.00,19.00,19.00,20.00,11.00,7.00,5.00,6.00
2025-10-28T04:54:00Z,12.62,5.00,8.00,5.00,10.00,19.00,19.00,20.00,11.00,7.00,5.00,6.00
2025-10-28T06:26:00Z,12.62,5.00,8.00,5.00,12.00,19.00,19.00,20.00,11.00,7.00,5.00,6.00
2025-10-28T06:42:00Z,12.62,5.00,8.00,5.00,12.00,19.00,19.00,20.00,11.00,7.00,5.00,6.00
2025-10-28T12:42:00Z,12.62,5.00,8.00,5.00,13.00,19.00,19.00,20.00,11.00,7.00,5.00,6.00
2025-10-28T12:58:00Z,12.62,5.00,8.00,5.00,13.00,19.00,19.00,20.00,11.00,7.00,5.00,6.00
2025-10-28T13:15:00Z,12.62,5.00,8.00,5.00,13.00,19.00,19.00,20.00,11.00,7.00,5.00,6.00
2025-10-28T13:48:00Z,12.62,5.00,8.00,5.00,13.00,19.00,19.00,20.00,11.00,7.00,5.00,6.00
2025-10-28T13:49:00Z,12.62,5.00,8.00,5.00,13.00,19.00,19.00,20.00,11.00,7.00,5.00,6.00
2025-10-28T14:28:00Z,12.62,5.00,8.00,5.00,13.00,19.00,19.00,20.00,11.00,7.00,5.00,6.00
2025-10-28T15:19:00Z,12.62,5.00,8.00,5.00,13.00,19.00,19.00,20.00,11.00,7.00,5.00,6.00
2025-10-28T15:34:00Z,12.62,5.00,8.00,5.00,13.00,19.00,19.00,20.00,11.00,7.00,5.00,6.00
2025-10-28T17:25:00Z,12.62,5.00,8.00,5.00,13.00,19.00,19.00,20.00,11.00,7.00,5.00,6.00
2025-10-28T18:08:00Z,12.62,5.00,8.00,5.00,13.00,19.00,18.00,20.00,11.00,7.00,5.00,6.00
2025-10-28T19:52:00Z,12.62,5.00,8.00,5.00,13.00,19.00,18.00,20.00,11.00,7.00,5.00,6.00
2025-10-28T20:00:00Z,12.62,5.00,8.00,5.00,13.00,19.00,15.00,20.00,11.00,7.00,5.00,6.00
2025-10-28T20:04:00Z,12.62,1.12,8.00,5.00,13.00,19.00,15.00,20.00,11.00,7.00,5.00,6.00
2025-10-28T20:31:00Z,12.62,1.12,8.00,5.00,13.00,19.00,15.00,20.00,11.00,7.00,5.00,6.00
2025-10-28T21:37:00Z,12.62,1.12,8.00,5.00,13.00,19.00,18.00,20.00,11.00,7.00,5.00,6.00
2025-10-28T21:51:00Z,12.62,6.00,8.00,5.00,13.00,19.00,18.00,20.00,11.00,7.00,5.00,6.00
2025-10-29T01:36:00Z,12.62,6.00,8.00,5.00,13.00,19.00,18.00,20.00,11.00,7.00,5.00,6.00
2025-10-29T05:30:00Z,12.62,6.00,8.00,5.00,13.00,19.00,18.00,20.00,11.00,7.00,5.00,6.00
2025-10-29T12:30:00Z,12.62,6.00,8.00,5.00,13.00,14.00,18.00,20.00,11.00,7.00,5.00,6.00
2025-10-29T13:49:00Z,12.62,6.00,8.00,5.00,13.00,14.00,18.00,20.00,11.00,7.00,5.00,6.00
2025-10-29T15:00:00Z,12.62,6.00,8.00,5.00,13.00,14.00,18.00,20.00,11.00,7.00,5.00,6.00
2025-10-29T15:09:00Z,12.62,6.00,8.00,5.00,12.00,14.00,18.00,20.00,11.00,7.00,5.00,6.00
2025-10-29T18:23:00Z,12.62,6.00,8.00,5.00,12.00,14.00,18.00,20.00,11.00,7.00,5.00,6.00
2025-10-29T18:43:00Z,12.62,6.00,8.00,5.00,12.00,14.00,18.00,20.00,11.00,7.00,5.00,6.00
2025-10-29T18:49:00Z,12.62,6.00,8.00,5.00,12.00,14.00,18.00,20.00,11.00,7.00,5.00,6.00
2025-10-29T20:45:00Z,12.62,6.00,8.00,5.00,13.00,14.00,18.00,20.00,10.00,7.00,5.00,6.00
2025-10-30T00:15:00Z,12.62,6.00,8.00,5.00,13.00,14.00,18.00,20.00,10.00,7.00,5.00,6.00
2025-10-30T01:25:00Z,12.62,6.00,8.00,5.00,13.00,14.00,18.00,19.00,10.00,7.00,5.00,6.00
2025-10-30T02:12:00Z,12.62,6.00,8.00,5.00,13.00,12.00,18.00,19.00,10.00,7.00,5.00,6.00
2025-10-30T02:31:00Z,12.62,6.00,8.00,5.00,13.00,12.00,18.00,19.00,10.00,7.00,5.00,6.00
2025-10-30T06:29:00Z,12.62,6.00,8.00,5.00,13.00,18.90,18.00,19.00,10.00,7.00,5.00,6.00
2025-10-30T06:50:00Z,12.62,6.00,8.00,5.00,13.00,20.00,18.00,19.00,10.00,7.00,5.00,6.00
2025-10-30T11:33:00Z,12.62,6.00,8.00,5.00,13.00,20.00,18.00,19.00,10.00,7.00,5.00,6.00
2025-10-30T13:00:00Z,12.62,6.00,8.00,5.00,13.00,20.00,18.00,17.00,10.00,7.00,5.00,6.00
2025-10-30T13:36:00Z,12.62,6.00,8.00,5.00,13.00,20.00,18.00,17.00,9.00,7.00,5.00,6.00
2025-10-30T13:41:00Z,12.62,6.00,8.00,5.00,13.00,17.00,18.00,17.00,9.00,7.00,5.00,6.00
2025-10-30T16:45:00Z,12.62,6.00,8.00,5.00,13.00,17.00,16.00,17.00,9.00,7.00,5.00,6.00
2025-10-30T17:03:00Z,12.62,6.00,8.00,5.00,13.00,22.00,16.00,17.00,9.00,7.00,5.00,6.00
2025-10-30T17:04:00Z,12.62,6.00,8.00,5.00,13.00,22.00,17.00,17.00,9.00,7.00,5.00,6.00
2025-10-30T18:27:00Z,12.62,6.00,8.00,5.00,13.00,22.00,17.00,17.00,9.00,7.00,5.00,6.00
2025-10-30T18:44:00Z,12.62,6.00,8.00,5.00,13.00,22.00,17.00,16.00,9.00,7.00,5.00,6.00
2025-10-30T19:46:00Z,12.62,6.00,8.00,5.00,13.00,22.00,17.00,16.00,9.00,7.00,5.00,6.00
2025-10-30T20:50:00Z,12.62,6.00,8.00,5.00,13.00,22.00,17.00,16.00,9.00,7.00,5.00,6.00
2025-10-30T21:06:00Z,12.62,6.00,8.00,5.00,13.00,22.00,17.00,15.00,9.00,7.00,5.00,6.00
2025-10-30T22:32:00Z,12.62,6.00,8.00,5.00,13.00,22.00,17.00,15.00,9.00,7.00,5.00,6.00
2025-10-30T22:36:00Z,12.62,6.00,8.00,5.00,13.00,22.00,15.00,15.00,9.00,7.00,5.00,6.00
2025-10-31T00:16:00Z,12.62,6.00,8.00,5.00,13.00,23.00,15.00,15.00,9.00,7.00,5.00,6.00
2025-10-31T01:41:00Z,12.62,6.00,8.00,5.00,13.00,23.00,15.00,15.00,9.00,7.00,5.00,6.00
2025-10-31T01:50:00Z,12.62,6.00,8.00,5.00,13.00,19.00,15.00,15.00,9.00,7.00,5.00,6.00
2025-10-31T03:47:00Z,12.62,6.00,8.00,5.00,13.00,19.00,17.00,15.00,9.00,7.00,5.00,6.00
2025-10-31T05:06:00Z,12.62,6.00,8.00,5.00,13.00,19.00,17.00,15.00,9.00,7.00,5.00,6.00
2025-10-31T05:19:00Z,12.62,6.00,8.00,5.00,13.00,22.00,17.00,15.00,9.00,7.00,5.00,6.00
2025-10-31T05:20:00Z,12.62,6.00,8.00,5.00,13.00,22.00,17.00,15.00,9.00,7.00,5.00,6.00
2025-10-31T05:35:00Z,12.62,6.00,8.00,5.00,13.00,22.00,17.00,15.00,9.00,7.00,5.00,6.00
2025-10-31T11:09:00Z,12.62,5.99,8.00,5.00,13.00,22.00,17.00,15.00,9.00,7.00,5.00,6.00
2025-10-31T14:06:00Z,12.62,7.00,8.00,5.00,12.00,22.00,17.00,15.00,9.00,7.00,5.00,6.00
2025-10-31T15:43:00Z,12.62,7.00,8.00,5.00,12.00,22.00,17.00,15.00,9.00,7.00,5.00,6.00
2025-10-31T17:02:00Z,12.62,7.00,8.00,5.00,12.00,22.00,17.00,15.00,9.00,4.00,5.00,6.00
2025-10-31T18:22:00Z,12.62,7.00,8.00,5.00,12.00,22.00,17.00,9.00,9.00,4.00,5.00,6.00
2025-10-31T18:30:00Z,12.62,1.23,8.00,5.00,12.00,22.00,17.00,9.00,9.00,4.00,5.00,6.00
2025-10-31T19:09:00Z,12.62,1.23,8.00,5.00,12.00,22.00,17.00,9.00,9.00,4.00,5.00,6.00
2025-10-31T19:14:00Z,12.62,6.00,8.00,5.00,12.00,22.00,17.00,9.00,9.00,4.00,5.00,6.00
2025-10-31T19:53:00Z,12.62,6.00,8.00,5.00,12.00,19.00,17.00,9.00,9.00,4.00,5.00,6.00
2025-10-31T21:09:00Z,12.62,6.00,8.00,5.00,12.00,19.00,17.00,9.00,9.00,4.00,5.00,6.00
2025-10-31T21:33:00Z,12.62,6.00,8.00,5.00,12.00,19.00,17.00,9.00,9.00,4.00,5.00,6.00
2025-10-31T21:35:00Z,12.62,7.00,8.00,5.00,12.00,19.00,17.00,9.00,9.00,4.00,5.00,6.00
2025-11-01T02:13:00Z,12.62,5.00,8.00,5.00,10.00,19.00,16.00,14.00,5.00,4.00,5.00,6.00
2025-11-01T04:39:00Z,12.62,5.00,8.00,8.00,10.00,19.00,16.00,14.00,5.00,4.00,5.00,6.00
2025-11-01T12:37:00Z,12.62,5.00,8.00,8.00,12.00,19.00,16.00,14.00,5.00,4.00,5.00,6.00
2025-11-01T13:34:00Z,12.62,5.00,8.00,8.00,12.00,19.00,16.00,14.00,5.00,4.00,5.00,6.00
2025-11-01T16:06:00Z,12.62,5.00,8.00,8.00,12.00,19.00,16.00,14.00,5.00,4.00,5.00,6.00
2025-11-01T19:20:00Z,12.62,5.00,8.00,8.00,12.00,19.00,16.00,14.00,5.00,4.00,5.00,7.00
2025-11-02T03:00:00Z,12.62,5.00,8.00,8.00,12.00,19.00,16.00,14.00,5.00,4.00,5.00,7.00
2025-11-02T04:43:00Z,12.62,5.00,8.00,7.00,11.00,19.00,16.00,14.00,5.00,4.00,5.00,7.00
2025-11-02T04:53:00Z,12.62,5.00,8.00,7.00,11.00,19.00,16.00,14.00,5.00,4.00,5.00,7.00
2025-11-02T19:52:00Z,12.62,5.00,8.00,7.00,11.00,19.00,16.00,14.00,5.00,4.00,5.00,7.00
2025-11-02T20:04:00Z,12.62,5.00,8.00,7.00,12.00,19.00,16.00,14.00,5.00,4.00,5.00,7.00
2025-11-02T23:33:00Z,12.62,5.00,8.00,7.00,12.00,19.00,16.00,14.00,5.00,4.00,5.00,7.00
2025-11-03T01:27:00Z,12.62,5.00,8.00,7.00,12.00,19.00,16.00,14.00,8.00,4.00,5.00,7.00
2025-11-03T01:28:00Z,12.62,5.00,8.00,7.00,10.50,19.00,16.00,14.00,5.00,4.00,5.00,7.00
2025-11-03T01:46:00Z,12.62,5.00,8.00,7.00,10.50,19.00,16.00,14.00,5.00,4.00,5.00,8.00
2025-11-03T03:18:00Z,12.62,5.00,8.00,7.00,10.50,19.00,16.00,14.00,5.00,4.00,5.00,9.00
2025-11-03T15:05:00Z,12.62,5.00,8.00,7.00,13.00,19.00,16.00,14.00,5.00,4.00,5.00,9.00
2025-11-03T16:54:00Z,12.62,5.00,8.00,8.00,13.00,19.00,16.00,14.00,5.00,4.00,5.00,9.00
2025-11-03T17:02:00Z,12.62,5.00,8.00,8.00,13.25,19.00,16.00,14.00,5.00,4.00,5.00,9.00
2025-11-03T17:37:00Z,12.62,5.00,8.00,7.00,10.00,19.00,16.00,14.00,5.00,4.00,5.00,7.00
2025-11-03T22:36:00Z,12.62,5.00,8.00,7.00,11.00,19.00,16.00,14.00,5.00,4.00,5.00,7.00
2025-11-03T22:59:00Z,12.62,5.00,8.00,7.00,8.30,19.00,16.00,14.00,5.00,4.00,5.00,7.00
2025-11-03T23:00:00Z,12.62,5.00,8.00,8.00,8.30,19.00,16.00,14.00,5.00,4.00,5.00,7.00
2025-11-04T01:00:00Z,12.62,5.00,8.00,8.00,12.00,19.00,16.00,14.00,5.00,4.00,5.00,7.00
2025-11-04T01:22:00Z,12.62,5.00,8.00,8.00,12.00,19.00,16.00,14.00,5.00,4.00,5.00,7.00
2025-11-04T01:46:00Z,12.62,5.00,8.00,8.00,12.00,19.00,16.00,14.00,5.00,4.00,5.00,7.00
2025-11-04T02:27:00Z,12.62,5.00,8.00,8.00,12.00,19.00,16.00,14.00,5.00,4.00,5.00,7.00
2025-11-04T14:24:00Z,12.62,5.00,8.00,8.00,12.00,19.00,16.00,14.00,5.00,4.00,5.00,7.00
2025-11-04T15:00:00Z,31.00,5.00,8.00,8.00,12.00,19.00,16.00,14.00,5.00,4.00,5.00,7.00
2025-11-04T15:05:00Z,30.00,5.00,8.00,8.00,12.00,19.00,16.00,14.00,5.00,4.00,5.00,7.00
2025-11-04T15:12:00Z,32.00,5.00,8.00,8.00,12.00,19.00,16.00,14.00,5.00,4.00,5.00,7.00
2025-11-04T15:13:00Z,32.00,5.00,8.00,8.00,12.00,19.00,16.00,14.00,5.00,4.00,5.00,7.00
2025-11-04T15:14:00Z,32.85,5.00,8.00,8.00,12.00,19.00,16.00,14.00,5.00,4.00,5.00,7.00
2025-11-04T15:15:00Z,32.00,5.00,8.00,8.00,12.00,19.00,16.00,14.00,5.00,4.00,5.00,7.00
2025-11-04T15:18:00Z,33.00,5.00,8.00,8.00,12.00,19.00,16.00,14.00,5.00,4.00,5.00,7.00
2025-11-04T15:19:00Z,32.00,2.00,8.00,7.00,11.00,19.00,16.00,14.00,5.00,4.00,5.00,7.00
2025-11-04T15:41:00Z,32.00,8.00,8.00,7.00,11.00,19.00,16.00,14.00,5.00,4.00,5.00,7.00
2025-11-04T15:44:00Z,32.00,8.00,8.00,7.00,11.00,20.00,16.00,14.00,5.00,4.00,5.00,7.00
2025-11-04T15:49:00Z,32.84,8.00,8.00,7.00,11.00,20.00,16.00,14.00,5.00,4.00,5.00,7.00
2025-11-04T15:53:00Z,32.84,8.00,8.00,8.00,11.00,20.00,16.00,14.00,5.00,4.00,5.00,7.00
2025-11-04T15:57:00Z,33.00,8.00,8.00,8.00,11.00,20.00,16.00,14.00,5.00,4.00,5.00,7.00
2025-11-04T16:05:00Z,33.00,8.00,8.00,8.00,11.00,20.00,16.00,14.00,5.00,4.00,5.00,7.00
2025-11-04T16:18:00Z,33.00,8.00,8.00,8.00,11.00,20.00,16.00,14.00,5.00,4.00,5.00,7.00
2025-11-04T16:25:00Z,33.00,8.00,8.00,8.00,11.00,20.00,16.00,14.00,5.00,4.00,5.00,7.00
2025-11-04T16:26:00Z,33.00,8.00,8.00,8.00,11.00,20.00,16.00,14.00,5.00,4.00,5.00,7.00
2025-11-04T16:32:00Z,33.00,8.00,8.00,8.00,11.00,20.00,16.00,14.00,5.00,4.00,5.00,7.00
2025-11-04T16:33:00Z,33.00,8.00,8.00,8.00,11.00,20.00,16.00,14.00,5.00,4.00,5.00,7.00
2025-11-04T16:36:00Z,32.00,8.00,8.00,8.00,11.00,20.00,16.00,14.00,5.00,4.00,5.00,7.00
2025-11-04T16:38:00Z,33.00,8.00,8.00,8.00,11.00,20.00,16.00,14.00,5.00,4.00,5.00,7.00
2025-11-04T16:39:00Z,33.00,8.00,8.00,8.00,11.00,20.00,16.00,14.00,5.00,4.00,5.00,7.00
2025-11-04T16:41:00Z,33.00,8.00,8.00,8.00,11.00,20.00,16.00,14.00,5.00,4.00,5.00,7.00
2025-11-04T16:42:00Z,33.00,8.00,8.00,8.00,12.00,19.00,16.00,14.00,5.00,4.00,5.00,7.00
2025-11-04T16:43:00Z,33.00,8.00,8.00,8.00,12.00,19.00,16.00,14.00,5.00,4.00,5.00,7.00
2025-11-04T16:47:00Z,33.00,8.00,8.00,8.00,12.00,19.00,16.00,14.00,5.00,4.00,5.00,7.00
2025-11-04T16:53:00Z,33.00,8.00,8.00,8.00,12.00,19.00,16.00,14.00,5.00,4.00,5.00,7.00
2025-11-04T16:57:00Z,33.00,8.00,8.00,8.00,12.00,19.00,16.00,14.00,5.00,4.00,5.00,7.00
2025-11-04T17:07:00Z,32.00,8.00,8.00,8.00,12.00,19.00,16.00,14.00,5.00,4.00,5.00,7.00
2025-11-04T17:13:00Z,33.00,8.00,8.00,8.00,12.00,19.00,16.00,14.00,5.00,4.00,5.00,7.00
2025-11-04T17:15:00Z,33.00,8.00,8.00,8.00,12.00,19.00,16.00,14.00,5.00,4.00,5.00,7.00
2025-11-04T17:35:00Z,33.00,8.00,8.00,8.00,12.00,19.00,16.00,14.00,5.00,4.00,5.00,7.00
2025-11-04T17:56:00Z,33.00,8.00,8.00,8.00,13.00,19.00,16.00,14.00,5.00,4.00,5.00,7.00
2025-11-04T18:08:00Z,33.00,8.00,8.00,8.00,13.00,19.00,16.00,14.00,5.00,4.00,5.00,7.00
2025-11-04T18:10:00Z,31.07,8.00,8.00,8.00,13.00,19.00,16.00,14.00,5.00,4.00,5.00,7.00
2025-11-04T18:18:00Z,33.00,8.00,8.00,8.00,13.00,19.00,16.00,14.00,5.00,4.00,5.00,7.00
2025-11-04T18:24:00Z,32.00,8.00,8.00,8.00,13.00,19.00,16.00,14.00,5.00,4.00,5.00,7.00
2025-11-04T18:51:00Z,32.00,8.00,8.00,8.00,13.00,19.00,16.00,14.00,5.00,4.00,5.00,7.00
2025-11-04T18:52:00Z,32.00,8.00,8.00,8.00,13.00,19.00,16.00,14.00,5.00,4.00,5.00,7.00
2025-11-04T19:09:00Z,32.00,8.00,8.00,8.00,13.00,19.00,16.00,14.00,5.00,4.00,5.00,7.00
2025-11-04T19:28:00Z,32.00,8.00,8.00,8.00,13.00,19.00,16.00,14.00,5.00,4.00,5.00,7.00
2025-11-04T19:34:00Z,32.00,8.00,8.00,8.00,13.00,19.00,16.00,14.00,5.00,4.00,5.00,7.00
2025-11-04T19:49:00Z,32.00,8.00,8.00,8.00,13.00,19.00,16.00,14.00,5.00,4.00,5.00,7.00
2025-11-04T20:07:00Z,32.00,8.00,8.00,8.00,13.00,19.00,16.00,14.00,5.00,4.00,5.00,7.00
2025-11-04T20:13:00Z,31.00,8.00,8.00,8.00,13.00,19.00,16.00,14.00,5.00,4.00,5.00,7.00
2025-11-04T20:14:00Z,32.00,8.00,8.00,8.00,13.00,19.00,16.00,14.00,5.00,4.00,5.00,7.00
2025-11-04T20:27:00Z,31.00,8.00,8.00,8.00,13.00,19.00,16.00,14.00,5.00,4.00,5.00,7.00
2025-11-04T20:38:00Z,30.00,8.00,8.00,8.00,13.00,19.00,16.00,14.00,5.00,4.00,5.00,7.00
2025-11-04T20:41:00Z,30.00,8.00,8.00,8.00,13.00,19.00,16.00,14.00,5.00,4.00,5.00,7.00
2025-11-04T21:07:00Z,31.66,8.00,8.00,8.00,13.00,19.00,16.00,14.00,5.00,4.00,5.00,7.00
2025-11-04T21:12:00Z,32.00,8.00,8.00,8.00,13.00,19.00,16.00,14.00,5.00,4.00,5.00,7.00
2025-11-04T22:01:00Z,32.00,8.00,8.00,8.00,13.00,19.00,16.00,14.00,5.00,4.00,5.00,7.00
2025-11-04T22:08:00Z,32.00,8.00,8.00,8.00,13.00,19.00,16.00,14.00,5.00,4.00,5.00,7.00
2025-11-04T22:21:00Z,31.00,8.00,8.00,8.00,13.00,19.00,16.00,14.00,5.00,4.00,5.00,7.00
2025-11-04T22:36:00Z,31.00,8.00,8.00,8.00,13.00,14.83,16.00,14.00,5.00,4.00,5.00,7.00
2025-11-04T22:50:00Z,32.00,8.00,8.00,8.00,13.00,14.83,16.00,14.00,5.00,4.00,5.00,7.00
2025-11-04T23:20:00Z,32.00,8.00,8.00,8.00,13.00,14.83,16.00,14.00,5.00,4.00,5.00,7.00
2025-11-04T23:34:00Z,32.00,8.00,8.00,8.00,13.00,14.83,16.00,14.00,5.00,4.00,5.00,7.00
2025-11-04T23:50:00Z,32.00,8.00,8.00,8.00,13.00,14.83,16.00,14.00,5.00,4.00,5.00,7.00
2025-11-04T23:52:00Z,32.46,8.00,8.00,8.00,13.00,14.83,16.00,14.00,5.00,4.00,5.00,7.00
2025-11-05T00:14:00Z,32.00,8.00,8.00,8.00,13.00,14.83,16.00,14.00,5.00,4.00,5.00,7.00
2025-11-05T00:16:00Z,32.00,8.00,8.00,8.00,13.00,14.83,16.00,14.00,5.00,4.00,5.00,7.00
2025-11-05T00:39:00Z,32.00,8.00,8.00,8.00,13.00,14.83,16.00,14.00,5.00,4.00,5.00,7.00
2025-11-05T00:50:00Z,32.00,8.00,8.00,8.00,13.00,14.83,16.00,14.00,5.00,4.00,5.00,7.00
2025-11-05T01:49:00Z,33.00,8.00,8.00,8.00,13.00,14.83,16.00,14.00,5.00,4.00,5.00,7.00
2025-11-05T01:57:00Z,33.00,8.00,8.00,8.00,13.00,14.83,16.00,14.00,5.00,4.00,5.00,7.00
2025-11-05T02:10:00Z,33.00,8.00,8.00,8.00,13.00,14.83,16.00,14.00,5.00,4.00,5.00,7.00
2025-11-05T02:27:00Z,33.00,8.00,8.00,8.00,13.00,14.83,16.00,14.00,5.00,4.00,5.00,7.00
2025-11-05T02:34:00Z,32.00,8.00,8.00,8.00,13.00,14.83,16.00,14.00,5.00,4.00,5.00,7.00
2025-11-05T02:50:00Z,32.00,8.00,8.00,8.00,13.00,14.83,16.00,14.00,5.00,6.00,5.00,7.00
2025-11-05T02:51:00Z,33.00,8.00,8.00,8.00,13.00,14.83,16.00,14.00,7.00,6.00,4.00,7.00
2025-11-05T02:54:00Z,31.00,8.00,8.00,8.00,13.00,14.83,16.00,14.00,7.00,6.00,4.00,7.00
2025-11-05T02:55:00Z,32.00,8.00,8.00,8.00,13.00,14.83,16.00,14.00,7.00,6.00,4.00,7.00
2025-11-05T03:11:00Z,33.00,8.00,8.00,8.00,13.00,14.83,16.00,14.00,7.00,6.00,4.00,7.00
2025-11-05T03:26:00Z,33.00,8.00,8.00,8.00,13.00,14.83,16.00,14.00,7.00,6.00,4.00,7.00
2025-11-05T03:31:00Z,32.00,8.00,8.00,8.00,13.00,14.83,16.00,14.00,7.00,6.00,4.00,7.00
2025-11-05T03:37:00Z,32.00,8.00,8.00,8.00,12.00,14.83,16.00,14.00,7.00,6.00,4.00,7.00
2025-11-05T03:43:00Z,34.00,8.00,8.00,8.00,12.00,14.83,16.00,14.00,7.00,6.00,4.00,7.00
2025-11-05T04:12:00Z,34.00,8.00,8.00,8.00,12.00,14.00,16.00,14.00,7.00,6.00,4.00,7.00
2025-11-05T04:13:00Z,34.00,8.00,8.00,8.00,12.00,14.00,16.00,14.00,7.00,6.00,4.00,7.00
2025-11-05T04:22:00Z,33.00,8.00,8.00,8.00,12.00,14.00,16.00,14.00,7.00,6.00,4.00,7.00
2025-11-05T04:34:00Z,33.00,8.00,8.00,8.00,12.00,14.00,16.00,14.00,7.00,6.00,4.00,7.00
2025-11-05T04:35:00Z,33.00,8.00,8.00,12.00,12.00,18.00,16.00,14.00,7.00,6.00,4.00,7.00
2025-11-05T04:47:00Z,31.00,8.00,8.00,12.00,12.00,18.00,16.00,14.00,7.00,6.00,4.00,7.00
2025-11-05T05:29:00Z,31.00,8.00,8.00,12.00,12.00,18.00,16.00,14.00,7.00,6.00,4.00,7.00
2025-11-05T05:32:00Z,31.00,8.00,8.00,12.00,12.00,18.00,16.00,14.00,7.00,6.00,4.00,7.00
2025-11-05T05:34:00Z,31.00,8.00,8.00,12.00,12.00,18.00,16.00,14.00,7.00,6.00,4.00,7.00
2025-11-05T06:12:00Z,32.00,8.00,8.00,12.00,12.00,18.00,16.00,14.00,7.00,6.00,4.00,7.00
2025-11-05T07:00:00Z,32.00,8.00,8.00,12.00,12.00,18.00,16.00,14.00,7.00,6.00,4.00,7.00
2025-11-05T07:44:00Z,32.00,8.00,8.00,12.00,12.00,18.00,16.00,14.00,7.00,6.00,4.00,7.00
2025-11-05T08:37:00Z,32.00,8.00,8.00,12.00,12.00,18.00,16.00,14.00,7.00,6.00,4.00,7.00
2025-11-05T08:38:00Z,30.01,8.00,8.00,12.00,12.00,18.00,16.00,14.00,7.00,6.00,4.00,7.00
2025-11-05T10:16:00Z,26.77,8.00,8.00,12.00,12.00,18.00,16.00,14.00,7.00,6.00,4.00,7.00
2025-11-05T13:42:00Z,30.00,8.00,8.00,12.00,12.00,18.00,16.00,14.00,7.00,6.00,4.00,7.00
2025-11-05T13:48:00Z,30.00,8.00,8.00,12.00,12.00,18.00,16.00,14.00,7.00,6.00,4.00,7.00
2025-11-05T13:49:00Z,30.00,8.00,8.00,12.00,12.00,18.00,16.00,14.00,7.00,6.00,4.00,7.00
2025-11-05T13:51:00Z,31.00,8.00,8.00,12.00,12.00,18.00,16.00,14.00,7.00,6.00,4.00,7.00
2025-11-05T14:10:00Z,31.00,8.00,8.00,12.00,12.00,18.00,16.00,14.00,7.00,6.00,4.00,7.00
2025-11-05T14:59:00Z,31.00,8.00,8.00,12.00,12.00,18.00,16.00,14.00,7.00,6.00,4.00,7.00
2025-11-05T15:05:00Z,32.45,8.00,8.00,12.00,12.00,18.00,16.00,14.00,7.00,6.00,4.00,7.00
2025-11-05T15:06:00Z,33.80,8.00,8.00,12.00,12.00,18.00,16.00,14.00,7.00,6.00,4.00,7.00
2025-11-05T15:07:00Z,36.00,8.00,8.00,12.00,12.00,18.00,16.00,14.00,7.00,6.00,4.00,7.00
2025-11-05T15:11:00Z,31.00,8.00,8.00,12.00,12.00,18.00,16.00,14.00,7.00,6.00,4.00,7.00
2025-11-05T15:47:00Z,31.00,8.00,8.00,12.00,12.00,18.00,16.00,14.00,7.00,6.00,4.00,7.00
2025-11-05T15:53:00Z,35.00,8.00,8.00,12.00,12.00,18.00,16.00,14.00,7.00,6.00,4.00,7.00
2025-11-05T16:10:00Z,35.44,8.00,8.00,12.00,12.00,18.00,16.00,14.00,7.00,6.00,4.00,7.00
2025-11-05T16:11:00Z,35.44,8.00,8.00,12.00,12.00,18.00,16.00,14.00,7.00,6.00,4.00,7.00
2025-11-05T16:19:00Z,32.00,8.00,8.00,12.00,12.00,18.00,16.00,14.00,7.00,6.00,4.00,7.00
2025-11-05T16:48:00Z,35.00,8.00,8.00,12.00,12.00,18.00,16.00,14.00,7.00,6.00,4.00,7.00
2025-11-05T16:50:00Z,35.00,8.00,8.00,12.00,12.00,18.00,16.00,14.00,7.00,6.00,4.00,7.00
2025-11-05T16:55:00Z,35.00,8.00,8.00,12.00,12.00,18.00,16.00,14.00,7.00,6.00,4.00,7.00
2025-11-05T17:03:00Z,35.00,8.00,8.00,12.00,12.00,18.00,16.00,14.00,7.00,4.00,4.00,7.00
2025-11-05T17:05:00Z,35.00,8.00,8.00,12.00,12.00,18.00,16.00,14.00,7.00,4.00,4.00,7.00
2025-11-05T17:07:00Z,32.00,8.00,8.00,12.00,12.00,18.00,16.00,14.00,7.00,4.00,4.00,7.00
2025-11-05T17:28:00Z,35.00,8.00,8.00,12.00,12.00,18.00,16.00,14.00,7.00,4.00,4.00,7.00
2025-11-05T17:30:00Z,35.00,8.00,8.00,12.00,12.00,18.00,16.00,14.00,7.00,4.00,4.00,7.00
2025-11-05T17:39:00Z,35.00,8.00,8.00,12.00,12.00,18.00,16.00,14.00,7.00,4.00,4.00,7.00
2025-11-05T17:42:00Z,35.00,8.00,8.00,12.00,12.00,18.00,16.00,14.00,7.00,4.00,4.00,7.00
2025-11-05T17:54:00Z,34.00,8.00,8.00,12.00,12.00,18.00,16.00,14.00,7.00,4.00,4.00,7.00
2025-11-05T17:59:00Z,35.00,8.00,8.00,12.00,12.00,18.00,16.00,14.00,7.00,4.00,4.00,7.00
2025-11-05T18:02:00Z,34.00,8.00,8.00,12.00,12.00,18.00,16.00,14.00,7.00,4.00,4.00,7.00
2025-11-05T18:03:00Z,33.00,8.00,8.00,12.00,12.00,18.00,16.00,14.00,7.00,4.00,4.00,7.00
2025-11-05T18:11:00Z,35.00,8.00,8.00,12.00,12.00,18.00,16.00,14.00,7.00,4.00,4.00,7.00
2025-11-05T18:37:00Z,36.00,8.00,8.00,12.00,12.00,18.00,16.00,14.00,7.00,4.00,4.00,7.00
2025-11-05T18:45:00Z,36.00,8.00,8.00,10.70,12.00,18.00,16.00,14.00,7.00,4.00,4.00,7.00
2025-11-05T18:52:00Z,36.00,8.00,8.00,10.70,12.00,18.00,16.00,14.00,7.00,4.00,4.00,7.00
2025-11-05T18:54:00Z,36.00,8.00,8.00,10.70,12.00,18.00,16.00,14.00,7.00,4.00,4.00,7.00
2025-11-05T18:55:00Z,36.00,8.00,8.00,11.00,12.00,18.00,16.00,14.00,7.00,4.00,4.00,7.00
2025-11-05T19:05:00Z,36.00,8.00,8.00,11.00,12.00,18.00,16.00,14.00,7.00,4.00,4.00,7.00
2025-11-05T19:32:00Z,36.00,8.00,8.00,11.00,12.00,18.00,16.00,14.00,7.00,4.00,4.00,7.00
2025-11-05T19:41:00Z,33.34,8.00,8.00,11.00,12.00,18.00,16.00,14.00,7.00,4.00,4.00,7.00
2025-11-05T19:55:00Z,36.00,8.00,8.00,11.00,12.00,18.00,16.00,14.00,7.00,4.00,4.00,7.00
2025-11-05T20:00:00Z,36.00,8.00,8.00,11.00,12.00,18.00,16.00,14.00,7.00,4.00,4.00,7.00
2025-11-05T20:01:00Z,36.00,8.00,8.00,11.00,12.00,18.00,16.00,14.00,7.00,4.00,4.00,7.00
2025-11-05T20:15:00Z,34.00,8.00,8.00,11.00,12.00,18.00,16.00,14.00,7.00,4.00,4.00,7.00
2025-11-05T20:16:00Z,33.00,8.00,8.00,11.00,12.00,18.00,16.00,14.00,7.00,4.00,4.00,7.00
2025-11-05T20:37:00Z,35.00,8.00,8.00,11.00,12.00,18.00,16.00,14.00,7.00,4.00,4.00,7.00
2025-11-05T20:40:00Z,35.89,8.00,8.00,11.00,12.00,18.00,16.00,14.00,7.00,4.00,4.00,7.00
2025-11-05T20:53:00Z,37.00,8.00,8.00,11.00,12.00,18.00,16.00,14.00,7.00,4.00,4.00,7.00
2025-11-05T21:03:00Z,37.00,8.00,8.00,11.00,12.00,18.00,16.00,14.00,7.00,4.00,4.00,7.00
2025-11-05T21:04:00Z,37.00,8.00,8.00,11.00,12.00,18.00,16.00,14.00,7.00,4.00,4.00,7.00
2025-11-05T21:08:00Z,37.00,8.00,8.00,11.00,12.00,18.00,16.00,14.00,7.00,4.00,4.00,7.00
2025-11-05T21:10:00Z,37.00,8.00,8.00,11.00,12.00,18.00,16.00,14.00,7.00,4.00,4.00,7.00
2025-11-05T21:13:00Z,37.00,8.00,8.00,11.00,12.00,18.00,16.00,14.00,7.00,4.00,4.00,7.00
2025-11-05T21:14:00Z,34.00,8.00,8.00,11.00,12.00,18.00,16.00,14.00,7.00,4.00,4.00,7.00
2025-11-05T21:24:00Z,38.00,8.00,8.00,11.00,12.00,18.00,16.00,14.00,7.00,4.00,4.00,7.00
2025-11-05T21:29:00Z,38.00,8.00,8.00,11.00,12.00,18.00,16.00,14.00,7.00,4.00,4.00,7.00
2025-11-05T21:30:00Z,38.00,8.00,8.00,11.00,12.00,18.00,16.00,14.00,7.00,4.00,4.00,7.00
2025-11-05T21:42:00Z,38.00,8.00,8.00,11.00,12.00,18.00,16.00,14.00,7.00,4.00,4.00,7.00
2025-11-05T21:52:00Z,38.00,8.00,8.00,11.00,12.00,18.00,16.00,14.00,7.00,4.00,4.00,7.00
2025-11-05T21:53:00Z,38.00,8.00,8.00,11.00,12.00,18.00,16.00,14.00,7.00,4.00,4.00,7.00
2025-11-05T21:56:00Z,38.00,8.00,8.00,11.00,12.00,18.00,16.00,14.00,7.00,4.00,4.00,7.00
2025-11-05T22:04:00Z,38.00,8.00,8.00,11.00,12.00,18.00,16.00,14.00,7.00,4.00,4.00,7.00
2025-11-05T22:21:00Z,38.00,8.00,8.00,11.00,12.00,18.00,16.00,14.00,7.00,4.00,4.00,7.00
2025-11-05T22:31:00Z,38.00,8.00,8.00,10.00,12.00,18.00,16.00,14.00,7.00,4.00,4.00,7.00
2025-11-05T23:00:00Z,38.00,8.00,8.00,10.00,12.00,16.00,16.00,14.00,7.00,4.00,4.00,7.00
2025-11-05T23:02:00Z,38.00,8.00,8.00,10.00,12.00,16.00,16.00,14.00,7.00,4.00,4.00,7.00
2025-11-05T23:30:00Z,36.00,8.00,8.00,10.00,12.00,16.00,16.00,14.00,7.00,4.00,4.00,7.00
2025-11-05T23:38:00Z,36.00,8.00,8.00,10.00,12.00,16.00,16.00,14.00,7.00,4.00,4.00,7.00
2025-11-05T23:52:00Z,38.00,8.00,8.00,10.00,12.00,16.00,16.00,14.00,7.00,4.00,4.00,7.00
2025-11-05T23:53:00Z,38.00,8.00,8.00,10.00,12.00,16.00,16.00,14.00,7.00,4.00,4.00,7.00
2025-11-05T23:57:00Z,38.00,8.00,8.00,10.00,12.00,16.00,16.00,14.00,7.00,4.00,4.00,7.00
2025-11-06T00:01:00Z,38.00,8.00,8.00,10.00,12.00,16.00,16.00,14.00,7.00,4.00,4.00,7.00
2025-11-06T00:02:00Z,38.00,8.00,8.00,10.00,12.00,16.00,16.00,14.00,7.00,4.00,4.00,7.00
2025-11-06T00:07:00Z,38.00,8.00,8.00,10.00,12.00,16.00,16.00,14.00,7.00,4.00,4.00,7.00
2025-11-06T00:15:00Z,37.00,8.00,8.00,10.00,12.00,16.00,16.00,14.00,7.00,4.00,4.00,7.00
2025-11-06T00:19:00Z,37.00,8.00,8.00,10.00,12.00,16.00,16.00,14.00,7.00,4.00,4.00,7.00
2025-11-06T01:19:00Z,37.00,8.00,8.00,10.00,12.00,15.00,16.00,14.00,7.00,4.00,4.00,7.00
2025-11-06T01:28:00Z,37.00,8.00,8.00,10.00,12.00,15.00,16.00,14.00,7.00,4.00,4.00,7.00
2025-11-06T01:31:00Z,37.00,8.00,8.00,10.00,12.00,15.00,16.00,14.00,7.00,4.00,4.00,7.00
2025-11-06T01:40:00Z,36.00,8.00,8.00,10.00,12.00,15.00,16.00,14.00,7.00,4.00,4.00,7.00
2025-11-06T01:41:00Z,34.33,8.00,8.00,10.00,12.00,15.00,16.00,14.00,7.00,4.00,4.00,7.00
2025-11-06T01:43:00Z,34.00,8.00,8.00,10.00,12.00,15.00,16.00,14.00,7.00,4.00,4.00,7.00
2025-11-06T01:59:00Z,38.00,8.00,8.00,10.00,12.00,15.00,16.00,14.00,7.00,4.00,4.00,7.00
2025-11-06T02:10:00Z,38.00,8.00,8.00,10.00,12.00,15.00,16.00,14.00,7.00,4.00,4.00,7.00
2025-11-06T02:21:00Z,38.00,8.00,8.00,10.00,12.00,14.00,16.00,14.00,7.00,4.00,4.00,7.00
2025-11-06T02:31:00Z,38.00,8.00,8.00,10.00,12.00,14.00,16.00,14.00,7.00,4.00,4.00,7.00
2025-11-06T02:49:00Z,38.00,8.00,8.00,10.00,12.00,14.00,16.00,14.00,7.00,4.00,4.00,7.00
2025-11-06T03:02:00Z,38.00,8.00,8.00,10.00,12.00,14.00,16.00,14.00,7.00,4.00,4.00,7.00
2025-11-06T03:06:00Z,37.00,8.00,8.00,10.00,12.00,14.00,16.00,14.00,7.00,4.00,4.00,7.00
2025-11-06T03:07:00Z,37.00,8.00,8.00,10.00,12.00,14.00,16.00,14.00,7.00,4.00,4.00,7.00
2025-11-06T03:08:00Z,35.00,8.00,8.00,10.00,12.00,14.00,16.00,14.00,7.00,4.00,4.00,7.00
2025-11-06T03:10:00Z,37.00,8.00,8.00,10.00,13.00,16.00,16.00,14.00,7.00,4.00,4.00,7.00
2025-11-06T03:11:00Z,37.00,8.00,8.00,11.00,13.00,16.00,16.00,14.00,7.00,4.00,4.00,7.00
2025-11-06T03:14:00Z,35.00,8.00,8.00,11.00,13.00,16.00,16.00,14.00,7.00,4.00,4.00,7.00
2025-11-06T03:15:00Z,36.22,8.00,8.00,11.00,13.00,16.00,16.00,14.00,7.00,4.00,4.00,7.00
2025-11-06T03:51:00Z,36.22,8.00,8.00,11.00,13.00,16.00,16.00,14.00,7.00,4.00,4.00,7.00
2025-11-06T03:52:00Z,37.00,8.00,8.00,11.00,13.00,16.00,16.00,14.00,7.00,4.00,4.00,7.00
2025-11-06T03:55:00Z,33.00,8.00,8.00,11.00,13.00,16.00,16.00,14.00,7.00,4.00,4.00,7.00
2025-11-06T04:06:00Z,33.00,8.00,8.00,11.00,13.00,16.00,16.00,14.00,7.00,4.00,4.00,7.00
2025-11-06T04:14:00Z,37.00,8.00,8.00,11.00,13.00,16.00,16.00,14.00,7.00,4.00,4.00,7.00
2025-11-06T04:32:00Z,37.00,8.00,8.00,11.00,13.00,16.00,16.00,14.00,7.00,4.00,4.00,7.00
2025-11-06T04:41:00Z,37.00,8.00,8.00,11.00,13.00,16.00,16.00,14.00,7.00,4.00,4.00,7.00
2025-11-06T04:42:00Z,37.00,8.00,8.00,11.00,13.00,16.00,16.00,14.00,7.00,4.00,4.00,7.00
2025-11-06T04:49:00Z,37.00,8.00,8.00,11.00,17.00,15.00,16.00,14.00,7.00,4.00,4.00,7.00
2025-11-06T04:50:00Z,37.00,8.00,8.00,11.00,17.00,15.00,16.00,14.00,7.00,4.00,4.00,7.00
2025-11-06T04:55:00Z,34.00,8.00,8.00,11.00,17.00,15.00,16.00,14.00,7.00,4.00,4.00,7.00
2025-11-06T05:00:00Z,33.00,8.00,8.00,11.00,17.00,15.00,16.00,14.00,7.00,4.00,4.00,7.00
2025-11-06T05:01:00Z,33.00,8.00,8.00,11.00,17.00,15.00,16.00,14.00,7.00,4.00,4.00,7.00
2025-11-06T05:13:00Z,33.00,8.00,8.00,11.00,17.00,15.00,16.00,14.00,7.00,4.00,4.00,7.00
2025-11-06T05:27:00Z,30.07,8.00,8.00,11.00,17.00,15.00,16.00,14.00,7.00,4.00,4.00,7.00
2025-11-06T05:29:00Z,31.00,8.00,8.00,11.00,17.00,15.00,16.00,14.00,7.00,4.00,4.00,7.00
2025-11-06T05:51:00Z,31.00,8.00,8.00,10.00,17.00,15.00,16.00,14.00,7.00,4.00,4.00,7.00
2025-11-06T05:52:00Z,31.00,8.00,8.00,10.00,17.00,15.00,16.00,14.00,7.00,4.00,4.00,7.00
2025-11-06T05:54:00Z,31.00,8.00,8.00,10.00,20.00,15.00,16.00,14.00,7.00,4.00,4.00,7.00
2025-11-06T05:57:00Z,31.00,8.00,8.00,10.00,20.00,15.00,16.00,14.00,7.00,4.00,4.00,7.00
2025-11-06T06:00:00Z,31.00,8.00,8.00,10.00,20.00,15.00,16.00,14.00,7.00,4.00,4.00,7.00
2025-11-06T06:03:00Z,31.00,8.00,8.00,10.00,20.24,15.00,16.00,14.00,7.00,4.00,4.00,7.00
2025-11-06T06:10:00Z,30.73,8.00,8.00,10.00,20.24,15.00,16.00,14.00,7.00,4.00,4.00,7.00
2025-11-06T06:32:00Z,28.20,8.00,8.00,10.00,20.24,15.00,16.00,14.00,7.00,4.00,4.00,7.00
2025-11-06T06:36:00Z,30.00,8.00,8.00,10.00,20.24,15.00,16.00,14.00,7.00,4.00,4.00,7.00
2025-11-06T06:37:00Z,30.00,8.00,8.00,10.00,20.24,15.00,16.00,14.00,7.00,4.00,4.00,7.00
2025-11-06T06:43:00Z,31.00,8.00,8.00,10.00,20.24,15.00,16.00,14.00,7.00,4.00,4.00,7.00
2025-11-06T06:45:00Z,31.00,8.00,8.00,10.00,20.24,15.00,16.00,14.00,7.00,4.00,4.00,7.00
2025-11-06T06:46:00Z,31.50,8.00,8.00,10.00,20.24,15.00,16.00,14.00,7.00,4.00,4.00,7.00
2025-11-06T06:51:00Z,31.75,8.00,8.00,10.00,20.24,15.00,16.00,14.00,7.00,4.00,4.00,7.00
2025-11-06T06:52:00Z,28.37,8.00,8.00,10.00,20.24,15.00,16.00,14.00,7.00,4.00,4.00,7.00
2025-11-06T06:53:00Z,31.33,8.00,8.00,10.00,20.24,15.00,16.00,14.00,7.00,4.00,4.00,7.00
2025-11-06T10:01:00Z,32.00,8.00,8.00,10.00,20.24,15.00,16.00,14.00,7.00,4.00,4.00,7.00
2025-11-06T13:02:00Z,32.00,8.00,8.00,10.00,20.24,15.00,16.00,14.00,7.00,4.00,4.00,7.00
2025-11-06T13:16:00Z,32.00,8.00,8.00,10.00,21.00,15.00,16.00,14.00,7.00,4.00,4.00,7.00
2025-11-06T13:36:00Z,32.00,8.00,8.00,10.00,23.00,15.00,16.00,14.00,7.00,4.00,4.00,7.00
2025-11-06T13:37:00Z,32.00,8.00,8.00,10.00,23.00,18.00,16.00,14.00,7.00,4.00,4.00,7.00
2025-11-06T13:58:00Z,31.00,8.00,8.00,10.00,23.00,18.00,16.00,14.00,7.00,4.00,4.00,7.00
2025-11-06T14:01:00Z,31.00,7.00,8.00,10.00,23.00,18.00,16.00,14.00,7.00,4.00,4.00,7.00
2025-11-06T14:03:00Z,31.00,7.00,8.00,10.00,23.00,18.00,16.00,14.00,7.00,4.00,4.00,7.00
2025-11-06T14:13:00Z,31.00,7.00,8.00,10.00,23.00,18.00,16.00,14.00,7.00,4.00,4.00,7.00
2025-11-06T14:30:00Z,31.00,7.00,8.00,10.00,23.00,18.00,16.00,14.00,7.00,4.00,4.00,7.00
2025-11-06T14:31:00Z,31.00,7.00,8.00,10.00,23.00,18.00,16.00,14.00,7.00,4.00,4.00,7.00
2025-11-06T14:57:00Z,31.00,7.00,8.00,10.00,23.00,18.00,16.00,14.00,7.00,4.00,4.00,7.00
2025-11-06T15:01:00Z,30.00,7.00,8.00,10.00,23.00,18.00,16.00,14.00,7.00,4.00,4.00,7.00
2025-11-06T15:02:00Z,28.00,7.00,8.00,10.00,23.00,18.00,16.00,14.00,7.00,4.00,4.00,7.00
2025-11-06T15:04:00Z,28.00,7.00,8.00,10.00,23.00,18.00,16.00,14.00,7.00,4.00,4.00,7.00
2025-11-06T15:08:00Z,31.00,7.00,8.00,10.00,23.00,18.00,16.00,14.00,7.00,4.00,4.00,7.00
2025-11-06T15:15:00Z,29.00,7.00,8.00,10.00,23.00,18.00,16.00,14.00,7.00,4.00,4.00,7.00
2025-11-06T15:16:00Z,30.00,7.00,8.00,10.00,23.00,18.00,16.00,14.00,7.00,4.00,4.00,7.00
2025-11-06T15:35:00Z,30.00,7.00,8.00,10.00,23.00,18.00,16.00,14.00,7.00,4.00,4.00,7.00
2025-11-06T15:56:00Z,30.00,7.00,8.00,10.00,23.00,18.00,16.00,14.00,7.00,4.00,4.00,7.00
2025-11-06T16:17:00Z,30.80,7.00,8.00,10.00,23.00,18.00,16.00,14.00,7.00,4.00,4.00,7.00
2025-11-06T16:18:00Z,31.00,7.00,8.00,10.00,23.00,18.00,16.00,14.00,7.00,4.00,4.00,7.00
2025-11-06T16:50:00Z,31.00,7.00,8.00,10.00,23.00,18.00,16.00,14.00,7.00,4.00,4.00,7.00
2025-11-06T17:02:00Z,30.00,7.00,8.00,10.00,23.00,18.00,16.00,14.00,7.00,4.00,4.00,7.00
2025-11-06T17:04:00Z,31.00,7.00,8.00,10.00,23.00,18.00,16.00,14.00,7.00,4.00,4.00,7.00
2025-11-06T17:05:00Z,31.00,7.00,8.00,10.00,23.00,18.00,16.00,14.00,7.00,4.00,4.00,7.00
2025-11-06T17:10:00Z,31.00,7.00,8.00,10.00,23.00,18.00,16.00,14.00,7.00,4.00,4.00,7.00
2025-11-06T17:15:00Z,31.00,7.00,8.00,9.96,23.00,18.00,16.00,14.00,7.00,4.00,4.00,7.00
2025-11-06T17:20:00Z,30.00,7.00,8.00,9.96,23.00,18.00,16.00,14.00,7.00,4.00,4.00,7.00
2025-11-06T17:35:00Z,30.00,7.00,8.00,9.96,23.00,18.00,16.00,14.00,7.00,4.00,4.00,7.00
2025-11-06T17:53:00Z,30.73,7.00,8.00,9.96,23.00,18.00,16.00,14.00,7.00,4.00,4.00,7.00
2025-11-06T18:24:00Z,31.00,7.00,8.00,9.96,23.00,18.00,16.00,14.00,7.00,4.00,4.00,7.00
2025-11-06T18:38:00Z,31.00,7.00,8.00,9.96,20.00,18.00,16.00,14.00,7.00,4.00,4.00,7.00
2025-11-06T18:39:00Z,28.78,7.00,8.00,9.96,20.00,18.00,16.00,14.00,7.00,4.00,4.00,7.00
2025-11-06T18:51:00Z,28.78,7.00,8.00,9.96,20.00,16.00,16.00,14.00,7.00,4.00,4.00,7.00
2025-11-06T18:52:00Z,31.00,7.00,8.00,9.96,20.00,16.00,16.00,14.00,7.00,4.00,4.00,7.00
2025-11-06T18:53:00Z,31.00,7.00,8.00,10.00,20.00,16.00,16.00,14.00,7.00,4.00,4.00,7.00
2025-11-06T19:08:00Z,31.00,7.00,8.00,10.00,20.00,16.00,16.00,14.00,7.00,4.00,4.00,7.00
2025-11-06T19:25:00Z,31.00,7.00,8.00,10.00,20.00,16.00,16.00,14.00,7.00,4.00,4.00,7.00
2025-11-06T20:28:00Z,31.00,7.00,8.00,10.00,20.00,16.00,16.00,14.00,7.00,4.00,4.00,7.00
2025-11-06T20:39:00Z,31.00,7.00,8.00,10.00,20.00,16.00,16.00,14.00,7.00,4.00,4.00,7.00
2025-11-06T20:41:00Z,31.00,7.00,8.00,10.00,20.00,16.00,16.00,14.00,7.00,4.00,4.00,7.00
2025-11-06T20:56:00Z,31.00,7.00,8.00,10.00,20.00,16.00,16.00,14.00,7.00,4.00,4.00,7.00
2025-11-06T20:58:00Z,27.98,7.00,8.00,10.00,20.00,16.00,16.00,14.00,7.00,4.00,4.00,7.00
2025-11-06T21:26:00Z,27.98,7.00,8.00,10.00,20.00,16.00,16.00,14.00,7.00,4.00,4.00,7.00
2025-11-06T21:45:00Z,28.75,7.00,8.00,10.00,20.00,16.00,16.00,14.00,7.00,4.00,4.00,7.00
2025-11-06T22:22:00Z,31.00,7.00,8.00,10.00,20.00,16.00,16.00,14.00,7.00,4.00,4.00,7.00
2025-11-06T22:29:00Z,32.00,7.00,8.00,10.00,20.00,16.00,16.00,14.00,7.00,4.00,4.00,7.00
2025-11-06T22:51:00Z,32.00,7.00,8.00,10.00,20.00,16.00,16.00,14.00,7.00,4.00,4.00,7.00
2025-11-06T23:06:00Z,31.00,7.00,8.00,10.00,20.00,16.00,16.00,14.00,7.00,4.00,4.00,7.00
2025-11-06T23:57:00Z,31.00,7.00,8.00,10.00,18.00,16.00,16.00,14.00,7.00,4.00,4.00,7.00
2025-11-07T00:13:00Z,32.00,7.00,8.00,10.00,18.00,16.00,16.00,14.00,7.00,4.00,4.00,7.00
2025-11-07T00:17:00Z,31.00,7.00,8.00,10.00,18.00,16.00,16.00,14.00,7.00,4.00,4.00,7.00
2025-11-07T00:20:00Z,31.00,7.00,8.00,10.00,18.00,16.00,16.00,14.00,7.00,4.00,4.00,7.00
2025-11-07T00:21:00Z,31.00,7.00,8.00,10.00,23.00,16.00,16.00,14.00,7.00,4.00,4.00,7.00
2025-11-07T00:30:00Z,31.00,7.00,8.00,10.00,23.00,16.00,16.00,14.00,7.00,4.00,4.00,7.00
2025-11-07T00:32:00Z,32.00,7.00,8.00,10.00,23.00,16.00,16.00,14.00,7.00,4.00,4.00,7.00
2025-11-07T00:53:00Z,32.00,7.00,8.00,10.00,23.00,16.00,16.00,14.00,7.00,4.00,4.00,7.00
2025-11-07T01:17:00Z,32.00,7.00,8.00,10.00,23.00,16.00,16.00,14.00,7.00,4.00,4.00,7.00
2025-11-07T01:22:00Z,32.00,7.00,8.00,10.00,23.00,16.00,16.00,14.00,7.00,4.00,4.00,7.00
2025-11-07T01:42:00Z,32.00,7.00,8.00,10.00,23.00,16.00,16.00,14.00,7.00,4.00,4.00,7.00
2025-11-07T02:03:00Z,32.00,7.00,8.00,10.00,23.00,19.00,16.00,14.00,7.00,4.00,4.00,7.00
2025-11-07T02:20:00Z,32.00,7.00,8.00,10.00,23.00,19.00,16.00,14.00,7.00,4.00,4.00,7.00
2025-11-07T02:32:00Z,32.00,7.00,8.00,10.00,23.00,19.00,16.00,14.00,7.00,4.00,4.00,7.00
2025-11-07T02:36:00Z,32.00,7.00,8.00,10.00,23.27,19.00,16.00,14.00,7.00,4.00,4.00,7.00
2025-11-07T02:38:00Z,32.00,7.00,8.00,10.00,23.27,19.00,16.00,14.00,7.00,4.00,4.00,7.00
2025-11-07T02:42:00Z,32.00,7.00,8.00,10.00,23.27,19.00,16.00,14.00,7.00,4.00,4.00,7.00
2025-11-07T02:44:00Z,32.00,7.00,8.00,10.00,23.27,19.00,16.00,14.00,7.00,4.00,4.00,7.00
2025-11-07T03:05:00Z,32.00,7.00,8.00,10.00,18.12,19.00,16.00,14.00,7.00,4.00,4.00,7.00
2025-11-07T03:22:00Z,32.00,7.00,8.00,10.00,18.12,19.00,16.00,14.00,7.00,4.00,4.00,7.00
2025-11-07T03:24:00Z,32.00,7.00,8.00,10.00,18.12,19.00,16.00,14.00,7.00,4.00,4.00,7.00
2025-11-07T03:25:00Z,32.00,7.00,8.00,10.00,18.12,19.00,16.00,14.00,7.00,4.00,4.00,7.00
2025-11-07T03:26:00Z,32.00,7.00,8.00,10.00,18.12,19.00,16.00,14.00,7.00,4.00,4.00,7.00
2025-11-07T03:28:00Z,32.00,7.00,8.00,10.00,18.12,19.00,16.00,14.00,7.00,4.00,4.00,7.00
2025-11-07T03:35:00Z,32.00,7.00,8.00,10.00,18.12,19.00,16.00,14.00,7.00,4.00,4.00,7.00
2025-11-07T03:55:00Z,33.00,7.00,8.00,10.00,18.12,19.00,16.00,14.00,7.00,4.00,4.00,7.00
2025-11-07T03:58:00Z,33.00,7.00,8.00,10.00,18.12,19.00,16.00,14.00,7.00,4.00,4.00,7.00
2025-11-07T04:04:00Z,33.00,7.00,8.00,10.00,18.12,19.00,16.00,14.00,7.00,4.00,4.00,7.00
2025-11-07T04:21:00Z,33.00,7.00,8.00,10.00,18.12,19.00,16.00,14.00,7.00,4.00,4.00,7.00
2025-11-07T04:25:00Z,32.00,7.00,8.00,10.00,18.12,19.00,16.00,14.00,7.00,4.00,4.00,7.00
2025-11-07T04:35:00Z,32.00,7.00,8.00,10.00,18.12,19.00,16.00,14.00,7.00,4.00,4.00,7.00
2025-11-07T04:37:00Z,32.00,7.00,8.00,10.00,18.00,19.00,16.00,14.00,7.00,4.00,4.00,7.00
2025-11-07T04:48:00Z,32.00,7.00,8.00,10.00,18.00,19.00,16.00,14.00,1.93,4.00,4.00,7.00
2025-11-07T04:53:00Z,33.00,7.00,8.00,10.00,18.00,20.00,16.00,14.00,1.93,4.00,4.00,7.00
2025-11-07T05:04:00Z,33.00,7.00,8.00,10.00,18.00,20.00,16.00,14.00,1.93,4.00,4.00,7.00
2025-11-07T05:16:00Z,32.00,7.00,8.00,10.00,18.00,20.00,16.00,14.00,1.93,4.00,4.00,7.00
2025-11-07T05:26:00Z,32.00,7.00,8.00,10.00,19.00,20.00,16.00,14.00,1.93,4.00,4.00,7.00
2025-11-07T05:27:00Z,32.00,7.00,8.00,10.00,21.62,20.00,16.00,14.00,1.93,4.00,4.00,7.00
2025-11-07T05:28:00Z,32.00,7.00,8.00,10.00,23.00,20.00,16.00,14.00,1.93,4.00,4.00,7.00
2025-11-07T06:00:00Z,31.00,7.00,8.00,10.00,23.00,20.00,16.00,14.00,1.93,4.00,4.00,7.00
2025-11-07T06:02:00Z,33.00,7.00,8.00,10.00,23.00,20.00,16.00,14.00,1.93,4.00,4.00,7.00
2025-11-07T07:34:00Z,33.00,7.00,8.00,10.00,23.00,20.00,16.00,14.00,1.93,4.00,4.00,7.00
2025-11-07T07:41:00Z,29.63,7.00,8.00,10.00,23.00,20.00,16.00,14.00,1.93,4.00,4.00,7.00
2025-11-07T08:31:00Z,29.63,7.00,8.00,10.00,23.00,20.00,16.00,14.00,1.93,4.00,4.00,7.00
2025-11-07T08:33:00Z,33.00,7.00,8.00,10.00,23.00,20.00,16.00,14.00,1.93,4.00,4.00,7.00
2025-11-07T13:03:00Z,32.00,7.00,8.00,10.00,23.00,20.00,16.00,14.00,1.93,4.00,4.00,7.00
2025-11-07T13:08:00Z,32.00,7.00,8.00,10.00,20.00,20.00,16.00,14.00,1.93,4.00,4.00,7.00
2025-11-07T13:31:00Z,33.00,7.00,8.00,10.00,20.00,20.00,16.00,14.00,1.93,4.00,4.00,7.00
2025-11-07T13:55:00Z,33.00,7.00,8.00,10.00,20.00,20.00,16.00,14.00,1.93,4.00,4.00,7.00
2025-11-07T14:01:00Z,33.00,7.00,8.00,10.00,20.00,20.00,16.00,14.00,1.93,4.00,4.00,7.00
2025-11-07T14:32:00Z,32.00,7.00,8.00,10.00,20.00,20.00,16.00,14.00,1.93,4.00,4.00,7.00
2025-11-07T14:43:00Z,33.00,7.00,8.00,10.00,20.00,20.00,16.00,14.00,1.93,4.00,4.00,7.00
2025-11-07T14:44:00Z,33.00,7.00,8.00,10.00,20.00,20.00,16.00,14.00,1.93,4.00,4.00,7.00
2025-11-07T14:46:00Z,33.00,7.00,8.00,10.00,20.00,20.00,16.00,14.00,1.93,4.00,4.00,7.00
2025-11-07T14:53:00Z,33.00,7.00,8.00,10.00,20.00,20.00,16.00,14.00,1.93,4.00,4.00,7.00
2025-11-07T15:19:00Z,33.00,7.00,8.00,10.00,20.00,20.00,16.00,14.00,1.93,4.00,4.00,7.00
2025-11-07T15:22:00Z,33.00,7.00,8.00,10.00,20.00,20.00,16.00,14.00,1.93,4.00,4.00,7.00
2025-11-07T15:43:00Z,33.00,7.00,8.00,10.00,20.00,20.00,16.00,14.00,1.93,4.00,4.00,7.00
2025-11-07T15:49:00Z,32.00,7.00,8.00,10.00,20.00,20.00,16.00,14.00,1.93,4.00,4.00,7.00
2025-11-07T16:17:00Z,33.00,7.00,8.00,10.00,20.00,20.00,16.00,14.00,1.93,4.00,4.00,7.00
2025-11-07T16:27:00Z,32.00,7.00,8.00,10.00,20.00,20.00,16.00,14.00,1.93,4.00,4.00,7.00
2025-11-07T16:33:00Z,30.20,7.00,8.00,10.00,20.00,20.00,16.00,14.00,1.93,4.00,4.00,7.00
2025-11-07T16:34:00Z,32.00,7.00,8.00,10.00,20.00,20.00,16.00,14.00,1.93,4.00,4.00,7.00
2025-11-07T16:47:00Z,27.12,7.00,8.00,10.00,20.00,20.00,16.00,14.00,1.93,4.00,4.00,7.00
2025-11-07T16:53:00Z,28.00,7.00,8.00,10.00,20.00,20.00,16.00,14.00,1.93,4.00,4.00,7.00
2025-11-07T16:58:00Z,32.00,7.00,8.00,10.00,20.00,20.00,16.00,14.00,1.93,4.00,4.00,7.00
2025-11-07T16:59:00Z,32.00,7.00,8.00,10.00,20.00,20.00,16.00,14.00,1.93,4.00,4.00,7.00
2025-11-07T17:41:00Z,33.00,7.00,8.00,10.00,20.00,20.00,16.00,14.00,1.93,4.00,4.00,7.00
2025-11-07T17:49:00Z,31.00,8.00,8.00,10.00,20.00,20.00,16.00,14.00,1.93,4.00,4.00,7.00
2025-11-07T18:08:00Z,32.00,8.00,8.00,10.00,20.00,20.00,16.00,14.00,1.93,4.00,4.00,7.00
2025-11-07T18:12:00Z,32.00,8.00,8.00,10.00,20.00,20.00,16.00,14.00,1.93,4.00,4.00,7.00
2025-11-07T18:27:00Z,31.00,8.00,8.00,10.00,20.00,20.00,16.00,14.00,1.93,4.00,4.00,7.00
2025-11-07T18:28:00Z,30.00,8.00,8.00,10.00,20.00,20.00,16.00,14.00,1.93,4.00,4.00,7.00
2025-11-07T18:35:00Z,31.00,8.00,8.00,10.00,20.00,20.00,16.00,14.00,1.93,4.00,4.00,7.00
2025-11-07T18:45:00Z,31.00,8.00,8.00,10.00,20.00,20.00,16.00,14.00,1.93,4.00,4.00,7.00
2025-11-07T18:55:00Z,31.00,9.00,8.00,10.00,20.00,20.00,16.00,14.00,1.93,4.00,4.00,7.00
2025-11-07T18:58:00Z,32.00,9.00,8.00,10.00,20.00,20.00,16.00,14.00,1.93,4.00,4.00,7.00
2025-11-07T19:19:00Z,32.00,9.00,8.00,10.00,20.00,20.00,16.00,14.00,1.93,4.00,4.00,7.00
2025-11-07T19:20:00Z,31.43,9.00,8.00,10.00,20.00,20.00,16.00,14.00,1.93,4.00,4.00,7.00
2025-11-07T19:22:00Z,32.00,9.00,8.00,10.00,20.00,20.00,16.00,14.00,1.93,4.00,4.00,7.00
2025-11-07T19:27:00Z,33.00,9.00,8.00,10.00,20.00,20.00,16.00,14.00,1.93,4.00,4.00,7.00
2025-11-07T20:22:00Z,33.00,9.00,8.00,10.00,20.00,20.00,16.00,14.00,1.93,4.00,4.00,7.00
2025-11-07T20:48:00Z,33.00,9.00,8.00,10.00,20.00,20.00,16.00,14.00,1.93,4.00,4.00,7.00
2025-11-07T21:00:00Z,33.00,9.00,8.00,10.00,20.00,18.00,16.00,14.00,1.93,4.00,4.00,7.00
2025-11-07T21:03:00Z,33.00,9.00,8.00,10.00,20.00,18.98,16.00,14.00,1.93,4.00,4.00,7.00
2025-11-07T21:04:00Z,33.00,9.00,8.00,10.00,20.00,18.98,16.00,14.00,1.93,4.00,4.00,7.00
2025-11-07T21:06:00Z,33.00,9.00,8.00,10.00,20.00,18.98,16.00,14.00,1.93,4.00,4.00,7.00
2025-11-07T21:12:00Z,33.00,9.00,8.00,10.00,20.00,18.98,16.00,14.00,1.93,4.00,4.00,7.00
2025-11-07T21:16:00Z,33.00,9.00,8.00,10.00,20.00,18.98,16.00,14.00,1.93,4.00,4.00,7.00
2025-11-07T21:17:00Z,33.00,9.00,8.00,10.00,20.00,18.98,16.00,14.00,1.93,4.00,4.00,7.00
2025-11-07T21:23:00Z,33.00,9.00,8.00,10.00,20.00,18.98,16.00,14.00,1.93,4.00,4.00,7.00
2025-11-07T21:41:00Z,32.17,9.00,8.00,10.00,20.00,18.98,16.00,14.00,1.93,4.00,4.00,7.00
2025-11-07T21:42:00Z,30.00,9.00,8.00,10.00,20.00,18.98,16.00,14.00,1.93,4.00,4.00,7.00
2025-11-07T21:52:00Z,32.00,9.00,8.00,10.00,20.00,18.98,16.00,14.00,1.93,4.00,4.00,7.00
2025-11-07T22:04:00Z,28.00,9.00,8.00,10.00,20.00,18.98,16.00,14.00,1.93,4.00,4.00,7.00
2025-11-07T22:06:00Z,28.00,9.00,8.00,10.00,20.00,18.98,16.00,14.00,1.93,4.00,4.00,7.00
2025-11-07T22:08:00Z,28.00,9.00,8.00,10.00,20.00,18.98,16.00,14.00,1.93,4.00,4.00,7.00
2025-11-07T22:50:00Z,31.00,9.00,8.00,10.00,18.10,18.98,16.00,14.00,1.93,4.00,4.00,7.00
2025-11-07T23:12:00Z,31.00,9.00,8.00,10.00,18.10,18.98,16.00,14.00,1.93,4.00,4.00,7.00
2025-11-07T23:29:00Z,32.00,9.00,8.00,10.00,18.10,18.98,16.00,14.00,1.93,4.00,4.00,7.00
2025-11-08T00:08:00Z,32.00,9.00,8.00,10.00,18.10,18.98,16.00,14.00,1.93,4.00,4.00,7.00
2025-11-08T00:40:00Z,32.00,9.00,8.00,10.00,18.10,18.98,16.00,14.00,1.93,4.00,4.00,7.00
2025-11-08T00:41:00Z,32.00,8.00,8.00,10.00,18.10,18.98,16.00,14.00,1.93,4.00,4.00,7.00
2025-11-08T00:45:00Z,32.00,8.00,8.00,10.00,18.10,18.98,16.00,14.00,1.93,4.00,4.00,7.00
2025-11-08T00:47:00Z,32.00,9.00,8.00,10.00,18.10,18.98,16.00,14.00,1.93,4.00,4.00,7.00
2025-11-08T01:28:00Z,32.00,9.00,8.00,10.00,18.10,18.98,16.00,14.00,1.93,4.00,4.00,7.00
2025-11-08T02:03:00Z,33.00,9.00,8.00,10.00,18.10,18.98,16.00,14.00,1.93,4.00,4.00,7.00
2025-11-08T03:14:00Z,33.00,9.00,8.00,10.00,18.10,18.98,16.00,14.00,1.93,4.00,4.00,7.00
2025-11-08T03:18:00Z,33.00,9.00,8.00,10.00,18.10,18.98,16.00,4.00,1.93,4.00,4.00,7.00
2025-11-08T03:28:00Z,33.00,9.00,8.00,10.00,18.10,18.98,16.00,4.00,1.93,4.00,4.00,7.00
2025-11-08T03:46:00Z,33.00,9.00,10.00,10.00,18.10,18.98,16.00,4.00,1.93,4.00,4.00,7.00
2025-11-08T03:53:00Z,33.00,9.00,10.00,10.00,18.10,18.98,16.00,4.00,1.93,4.00,4.00,7.00
2025-11-08T03:54:00Z,28.22,9.00,10.00,10.00,18.10,18.98,16.00,4.00,1.93,4.00,4.00,7.00
2025-11-08T04:23:00Z,28.22,9.00,10.00,10.00,18.10,18.98,16.00,4.00,1.93,4.00,4.00,7.00
2025-11-08T04:27:00Z,31.00,9.00,10.00,10.00,18.10,18.98,16.00,4.00,1.93,4.00,4.00,7.00
2025-11-08T04:28:00Z,32.00,9.00,10.00,10.00,18.10,18.98,16.00,4.00,1.93,4.00,4.00,7.00
2025-11-08T05:50:00Z,33.00,9.00,10.00,10.00,18.10,18.98,16.00,4.00,1.93,4.00,4.00,7.00
2025-11-08T05:56:00Z,31.00,9.00,10.00,10.00,18.10,18.98,16.00,4.00,1.93,4.00,4.00,7.00
2025-11-08T05:58:00Z,32.00,9.00,10.00,10.00,18.10,18.98,16.00,4.00,1.93,4.00,4.00,7.00
2025-11-08T13:02:00Z,33.00,9.00,10.00,10.00,18.10,18.98,16.00,4.00,1.93,4.00,4.00,7.00
2025-11-08T13:28:00Z,33.00,9.00,10.00,10.00,18.10,18.98,16.00,4.00,1.93,4.00,4.00,7.00
2025-11-08T13:57:00Z,33.00,9.00,10.00,10.00,18.10,18.98,16.00,4.00,1.93,4.00,4.00,7.00
2025-11-08T14:39:00Z,33.00,10.00,10.00,10.00,18.10,18.98,16.00,4.00,1.93,4.00,4.00,7.00
2025-11-08T14:41:00Z,33.00,10.00,10.00,10.00,18.10,18.98,16.00,4.00,1.93,4.00,4.00,7.00
2025-11-08T15:38:00Z,33.00,10.00,10.00,10.00,21.00,18.98,16.00,4.00,1.93,4.00,4.00,7.00
2025-11-08T15:43:00Z,33.00,10.00,10.00,10.00,21.00,18.98,16.00,4.00,1.93,4.00,4.00,7.00
2025-11-08T16:11:00Z,32.00,10.00,10.00,10.00,21.00,18.98,16.00,4.00,1.93,4.00,4.00,7.00
2025-11-08T16:21:00Z,33.00,10.00,10.00,10.00,21.00,18.98,16.00,4.00,1.93,4.00,4.00,7.00
2025-11-08T16:34:00Z,33.00,10.00,10.00,10.00,21.00,18.98,16.00,4.00,1.93,4.00,4.00,7.00
2025-11-08T16:36:00Z,33.00,10.00,10.00,10.00,21.00,18.98,16.00,4.00,1.93,4.00,4.00,7.00
2025-11-08T16:39:00Z,34.00,10.00,10.00,10.00,21.00,18.98,16.00,4.00,1.93,4.00,4.00,7.00
2025-11-08T16:43:00Z,34.00,10.00,10.00,10.00,21.00,18.98,16.00,5.00,1.93,4.00,4.00,7.00
2025-11-08T16:44:00Z,34.00,10.00,10.00,10.00,21.00,15.00,8.00,5.00,1.93,4.00,4.00,7.00
2025-11-08T16:45:00Z,34.00,10.00,10.00,10.00,21.00,15.00,8.00,5.00,1.93,4.00,4.00,7.00
2025-11-08T17:04:00Z,34.00,10.00,10.00,10.00,21.00,15.00,8.00,5.00,1.93,4.00,4.00,7.00
2025-11-08T17:11:00Z,33.00,10.00,10.00,10.00,21.00,15.00,8.00,5.00,1.93,4.00,4.00,7.00
2025-11-08T17:32:00Z,33.00,10.00,11.00,10.00,21.00,15.00,8.00,5.00,1.93,4.00,4.00,7.00
2025-11-08T17:33:00Z,33.00,10.00,11.00,10.00,22.00,15.00,8.00,5.00,1.93,4.00,4.00,7.00
2025-11-08T17:35:00Z,33.00,9.00,11.00,10.00,22.00,15.00,8.00,5.00,1.93,4.00,4.00,7.00
2025-11-08T17:40:00Z,33.00,9.00,11.00,10.00,22.00,15.00,8.00,5.00,1.93,4.00,4.00,7.00
2025-11-08T17:54:00Z,34.00,9.00,11.00,10.00,22.00,15.00,8.00,5.00,1.93,4.00,4.00,7.00
2025-11-08T17:58:00Z,34.00,9.00,11.00,10.00,22.00,15.00,8.00,5.00,1.93,4.00,4.00,7.00
2025-11-08T18:36:00Z,34.00,9.00,11.00,10.00,22.00,15.00,8.00,5.00,1.93,4.00,4.00,7.00
2025-11-08T19:04:00Z,35.00,9.00,11.00,10.00,22.00,15.00,8.00,5.00,1.93,4.00,4.00,7.00
2025-11-08T19:24:00Z,35.00,9.00,11.00,10.00,22.00,15.00,8.00,5.00,1.93,4.00,4.00,7.00
2025-11-08T20:32:00Z,35.00,9.00,11.00,10.00,22.00,15.00,8.00,5.00,1.93,4.00,4.00,7.00
2025-11-08T20:39:00Z,35.00,9.00,11.00,10.00,22.00,15.00,8.00,5.00,1.93,4.00,4.00,7.00
2025-11-08T20:44:00Z,35.00,9.00,11.00,10.00,22.00,15.00,8.00,5.00,1.93,4.00,4.00,7.00
2025-11-08T20:46:00Z,35.00,9.00,11.00,10.00,22.00,15.00,8.00,6.00,1.93,4.00,4.00,7.00
2025-11-08T21:03:00Z,35.00,9.00,11.00,10.00,22.00,15.00,8.00,6.00,6.00,4.00,4.00,7.00
2025-11-08T21:23:00Z,34.06,9.00,11.00,10.00,22.00,18.00,8.00,6.00,6.00,4.00,4.00,7.00
2025-11-08T21:58:00Z,34.00,9.00,11.00,10.00,22.00,18.00,8.00,6.00,6.00,4.00,4.00,7.00
2025-11-08T22:02:00Z,34.00,9.00,11.00,10.00,22.00,18.00,8.00,6.00,6.00,4.00,4.00,7.00
2025-11-08T22:30:00Z,34.00,9.00,11.00,10.00,22.00,18.00,8.00,6.00,6.00,4.00,4.00,7.00
2025-11-08T22:48:00Z,34.00,9.00,11.00,10.00,22.00,19.00,8.00,6.00,6.00,4.00,4.00,7.00
2025-11-08T23:38:00Z,34.00,9.00,11.00,10.00,22.00,19.00,8.00,6.00,6.00,4.00,4.00,7.00
2025-11-08T23:39:00Z,35.00,9.00,11.00,10.00,22.00,19.00,8.00,6.00,6.00,4.00,4.00,7.00
2025-11-08T23:40:00Z,35.00,9.00,11.00,10.00,21.00,19.00,8.00,6.00,6.00,4.00,4.00,7.00
2025-11-08T23:41:00Z,31.40,9.00,11.00,10.00,21.00,19.00,8.00,6.00,6.00,4.00,4.00,7.00
2025-11-08T23:44:00Z,31.40,9.00,11.00,10.00,15.49,19.00,8.00,6.00,6.00,4.00,4.00,7.00
2025-11-08T23:54:00Z,31.00,9.00,11.00,10.00,15.49,19.00,8.00,6.00,6.00,4.00,4.00,7.00
2025-11-09T00:13:00Z,35.00,9.00,11.00,10.00,15.49,19.00,8.00,6.00,6.00,4.00,4.00,7.00
2025-11-09T00:55:00Z,35.00,9.00,11.00,10.00,15.49,19.00,8.00,6.00,6.00,4.00,4.00,7.00
2025-11-09T00:56:00Z,35.00,9.00,9.00,10.00,20.00,19.00,8.00,6.00,6.00,4.00,4.00,7.00
2025-11-09T00:57:00Z,35.00,9.00,10.00,10.00,20.00,19.00,8.00,6.00,6.00,4.00,4.00,7.00
2025-11-09T01:03:00Z,30.47,9.00,10.00,10.00,20.00,19.00,8.00,6.00,6.00,4.00,4.00,7.00
2025-11-09T01:07:00Z,30.47,8.92,10.00,10.00,20.00,19.00,8.00,6.00,6.00,4.00,4.00,7.00
2025-11-09T01:08:00Z,34.00,8.92,10.00,10.00,20.00,19.00,8.00,6.00,6.00,4.00,4.00,7.00
2025-11-09T01:09:00Z,34.00,8.92,10.00,10.00,20.00,19.00,8.00,6.00,6.00,4.00,4.00,7.00
2025-11-09T01:10:00Z,34.00,9.00,10.00,10.00,20.00,19.00,8.00,6.00,6.00,4.00,4.00,7.00
2025-11-09T01:11:00Z,34.00,9.00,10.00,10.00,20.00,19.00,8.00,6.00,6.00,4.00,4.00,7.00
2025-11-09T01:12:00Z,34.00,9.00,10.00,10.00,20.00,19.00,8.00,6.00,6.00,4.00,4.00,7.00
2025-11-09T01:34:00Z,33.32,9.00,10.00,10.00,20.00,19.00,8.00,6.00,6.00,4.00,4.00,7.00
2025-11-09T01:54:00Z,33.32,9.00,10.00,10.00,20.00,19.00,8.00,6.00,6.00,4.00,4.00,7.00
2025-11-09T01:56:00Z,33.32,9.00,10.00,10.00,20.00,19.00,8.00,6.00,6.00,4.00,4.00,7.00
2025-11-09T01:59:00Z,33.32,9.00,10.00,10.00,20.00,19.00,8.00,9.00,6.00,4.00,4.00,7.00
2025-11-09T02:23:00Z,30.75,9.00,10.00,10.00,20.00,19.00,8.00,9.00,6.00,4.00,4.00,7.00
2025-11-09T02:28:00Z,30.75,9.00,10.00,10.00,20.00,19.00,8.00,9.00,6.00,4.00,4.00,7.00
2025-11-09T02:49:00Z,33.00,9.00,10.00,10.00,20.00,19.00,8.00,9.00,6.00,4.00,4.00,7.00
2025-11-09T03:10:00Z,33.00,9.00,10.00,10.00,20.00,19.00,8.00,9.00,6.00,4.00,4.00,7.00
2025-11-09T03:42:00Z,33.00,9.00,10.00,10.00,20.00,19.00,8.00,9.00,6.00,4.00,4.00,7.00
2025-11-09T04:07:00Z,33.00,9.00,10.00,10.00,20.00,19.00,8.00,9.00,6.00,4.00,4.00,7.00
2025-11-09T04:17:00Z,29.00,5.00,10.00,10.00,20.00,19.00,8.00,9.00,6.00,4.00,4.00,7.00
2025-11-09T04:20:00Z,33.00,5.00,10.00,10.00,20.00,19.00,8.00,9.00,6.00,4.00,4.00,7.00
2025-11-09T04:21:00Z,33.00,5.00,10.00,10.00,20.00,19.00,8.00,9.00,6.00,4.00,4.00,7.00
2025-11-09T04:23:00Z,33.00,5.00,10.00,10.00,20.00,19.00,8.00,9.00,6.00,4.00,4.00,7.00
2025-11-09T04:59:00Z,33.42,5.00,10.00,10.00,20.00,19.00,8.00,9.00,6.00,4.00,4.00,7.00
2025-11-09T05:58:00Z,33.42,5.00,10.00,10.00,20.00,19.00,8.00,3.00,6.00,4.00,4.00,7.00
2025-11-09T06:41:00Z,33.42,5.00,10.00,10.00,20.00,19.00,8.00,3.00,6.00,4.00,4.00,7.00
2025-11-09T06:42:00Z,33.42,8.00,10.00,10.00,20.00,19.00,8.00,3.00,6.00,4.00,4.00,7.00
2025-11-09T07:02:00Z,33.42,8.00,10.00,10.00,20.00,19.00,8.00,3.00,6.00,4.00,4.00,7.00
2025-11-09T08:08:00Z,34.00,8.00,10.00,10.00,20.00,19.00,8.00,3.00,6.00,4.00,4.00,7.00
2025-11-09T12:56:00Z,34.00,4.88,10.00,10.00,20.00,19.00,8.00,3.00,6.00,4.00,4.00,7.00
2025-11-09T12:58:00Z,34.00,8.90,10.00,10.00,20.00,19.00,8.00,3.00,6.00,4.00,4.00,7.00
2025-11-09T13:15:00Z,34.00,8.90,10.00,10.00,20.00,19.00,8.00,3.00,6.00,4.00,4.00,7.00
2025-11-09T13:25:00Z,33.07,8.90,10.00,10.00,20.00,19.00,8.00,3.00,6.00,4.00,4.00,7.00
2025-11-09T14:18:00Z,30.00,8.90,10.00,10.00,20.00,19.00,8.00,3.00,6.00,4.00,4.00,7.00
2025-11-09T15:29:00Z,30.00,8.90,10.00,10.00,20.00,19.00,10.00,3.00,6.00,4.00,4.00,7.00
2025-11-09T15:42:00Z,30.00,8.90,10.00,10.00,20.00,19.00,10.00,3.00,6.00,4.00,4.00,7.00
2025-11-09T15:48:00Z,30.00,8.90,10.00,10.00,20.00,19.00,10.00,3.00,6.00,4.00,4.00,7.00
2025-11-09T16:18:00Z,33.00,8.90,10.00,10.00,20.00,19.00,10.00,3.00,6.00,4.00,4.00,7.00
2025-11-09T16:19:00Z,34.00,8.90,10.00,10.00,20.00,19.00,10.00,3.00,6.00,4.00,4.00,7.00
2025-11-09T16:49:00Z,34.00,8.90,10.00,10.00,20.00,19.00,10.00,3.00,6.00,4.00,4.00,7.00
2025-11-09T17:03:00Z,34.00,8.90,10.00,10.00,20.00,19.00,10.00,3.00,6.00,4.00,4.00,7.00
2025-11-09T17:15:00Z,34.00,8.90,10.00,10.00,20.00,19.00,10.00,3.00,6.00,4.00,4.00,7.00
2025-11-09T17:35:00Z,35.00,8.90,10.00,10.00,20.00,19.00,10.00,3.00,6.00,4.00,4.00,7.00
2025-11-09T17:43:00Z,35.00,8.90,10.00,10.00,20.00,19.00,10.00,3.00,6.00,4.00,4.00,7.00
2025-11-09T18:20:00Z,35.00,8.90,10.00,10.00,20.00,19.00,10.00,3.00,6.00,4.00,4.00,7.00
2025-11-09T18:32:00Z,35.00,8.90,10.00,10.00,20.00,19.00,10.00,3.00,6.00,4.00,4.00,7.00
2025-11-09T18:35:00Z,35.00,8.90,10.00,10.00,20.00,19.00,10.00,3.00,6.00,4.00,4.00,7.00
2025-11-09T18:37:00Z,35.00,8.90,10.00,10.00,20.00,18.00,10.00,3.00,6.00,4.00,4.00,7.00
2025-11-09T18:38:00Z,35.00,8.90,10.00,10.00,20.00,18.00,10.00,3.00,6.00,4.00,4.00,7.00
2025-11-09T18:49:00Z,35.00,8.90,10.00,10.00,20.00,18.00,10.00,3.00,6.00,4.00,4.00,7.00
2025-11-09T19:23:00Z,35.00,9.00,10.00,10.00,20.00,18.00,10.00,3.00,6.00,4.00,4.00,7.00
2025-11-09T19:26:00Z,35.00,9.00,10.00,10.00,20.00,18.00,10.00,3.00,6.00,4.00,4.00,7.00
2025-11-09T19:32:00Z,35.00,9.00,10.00,10.00,20.00,18.00,10.00,3.00,6.00,4.00,4.00,7.00
2025-11-09T19:40:00Z,34.00,9.00,10.00,10.00,20.00,18.00,10.00,3.00,6.00,4.00,4.00,7.00
2025-11-09T19:54:00Z,34.00,10.00,10.00,10.00,20.00,18.00,10.00,3.00,6.00,4.00,4.00,7.00
2025-11-09T19:55:00Z,35.00,10.00,10.00,10.00,20.00,18.00,10.00,3.00,6.00,4.00,4.00,7.00
2025-11-09T20:01:00Z,35.00,10.00,10.00,10.00,20.00,18.00,10.00,3.00,6.00,4.00,4.00,7.00
2025-11-09T20:04:00Z,35.00,10.00,10.00,10.00,20.00,18.00,10.00,3.00,6.00,4.00,4.00,7.00
2025-11-09T20:43:00Z,35.00,10.00,10.00,10.00,15.18,18.00,10.00,3.00,6.00,4.00,4.00,7.00
2025-11-09T20:45:00Z,35.00,10.00,10.00,10.00,15.18,18.00,10.00,3.00,6.00,4.00,4.00,7.00
2025-11-09T20:57:00Z,35.00,10.00,10.00,10.00,15.18,18.00,10.00,3.00,6.00,4.00,4.00,7.00
2025-11-09T21:30:00Z,35.00,10.00,10.00,10.00,15.18,18.00,10.00,3.00,6.00,4.00,4.00,7.00
2025-11-09T21:47:00Z,35.00,10.00,10.00,10.00,15.00,18.00,10.00,3.00,6.00,4.00,4.00,7.00
2025-11-09T22:14:00Z,35.00,10.00,10.00,10.00,15.00,18.00,10.00,3.00,6.00,4.00,4.00,7.00
2025-11-09T22:20:00Z,35.00,10.00,10.00,10.00,15.00,18.00,10.00,3.00,6.00,4.00,4.00,7.00
2025-11-09T22:21:00Z,35.00,10.00,10.00,10.00,15.00,18.00,10.00,3.00,6.00,4.00,4.00,7.00
2025-11-09T22:39:00Z,35.00,10.00,10.00,10.00,15.00,18.00,10.00,3.00,6.00,4.00,4.00,7.00
2025-11-09T22:40:00Z,35.00,10.00,10.00,10.00,15.00,18.00,10.00,9.00,6.00,4.00,4.00,7.00
2025-11-09T22:43:00Z,35.00,10.00,10.00,10.00,15.00,18.00,10.00,9.00,6.00,4.00,4.00,7.00
2025-11-09T22:46:00Z,35.00,10.00,10.00,10.00,15.00,18.00,10.00,9.00,6.00,4.00,4.00,7.00
2025-11-09T22:49:00Z,35.00,10.00,10.00,10.00,15.00,18.00,10.00,9.00,6.00,4.00,4.00,7.00
2025-11-09T22:50:00Z,35.00,10.00,10.00,10.00,15.00,18.00,10.00,3.00,6.00,4.00,4.00,7.00
2025-11-09T23:07:00Z,31.45,10.00,10.00,10.00,15.00,18.00,10.00,3.00,6.00,4.00,4.00,7.00
2025-11-09T23:38:00Z,33.00,10.00,10.00,10.00,15.00,18.00,10.00,3.00,6.00,4.00,4.00,7.00
2025-11-10T00:10:00Z,33.00,10.00,10.00,10.00,15.00,18.00,10.00,3.00,6.00,4.00,4.00,7.00
2025-11-10T00:35:00Z,33.00,10.00,10.00,10.00,15.00,18.00,10.00,3.00,6.00,4.00,4.00,7.00
2025-11-10T00:47:00Z,33.00,10.00,10.00,10.00,15.00,18.00,10.00,3.00,6.00,4.00,4.00,7.00
2025-11-10T00:53:00Z,33.00,10.00,10.00,10.00,15.00,18.00,10.00,3.00,6.00,4.00,4.00,7.00
2025-11-10T01:16:00Z,33.00,10.00,10.00,10.00,15.00,18.00,10.00,3.00,6.00,4.00,4.00,7.00
2025-11-10T01:21:00Z,34.00,10.00,10.00,10.00,15.00,18.00,10.00,3.00,6.00,4.00,4.00,7.00
2025-11-10T01:31:00Z,34.00,10.00,10.00,10.00,15.00,18.00,10.00,9.00,6.00,4.00,4.00,7.00
2025-11-10T01:38:00Z,32.00,10.00,10.00,10.00,15.00,18.00,10.00,9.00,6.00,4.00,4.00,7.00
2025-11-10T01:49:00Z,34.00,10.00,10.00,10.00,15.00,18.00,10.00,9.00,6.00,4.00,4.00,7.00
2025-11-10T02:05:00Z,34.00,10.00,10.00,10.00,15.00,18.00,10.00,9.00,6.00,4.00,4.00,7.00
2025-11-10T02:22:00Z,34.00,10.00,10.00,10.00,15.00,18.00,10.00,9.00,6.00,4.00,4.00,7.00
2025-11-10T02:26:00Z,31.00,10.00,10.00,10.00,15.00,18.00,10.00,9.00,6.00,4.00,4.00,7.00
2025-11-10T02:48:00Z,34.00,10.00,10.00,10.00,15.00,18.00,10.00,9.00,6.00,4.00,4.00,7.00
2025-11-10T02:56:00Z,34.00,10.00,10.00,10.00,15.00,18.00,10.00,9.00,6.00,4.00,4.00,7.00
2025-11-10T03:22:00Z,34.00,10.00,10.00,10.00,15.00,18.00,10.00,9.00,6.00,4.00,4.00,7.00
2025-11-10T03:23:00Z,33.00,10.00,10.00,10.00,15.00,18.00,10.00,9.00,6.00,4.00,4.00,7.00
2025-11-10T04:13:00Z,32.00,10.00,10.00,10.00,15.00,18.00,10.00,9.00,6.00,4.00,4.00,7.00
2025-11-10T04:27:00Z,33.85,10.00,10.00,10.00,15.00,18.00,10.00,9.00,6.00,4.00,4.00,7.00
2025-11-10T04:39:00Z,33.85,10.00,10.00,10.00,15.00,18.00,10.00,9.00,6.00,4.00,4.00,7.00
2025-11-10T04:46:00Z,35.00,10.00,10.00,10.00,15.00,18.00,10.00,9.00,6.00,4.00,4.00,7.00
2025-11-10T05:23:00Z,35.00,10.00,10.00,10.00,15.00,18.00,10.00,9.00,6.00,4.00,4.00,7.00
2025-11-10T05:25:00Z,34.00,10.00,10.00,10.00,15.00,18.00,10.00,9.00,6.00,4.00,4.00,7.00
2025-11-10T05:26:00Z,34.00,10.00,10.00,10.00,15.00,18.00,10.00,9.00,6.00,4.00,4.00,7.00
2025-11-10T05:29:00Z,35.00,10.00,10.00,10.00,15.00,18.00,10.00,9.00,6.00,4.00,4.00,7.00
2025-11-10T05:38:00Z,35.00,10.00,10.00,10.00,15.00,18.00,10.00,9.00,6.00,4.00,4.00,7.00
2025-11-10T06:10:00Z,33.97,10.00,10.00,10.00,15.00,18.00,10.00,9.00,6.00,4.00,4.00,7.00
2025-11-10T06:11:00Z,28.46,10.00,10.00,10.00,15.00,18.00,10.00,9.00,6.00,4.00,4.00,7.00
2025-11-10T07:02:00Z,34.00,10.00,10.00,10.00,15.00,18.00,10.00,9.00,6.00,4.00,4.00,7.00
2025-11-10T13:26:00Z,33.88,10.00,10.00,10.00,15.00,18.00,10.00,9.00,6.00,4.00,4.00,7.00
2025-11-10T13:27:00Z,31.00,10.00,10.00,10.00,15.00,18.00,10.00,9.00,6.00,4.00,4.00,7.00
2025-11-10T13:35:00Z,28.00,10.00,10.00,10.00,15.00,18.00,10.00,9.00,6.00,4.00,4.00,7.00
2025-11-10T13:38:00Z,28.69,10.00,10.00,10.00,15.00,18.00,10.00,9.00,6.00,4.00,4.00,7.00
2025-11-10T13:52:00Z,33.00,10.00,10.00,10.00,15.00,18.00,10.00,9.00,6.00,4.00,4.00,7.00
2025-11-10T14:34:00Z,32.00,10.00,10.00,10.00,15.00,18.00,10.00,9.00,6.00,4.00,4.00,7.00
2025-11-10T14:37:00Z,33.00,10.00,10.00,10.00,15.00,18.00,10.00,9.00,6.00,4.00,4.00,7.00
2025-11-10T14:44:00Z,33.00,10.00,10.00,10.00,15.00,18.00,10.00,9.00,6.00,4.00,4.00,7.00
2025-11-10T14:57:00Z,33.00,10.00,10.00,10.00,15.00,18.00,10.00,9.00,6.00,4.00,4.00,7.00
2025-11-10T15:02:00Z,33.00,10.00,10.00,10.00,15.00,18.00,10.00,9.00,6.00,4.00,4.00,7.00
2025-11-10T15:03:00Z,33.35,10.00,10.00,10.00,15.00,18.00,10.00,9.00,6.00,4.00,4.00,7.00
2025-11-10T15:06:00Z,34.00,10.00,10.00,10.00,15.00,18.00,10.00,9.00,6.00,4.00,4.00,7.00
2025-11-10T15:16:00Z,34.00,10.00,10.00,10.00,15.00,18.00,10.00,9.00,6.00,4.00,4.00,7.00
2025-11-10T15:29:00Z,34.00,10.00,10.00,10.00,15.00,18.00,10.00,9.00,6.00,4.00,4.00,7.00
2025-11-10T15:31:00Z,34.00,10.00,10.00,10.00,15.00,18.00,10.00,9.00,6.00,4.00,4.00,7.00
2025-11-10T15:42:00Z,34.00,10.00,10.00,10.00,15.00,18.00,10.00,9.00,6.00,4.00,4.00,7.00
2025-11-10T15:50:00Z,34.00,10.00,10.00,10.00,15.00,18.00,10.00,9.00,6.00,4.00,4.00,7.00
2025-11-10T15:54:00Z,34.00,10.00,10.00,10.00,15.00,18.00,10.00,9.00,6.00,4.00,4.00,7.00
2025-11-10T15:55:00Z,34.00,10.00,10.00,10.00,15.00,18.00,10.00,9.00,6.00,4.00,4.00,7.00
2025-11-10T16:01:00Z,34.00,10.00,10.00,10.00,15.00,18.00,10.00,9.00,6.00,4.00,4.00,7.00
2025-11-10T16:20:00Z,34.00,10.00,10.00,10.00,19.00,18.00,10.00,9.00,6.00,4.00,4.00,7.00
2025-11-10T16:31:00Z,34.00,10.00,10.00,10.00,19.00,18.00,10.00,9.00,6.00,4.00,4.00,7.00
2025-11-10T16:40:00Z,34.00,10.00,10.00,10.00,19.00,18.00,10.00,9.00,6.00,4.00,4.00,7.00
2025-11-10T16:43:00Z,34.92,10.00,10.00,10.00,19.00,18.00,10.00,9.00,6.00,4.00,4.00,7.00
2025-11-10T17:26:00Z,34.92,10.00,10.00,10.00,19.00,15.00,10.00,9.00,6.00,4.00,4.00,7.00
2025-11-10T17:27:00Z,34.92,10.00,10.00,10.00,19.00,14.17,10.00,9.00,6.00,4.00,4.00,7.00
2025-11-10T17:28:00Z,34.92,10.00,10.00,10.00,19.00,14.17,10.00,9.00,6.00,4.00,4.00,7.00
2025-11-10T17:35:00Z,35.00,10.00,10.00,10.00,19.00,14.17,10.00,9.00,6.00,4.00,4.00,7.00
2025-11-10T17:39:00Z,35.00,10.00,10.00,10.00,19.00,14.17,10.00,9.00,6.00,4.00,4.00,7.00
2025-11-10T17:42:00Z,34.00,10.00,10.00,10.00,19.00,14.17,10.00,9.00,6.00,4.00,4.00,7.00
2025-11-10T17:49:00Z,34.00,10.00,10.00,10.00,19.00,14.17,10.00,9.00,6.00,4.00,4.00,7.00
2025-11-10T17:52:00Z,35.00,10.00,10.00,10.00,19.00,14.17,10.00,9.00,6.00,4.00,4.00,7.00
2025-11-10T17:53:00Z,34.00,10.00,10.00,10.00,19.00,14.17,10.00,9.00,6.00,4.00,4.00,7.00
2025-11-10T18:05:00Z,35.00,10.00,10.00,10.00,19.00,14.17,10.00,9.00,6.00,4.00,4.00,7.00
2025-11-10T18:06:00Z,35.00,10.00,10.00,10.00,19.00,14.26,10.00,9.00,6.00,4.00,4.00,7.00
2025-11-10T18:11:00Z,35.00,10.00,10.00,10.00,19.00,14.26,10.00,9.00,6.00,4.00,4.00,7.00
2025-11-10T18:30:00Z,35.00,10.00,10.00,10.00,19.00,14.26,10.00,9.00,6.00,4.00,4.00,7.00
2025-11-10T18:40:00Z,35.00,10.00,10.00,10.00,19.00,14.26,10.00,9.00,6.00,5.00,4.00,7.00
2025-11-10T18:58:00Z,31.00,10.00,10.00,10.00,19.00,14.26,10.00,9.00,6.00,5.00,4.00,7.00
2025-11-10T19:02:00Z,34.00,10.00,10.00,10.00,19.00,14.26,10.00,9.00,6.00,5.00,4.00,7.00
2025-11-10T19:07:00Z,33.92,10.00,10.00,10.00,19.00,14.26,10.00,9.00,6.00,5.00,4.00,7.00
2025-11-10T19:15:00Z,35.00,10.00,10.00,10.00,19.00,14.26,10.00,9.00,6.00,5.00,4.00,7.00
2025-11-10T19:37:00Z,35.00,10.00,10.00,10.00,19.00,14.26,10.00,9.00,6.00,5.00,4.00,7.00
2025-11-10T19:43:00Z,35.00,10.00,10.00,10.00,19.00,14.26,10.00,9.00,6.00,5.00,4.00,7.00
2025-11-10T19:50:00Z,35.00,10.00,10.00,10.00,19.00,12.00,10.00,9.00,6.00,5.00,4.00,7.00
2025-11-10T19:57:00Z,35.00,10.00,10.00,10.00,20.00,12.00,10.00,9.00,6.00,5.00,4.00,7.00
2025-11-10T19:58:00Z,35.00,10.00,10.00,10.00,20.00,17.00,10.00,9.00,6.00,5.00,4.00,7.00
2025-11-10T20:05:00Z,36.00,10.00,10.00,10.00,20.00,17.00,10.00,9.00,6.00,5.00,4.00,7.00
2025-11-10T20:15:00Z,36.00,10.00,10.00,10.00,20.00,17.00,10.00,9.00,6.00,5.00,4.00,7.00
2025-11-10T20:31:00Z,35.00,10.00,10.00,10.00,20.00,17.00,10.00,9.00,6.00,5.00,4.00,7.00
2025-11-10T20:34:00Z,35.00,10.00,10.00,10.00,20.00,17.00,10.00,9.00,6.00,5.00,4.00,7.00
2025-11-10T20:39:00Z,35.00,10.00,10.00,10.00,20.00,17.00,10.00,9.00,6.00,5.00,4.00,7.00
2025-11-10T20:49:00Z,35.00,10.00,10.00,10.00,20.00,17.00,10.00,9.00,6.00,5.00,4.00,7.00
2025-11-10T21:08:00Z,35.00,3.25,10.00,10.00,20.00,17.00,10.00,9.00,6.00,5.00,4.00,7.00
2025-11-10T21:15:00Z,33.00,3.25,10.00,10.00,20.00,17.00,10.00,9.00,6.00,5.00,4.00,7.00
2025-11-10T21:27:00Z,35.95,3.25,10.00,10.00,20.00,17.00,10.00,9.00,6.00,5.00,4.00,7.00
2025-11-10T21:58:00Z,35.95,9.20,10.00,10.00,20.00,17.00,10.00,9.00,6.00,5.00,4.00,7.00
2025-11-10T21:59:00Z,36.00,9.20,10.00,10.00,20.00,17.00,10.00,9.00,6.00,5.00,4.00,7.00
2025-11-10T22:06:00Z,36.00,9.20,10.00,10.00,20.00,17.00,10.00,9.00,6.00,5.00,4.00,7.00
2025-11-10T22:10:00Z,36.00,9.20,10.00,10.00,20.00,17.00,10.00,9.00,6.00,5.00,4.00,7.00
2025-11-10T22:24:00Z,35.00,9.20,10.00,10.00,20.00,17.00,10.00,9.00,6.00,5.00,4.00,7.00
2025-11-10T22:26:00Z,35.00,9.20,10.00,10.00,20.00,17.00,10.00,9.00,6.00,5.00,4.00,7.00
2025-11-10T22:29:00Z,36.00,9.20,10.00,10.00,20.00,17.00,10.00,9.00,6.00,5.00,4.00,7.00
2025-11-10T22:31:00Z,36.00,9.20,10.00,10.00,20.00,17.00,10.00,9.00,6.00,5.00,4.00,7.00
2025-11-10T22:35:00Z,36.00,9.20,10.00,7.93,20.00,17.00,10.00,9.00,6.00,5.00,4.00,7.00
2025-11-10T22:37:00Z,36.00,9.20,10.00,9.95,20.00,17.00,10.00,9.00,6.00,5.00,4.00,7.00
2025-11-10T22:59:00Z,36.00,9.20,10.00,9.95,20.00,17.00,10.00,9.00,6.00,5.00,4.00,7.00
2025-11-10T23:04:00Z,36.00,9.20,10.00,9.95,20.00,17.00,10.00,9.00,6.00,5.00,4.00,7.00
2025-11-10T23:11:00Z,36.00,9.20,10.00,9.44,20.00,17.00,10.00,9.00,6.00,5.00,4.00,7.00
2025-11-10T23:27:00Z,36.00,9.20,10.00,9.44,20.00,17.00,10.00,9.00,6.00,5.00,4.00,7.00
2025-11-11T01:15:00Z,36.00,9.20,10.00,9.44,20.00,17.00,10.00,9.00,6.00,5.00,4.00,7.00
2025-11-11T01:25:00Z,30.69,9.20,10.00,9.44,20.00,17.00,10.00,9.00,6.00,5.00,4.00,7.00
2025-11-11T01:47:00Z,30.69,9.20,12.24,22.00,20.00,17.00,10.00,9.00,6.00,5.00,4.00,7.00
2025-11-11T02:08:00Z,30.69,9.20,9.00,22.00,13.00,14.00,10.00,9.00,6.00,5.00,4.00,7.00
2025-11-11T02:45:00Z,30.69,9.20,11.00,22.00,13.00,14.00,10.00,9.00,6.00,5.00,4.00,7.00
2025-11-11T03:28:00Z,30.69,9.20,9.00,22.00,13.00,14.00,10.00,9.00,6.00,5.00,4.00,7.00
2025-11-11T03:29:00Z,30.69,9.20,9.00,22.00,13.00,14.00,10.00,9.00,6.00,5.00,4.00,7.00
2025-11-11T03:30:00Z,30.69,9.20,8.28,22.00,13.00,14.00,10.00,9.00,6.00,5.00,4.00,7.00
2025-11-11T03:31:00Z,30.69,9.20,7.00,22.00,13.00,14.00,10.00,9.00,6.00,5.00,4.00,7.00
2025-11-11T04:02:00Z,33.00,9.20,7.00,22.00,13.00,14.00,10.00,9.00,6.00,5.00,4.00,7.00
2025-11-11T04:51:00Z,33.00,9.20,7.00,10.00,13.00,14.00,10.00,9.00,6.00,5.00,4.00,7.00
2025-11-11T05:10:00Z,33.00,9.20,7.00,10.00,13.00,14.00,10.00,9.00,6.00,5.00,4.00,7.00
2025-11-11T05:30:00Z,35.00,9.20,7.00,10.00,13.00,14.00,10.00,9.00,6.00,5.00,4.00,7.00
2025-11-11T05:42:00Z,35.00,9.20,7.00,10.00,13.00,14.00,10.00,9.00,6.00,5.00,4.00,7.00
2025-11-11T05:45:00Z,29.71,9.20,7.00,10.00,13.00,14.00,10.00,9.00,6.00,5.00,4.00,7.00
2025-11-11T05:46:00Z,30.00,9.20,7.00,10.00,13.00,14.00,10.00,9.00,6.00,5.00,4.00,7.00
2025-11-11T06:10:00Z,30.00,9.20,7.00,10.00,13.00,14.00,10.00,9.00,6.00,5.00,4.00,7.00
2025-11-11T06:11:00Z,30.00,9.20,7.00,10.00,13.00,14.00,10.00,9.00,6.00,5.00,4.00,7.00
2025-11-11T06:13:00Z,29.00,9.20,7.00,10.00,13.00,14.00,10.00,9.00,6.00,5.00,4.00,7.00
2025-11-11T07:38:00Z,29.00,9.20,8.00,10.00,13.00,14.00,10.00,9.00,6.00,5.00,4.00,7.00
2025-11-11T08:03:00Z,28.00,9.20,8.00,10.00,13.00,14.00,10.00,9.00,6.00,5.00,4.00,7.00
2025-11-11T10:23:00Z,29.00,9.20,8.00,10.00,13.00,14.00,10.00,9.00,6.00,5.00,4.00,7.00
2025-11-11T10:44:00Z,29.00,9.20,8.00,10.00,13.00,14.00,10.00,9.00,6.00,5.00,4.00,7.00
2025-11-11T10:45:00Z,27.00,9.20,8.00,10.00,13.00,14.00,10.00,9.00,6.00,5.00,4.00,7.00
2025-11-11T10:46:00Z,27.00,9.20,8.00,10.00,13.00,14.00,10.00,9.00,6.00,5.00,4.00,7.00
2025-11-11T11:44:00Z,27.00,10.00,8.00,10.00,13.00,14.00,10.00,9.00,6.00,5.00,4.00,7.00
2025-11-11T12:42:00Z,27.00,10.00,8.00,10.00,13.00,17.98,10.00,9.00,6.00,5.00,4.00,7.00
2025-11-11T13:05:00Z,27.00,10.00,8.00,10.00,13.00,17.98,10.00,9.00,6.00,5.00,4.00,7.00
2025-11-11T13:16:00Z,26.00,10.00,8.00,10.00,13.00,17.98,10.00,9.00,6.00,5.00,4.00,7.00
2025-11-11T13:22:00Z,27.00,10.00,8.00,10.00,13.00,17.98,10.00,9.00,6.00,5.00,4.00,7.00
2025-11-11T13:38:00Z,27.00,10.00,8.00,10.00,13.00,17.98,10.00,9.00,6.00,5.00,4.00,7.00
2025-11-11T13:50:00Z,27.00,10.00,8.00,10.00,13.00,17.98,10.00,9.00,6.00,5.00,4.00,7.00
2025-11-11T13:56:00Z,28.00,10.00,8.00,10.00,13.00,17.98,10.00,9.00,6.00,5.00,4.00,7.00
2025-11-11T13:57:00Z,30.44,10.00,8.00,10.00,13.00,17.98,10.00,9.00,6.00,5.00,4.00,7.00
2025-11-11T13:58:00Z,30.44,10.00,10.97,10.00,13.00,17.98,10.00,9.00,6.00,5.00,4.00,7.00
2025-11-11T14:06:00Z,31.00,10.00,10.97,10.00,13.00,17.98,10.00,9.00,6.00,5.00,4.00,7.00
2025-11-11T14:07:00Z,31.00,10.00,10.97,10.00,19.00,17.98,10.00,9.00,6.00,5.00,4.00,7.00
2025-11-11T14:08:00Z,30.00,10.00,10.97,10.00,19.00,17.98,10.00,9.00,6.00,5.00,4.00,7.00
2025-11-11T14:10:00Z,33.00,10.00,10.97,10.00,19.00,17.98,10.00,9.00,6.00,5.00,4.00,7.00
2025-11-11T14:20:00Z,33.00,10.00,10.97,10.00,19.00,17.98,10.00,9.00,6.00,5.00,4.00,7.00
2025-11-11T14:26:00Z,33.00,10.00,10.97,10.00,19.00,17.98,10.00,9.00,6.00,5.00,4.00,7.00
2025-11-11T15:07:00Z,33.00,10.00,11.00,10.00,19.00,17.98,10.00,9.00,6.00,5.00,4.00,7.00
2025-11-11T15:15:00Z,33.00,10.00,11.00,10.00,19.00,17.98,10.00,9.00,6.00,5.00,4.00,7.00
2025-11-11T15:18:00Z,34.00,10.00,11.00,10.00,19.00,17.98,10.00,9.00,6.00,5.00,4.00,7.00
2025-11-11T15:25:00Z,34.00,10.00,11.00,10.00,19.00,17.98,10.00,9.00,6.00,5.00,4.00,7.00
2025-11-11T15:27:00Z,34.00,10.00,11.00,10.00,19.00,17.98,10.00,9.00,6.00,5.00,4.00,7.00
2025-11-11T15:32:00Z,34.00,10.00,11.00,10.00,19.00,17.98,10.00,9.00,6.00,5.00,4.00,7.00
2025-11-11T15:54:00Z,34.00,10.00,11.00,10.00,19.00,17.98,10.00,9.00,6.00,5.00,4.00,7.00
2025-11-11T15:56:00Z,34.00,10.00,11.00,10.00,19.00,17.98,9.00,9.00,6.00,5.00,4.00,7.00
2025-11-11T16:00:00Z,34.00,10.00,11.00,10.00,19.00,17.98,10.00,9.00,6.00,5.00,4.00,7.00
2025-11-11T16:11:00Z,34.00,10.00,11.00,10.00,19.00,17.98,10.00,9.00,6.00,5.00,4.00,7.00
2025-11-11T16:15:00Z,33.00,10.00,11.00,10.00,19.00,17.98,10.00,9.00,6.00,5.00,4.00,7.00
2025-11-11T16:20:00Z,33.00,10.00,11.00,10.00,19.00,17.98,10.00,9.00,6.00,5.00,4.00,7.00
2025-11-11T16:21:00Z,33.00,10.00,11.00,10.00,19.00,17.98,10.00,9.00,6.00,5.00,4.00,7.00
2025-11-11T16:25:00Z,33.00,10.00,11.00,10.00,19.00,17.98,10.00,9.00,6.00,5.00,4.00,7.00
2025-11-11T16:26:00Z,33.00,10.00,11.00,10.00,19.00,17.98,10.00,9.00,6.00,5.00,4.00,7.00
2025-11-11T16:39:00Z,33.00,10.00,11.00,10.00,14.00,17.98,10.00,9.00,6.00,5.00,4.00,7.00
2025-11-11T16:51:00Z,33.00,10.00,11.00,10.00,13.00,17.98,10.00,9.00,6.00,5.00,4.00,7.00
2025-11-11T16:52:00Z,33.00,10.00,11.00,10.00,12.00,17.98,10.00,9.00,6.00,5.00,4.00,7.00
2025-11-11T16:57:00Z,34.00,10.00,11.00,10.00,12.00,17.98,10.00,9.00,6.00,5.00,4.00,7.00
2025-11-11T16:59:00Z,33.00,10.00,11.00,10.00,12.00,17.98,10.00,9.00,6.00,5.00,4.00,7.00
2025-11-11T17:09:00Z,33.00,10.00,11.00,10.00,12.00,17.98,10.00,9.00,6.00,5.00,4.00,7.00
2025-11-11T17:30:00Z,33.11,10.00,11.00,10.00,12.00,17.98,10.00,9.00,6.00,5.00,4.00,7.00
2025-11-11T17:39:00Z,33.00,10.00,11.00,10.00,12.00,17.98,10.00,9.00,6.00,5.00,4.00,7.00
2025-11-11T17:48:00Z,34.00,10.00,11.00,10.00,12.00,17.98,10.00,9.00,6.00,5.00,4.00,7.00
2025-11-11T17:53:00Z,28.58,10.00,11.00,10.00,12.00,17.98,10.00,9.00,6.00,5.00,4.00,7.00
2025-11-11T17:55:00Z,34.00,10.00,11.00,10.00,12.00,17.98,10.00,9.00,6.00,5.00,4.00,7.00
2025-11-11T18:26:00Z,32.00,10.00,11.00,10.00,12.00,17.98,10.00,9.00,6.00,5.00,4.00,7.00
2025-11-11T18:36:00Z,29.00,10.00,11.00,10.00,12.00,17.98,10.00,9.00,6.00,5.00,4.00,7.00
2025-11-11T19:22:00Z,32.00,10.00,11.00,10.00,12.00,17.98,10.00,9.00,6.00,5.00,4.00,7.00
2025-11-11T19:23:00Z,33.00,10.00,11.00,10.00,12.00,17.98,10.00,9.00,6.00,5.00,4.00,7.00
2025-11-11T19:32:00Z,33.00,10.00,11.00,10.00,12.00,17.98,10.00,9.00,6.00,5.00,4.00,7.00
2025-11-11T19:40:00Z,34.00,10.00,11.00,10.00,12.00,17.98,10.00,9.00,6.00,5.00,4.00,7.00
2025-11-11T20:17:00Z,34.00,10.00,11.00,10.00,12.00,17.00,10.00,9.00,6.00,5.00,4.00,7.00
2025-11-11T21:25:00Z,34.00,10.00,11.00,10.00,12.00,17.00,10.00,9.00,6.00,5.00,4.00,7.00
2025-11-11T21:26:00Z,33.00,10.00,11.00,10.00,12.00,17.00,10.00,9.00,6.00,5.00,4.00,7.00
2025-11-11T21:38:00Z,33.00,10.00,11.00,10.00,12.00,17.00,10.00,9.00,6.00,5.00,4.00,7.00
2025-11-11T21:41:00Z,30.24,10.00,11.00,10.00,12.00,17.00,10.00,9.00,6.00,5.00,4.00,7.00
2025-11-11T21:42:00Z,28.55,10.00,11.00,10.00,12.00,17.00,10.00,9.00,6.00,5.00,4.00,7.00
2025-11-11T21:50:00Z,29.00,10.00,11.00,10.00,12.00,17.00,10.00,9.00,6.00,5.00,4.00,7.00
2025-11-11T21:51:00Z,28.00,10.00,11.00,10.00,12.00,17.00,10.00,9.00,6.00,5.00,4.00,7.00
2025-11-11T21:52:00Z,31.00,10.00,11.00,10.00,12.00,17.00,10.00,9.00,6.00,5.00,4.00,7.00
2025-11-11T22:20:00Z,28.19,10.00,11.00,10.00,12.00,17.00,10.00,9.00,6.00,5.00,4.00,7.00
2025-11-11T22:34:00Z,33.00,10.00,11.00,10.00,12.00,17.00,10.00,9.00,6.00,5.00,4.00,7.00
2025-11-11T22:46:00Z,33.00,10.00,11.00,10.00,12.00,17.00,10.00,9.00,6.00,5.00,4.00,7.00
2025-11-11T23:05:00Z,33.96,10.00,11.00,10.00,12.00,17.00,10.00,9.00,6.00,5.00,4.00,7.00
2025-11-11T23:18:00Z,34.00,10.00,11.00,10.00,12.00,17.00,10.00,9.00,6.00,5.00,4.00,7.00
2025-11-11T23:19:00Z,34.00,10.00,11.00,10.00,14.00,17.00,10.00,9.00,6.00,5.00,4.00,7.00
2025-11-11T23:34:00Z,33.00,10.00,10.00,9.00,14.00,17.00,10.00,9.00,6.00,5.00,4.00,7.00
2025-11-11T23:48:00Z,33.00,10.00,10.00,9.00,14.00,17.00,10.00,9.00,6.00,5.00,4.00,7.00
2025-11-12T00:04:00Z,34.00,10.00,10.00,9.00,14.00,17.00,10.00,9.00,6.00,5.00,4.00,7.00
2025-11-12T01:02:00Z,34.00,10.00,10.00,9.00,14.00,17.00,10.00,9.00,6.00,5.00,4.00,7.00
2025-11-12T02:12:00Z,34.00,10.00,10.00,9.00,14.00,17.00,10.00,9.00,6.00,5.00,4.00,7.00
2025-11-12T02:39:00Z,34.00,10.00,10.00,9.00,14.00,17.00,10.00,9.00,6.00,5.00,4.00,7.00
2025-11-12T02:59:00Z,34.00,10.00,10.00,9.00,14.00,17.00,10.00,9.00,6.00,5.00,4.00,7.00
2025-11-12T03:06:00Z,34.00,10.00,10.00,9.00,14.00,17.00,10.00,9.00,6.00,5.00,4.00,7.00
2025-11-12T04:08:00Z,34.00,10.00,10.00,9.00,14.00,17.00,10.00,9.00,6.00,5.00,4.00,7.00
2025-11-12T04:36:00Z,34.00,10.00,10.00,9.00,14.00,17.00,10.00,9.00,6.00,5.00,4.00,7.00
2025-11-12T04:45:00Z,34.00,10.00,10.00,9.00,14.00,17.00,10.00,9.00,6.00,5.00,4.00,7.00
2025-11-12T05:03:00Z,34.00,10.00,10.00,9.00,14.00,17.00,10.00,9.00,6.00,5.00,4.00,7.00
2025-11-12T06:09:00Z,33.00,10.00,10.00,9.00,14.00,17.00,10.00,9.00,6.00,5.00,4.00,7.00
2025-11-12T06:16:00Z,34.00,10.00,10.00,9.00,14.00,17.00,10.00,9.00,6.00,5.00,4.00,7.00
2025-11-12T06:19:00Z,34.00,10.00,10.00,9.00,14.00,17.00,10.00,9.00,6.00,5.00,4.00,7.00
2025-11-12T06:20:00Z,35.00,10.00,10.00,9.00,14.00,17.00,10.00,9.00,6.00,5.00,4.00,7.00
2025-11-12T06:23:00Z,35.00,10.00,10.00,9.00,14.00,17.00,8.00,9.00,6.00,5.00,4.00,7.00
2025-11-12T07:48:00Z,35.00,10.00,10.00,9.00,16.00,17.00,8.00,9.00,6.00,5.00,4.00,7.00
2025-11-12T07:50:00Z,35.00,10.00,10.00,9.00,17.00,17.00,8.00,9.00,6.00,5.00,4.00,7.00
2025-11-12T07:57:00Z,35.00,10.00,10.00,9.00,17.00,17.00,8.00,9.00,6.00,5.00,4.00,7.00
2025-11-12T08:34:00Z,35.00,10.00,10.00,9.00,17.00,17.00,8.00,9.00,6.00,5.00,4.00,7.00
2025-11-12T08:35:00Z,34.00,10.00,10.00,9.00,18.00,17.00,8.00,9.00,6.00,5.00,4.00,7.00
2025-11-12T08:39:00Z,34.00,10.00,10.00,9.00,14.92,17.00,8.00,9.00,6.00,5.00,4.00,7.00
2025-11-12T08:40:00Z,35.00,10.00,10.00,9.00,14.00,17.00,9.00,9.00,6.00,5.00,4.00,7.00
2025-11-12T08:43:00Z,35.00,10.00,10.00,9.00,14.00,17.00,9.00,9.00,6.00,5.00,4.00,7.00
2025-11-12T08:45:00Z,35.00,10.00,10.00,9.00,11.63,17.00,9.00,9.00,6.00,5.00,4.00,7.00
2025-11-12T08:46:00Z,34.00,10.00,10.00,9.00,11.63,17.00,9.00,9.00,6.00,5.00,4.00,7.00
2025-11-12T10:17:00Z,35.00,10.00,10.00,9.00,11.63,17.00,9.00,9.00,6.00,5.00,4.00,7.00
2025-11-12T13:04:00Z,35.00,10.00,10.00,9.00,11.63,17.00,9.00,9.00,6.00,5.00,4.00,7.00
2025-11-12T13:16:00Z,35.00,10.00,10.00,8.00,11.63,17.00,9.00,9.00,6.00,5.00,4.00,7.00
2025-11-12T14:28:00Z,35.00,10.00,10.00,8.00,16.00,16.00,9.00,9.00,6.00,5.00,4.00,7.00
2025-11-12T14:47:00Z,35.00,10.00,10.00,8.00,16.00,16.00,9.00,9.00,6.00,5.00,4.00,7.00
2025-11-12T14:54:00Z,35.00,10.00,10.00,8.00,16.00,16.00,9.00,9.00,6.00,5.00,4.00,7.00
2025-11-12T15:06:00Z,35.00,10.00,10.00,8.00,16.00,16.00,9.00,9.00,6.00,5.00,4.00,7.00
2025-11-12T15:14:00Z,35.00,10.00,10.00,8.00,16.00,16.00,9.00,9.00,6.00,5.00,4.00,7.00
2025-11-12T15:18:00Z,35.00,10.00,10.00,10.00,16.00,16.00,9.00,9.00,6.00,5.00,4.00,7.00
2025-11-12T15:28:00Z,35.00,10.00,10.00,10.00,16.00,16.00,9.00,9.00,6.00,5.00,4.00,7.00
2025-11-12T15:31:00Z,35.00,10.00,10.00,10.00,16.00,16.00,9.00,9.00,6.00,5.00,4.00,7.00
2025-11-12T15:35:00Z,35.00,10.00,10.00,10.00,16.00,16.00,9.00,9.00,6.00,5.00,4.00,7.00
2025-11-12T15:41:00Z,36.00,10.00,10.00,10.00,16.00,16.00,9.00,9.00,6.00,5.00,4.00,7.00
2025-11-12T16:12:00Z,35.00,10.00,10.00,10.00,16.00,16.00,9.00,9.00,6.00,5.00,4.00,7.00
2025-11-12T16:15:00Z,35.00,10.00,10.00,10.00,16.00,16.00,9.00,9.00,6.00,5.00,4.00,7.00
2025-11-12T16:20:00Z,31.46,10.00,10.00,10.00,16.00,16.00,9.00,9.00,6.00,5.00,4.00,7.00
2025-11-12T16:27:00Z,31.46,10.00,10.00,10.00,16.00,16.00,9.00,9.00,6.00,5.00,4.00,7.00
2025-11-12T16:57:00Z,35.00,10.00,10.00,10.00,16.00,16.00,9.00,9.00,6.00,5.00,4.00,7.00
2025-11-12T17:55:00Z,35.00,10.00,10.00,10.00,16.00,17.00,9.00,9.00,6.00,5.00,4.00,7.00
2025-11-12T18:02:00Z,30.00,10.00,10.00,10.00,16.00,17.00,9.00,9.00,6.00,5.00,4.00,7.00
2025-11-12T18:17:00Z,30.00,10.00,10.00,7.00,16.00,17.00,9.00,9.00,6.00,5.00,4.00,7.00
2025-11-12T18:18:00Z,30.00,10.00,10.00,4.59,16.00,17.00,9.00,9.00,6.00,5.00,4.00,7.00
2025-11-12T18:21:00Z,34.00,10.00,10.00,4.59,16.00,17.00,9.00,9.00,6.00,5.00,4.00,7.00
2025-11-12T18:22:00Z,35.24,10.00,10.00,4.59,16.00,17.00,9.00,9.00,6.00,5.00,4.00,7.00
2025-11-12T18:46:00Z,33.00,10.00,10.00,4.59,16.00,17.00,9.00,9.00,6.00,5.00,4.00,7.00
2025-11-12T18:47:00Z,28.33,10.00,10.00,4.59,16.00,17.00,9.00,9.00,6.00,5.00,4.00,7.00
2025-11-12T18:51:00Z,35.00,10.00,10.00,4.59,16.00,17.00,9.00,9.00,6.00,5.00,4.00,7.00
2025-11-12T18:54:00Z,33.00,10.00,10.00,4.59,16.00,17.00,9.00,9.00,6.00,5.00,4.00,7.00
2025-11-12T19:24:00Z,35.00,10.00,10.00,4.59,16.00,17.00,9.00,9.00,6.00,5.00,4.00,7.00
2025-11-12T19:28:00Z,31.00,10.00,10.00,4.59,16.00,17.00,9.00,9.00,6.00,5.00,4.00,7.00
2025-11-12T19:34:00Z,35.00,10.00,10.00,4.59,16.00,17.00,9.00,9.00,6.00,5.00,4.00,7.00
2025-11-12T19:53:00Z,32.00,10.00,10.00,4.59,16.00,17.00,9.00,9.00,6.00,5.00,4.00,7.00
2025-11-12T19:55:00Z,33.00,10.00,10.00,4.02,16.00,17.00,9.00,9.00,6.00,5.00,4.00,7.00
2025-11-12T19:58:00Z,33.00,10.00,10.00,4.02,16.00,13.00,9.00,9.00,6.00,5.00,4.00,7.00
2025-11-12T20:01:00Z,34.00,10.00,10.00,4.02,16.00,13.00,9.00,9.00,6.00,5.00,4.00,7.00
2025-11-12T20:03:00Z,34.00,10.00,10.00,4.02,16.00,13.00,9.00,9.00,6.00,5.00,4.00,7.00
2025-11-12T20:04:00Z,35.00,10.00,10.00,4.02,16.00,13.00,9.00,9.00,6.00,5.00,4.00,7.00
2025-11-12T20:06:00Z,35.00,10.00,10.00,4.02,16.00,13.00,9.00,9.00,6.00,5.00,4.00,7.00
2025-11-12T20:55:00Z,35.00,10.00,10.00,4.02,16.00,13.00,9.00,9.00,6.00,5.00,4.00,7.00
2025-11-12T20:56:00Z,35.90,10.00,10.00,4.02,16.00,13.00,9.00,9.00,6.00,5.00,4.00,7.00
2025-11-12T21:05:00Z,35.00,10.00,10.00,4.02,16.00,13.00,9.00,9.00,6.00,5.00,4.00,7.00
2025-11-12T21:15:00Z,36.00,10.00,10.00,4.02,16.00,13.00,9.00,9.00,6.00,5.00,4.00,7.00
2025-11-12T21:19:00Z,36.00,10.00,10.00,4.02,16.00,13.00,9.00,9.00,6.00,5.00,4.00,7.00
2025-11-12T21:27:00Z,37.00,10.00,10.00,4.02,16.00,13.00,9.00,9.00,6.00,5.00,4.00,7.00
2025-11-12T21:36:00Z,35.21,10.00,10.00,4.02,16.00,11.00,9.00,9.00,6.00,5.00,4.00,7.00
2025-11-12T22:05:00Z,34.87,10.00,10.00,4.02,16.00,11.00,9.00,9.00,6.00,5.00,4.00,7.00
2025-11-12T22:06:00Z,37.00,10.00,10.00,4.02,16.00,11.00,9.00,9.00,6.00,5.00,4.00,7.00
2025-11-12T22:41:00Z,37.00,10.00,10.00,4.02,16.00,10.00,9.00,9.00,6.00,5.00,4.00,7.00
2025-11-12T23:00:00Z,35.89,10.00,10.00,4.02,16.00,10.00,9.00,9.00,6.00,5.00,4.00,7.00
2025-11-12T23:02:00Z,36.00,10.00,10.00,4.02,16.00,10.00,9.00,9.00,6.00,5.00,4.00,7.00
2025-11-12T23:03:00Z,32.00,10.00,10.00,4.02,16.00,10.00,9.00,9.00,6.00,5.00,4.00,7.00
2025-11-12T23:04:00Z,32.00,10.00,10.00,4.02,16.00,10.00,9.00,9.00,6.00,5.00,4.00,7.00
2025-11-12T23:05:00Z,31.10,10.00,10.00,4.02,16.00,10.00,9.00,9.00,6.00,5.00,4.00,7.00
2025-11-12T23:24:00Z,32.00,10.00,10.00,4.02,16.00,10.00,9.00,9.00,6.00,5.00,4.00,7.00
2025-11-12T23:45:00Z,36.00,10.00,10.00,4.02,16.00,10.00,9.00,9.00,6.00,5.00,4.00,7.00
2025-11-13T00:07:00Z,36.00,10.00,10.00,8.00,16.00,10.00,9.00,9.00,6.00,5.00,4.00,7.00
2025-11-13T00:11:00Z,36.00,10.00,10.00,8.00,16.00,10.00,9.00,9.00,6.00,5.00,4.00,7.00
2025-11-13T00:17:00Z,36.00,10.00,10.00,8.00,16.00,10.00,9.00,9.00,6.00,5.00,4.00,7.00
2025-11-13T00:47:00Z,36.00,10.00,10.00,8.00,16.00,10.00,9.00,9.00,6.00,5.00,4.00,7.00
2025-11-13T00:50:00Z,36.00,10.00,11.00,8.00,16.00,10.00,9.00,9.00,6.00,5.00,4.00,7.00
2025-11-13T00:57:00Z,36.00,10.00,11.00,8.00,16.00,10.00,9.00,9.00,6.00,5.00,4.00,7.00
2025-11-13T01:13:00Z,36.00,10.00,11.00,8.00,17.00,10.00,9.00,9.00,6.00,5.00,4.00,7.00
2025-11-13T01:35:00Z,34.00,10.00,11.00,8.00,17.00,10.00,9.00,9.00,6.00,5.00,4.00,7.00
2025-11-13T01:38:00Z,35.53,10.00,11.00,8.00,17.00,10.00,9.00,9.00,6.00,5.00,4.00,7.00
2025-11-13T01:42:00Z,35.53,10.00,11.00,9.00,17.00,10.00,9.00,9.00,6.00,5.00,4.00,7.00
2025-11-13T01:53:00Z,36.00,10.00,11.00,9.00,17.00,10.00,9.00,9.00,6.00,5.00,4.00,7.00
2025-11-13T02:05:00Z,36.00,10.00,11.00,9.00,17.00,10.00,9.00,9.00,6.00,5.00,4.00,7.00
2025-11-13T02:33:00Z,35.00,10.00,11.00,9.00,17.00,10.00,9.00,9.00,6.00,5.00,4.00,7.00
2025-11-13T02:45:00Z,37.00,10.00,11.00,9.00,17.00,10.00,9.00,9.00,6.00,5.00,4.00,7.00
2025-11-13T02:59:00Z,37.00,10.00,11.00,9.00,17.00,10.00,9.00,9.00,6.00,5.00,4.00,7.00
2025-11-13T03:05:00Z,37.00,10.00,11.00,9.00,17.00,10.00,9.00,9.00,6.00,5.00,4.00,7.00
2025-11-13T03:16:00Z,37.00,10.00,11.00,9.00,17.00,10.00,9.00,9.00,6.00,5.00,4.00,7.00
2025-11-13T03:35:00Z,37.00,10.00,11.00,9.00,17.00,10.00,9.00,9.00,6.00,5.00,4.00,7.00
2025-11-13T03:45:00Z,37.00,10.00,11.00,9.00,17.00,10.00,9.00,9.00,6.00,5.00,4.00,7.00
2025-11-13T03:50:00Z,37.00,10.00,11.00,9.00,17.00,10.00,9.00,9.00,6.00,5.00,4.00,7.00
2025-11-13T03:55:00Z,37.00,10.00,11.00,9.00,17.00,10.00,9.00,9.00,6.00,5.00,4.00,7.00
2025-11-13T03:57:00Z,37.00,10.00,11.00,9.00,17.00,10.00,9.00,9.00,6.00,5.00,4.00,7.00
2025-11-13T04:17:00Z,37.00,10.00,11.00,9.00,17.00,10.00,9.00,9.00,6.00,5.00,4.00,7.00
2025-11-13T04:20:00Z,37.00,10.00,11.00,9.00,17.00,10.00,9.00,9.00,6.00,5.00,4.00,7.00
2025-11-13T04:25:00Z,37.00,10.00,11.00,9.00,17.00,10.00,9.00,9.00,6.00,5.00,4.00,7.00
2025-11-13T04:55:00Z,38.00,10.00,11.00,9.00,17.00,10.00,9.00,9.00,6.00,5.00,4.00,7.00
2025-11-13T05:06:00Z,38.00,10.00,11.00,9.00,17.00,10.00,9.00,9.00,6.00,5.00,4.00,7.00
2025-11-13T05:24:00Z,37.00,10.00,11.00,9.00,17.00,10.00,9.00,9.00,6.00,5.00,4.00,7.00
2025-11-13T05:26:00Z,37.00,10.00,11.00,13.00,17.00,10.00,9.00,9.00,6.00,5.00,4.00,7.00
2025-11-13T05:28:00Z,37.00,10.00,11.00,13.00,17.00,10.00,9.00,9.00,6.00,5.00,4.00,7.00
2025-11-13T06:21:00Z,37.00,10.00,11.00,13.00,17.00,10.00,9.00,9.00,6.00,5.00,4.00,7.00
2025-11-13T06:55:00Z,37.00,10.00,11.00,13.00,17.00,10.00,9.00,9.00,6.00,5.00,4.00,7.00
2025-11-13T07:03:00Z,37.00,10.00,11.00,13.00,17.00,10.00,9.00,9.00,6.00,5.00,4.00,7.00
2025-11-13T07:10:00Z,37.00,10.00,12.00,17.00,17.00,10.00,9.00,9.00,6.00,5.00,4.00,7.00
2025-11-13T07:46:00Z,38.00,10.00,12.00,17.00,17.00,10.00,9.00,9.00,6.00,5.00,4.00,7.00
2025-11-13T10:02:00Z,38.00,10.00,12.00,17.00,17.00,10.00,9.00,9.00,6.00,5.00,4.00,7.00
2025-11-13T10:03:00Z,38.00,10.00,12.00,17.00,17.00,10.00,9.00,9.00,6.00,5.00,4.00,7.00
2025-11-13T11:31:00Z,38.00,10.00,12.00,17.00,17.00,10.00,9.00,9.00,6.00,5.00,4.00,7.00
2025-11-13T11:48:00Z,37.00,10.00,12.00,17.00,15.00,10.00,9.00,9.00,6.00,5.00,4.00,7.00
2025-11-13T12:04:00Z,37.00,10.00,12.00,7.00,15.00,10.00,9.00,9.00,6.00,5.00,4.00,7.00
2025-11-13T12:43:00Z,38.00,10.00,12.00,7.00,15.00,10.00,9.00,9.00,6.00,5.00,4.00,7.00
2025-11-13T12:56:00Z,38.00,10.00,12.00,7.00,15.00,10.00,9.00,9.00,6.00,5.00,4.00,7.00
2025-11-13T13:07:00Z,37.00,10.00,12.00,7.00,15.00,10.00,9.00,9.00,6.00,5.00,4.00,7.00
2025-11-13T13:11:00Z,37.00,10.00,11.00,7.00,15.00,10.00,9.00,9.00,6.00,5.00,4.00,7.00
2025-11-13T13:31:00Z,37.00,10.00,11.00,9.00,15.00,10.00,9.00,9.00,6.00,5.00,4.00,7.00
2025-11-13T13:32:00Z,37.00,10.00,11.00,9.00,15.00,10.00,8.00,9.00,6.00,5.00,4.00,7.00
2025-11-13T13:37:00Z,37.00,10.00,11.00,9.00,15.00,11.00,8.00,9.00,6.00,5.00,4.00,7.00
2025-11-13T14:24:00Z,37.00,10.00,11.00,9.00,15.00,11.00,8.00,9.00,6.00,5.00,4.00,7.00
2025-11-13T14:25:00Z,37.00,10.00,11.00,9.00,15.00,11.00,8.00,9.00,6.00,5.00,4.00,7.00
2025-11-13T14:29:00Z,37.00,10.00,13.00,9.00,15.00,11.00,8.00,9.00,6.00,5.00,4.00,7.00
2025-11-13T14:32:00Z,39.00,10.00,13.00,9.00,15.00,11.00,8.00,9.00,6.00,5.00,4.00,7.00
2025-11-13T14:40:00Z,39.00,10.00,13.00,9.00,15.00,11.00,8.00,9.00,6.00,5.00,4.00,7.00
2025-11-13T14:44:00Z,40.00,10.00,13.00,9.00,15.00,11.00,8.00,9.00,6.00,5.00,4.00,7.00
2025-11-13T14:50:00Z,40.00,10.00,13.00,9.00,15.00,11.00,8.00,9.00,6.00,5.00,4.00,7.00
2025-11-13T14:57:00Z,40.00,10.00,13.00,9.00,15.00,11.00,8.00,9.00,6.00,5.00,4.00,7.00
2025-11-13T14:58:00Z,40.00,10.00,13.00,9.00,15.00,11.00,8.00,9.00,6.00,5.00,4.00,7.00
2025-11-13T15:02:00Z,40.00,10.00,13.00,9.00,15.00,11.00,8.00,9.00,6.00,5.00,4.00,7.00
2025-11-13T15:14:00Z,40.00,10.00,13.00,9.00,15.00,11.00,8.00,9.00,6.00,5.00,4.00,7.00
2025-11-13T15:18:00Z,39.00,10.00,14.00,9.00,15.00,11.00,8.00,9.00,6.00,5.00,4.00,7.00
2025-11-13T15:36:00Z,39.00,10.00,14.00,9.00,15.00,11.00,8.00,9.00,6.00,5.00,4.00,7.00
2025-11-13T15:43:00Z,39.00,10.00,14.00,9.00,15.00,11.00,8.00,9.00,6.00,5.00,4.00,7.00
2025-11-13T15:54:00Z,40.00,10.00,14.00,9.00,15.00,11.00,8.00,9.00,6.00,5.00,4.00,7.00
2025-11-13T16:31:00Z,40.00,10.00,14.00,9.00,15.00,9.00,8.00,9.00,6.00,5.00,4.00,7.00
2025-11-13T16:49:00Z,39.00,10.00,14.00,9.00,15.00,9.00,8.00,9.00,6.00,5.00,4.00,7.00
2025-11-13T16:53:00Z,39.00,10.00,14.00,9.00,15.00,9.00,8.00,9.00,6.00,5.00,4.00,7.00
2025-11-13T16:59:00Z,39.00,10.00,14.00,9.00,14.00,9.00,8.00,9.00,6.00,5.00,4.00,7.00
2025-11-13T17:02:00Z,40.00,10.00,14.00,9.00,14.00,9.00,8.00,9.00,6.00,5.00,4.00,7.00
2025-11-13T17:19:00Z,40.00,10.00,14.00,9.00,14.00,9.00,8.00,9.00,6.00,5.00,4.00,7.00
2025-11-13T17:31:00Z,39.00,10.00,14.00,9.00,14.00,9.00,8.00,9.00,6.00,5.00,4.00,7.00
2025-11-13T17:32:00Z,40.00,10.00,14.00,9.00,14.00,9.00,8.00,9.00,6.00,5.00,4.00,7.00
2025-11-13T17:36:00Z,35.20,10.00,14.00,9.00,14.00,9.00,8.00,9.00,6.00,5.00,4.00,7.00
2025-11-13T17:37:00Z,34.16,10.00,14.00,9.00,14.00,9.00,8.00,9.00,6.00,5.00,4.00,7.00
2025-11-13T17:40:00Z,34.00,10.00,14.00,9.00,14.00,9.00,8.00,9.00,6.00,5.00,4.00,7.00
2025-11-13T17:51:00Z,34.12,10.00,14.00,9.00,14.00,9.00,8.00,9.00,6.00,5.00,4.00,7.00
2025-11-13T18:07:00Z,39.00,10.00,14.00,9.00,14.00,9.00,8.00,9.00,6.00,5.00,4.00,7.00
2025-11-13T18:13:00Z,39.00,10.00,14.00,9.00,14.00,9.00,8.00,9.00,6.00,5.00,4.00,7.00
2025-11-13T18:16:00Z,39.00,10.00,14.00,9.00,14.00,11.00,8.00,9.00,6.00,5.00,4.00,7.00
2025-11-13T18:17:00Z,39.00,10.00,14.00,14.00,14.00,11.00,8.00,9.00,6.00,5.00,4.00,7.00
2025-11-13T18:30:00Z,34.60,10.00,14.00,14.00,14.00,11.00,8.00,9.00,6.00,5.00,4.00,7.00
2025-11-13T18:33:00Z,39.00,10.00,14.00,14.00,14.00,11.00,8.00,9.00,6.00,5.00,4.00,7.00
2025-11-13T18:39:00Z,34.00,10.00,14.00,14.00,14.00,11.00,8.00,9.00,6.00,5.00,4.00,7.00
2025-11-13T18:40:00Z,33.00,10.00,10.00,14.00,14.00,11.00,8.00,9.00,6.00,5.00,4.00,7.00
2025-11-13T18:44:00Z,38.00,10.00,10.00,14.00,14.00,11.00,8.00,9.00,6.00,5.00,4.00,7.00
2025-11-13T18:46:00Z,39.00,10.00,10.00,14.00,14.00,11.00,8.00,9.00,6.00,5.00,4.00,7.00
2025-11-13T18:50:00Z,40.00,10.00,10.00,14.00,14.00,11.00,8.00,9.00,6.00,5.00,4.00,7.00
2025-11-13T18:51:00Z,38.00,10.00,10.00,14.00,14.00,11.00,8.00,9.00,6.00,5.00,4.00,7.00
2025-11-13T19:08:00Z,39.00,10.00,10.00,14.00,14.00,11.00,8.00,9.00,6.00,5.00,4.00,7.00
2025-11-13T19:29:00Z,39.00,10.00,10.00,14.00,16.00,11.00,8.00,9.00,6.00,5.00,4.00,7.00
2025-11-13T19:31:00Z,39.00,10.00,10.00,14.00,16.00,11.00,8.00,9.00,6.00,5.00,4.00,7.00
2025-11-13T19:47:00Z,39.00,10.00,10.00,14.00,16.00,11.00,8.00,9.00,6.00,5.00,4.00,7.00
2025-11-13T20:07:00Z,34.14,10.00,10.00,14.00,16.00,11.00,8.00,9.00,6.00,5.00,4.00,7.00
2025-11-13T20:08:00Z,33.00,10.00,10.00,14.00,16.00,11.00,8.00,9.00,6.00,5.00,4.00,7.00
2025-11-13T20:23:00Z,39.00,10.00,10.00,14.00,16.00,11.00,8.00,9.00,6.00,5.00,4.00,7.00
2025-11-13T20:30:00Z,38.00,10.00,10.00,14.00,16.00,11.00,8.00,9.00,6.00,5.00,4.00,7.00
2025-11-13T20:31:00Z,39.00,10.00,10.00,14.00,16.00,11.00,8.00,9.00,6.00,5.00,4.00,7.00
2025-11-13T21:06:00Z,39.40,10.00,10.00,14.00,16.00,11.00,8.00,9.00,6.00,5.00,4.00,7.00
2025-11-13T21:34:00Z,34.76,10.00,10.00,14.00,16.00,11.00,8.00,9.00,6.00,5.00,4.00,7.00
2025-11-13T21:39:00Z,39.00,10.00,10.00,14.00,16.00,11.00,8.00,9.00,6.00,5.00,4.00,7.00
2025-11-13T21:50:00Z,38.00,10.00,10.00,14.00,16.00,11.00,8.00,9.00,6.00,5.00,4.00,7.00
2025-11-13T22:04:00Z,34.26,10.00,10.00,14.00,16.00,11.00,8.00,9.00,6.00,5.00,4.00,7.00
2025-11-13T22:51:00Z,38.42,10.00,10.00,14.00,16.00,11.00,8.00,9.00,6.00,5.00,4.00,7.00
2025-11-13T23:01:00Z,39.00,10.00,10.00,14.00,16.00,11.00,8.00,9.00,6.00,5.00,4.00,7.00
2025-11-13T23:16:00Z,39.00,10.00,10.00,14.00,16.00,11.00,8.00,9.00,6.00,5.00,4.00,7.00
2025-11-13T23:33:00Z,39.00,10.00,10.00,14.00,16.00,11.00,8.00,9.00,6.00,5.00,4.00,7.00
2025-11-13T23:42:00Z,38.07,10.00,10.00,14.00,16.00,11.00,8.00,9.00,6.00,5.00,4.00,7.00
2025-11-13T23:45:00Z,39.00,10.00,10.00,14.00,16.00,11.00,8.00,9.00,6.00,5.00,4.00,7.00
2025-11-13T23:50:00Z,39.96,10.00,10.00,14.00,16.00,11.00,8.00,9.00,6.00,5.00,4.00,7.00
2025-11-13T23:51:00Z,39.00,10.00,10.00,14.00,16.00,11.00,8.00,9.00,6.00,5.00,4.00,7.00
2025-11-13T23:54:00Z,39.00,10.00,10.00,14.00,16.00,11.00,8.00,9.00,6.00,5.00,4.00,7.00
2025-11-14T00:09:00Z,40.00,10.00,10.00,14.00,16.00,11.00,8.00,9.00,6.00,5.00,4.00,7.00
2025-11-14T00:44:00Z,40.00,10.00,10.00,14.00,16.00,11.00,8.00,9.00,6.00,5.00,4.00,7.00
2025-11-14T00:48:00Z,41.16,10.00,10.00,14.00,16.00,11.00,8.00,9.00,6.00,5.00,4.00,7.00
2025-11-14T00:49:00Z,43.97,10.00,10.00,14.00,16.00,11.00,8.00,9.00,6.00,5.00,4.00,7.00
2025-11-14T00:50:00Z,45.18,10.00,10.00,14.00,16.00,11.00,8.00,9.00,6.00,5.00,4.00,7.00
2025-11-14T00:51:00Z,46.25,10.00,10.00,14.00,16.00,11.00,8.00,9.00,6.00,5.00,4.00,7.00
2025-11-14T00:53:00Z,41.00,10.00,10.00,14.00,16.00,11.00,8.00,9.00,6.00,5.00,4.00,7.00
2025-11-14T01:01:00Z,40.43,10.00,10.00,14.00,16.00,11.00,8.00,9.00,6.00,5.00,4.00,7.00
2025-11-14T01:02:00Z,50.00,10.00,10.00,14.00,12.00,11.00,8.00,9.00,6.00,5.00,4.00,7.00
2025-11-14T01:10:00Z,51.00,10.00,10.00,14.00,12.00,11.00,8.00,9.00,6.00,5.00,4.00,7.00
2025-11-14T01:19:00Z,50.44,10.00,10.00,14.00,12.00,11.00,8.00,9.00,6.00,5.00,4.00,7.00
2025-11-14T01:22:00Z,50.44,10.00,10.00,11.00,12.00,11.00,8.00,9.00,6.00,5.00,4.00,7.00
2025-11-14T01:23:00Z,50.35,10.00,10.00,11.00,12.00,11.00,8.00,9.00,6.00,5.00,4.00,7.00
2025-11-14T01:26:00Z,51.00,10.00,10.00,11.00,12.00,11.00,8.00,9.00,6.00,5.00,4.00,7.00
2025-11-14T01:30:00Z,56.00,10.00,10.00,11.00,12.00,11.00,8.00,9.00,6.00,5.00,4.00,7.00
2025-11-14T01:42:00Z,56.00,10.00,10.00,11.00,12.00,11.00,8.00,9.00,6.00,5.00,4.00,7.00
2025-11-14T01:55:00Z,56.00,10.00,10.00,11.00,12.00,11.00,8.00,9.00,6.00,5.00,4.00,7.00
2025-11-14T01:57:00Z,51.00,10.00,10.00,11.00,12.00,11.00,8.00,9.00,6.00,5.00,4.00,7.00
2025-11-14T02:05:00Z,51.00,10.00,10.00,11.00,12.00,9.00,8.00,9.00,6.00,5.00,4.00,7.00
2025-11-14T02:31:00Z,50.15,10.00,10.00,11.00,12.00,9.00,8.00,9.00,6.00,5.00,4.00,7.00
2025-11-14T02:33:00Z,50.00,10.00,10.00,11.00,12.00,9.00,8.00,9.00,6.00,5.00,4.00,7.00
2025-11-14T02:44:00Z,50.00,10.00,10.00,11.00,12.00,9.00,8.00,9.00,6.00,5.00,4.00,7.00
2025-11-14T02:46:00Z,50.00,10.00,10.00,11.00,13.00,9.00,8.00,9.00,6.00,5.00,4.00,7.00
2025-11-14T02:55:00Z,52.40,10.00,10.00,11.00,13.00,9.00,8.00,9.00,6.00,5.00,4.00,7.00
2025-11-14T03:02:00Z,55.00,10.00,10.00,11.00,13.00,9.00,8.00,9.00,6.00,5.00,4.00,7.00
2025-11-14T03:06:00Z,55.00,10.00,10.00,11.00,13.00,9.00,8.00,9.00,6.00,5.00,4.00,7.00
2025-11-14T03:07:00Z,55.00,10.00,10.98,11.00,13.00,9.00,8.00,9.00,6.00,5.00,4.00,7.00
2025-11-14T03:10:00Z,55.00,10.00,10.98,11.00,13.00,9.00,8.00,9.00,6.00,5.00,4.00,7.00
2025-11-14T03:16:00Z,50.20,10.00,10.98,11.00,13.00,9.00,8.00,9.00,6.00,5.00,4.00,7.00
2025-11-14T03:19:00Z,50.20,10.00,11.00,11.00,13.00,9.00,8.00,9.00,6.00,5.00,4.00,7.00
2025-11-14T03:24:00Z,55.00,10.00,11.00,11.00,13.00,9.00,8.00,9.00,6.00,5.00,4.00,7.00
2025-11-14T03:42:00Z,54.00,10.00,11.00,11.00,13.00,9.00,8.00,9.00,6.00,5.00,4.00,7.00
2025-11-14T03:54:00Z,54.00,10.00,11.00,11.00,13.00,9.00,8.00,9.00,6.00,5.00,4.00,7.00
2025-11-14T03:55:00Z,54.00,10.00,11.00,11.00,13.00,9.00,8.00,9.00,6.00,5.00,4.00,7.00
2025-11-14T04:11:00Z,53.00,10.00,11.00,11.00,13.00,9.00,8.00,9.00,6.00,5.00,4.00,7.00
2025-11-14T04:33:00Z,54.00,10.00,11.00,11.00,13.00,9.00,8.00,9.00,6.00,5.00,4.00,7.00
2025-11-14T04:37:00Z,54.00,10.00,11.00,11.00,13.00,9.00,8.00,9.00,6.00,5.00,4.00,7.00
2025-11-14T04:40:00Z,54.00,10.00,11.00,11.00,13.00,9.00,8.00,9.00,6.00,5.00,4.00,7.00
2025-11-14T04:42:00Z,51.00,10.00,11.00,11.00,13.00,9.00,8.00,9.00,6.00,5.00,4.00,7.00
2025-11-14T05:02:00Z,54.00,10.00,11.00,11.00,13.00,9.00,8.00,9.00,6.00,5.00,4.00,7.00
2025-11-14T05:20:00Z,54.00,10.00,11.00,11.00,13.00,9.00,8.00,9.00,6.00,5.00,4.00,7.00
2025-11-14T05:45:00Z,54.00,10.00,11.00,11.00,13.00,9.00,8.00,9.00,6.00,5.00,4.00,7.00
2025-11-14T06:17:00Z,54.00,10.00,11.00,11.00,13.00,9.00,8.00,9.00,6.00,5.00,4.00,7.00
2025-11-14T06:22:00Z,52.08,10.00,11.00,11.00,13.00,9.00,8.00,9.00,6.00,5.00,4.00,7.00
2025-11-14T06:30:00Z,54.00,10.00,11.00,11.00,13.00,9.00,8.00,9.00,6.00,5.00,4.00,7.00
2025-11-14T06:34:00Z,54.00,10.00,11.00,11.00,13.00,9.00,8.00,9.00,6.00,5.00,4.00,7.00
2025-11-14T07:04:00Z,54.00,10.00,11.00,11.00,13.00,9.00,8.00,9.00,6.00,5.00,4.00,7.00
2025-11-14T07:05:00Z,51.00,10.00,11.00,11.00,13.00,9.00,8.00,9.00,6.00,5.00,4.00,7.00
2025-11-14T07:09:00Z,51.00,10.00,11.00,11.00,13.00,9.00,8.00,9.00,6.00,5.00,4.00,7.00
2025-11-14T07:27:00Z,55.00,10.00,11.00,11.00,13.00,9.00,8.00,9.00,6.00,5.00,4.00,7.00
2025-11-14T07:41:00Z,55.00,10.00,11.00,11.00,13.00,9.00,8.00,9.00,6.00,5.00,4.00,7.00
2025-11-14T07:52:00Z,50.09,10.00,11.00,11.00,13.00,9.00,8.00,9.00,6.00,5.00,4.00,7.00
2025-11-14T07:55:00Z,50.09,10.00,11.00,11.00,12.00,9.00,8.00,9.00,6.00,5.00,4.00,7.00
2025-11-14T08:26:00Z,50.09,10.00,11.00,11.00,12.00,9.00,8.00,9.00,6.00,5.00,4.00,7.00
2025-11-14T08:58:00Z,50.09,10.00,11.00,11.00,12.00,9.00,8.00,9.00,6.00,5.00,4.00,7.00
2025-11-14T09:10:00Z,54.00,10.00,11.00,11.00,12.00,9.00,8.00,9.00,6.00,5.00,4.00,7.00
2025-11-14T09:52:00Z,54.00,10.00,11.00,11.00,13.00,9.00,8.00,9.00,6.00,5.00,4.00,7.00
2025-11-14T09:58:00Z,54.00,10.00,11.00,11.00,12.00,9.00,8.00,9.00,6.00,5.00,4.00,7.00
2025-11-14T10:26:00Z,50.00,10.00,11.00,11.00,12.00,9.00,8.00,9.00,6.00,5.00,4.00,7.00
2025-11-14T10:30:00Z,50.00,10.00,11.00,11.00,12.00,9.00,8.00,9.00,6.00,5.00,4.00,7.00
2025-11-14T11:19:00Z,54.00,10.00,11.00,11.00,12.00,9.00,8.00,9.00,6.00,5.00,4.00,7.00
2025-11-14T11:31:00Z,50.32,10.00,11.00,11.00,12.00,9.00,8.00,9.00,6.00,5.00,4.00,7.00
2025-11-14T11:57:00Z,50.46,10.00,11.00,11.00,12.00,9.00,8.00,9.00,6.00,5.00,4.00,7.00
2025-11-14T12:17:00Z,54.00,10.00,11.00,11.00,12.00,9.00,8.00,9.00,6.00,5.00,4.00,7.00
2025-11-14T12:47:00Z,48.00,10.00,11.00,11.00,12.00,9.00,8.00,9.00,6.00,5.00,4.00,7.00
2025-11-14T12:53:00Z,48.00,10.00,11.00,11.00,12.00,9.00,8.00,9.00,6.00,5.00,4.00,7.00
2025-11-14T12:54:00Z,54.00,10.00,11.00,11.00,12.00,9.00,8.00,9.00,6.00,5.00,4.00,7.00
2025-11-14T12:59:00Z,50.40,10.00,11.00,11.00,12.00,9.00,8.00,9.00,6.00,5.00,4.00,7.00
2025-11-14T13:23:00Z,49.00,10.00,11.00,11.00,12.00,9.00,8.00,9.00,6.00,5.00,4.00,7.00
2025-11-14T13:37:00Z,53.00,10.00,11.00,11.00,12.00,9.00,8.00,9.00,6.00,5.00,4.00,7.00
2025-11-14T13:43:00Z,53.96,10.00,11.00,11.00,12.00,9.00,8.00,9.00,6.00,5.00,4.00,7.00
2025-11-14T13:44:00Z,54.05,10.00,11.00,11.00,12.00,9.00,8.00,9.00,6.00,5.00,4.00,7.00
2025-11-14T13:48:00Z,54.05,10.00,11.00,11.00,12.00,9.00,8.00,9.00,6.00,5.00,4.00,7.00
2025-11-14T14:12:00Z,54.00,10.00,11.00,11.00,12.00,9.00,4.00,9.00,6.00,5.00,4.00,7.00
2025-11-14T14:13:00Z,54.00,10.00,11.00,11.00,12.00,9.00,4.00,9.00,6.00,5.00,4.00,7.00
2025-11-14T14:18:00Z,55.00,10.00,11.00,11.00,12.00,9.00,4.00,9.00,6.00,5.00,4.00,7.00
2025-11-14T14:22:00Z,55.00,10.00,12.00,11.00,12.00,9.00,4.00,9.00,6.00,5.00,4.00,7.00
2025-11-14T14:23:00Z,55.00,10.00,12.00,11.54,12.00,9.00,4.00,9.00,6.00,5.00,4.00,7.00
2025-11-14T14:24:00Z,55.00,10.00,12.00,11.54,12.00,9.00,4.00,9.00,6.00,5.00,4.00,7.00
2025-11-14T14:45:00Z,54.00,10.00,12.00,11.54,12.00,9.00,4.00,9.00,6.00,5.00,4.00,7.00
2025-11-14T14:48:00Z,55.00,10.00,12.00,11.54,12.00,9.00,4.00,9.00,6.00,5.00,4.00,7.00
2025-11-14T14:53:00Z,54.00,10.00,12.00,11.54,12.00,9.00,4.00,9.00,6.00,5.00,4.00,7.00
2025-11-14T15:02:00Z,54.00,10.00,12.00,11.54,12.00,9.00,4.00,9.00,6.00,5.00,4.00,7.00
2025-11-14T15:07:00Z,55.00,10.00,12.00,11.54,12.00,9.00,4.00,9.00,6.00,5.00,4.00,7.00
2025-11-14T15:18:00Z,55.00,10.00,12.00,11.54,12.00,9.00,4.00,9.00,6.00,5.00,4.00,7.00
2025-11-14T15:21:00Z,54.00,10.00,12.00,11.54,12.00,9.00,4.00,9.00,6.00,5.00,4.00,7.00
2025-11-14T15:22:00Z,53.27,10.00,12.00,11.54,12.00,9.00,4.00,9.00,6.00,5.00,4.00,7.00
2025-11-14T15:27:00Z,52.00,10.00,12.00,11.54,12.00,9.00,4.00,9.00,6.00,5.00,4.00,7.00
2025-11-14T15:32:00Z,55.00,10.00,12.00,11.54,12.00,9.00,4.00,9.00,6.00,5.00,4.00,7.00
2025-11-14T15:37:00Z,54.00,10.00,12.00,11.54,12.00,9.00,4.00,9.00,6.00,5.00,4.00,7.00
2025-11-14T15:42:00Z,54.00,10.00,12.00,11.54,12.00,9.00,4.00,9.00,6.00,5.00,4.00,7.00
2025-11-14T15:43:00Z,53.00,10.00,12.00,11.54,12.00,9.00,4.00,9.00,6.00,5.00,4.00,7.00
2025-11-14T15:53:00Z,53.00,10.00,12.00,11.54,12.00,9.00,4.00,9.00,6.00,5.00,4.00,7.00
2025-11-14T15:54:00Z,53.00,10.00,12.00,12.00,12.00,9.00,4.00,9.00,6.00,5.00,4.00,7.00
2025-11-14T15:56:00Z,54.89,10.00,12.00,12.00,12.00,9.00,4.00,9.00,6.00,5.00,4.00,7.00
2025-11-14T15:57:00Z,54.89,10.00,12.00,12.00,12.00,9.00,4.00,9.00,6.00,5.00,4.00,7.00
2025-11-14T15:58:00Z,54.89,10.00,12.00,12.00,12.00,9.00,4.00,9.00,6.00,5.00,4.00,7.00
2025-11-14T16:01:00Z,54.89,10.00,12.00,12.00,12.00,9.00,4.00,9.00,6.00,5.00,4.00,7.00
2025-11-14T16:05:00Z,54.94,10.00,12.00,12.00,12.00,9.00,4.00,9.00,6.00,5.00,4.00,7.00
2025-11-14T16:06:00Z,55.92,10.00,12.00,12.00,12.00,9.00,4.00,9.00,6.00,5.00,4.00,7.00
2025-11-14T16:17:00Z,55.92,10.00,12.00,12.00,12.00,8.09,4.00,9.00,6.00,5.00,4.00,7.00
2025-11-14T16:23:00Z,53.00,10.00,12.00,12.00,12.00,8.09,4.00,9.00,6.00,5.00,4.00,7.00
2025-11-14T16:26:00Z,54.00,10.00,12.00,12.00,12.00,8.09,4.00,9.00,6.00,5.00,4.00,7.00
2025-11-14T16:27:00Z,54.18,10.00,12.00,12.00,12.00,8.09,4.00,9.00,6.00,5.00,4.00,7.00
2025-11-14T16:28:00Z,56.01,10.00,12.00,12.00,12.00,8.09,4.00,9.00,6.00,5.00,4.00,7.00
2025-11-14T16:41:00Z,56.00,10.00,12.00,12.00,12.00,8.09,4.00,9.00,6.00,5.00,4.00,7.00
2025-11-14T16:42:00Z,56.91,10.00,12.00,12.00,12.00,8.09,4.00,9.00,6.00,5.00,4.00,7.00
2025-11-14T17:10:00Z,57.00,10.00,12.00,12.00,12.00,8.09,4.00,9.00,6.00,5.00,4.00,7.00
2025-11-14T17:17:00Z,57.00,10.00,12.00,12.00,12.00,8.09,4.00,9.00,6.00,5.00,4.00,7.00
2025-11-14T17:39:00Z,58.00,10.00,12.00,12.00,12.00,8.09,4.00,9.00,6.00,5.00,4.00,7.00
2025-11-14T17:44:00Z,58.00,10.00,12.00,12.00,12.00,8.09,4.00,9.00,6.00,5.00,4.00,7.00
2025-11-14T17:52:00Z,56.00,10.00,12.00,12.00,12.00,8.09,4.00,9.00,6.00,5.00,4.00,7.00
2025-11-14T18:01:00Z,56.00,10.00,12.00,12.00,12.00,8.09,4.00,9.00,6.00,5.00,4.00,7.00
2025-11-14T18:12:00Z,56.00,10.00,12.00,12.00,12.00,8.09,4.00,9.00,6.00,5.00,4.00,7.00
2025-11-14T18:23:00Z,56.66,10.00,12.00,12.00,12.00,8.09,4.00,9.00,6.00,5.00,4.00,7.00
2025-11-14T18:24:00Z,56.00,10.00,12.00,12.00,12.00,8.09,4.00,9.00,6.00,5.00,4.00,7.00
2025-11-14T18:45:00Z,55.00,10.00,12.00,12.00,12.00,8.09,4.00,9.00,6.00,5.00,4.00,7.00
2025-11-14T18:46:00Z,56.00,10.00,12.00,12.00,12.00,8.09,4.00,9.00,6.00,5.00,4.00,7.00
2025-11-14T18:47:00Z,56.96,10.00,12.00,12.00,12.00,8.09,4.00,9.00,6.00,5.00,4.00,7.00
2025-11-14T18:48:00Z,58.17,10.00,12.00,12.00,12.00,8.09,4.00,9.00,6.00,5.00,4.00,7.00
2025-11-14T18:49:00Z,58.00,10.00,12.00,12.00,12.00,8.09,4.00,9.00,6.00,5.00,4.00,7.00
2025-11-14T18:58:00Z,58.00,10.00,12.00,12.00,12.00,8.09,4.00,9.00,6.00,5.00,4.00,7.00
2025-11-14T18:59:00Z,57.00,10.00,12.00,12.00,12.00,8.09,4.00,9.00,6.00,5.00,4.00,7.00
2025-11-14T19:07:00Z,57.00,10.00,12.00,12.00,12.00,8.09,4.00,9.00,6.00,5.00,4.00,7.00
2025-11-14T19:08:00Z,58.00,10.00,12.00,12.00,12.00,8.09,4.00,9.00,6.00,5.00,4.00,7.00
2025-11-14T19:11:00Z,58.00,10.00,12.00,12.00,12.00,8.09,4.00,9.00,6.00,5.00,4.00,7.00
2025-11-14T19:15:00Z,58.00,10.00,12.00,12.00,12.00,8.09,4.00,9.00,6.00,5.00,4.00,7.00
2025-11-14T19:32:00Z,59.00,10.00,12.00,12.00,12.00,8.09,4.00,9.00,6.00,5.00,4.00,7.00
2025-11-14T19:34:00Z,59.00,10.00,12.00,12.00,12.00,8.09,4.00,9.00,6.00,5.00,4.00,7.00
2025-11-14T19:35:00Z,59.00,10.00,12.00,12.00,12.00,8.00,4.00,9.00,6.00,5.00,4.00,7.00
2025-11-14T19:44:00Z,59.00,10.00,12.00,7.06,12.00,8.00,4.00,9.00,6.00,5.00,4.00,7.00
2025-11-14T19:46:00Z,58.00,10.00,12.00,7.06,12.00,8.00,4.00,9.00,6.00,5.00,4.00,7.00
2025-11-14T19:47:00Z,58.00,10.00,12.00,7.06,12.00,8.00,4.00,9.00,6.00,5.00,4.00,7.00
2025-11-14T19:55:00Z,56.00,10.00,12.00,7.06,12.00,8.00,4.00,9.00,6.00,5.00,4.00,7.00
2025-11-14T19:56:00Z,53.85,10.00,12.00,7.06,12.00,8.00,4.00,9.00,6.00,5.00,4.00,7.00
2025-11-14T20:05:00Z,56.00,10.00,12.00,7.06,12.00,8.00,4.00,9.00,6.00,5.00,4.00,7.00
2025-11-14T20:09:00Z,56.00,10.00,12.00,7.06,12.00,8.00,4.00,9.00,6.00,5.00,4.00,7.00
2025-11-14T20:13:00Z,53.00,10.00,12.00,7.06,12.00,8.00,4.00,9.00,6.00,5.00,4.00,7.00
2025-11-14T20:27:00Z,56.00,10.00,12.00,7.06,12.00,8.00,4.00,9.00,6.00,5.00,4.00,7.00
2025-11-14T20:54:00Z,57.80,10.00,12.00,7.06,12.00,8.00,4.00,9.00,6.00,5.00,4.00,7.00
2025-11-14T20:55:00Z,58.00,10.00,12.00,7.06,12.00,8.00,4.00,9.00,6.00,5.00,4.00,7.00
2025-11-14T20:56:00Z,58.41,10.00,12.00,7.06,12.00,8.00,4.00,9.00,6.00,5.00,4.00,7.00
2025-11-14T20:57:00Z,59.00,10.00,12.00,7.06,12.00,8.00,4.00,9.00,6.00,5.00,4.00,7.00
2025-11-14T21:21:00Z,59.00,10.00,12.00,7.06,12.00,8.00,4.00,9.00,6.00,5.00,4.00,7.00
2025-11-14T21:29:00Z,59.00,10.00,12.00,7.06,12.00,8.00,4.00,9.00,6.00,5.00,4.00,7.00
2025-11-14T21:30:00Z,59.00,10.00,10.20,7.00,8.20,7.00,4.00,9.00,6.00,5.00,4.00,7.00
2025-11-14T21:52:00Z,59.00,10.00,10.20,7.00,7.32,7.00,4.00,9.00,6.00,5.00,4.00,7.00
2025-11-14T21:59:00Z,60.00,10.00,10.20,7.00,7.32,7.00,4.00,9.00,6.00,5.00,4.00,7.00
2025-11-14T22:08:00Z,58.26,10.00,10.20,7.00,7.32,7.00,4.00,9.00,6.00,5.00,4.00,7.00
2025-11-14T22:15:00Z,60.00,10.00,10.20,7.00,7.32,7.00,4.00,9.00,6.00,5.00,4.00,7.00
2025-11-14T22:22:00Z,59.00,10.00,10.20,7.00,7.32,7.00,4.00,9.00,6.00,5.00,4.00,7.00
2025-11-14T22:23:00Z,58.00,10.00,10.20,7.00,7.32,7.00,4.00,9.00,6.00,5.00,4.00,7.00
2025-11-14T22:34:00Z,58.00,10.00,10.20,7.00,7.32,7.00,4.00,9.00,6.00,5.00,4.00,7.00
2025-11-14T23:15:00Z,58.00,10.00,12.00,7.00,7.32,7.00,4.00,9.00,6.00,5.00,4.00,7.00
2025-11-14T23:31:00Z,58.69,10.00,12.00,7.00,7.32,7.00,4.00,9.00,6.00,5.00,4.00,7.00
2025-11-14T23:43:00Z,58.00,10.00,12.00,7.00,7.32,7.00,4.00,9.00,6.00,5.00,4.00,7.00
2025-11-14T23:49:00Z,55.60,10.00,12.00,7.00,7.32,7.00,4.00,9.00,6.00,5.00,4.00,7.00
2025-11-14T23:50:00Z,54.10,10.00,12.00,7.00,7.32,7.00,4.00,9.00,6.00,5.00,4.00,7.00
2025-11-14T23:51:00Z,54.00,10.00,12.00,7.00,7.32,7.00,4.00,9.00,6.00,5.00,4.00,7.00
2025-11-14T23:52:00Z,54.00,10.00,12.00,7.00,7.32,7.00,4.00,9.00,6.00,5.00,4.00,7.00
2025-11-14T23:53:00Z,53.18,10.00,12.00,7.00,7.32,7.00,4.00,9.00,6.00,5.00,4.00,7.00
2025-11-14T23:54:00Z,53.00,10.00,12.00,7.00,7.32,7.00,4.00,9.00,6.00,5.00,4.00,7.00
2025-11-14T23:56:00Z,53.00,10.00,12.00,7.00,7.32,7.00,4.00,9.00,6.00,5.00,4.00,7.00
2025-11-14T23:57:00Z,53.00,10.00,12.00,7.00,7.00,7.00,4.00,9.00,6.00,5.00,4.00,7.00
2025-11-15T00:07:00Z,52.00,10.00,12.00,7.00,7.00,7.00,4.00,9.00,6.00,5.00,4.00,7.00
2025-11-15T00:09:00Z,56.83,10.00,12.00,7.00,7.00,7.00,4.00,9.00,6.00,5.00,4.00,7.00
2025-11-15T00:41:00Z,54.05,10.00,12.00,7.00,7.00,7.00,4.00,9.00,6.00,5.00,4.00,7.00
2025-11-15T01:02:00Z,57.00,10.00,12.00,7.00,7.00,7.00,4.00,9.00,6.00,5.00,4.00,7.00
2025-11-15T01:05:00Z,57.00,10.00,12.00,7.00,7.00,7.00,4.00,9.00,6.00,5.00,4.00,4.00
2025-11-15T02:33:00Z,58.00,10.00,12.00,7.00,7.00,7.00,4.00,9.00,6.00,5.00,4.00,4.00
2025-11-15T02:39:00Z,58.00,12.00,13.00,7.00,7.00,7.00,4.00,9.00,6.00,5.00,4.00,4.00
2025-11-15T02:47:00Z,57.00,12.00,13.00,7.00,7.00,7.00,4.00,9.00,6.00,5.00,4.00,4.00
2025-11-15T03:13:00Z,58.00,12.00,13.00,7.00,7.00,7.00,4.00,9.00,6.00,5.00,4.00,4.00
2025-11-15T03:18:00Z,58.00,12.00,13.00,7.00,7.00,7.00,4.00,9.00,6.00,5.00,4.00,4.00
2025-11-15T03:30:00Z,52.35,12.00,13.00,7.00,7.00,7.00,4.00,9.00,6.00,5.00,4.00,4.00
2025-11-15T03:36:00Z,57.00,12.00,13.00,7.00,7.00,7.00,4.00,9.00,6.00,5.00,4.00,4.00
2025-11-15T03:41:00Z,54.00,12.00,13.00,7.00,7.00,7.00,4.00,9.00,6.00,5.00,4.00,4.00
2025-11-15T03:49:00Z,54.00,12.00,13.00,7.00,7.00,7.00,4.00,9.00,6.00,5.00,4.00,4.00
2025-11-15T03:50:00Z,52.09,12.00,13.00,7.00,7.00,7.00,4.00,9.00,6.00,5.00,4.00,4.00
2025-11-15T03:51:00Z,52.00,12.00,13.00,7.00,7.00,7.00,4.00,9.00,6.00,5.00,4.00,4.00
2025-11-15T04:08:00Z,55.00,12.00,13.00,7.00,7.00,7.00,4.00,9.00,6.00,5.00,4.00,4.00
2025-11-15T04:10:00Z,55.00,12.00,13.00,7.00,7.00,7.00,4.00,9.00,6.00,5.00,4.00,4.00
2025-11-15T04:12:00Z,55.00,12.00,9.20,7.00,7.00,7.00,4.00,9.00,6.00,5.00,4.00,4.00
2025-11-15T05:11:00Z,52.00,12.00,9.20,7.00,7.00,7.00,4.00,9.00,6.00,5.00,4.00,4.00
2025-11-15T05:14:00Z,52.00,12.00,9.20,7.00,7.00,7.00,4.00,9.00,6.00,5.00,4.00,4.00
2025-11-15T05:21:00Z,52.00,12.00,9.20,7.00,7.00,7.00,4.00,9.00,6.00,5.00,4.00,4.00
2025-11-15T05:27:00Z,52.00,12.00,9.20,7.00,7.00,7.00,4.00,9.00,6.00,5.00,4.00,4.00
2025-11-15T05:40:00Z,53.00,12.00,9.20,7.00,7.00,7.00,4.00,9.00,6.00,5.00,4.00,4.00
2025-11-15T05:45:00Z,53.00,12.00,9.20,7.00,7.00,7.00,4.00,9.00,6.00,5.00,4.00,4.00
2025-11-15T05:46:00Z,55.00,12.00,9.20,7.00,7.00,7.00,4.00,9.00,6.00,5.00,4.00,4.00
2025-11-15T05:57:00Z,55.00,12.00,9.20,7.00,7.00,7.00,4.00,9.00,6.00,5.00,4.00,4.00
2025-11-15T06:31:00Z,55.00,10.09,10.00,8.00,7.00,7.00,4.00,9.00,6.00,5.00,4.00,4.00
2025-11-15T06:39:00Z,55.00,10.09,10.00,8.00,7.00,7.00,4.00,9.00,6.00,5.00,4.00,4.00
2025-11-15T07:22:00Z,54.00,10.09,10.00,8.00,7.00,7.00,4.00,9.00,6.00,5.00,4.00,4.00
2025-11-15T07:23:00Z,54.00,10.00,10.00,8.00,7.00,7.00,4.00,9.00,6.00,5.00,4.00,4.00
2025-11-15T09:18:00Z,53.00,10.00,10.00,8.00,7.00,7.00,4.00,9.00,6.00,5.00,4.00,4.00
2025-11-15T09:20:00Z,53.00,10.00,10.00,8.00,7.00,7.00,4.00,9.00,6.00,5.00,4.00,4.00
2025-11-15T09:28:00Z,53.00,10.00,10.00,8.00,7.00,7.00,4.00,9.00,6.00,5.00,4.00,4.00
2025-11-15T10:28:00Z,53.00,10.00,10.00,8.00,7.00,7.00,4.00,9.00,6.00,5.00,4.00,4.00
2025-11-15T10:29:00Z,52.00,10.00,10.00,8.00,7.00,7.00,4.00,9.00,6.00,5.00,4.00,4.00
2025-11-15T11:01:00Z,52.00,10.00,10.00,8.00,7.00,7.00,4.00,9.00,6.00,5.00,4.00,4.00
2025-11-15T11:58:00Z,55.88,10.00,10.00,8.00,7.00,7.00,4.00,9.00,6.00,5.00,4.00,4.00
2025-11-15T11:59:00Z,57.25,10.00,10.00,8.00,7.00,7.00,4.00,9.00,6.00,5.00,4.00,4.00
2025-11-15T12:00:00Z,58.78,10.00,10.00,8.00,7.00,7.00,4.00,9.00,6.00,5.00,4.00,4.00
2025-11-15T12:07:00Z,60.00,10.00,10.00,8.00,7.00,7.00,4.00,9.00,6.00,5.00,4.00,4.00
2025-11-15T12:27:00Z,60.00,10.00,10.00,8.00,7.00,7.00,4.00,9.00,6.00,5.00,4.00,4.00
2025-11-15T13:35:00Z,60.00,9.00,10.00,8.00,7.00,7.00,4.00,9.00,6.00,5.00,4.00,4.00
2025-11-15T13:37:00Z,60.00,9.00,10.00,8.00,7.00,7.00,3.00,9.00,6.00,5.00,4.00,4.00
2025-11-15T14:01:00Z,60.00,9.00,10.00,9.00,7.00,7.00,3.00,9.00,6.00,5.00,4.00,4.00
2025-11-15T14:15:00Z,55.00,9.00,10.00,9.00,7.00,7.00,3.00,9.00,6.00,5.00,4.00,4.00
2025-11-15T14:50:00Z,56.15,9.00,10.00,9.00,7.00,7.00,3.00,9.00,6.00,5.00,4.00,4.00
2025-11-15T15:36:00Z,56.15,10.00,10.00,9.00,7.00,7.00,3.00,9.00,6.00,5.00,4.00,4.00
2025-11-15T16:14:00Z,55.00,10.00,10.00,9.00,7.00,7.00,3.00,9.00,6.00,5.00,4.00,4.00
2025-11-15T16:29:00Z,54.00,10.00,10.00,9.00,7.00,7.00,3.00,9.00,6.00,5.00,4.00,4.00
2025-11-15T16:46:00Z,58.26,10.00,10.00,9.00,7.00,7.00,3.00,9.00,6.00,5.00,4.00,4.00
2025-11-15T16:47:00Z,60.26,9.00,9.00,8.00,7.00,7.00,3.00,3.00,2.00,5.00,4.00,4.00
2025-11-15T16:50:00Z,62.00,9.00,9.00,8.00,7.00,7.00,3.00,3.00,2.00,5.00,4.00,4.00
2025-11-15T16:52:00Z,61.00,9.00,9.00,8.00,7.00,7.00,3.00,3.00,2.00,5.00,4.00,4.00
2025-11-15T17:02:00Z,61.00,9.00,9.00,8.00,7.00,7.00,3.00,3.00,2.00,5.00,4.00,4.00
2025-11-15T17:13:00Z,66.09,9.00,9.00,8.00,7.00,7.00,3.00,3.00,2.00,5.00,4.00,4.00
2025-11-15T17:19:00Z,66.09,9.97,9.00,8.00,7.00,7.00,3.00,3.00,2.00,5.00,4.00,4.00
2025-11-15T17:22:00Z,66.09,9.97,9.00,9.00,7.00,7.00,3.00,3.00,2.00,5.00,4.00,4.00
2025-11-15T17:23:00Z,66.09,9.97,9.00,10.00,7.00,7.00,3.00,3.00,2.00,5.00,4.00,4.00
2025-11-15T17:24:00Z,62.31,9.97,9.00,10.00,7.00,7.00,3.00,3.00,2.00,5.00,4.00,4.00
2025-11-15T17:25:00Z,62.11,9.97,9.00,10.00,7.00,7.00,3.00,3.00,2.00,5.00,4.00,4.00
2025-11-15T17:26:00Z,62.02,9.97,9.00,10.00,7.00,7.00,3.00,3.00,2.00,5.00,4.00,4.00
2025-11-15T17:27:00Z,61.00,9.97,9.00,10.00,7.00,7.00,3.00,3.00,2.00,5.00,4.00,4.00
2025-11-15T17:28:00Z,61.00,9.97,9.00,10.00,7.00,7.00,3.00,3.00,2.00,5.00,4.00,4.00
2025-11-15T17:48:00Z,63.00,9.97,9.00,10.00,7.00,7.00,3.00,3.00,2.00,5.00,4.00,4.00
2025-11-15T17:51:00Z,61.00,9.97,9.00,10.00,7.00,7.00,3.00,3.00,2.00,5.00,4.00,4.00
2025-11-15T18:08:00Z,61.00,9.97,9.00,10.00,7.00,7.00,3.00,3.00,2.00,5.00,4.00,4.00
2025-11-15T18:17:00Z,60.15,9.97,9.00,10.00,7.00,7.00,3.00,3.00,2.00,5.00,4.00,4.00
2025-11-15T18:20:00Z,63.76,9.97,9.00,10.00,7.00,7.00,3.00,3.00,2.00,5.00,4.00,4.00
2025-11-15T18:34:00Z,63.00,9.97,9.00,10.00,7.00,7.00,3.00,3.00,2.00,5.00,4.00,4.00
2025-11-15T18:37:00Z,63.00,10.00,9.00,10.00,7.00,7.00,3.00,3.00,2.00,5.00,4.00,4.00
2025-11-15T18:42:00Z,63.00,10.00,9.00,10.00,7.00,7.00,3.00,3.00,2.00,5.00,4.00,4.00
2025-11-15T18:46:00Z,61.00,10.00,9.00,10.00,7.00,7.00,3.00,3.00,2.00,5.00,4.00,4.00
2025-11-15T18:47:00Z,61.00,10.00,9.00,10.00,7.00,7.00,3.00,3.00,2.00,5.00,4.00,4.00
2025-11-15T18:48:00Z,62.95,10.00,9.00,10.00,7.00,7.00,3.00,3.00,2.00,5.00,4.00,4.00
2025-11-15T18:49:00Z,61.00,10.00,9.00,10.00,7.00,7.00,3.00,3.00,2.00,5.00,4.00,4.00
2025-11-15T18:51:00Z,61.00,10.00,10.71,10.00,7.00,7.00,3.00,3.00,2.00,5.00,4.00,4.00
2025-11-15T18:55:00Z,60.00,10.00,10.71,10.00,7.00,7.00,3.00,3.00,2.00,5.00,4.00,4.00
2025-11-15T18:58:00Z,63.00,10.00,10.71,10.00,7.00,7.00,3.00,3.00,2.00,5.00,4.00,4.00
2025-11-15T19:00:00Z,63.00,10.00,10.71,10.00,7.00,7.00,3.00,3.00,2.00,5.00,4.00,4.00
2025-11-15T19:37:00Z,60.61,10.00,10.71,10.00,7.00,7.00,3.00,3.00,2.00,5.00,4.00,4.00
2025-11-15T19:39:00Z,62.00,10.00,10.71,10.00,7.00,7.00,3.00,3.00,2.00,5.00,4.00,4.00
2025-11-15T19:40:00Z,63.00,10.00,10.71,10.00,7.00,7.00,3.00,3.00,2.00,5.00,4.00,4.00
2025-11-15T19:46:00Z,61.00,10.00,10.71,10.00,7.00,7.00,3.00,3.00,2.00,5.00,4.00,4.00
2025-11-15T19:57:00Z,60.00,10.00,10.71,10.00,7.00,7.00,3.00,3.00,2.00,5.00,4.00,4.00
2025-11-15T20:13:00Z,60.00,10.00,10.71,10.00,7.00,7.00,3.00,3.00,2.00,5.00,4.00,4.00
2025-11-15T20:16:00Z,54.00,19.00,15.00,9.00,7.00,7.00,3.00,3.00,2.00,5.00,4.00,4.00
2025-11-15T20:17:00Z,54.00,14.00,11.57,9.00,7.00,7.00,3.00,3.00,2.00,5.00,4.00,4.00
2025-11-15T20:22:00Z,60.00,14.00,11.57,9.00,7.00,7.00,3.00,3.00,2.00,5.00,4.00,4.00
2025-11-15T20:25:00Z,60.00,14.00,11.57,10.00,7.00,7.00,3.00,3.00,2.00,5.00,4.00,4.00
2025-11-15T20:29:00Z,62.00,14.00,11.57,10.00,7.00,7.00,3.00,3.00,2.00,5.00,4.00,4.00
2025-11-15T20:30:00Z,60.03,14.00,11.57,10.00,7.00,7.00,3.00,3.00,2.00,5.00,4.00,4.00
2025-11-15T20:31:00Z,62.00,14.00,11.57,10.00,7.00,7.00,3.00,3.00,2.00,5.00,4.00,4.00
2025-11-15T20:32:00Z,61.35,9.00,10.00,8.00,7.00,7.00,3.00,3.00,2.00,5.00,4.00,4.00
2025-11-15T20:36:00Z,60.00,9.00,10.00,8.00,7.00,7.00,3.00,3.00,2.00,5.00,4.00,4.00
2025-11-15T20:54:00Z,59.00,9.00,10.00,8.00,7.00,7.00,3.00,3.00,2.00,5.00,4.00,4.00
2025-11-15T21:02:00Z,58.00,9.00,10.00,8.00,7.00,7.00,3.00,3.00,2.00,5.00,4.00,4.00
2025-11-15T21:23:00Z,59.00,9.00,10.00,8.00,7.00,7.00,3.00,3.00,2.00,5.00,4.00,4.00
2025-11-15T21:30:00Z,58.00,9.00,10.00,8.00,7.00,7.00,3.00,3.00,2.00,5.00,4.00,4.00
2025-11-15T21:43:00Z,61.44,9.00,10.00,8.00,7.00,7.00,3.00,3.00,2.00,5.00,4.00,4.00
2025-11-15T22:06:00Z,63.00,9.00,10.00,8.00,7.00,7.00,3.00,3.00,2.00,5.00,4.00,4.00
2025-11-15T22:07:00Z,63.00,9.00,10.00,8.00,7.00,7.00,3.00,3.00,2.00,5.00,4.00,4.00
2025-11-15T22:14:00Z,63.00,9.00,10.00,8.00,7.00,7.00,3.00,3.00,2.00,5.00,4.00,4.00
2025-11-15T23:01:00Z,63.00,10.00,10.00,8.00,7.00,7.00,3.00,3.00,2.00,5.00,4.00,4.00
2025-11-15T23:03:00Z,63.00,10.00,12.00,8.00,7.00,7.00,3.00,3.00,2.00,5.00,4.00,4.00
2025-11-15T23:04:00Z,63.00,10.00,12.00,9.00,7.00,7.00,3.00,3.00,2.00,5.00,4.00,4.00
2025-11-15T23:17:00Z,63.00,10.00,12.00,9.00,7.00,7.00,3.00,3.00,2.00,5.00,4.00,4.00
2025-11-15T23:19:00Z,63.00,10.00,12.00,9.00,7.00,7.00,3.00,3.00,2.00,5.00,4.00,4.00
2025-11-15T23:36:00Z,63.00,10.00,12.00,8.00,7.00,7.00,3.00,3.00,2.00,5.00,4.00,4.00
2025-11-15T23:39:00Z,63.00,10.00,12.00,8.00,7.00,7.00,3.00,3.00,2.00,5.00,4.00,4.00
2025-11-15T23:41:00Z,60.00,10.00,12.00,8.00,7.00,7.00,3.00,3.00,2.00,5.00,4.00,4.00
2025-11-16T00:08:00Z,63.00,10.00,12.00,8.00,7.00,7.00,3.00,3.00,2.00,5.00,4.00,4.00
2025-11-16T00:12:00Z,63.00,10.00,12.00,8.00,7.00,7.00,3.00,3.00,2.00,5.00,4.00,4.00
2025-11-16T00:15:00Z,63.00,10.00,12.00,8.00,7.00,7.00,3.00,3.00,2.00,5.00,4.00,4.00
2025-11-16T00:27:00Z,63.00,10.00,12.00,8.00,7.00,7.00,3.00,3.00,2.00,5.00,4.00,4.00
2025-11-16T00:51:00Z,63.00,10.00,12.00,8.00,7.00,7.00,3.00,3.00,2.00,5.00,4.00,4.00
2025-11-16T01:25:00Z,63.00,10.00,12.00,8.00,7.00,7.00,3.00,3.00,2.00,5.00,4.00,4.00
2025-11-16T01:41:00Z,63.00,10.00,12.00,8.00,7.00,7.00,3.00,3.00,2.00,5.00,4.00,4.00
2025-11-16T01:44:00Z,60.00,10.00,12.00,8.00,7.00,7.00,3.00,3.00,2.00,5.00,4.00,4.00
2025-11-16T01:55:00Z,59.00,10.00,12.00,8.00,7.00,7.00,3.00,3.00,2.00,5.00,4.00,4.00
2025-11-16T01:57:00Z,60.00,10.00,12.00,8.00,7.00,7.00,3.00,3.00,2.00,5.00,4.00,4.00
2025-11-16T01:59:00Z,61.00,10.00,12.00,8.00,7.00,7.00,3.00,3.00,2.00,5.00,4.00,4.00
2025-11-16T02:00:00Z,61.00,10.00,12.00,8.00,7.00,7.00,3.00,3.00,2.00,5.00,4.00,4.00
2025-11-16T02:55:00Z,61.00,10.00,12.00,8.00,7.00,7.00,3.00,3.00,2.00,5.00,4.00,4.00
2025-11-16T03:03:00Z,60.00,10.00,11.00,8.00,7.00,7.00,3.00,3.00,2.00,5.00,4.00,4.00
2025-11-16T03:18:00Z,58.07,10.00,11.00,8.00,7.00,7.00,3.00,3.00,2.00,5.00,4.00,4.00
2025-11-16T03:24:00Z,63.00,10.00,11.00,8.00,7.00,7.00,3.00,3.00,2.00,5.00,4.00,4.00
2025-11-16T03:44:00Z,63.00,10.00,11.00,8.00,7.00,7.00,3.00,3.00,2.00,5.00,4.00,4.00
2025-11-16T03:45:00Z,63.00,10.00,11.00,8.00,7.00,7.00,3.00,3.00,2.00,5.00,4.00,4.00
2025-11-16T03:47:00Z,59.00,10.00,11.00,8.00,7.00,7.00,3.00,3.00,2.00,5.00,4.00,4.00
2025-11-16T03:48:00Z,58.00,10.00,11.00,8.00,7.00,7.00,3.00,3.00,2.00,5.00,4.00,4.00
2025-11-16T03:55:00Z,62.00,10.00,11.00,8.00,7.00,7.00,3.00,3.00,2.00,5.00,4.00,4.00
2025-11-16T03:56:00Z,62.00,10.00,11.00,8.00,7.00,7.00,3.00,3.00,2.00,5.00,4.00,4.00
2025-11-16T04:51:00Z,62.00,10.00,11.00,9.00,7.00,7.00,3.00,3.00,2.00,5.00,4.00,4.00
2025-11-16T04:52:00Z,62.00,10.00,11.00,8.00,7.00,7.00,3.00,3.00,2.00,5.00,4.00,4.00
2025-11-16T04:55:00Z,61.00,10.00,11.00,9.00,7.00,7.00,3.00,3.00,2.00,5.00,4.00,4.00
2025-11-16T04:58:00Z,61.00,10.00,11.00,9.00,7.00,7.00,3.00,3.00,2.00,5.00,4.00,4.00
2025-11-16T05:08:00Z,61.00,10.00,11.00,9.00,7.00,7.00,3.00,3.00,2.00,5.00,4.00,4.00
2025-11-16T05:23:00Z,61.00,10.00,11.00,10.38,7.00,7.00,3.00,3.00,2.00,5.00,4.00,4.00
2025-11-16T05:37:00Z,61.00,10.00,11.00,10.38,7.00,7.00,3.00,3.00,2.00,5.00,4.00,4.00
2025-11-16T05:55:00Z,59.66,10.00,11.00,10.38,7.00,7.00,3.00,3.00,2.00,5.00,4.00,4.00
2025-11-16T06:02:00Z,59.66,11.00,11.00,10.38,7.00,7.00,3.00,3.00,2.00,5.00,4.00,4.00
2025-11-16T06:04:00Z,60.00,11.00,11.00,10.38,7.00,7.00,3.00,3.00,2.00,5.00,4.00,4.00
2025-11-16T06:10:00Z,61.00,11.00,11.00,10.38,7.00,7.00,3.00,3.00,2.00,5.00,4.00,4.00
2025-11-16T06:14:00Z,61.00,11.00,11.00,10.38,7.00,7.00,3.00,3.00,2.00,5.00,4.00,4.00
2025-11-16T06:15:00Z,61.00,11.00,10.00,10.38,7.00,7.00,3.00,3.00,2.00,5.00,4.00,4.00
2025-11-16T06:16:00Z,61.00,11.00,9.09,10.38,7.00,7.00,3.00,3.00,2.00,5.00,4.00,4.00
2025-11-16T06:50:00Z,61.00,11.00,9.09,10.38,7.00,7.00,3.00,3.00,2.00,5.00,4.00,4.00
2025-11-16T07:16:00Z,57.00,11.00,9.09,10.38,7.00,7.00,3.00,3.00,2.00,5.00,4.00,4.00
2025-11-16T07:21:00Z,57.00,11.00,9.09,10.38,7.00,7.00,3.00,3.00,2.00,5.00,4.00,4.00
2025-11-16T07:22:00Z,56.00,11.00,9.09,10.38,7.00,7.00,3.00,3.00,2.00,5.00,4.00,4.00
2025-11-16T07:26:00Z,54.18,11.00,9.09,10.38,7.00,7.00,3.00,3.00,2.00,5.00,4.00,4.00
2025-11-16T07:37:00Z,59.90,11.00,9.09,10.38,7.00,7.00,3.00,3.00,2.00,5.00,4.00,4.00
2025-11-16T08:55:00Z,61.00,11.00,9.09,10.38,7.00,7.00,3.00,3.00,2.00,5.00,4.00,4.00
2025-11-16T09:20:00Z,61.00,11.00,9.09,10.38,7.00,7.00,3.00,3.00,2.00,5.00,4.00,4.00
2025-11-16T10:20:00Z,60.00,11.00,9.09,10.38,7.00,7.00,3.00,3.00,2.00,5.00,4.00,4.00
2025-11-16T11:04:00Z,60.00,11.00,12.00,10.38,7.00,7.00,3.00,3.00,2.00,5.00,4.00,4.00
2025-11-16T13:06:00Z,60.00,11.00,12.00,10.38,7.00,7.00,4.00,3.00,2.00,5.00,4.00,4.00
2025-11-16T13:21:00Z,60.00,10.00,12.00,10.38,7.00,7.00,4.00,3.00,2.00,5.00,4.00,4.00
2025-11-16T13:28:00Z,57.28,10.00,12.00,10.38,7.00,7.00,4.00,3.00,2.00,5.00,4.00,4.00
2025-11-16T13:30:00Z,58.00,10.00,12.00,10.38,7.00,7.00,4.00,3.00,2.00,5.00,4.00,4.00
2025-11-16T13:34:00Z,59.00,10.00,12.00,10.38,7.00,7.00,4.00,3.00,2.00,5.00,4.00,4.00
2025-11-16T14:04:00Z,57.00,10.00,12.00,10.38,7.00,7.00,4.00,3.00,2.00,5.00,4.00,4.00
2025-11-16T14:21:00Z,60.00,10.00,12.00,10.38,7.00,7.00,4.00,3.00,2.00,5.00,4.00,4.00
2025-11-16T14:23:00Z,59.00,10.00,12.00,10.38,7.00,7.00,4.00,3.00,2.00,5.00,4.00,4.00
2025-11-16T14:29:00Z,60.00,10.00,12.00,10.38,7.00,7.00,4.00,3.00,2.00,5.00,4.00,4.00
2025-11-16T14:58:00Z,60.00,10.00,12.00,10.38,7.00,7.00,4.00,3.00,2.00,5.00,4.00,4.00
2025-11-16T15:07:00Z,59.00,10.00,12.00,12.00,7.00,7.00,4.00,3.00,2.00,5.00,4.00,4.00
2025-11-16T15:39:00Z,59.00,10.00,12.00,12.00,7.00,7.00,4.00,3.00,2.00,5.00,4.00,4.00
2025-11-16T16:18:00Z,59.00,10.00,12.00,12.00,7.00,7.00,4.00,3.00,2.00,5.00,4.00,4.00
2025-11-16T16:28:00Z,54.18,10.00,13.00,12.00,7.00,7.00,4.00,3.00,2.00,5.00,4.00,4.00
2025-11-16T17:00:00Z,58.00,10.00,13.00,12.00,7.00,7.00,4.00,3.00,2.00,5.00,4.00,4.00
2025-11-16T17:02:00Z,58.18,10.00,13.00,12.00,7.00,7.00,4.00,3.00,2.00,5.00,4.00,4.00
2025-11-16T17:07:00Z,59.00,10.00,13.00,12.00,7.00,7.00,4.00,3.00,2.00,5.00,4.00,4.00
2025-11-16T17:46:00Z,58.00,10.00,13.00,12.00,7.00,7.00,4.00,3.00,2.00,5.00,4.00,4.00
2025-11-16T17:57:00Z,57.00,10.00,13.00,12.00,7.00,7.00,4.00,3.00,2.00,5.00,4.00,4.00
2025-11-16T18:11:00Z,57.00,10.00,12.00,12.00,7.00,7.00,4.00,3.00,2.00,5.00,4.00,4.00
2025-11-16T18:34:00Z,57.00,10.00,12.00,12.00,7.00,7.00,4.00,3.00,2.00,5.00,4.00,4.00
2025-11-16T18:35:00Z,55.00,10.00,12.00,12.00,7.00,7.00,4.00,3.00,2.00,5.00,4.00,4.00
2025-11-16T18:51:00Z,58.00,10.00,12.00,12.00,7.00,7.00,4.00,3.00,2.00,5.00,4.00,4.00
2025-11-16T19:13:00Z,57.00,10.00,10.00,11.00,7.00,7.00,3.00,3.00,2.00,5.00,4.00,4.00
2025-11-16T19:21:00Z,55.00,10.00,10.00,11.00,7.00,7.00,3.00,3.00,2.00,5.00,4.00,4.00
2025-11-16T19:24:00Z,54.97,10.00,10.00,11.00,7.00,7.00,3.00,3.00,2.00,5.00,4.00,4.00
2025-11-16T19:44:00Z,56.80,9.00,12.00,11.00,7.00,7.00,3.00,3.00,2.00,5.00,4.00,4.00
2025-11-16T19:49:00Z,57.00,8.21,12.00,11.00,7.00,7.00,3.00,3.00,2.00,5.00,4.00,4.00
2025-11-16T19:50:00Z,57.00,8.21,12.00,11.00,7.00,7.00,4.00,3.00,2.00,5.00,4.00,4.00
2025-11-16T19:51:00Z,57.00,8.21,12.00,11.00,7.00,7.00,4.00,3.00,2.00,5.00,4.00,1.00
2025-11-16T19:56:00Z,58.00,8.21,12.00,11.00,7.00,7.00,4.00,3.00,2.00,5.00,4.00,1.00
2025-11-16T19:57:00Z,58.00,8.21,12.00,11.00,7.00,7.00,4.00,3.00,2.00,5.00,4.00,1.00
2025-11-16T19:58:00Z,58.00,8.21,13.00,11.00,7.00,7.00,4.00,3.00,2.00,5.00,4.00,1.00
2025-11-16T20:16:00Z,56.00,8.00,13.00,11.00,7.00,7.00,4.00,3.00,2.00,5.00,4.00,1.00
2025-11-16T20:17:00Z,56.00,8.00,9.30,11.00,7.00,7.00,4.00,3.00,2.00,5.00,4.00,1.00
2025-11-16T20:19:00Z,56.00,8.00,9.30,11.00,7.00,7.00,4.00,3.00,2.00,5.00,4.00,2.00
2025-11-16T20:25:00Z,53.96,8.00,9.30,11.00,7.00,7.00,4.00,3.00,2.00,5.00,4.00,2.00
2025-11-16T20:27:00Z,53.00,8.00,9.30,11.00,7.00,7.00,4.00,3.00,2.00,5.00,4.00,2.00
2025-11-16T20:28:00Z,58.74,8.00,9.30,11.00,7.00,7.00,4.00,3.00,2.00,5.00,4.00,2.00
2025-11-16T20:48:00Z,56.00,8.00,9.30,11.00,7.00,7.00,4.00,3.00,2.00,5.00,4.00,2.00
2025-11-16T20:54:00Z,56.00,10.31,9.30,11.00,7.00,7.00,4.00,3.00,2.00,5.00,4.00,2.00
2025-11-16T20:57:00Z,57.00,10.31,9.30,11.00,7.00,7.00,4.00,3.00,2.00,5.00,4.00,2.00
2025-11-16T20:59:00Z,53.92,10.31,9.30,11.00,7.00,7.00,4.00,3.00,2.00,5.00,4.00,2.00
2025-11-16T21:16:00Z,56.00,10.31,9.30,11.00,7.00,7.00,4.00,3.00,2.00,5.00,4.00,2.00
2025-11-16T21:17:00Z,55.00,10.31,9.30,11.00,7.00,7.00,4.00,3.00,2.00,5.00,4.00,2.00
2025-11-16T21:25:00Z,54.00,10.31,9.30,11.00,7.00,7.00,4.00,3.00,2.00,5.00,4.00,2.00
2025-11-16T21:45:00Z,57.00,10.31,9.30,11.00,7.00,7.00,4.00,3.00,2.00,5.00,4.00,2.00
2025-11-16T22:07:00Z,57.00,10.31,9.30,11.00,7.00,7.00,4.00,3.00,2.00,5.00,4.00,2.00
2025-11-16T22:26:00Z,57.84,10.31,9.30,11.00,7.00,7.00,4.00,3.00,2.00,5.00,4.00,2.00
2025-11-16T23:02:00Z,58.00,10.31,9.30,11.00,7.00,7.00,4.00,3.00,2.00,5.00,4.00,2.00
2025-11-16T23:10:00Z,58.00,10.31,12.00,11.00,7.00,7.00,4.00,3.00,2.00,5.00,4.00,2.00
2025-11-16T23:19:00Z,58.00,10.31,12.00,11.00,7.00,7.00,4.00,3.00,2.00,5.00,4.00,2.00
2025-11-16T23:27:00Z,58.72,10.31,12.00,11.00,7.00,7.00,4.00,3.00,2.00,5.00,4.00,2.00
2025-11-16T23:28:00Z,58.00,10.31,12.00,11.00,7.00,7.00,4.00,3.00,2.00,5.00,4.00,2.00
2025-11-16T23:38:00Z,57.00,10.31,12.00,11.00,7.00,7.00,4.00,3.00,2.00,5.00,4.00,2.00
2025-11-17T00:08:00Z,57.00,10.31,10.00,11.00,7.00,7.00,4.00,3.00,2.00,5.00,4.00,2.00
2025-11-17T00:34:00Z,57.00,11.25,10.00,11.00,7.00,7.00,4.00,3.00,2.00,5.00,4.00,2.00
2025-11-17T00:38:00Z,58.00,11.25,10.00,11.00,7.00,7.00,4.00,3.00,2.00,5.00,4.00,2.00
2025-11-17T00:42:00Z,58.00,11.25,10.00,11.00,7.00,7.00,4.00,3.00,2.00,5.00,4.00,2.00
2025-11-17T00:44:00Z,58.62,11.25,10.00,11.00,7.00,7.00,4.00,3.00,2.00,5.00,4.00,2.00
2025-11-17T01:03:00Z,54.37,11.25,10.00,11.00,7.00,7.00,4.00,3.00,2.00,5.00,4.00,2.00
2025-11-17T01:07:00Z,58.00,11.25,10.00,11.00,7.00,7.00,4.00,3.00,2.00,5.00,4.00,2.00
2025-11-17T01:21:00Z,54.00,11.25,10.00,11.00,7.00,7.00,4.00,3.00,2.00,5.00,4.00,2.00
2025-11-17T01:27:00Z,56.00,11.25,13.00,11.00,7.00,7.00,4.00,3.00,2.00,5.00,4.00,2.00
2025-11-17T01:28:00Z,56.00,11.00,13.00,11.00,7.00,7.00,4.00,3.00,2.00,5.00,4.00,2.00
2025-11-17T01:29:00Z,57.00,12.00,13.00,11.00,7.00,7.00,4.00,3.00,2.00,5.00,4.00,2.00
2025-11-17T01:56:00Z,56.00,12.00,13.00,11.00,7.00,7.00,4.00,3.00,2.00,5.00,4.00,2.00
2025-11-17T01:57:00Z,56.00,12.00,13.00,11.00,7.00,7.00,4.00,3.00,2.00,5.00,4.00,2.00
2025-11-17T02:13:00Z,53.33,12.00,13.00,11.00,7.00,7.00,4.00,3.00,2.00,5.00,4.00,2.00
2025-11-17T02:15:00Z,53.50,12.00,13.00,11.00,7.00,7.00,4.00,3.00,2.00,5.00,4.00,2.00
2025-11-17T02:25:00Z,53.00,12.00,13.00,11.00,7.00,7.00,4.00,3.00,2.00,5.00,4.00,2.00
2025-11-17T02:26:00Z,53.00,12.00,13.00,11.00,7.00,7.00,4.00,3.00,2.00,5.00,4.00,2.00
2025-11-17T02:37:00Z,55.00,10.00,13.00,11.00,7.00,7.00,4.00,3.00,2.00,5.00,4.00,2.00
2025-11-17T02:40:00Z,55.00,10.00,13.00,11.00,7.00,7.00,4.00,3.00,2.00,5.00,4.00,2.00
2025-11-17T02:50:00Z,55.00,10.00,13.00,11.00,7.00,7.00,4.00,3.00,2.00,5.00,4.00,2.00
2025-11-17T02:56:00Z,55.00,10.00,13.00,11.00,7.00,7.00,4.00,3.00,2.00,5.00,4.00,2.00
2025-11-17T03:14:00Z,55.00,10.00,13.00,11.00,7.00,7.00,4.00,3.00,2.00,5.00,4.00,2.00
2025-11-17T03:20:00Z,55.00,10.00,13.00,11.00,7.00,7.00,4.00,3.00,2.00,5.00,4.00,2.00
2025-11-17T03:43:00Z,55.00,10.00,13.00,11.00,7.00,7.00,4.00,3.00,2.00,5.00,4.00,2.00
2025-11-17T03:49:00Z,55.00,10.00,13.00,11.00,7.00,7.00,4.00,3.00,2.00,5.00,4.00,2.00
2025-11-17T04:04:00Z,55.00,11.90,13.00,11.00,7.00,7.00,4.00,3.00,2.00,5.00,4.00,2.00
2025-11-17T04:05:00Z,55.00,11.90,12.00,11.00,7.00,7.00,4.00,3.00,2.00,5.00,4.00,2.00
2025-11-17T04:07:00Z,55.00,11.90,12.00,11.00,7.00,7.00,4.00,3.00,2.00,5.00,4.00,2.00
2025-11-17T04:14:00Z,55.00,11.90,12.00,11.00,7.00,7.00,4.00,3.00,2.00,5.00,4.00,2.00
2025-11-17T04:15:00Z,55.00,12.00,12.00,11.00,7.00,7.00,4.00,3.00,2.00,5.00,4.00,2.00
2025-11-17T04:29:00Z,55.00,12.00,12.52,11.00,7.00,7.00,4.00,3.00,2.00,5.00,4.00,2.00
2025-11-17T04:54:00Z,55.83,12.00,12.52,11.00,7.00,7.00,4.00,3.00,2.00,5.00,4.00,2.00
2025-11-17T04:59:00Z,57.40,12.00,12.52,11.00,7.00,7.00,4.00,3.00,2.00,5.00,4.00,2.00
2025-11-17T05:00:00Z,57.40,12.00,12.52,11.00,7.00,7.00,4.00,3.00,2.00,5.00,4.00,2.00
2025-11-17T05:08:00Z,58.00,12.00,12.52,11.00,7.00,7.00,4.00,3.00,2.00,5.00,4.00,2.00
2025-11-17T05:10:00Z,58.00,12.00,12.52,11.00,7.00,7.00,4.00,3.00,2.00,5.00,4.00,2.00
2025-11-17T05:57:00Z,56.00,12.00,12.52,11.00,7.00,7.00,4.00,3.00,2.00,5.00,4.00,2.00
2025-11-17T06:06:00Z,56.00,12.00,12.52,11.00,7.00,7.00,4.00,3.00,2.00,5.00,4.00,2.00
2025-11-17T06:08:00Z,56.00,10.00,11.00,7.00,7.00,7.00,3.00,3.00,2.00,5.00,4.00,2.00
2025-11-17T06:10:00Z,56.00,10.00,13.00,7.00,7.00,7.00,3.00,3.00,2.00,5.00,4.00,2.00
2025-11-17T06:11:00Z,53.00,10.00,13.00,7.00,7.00,7.00,3.00,3.00,2.00,5.00,4.00,2.00
2025-11-17T06:12:00Z,53.00,10.00,11.00,7.00,7.00,7.00,3.00,3.00,2.00,5.00,4.00,2.00
2025-11-17T06:13:00Z,53.00,10.00,11.00,7.00,7.00,7.00,3.00,3.00,2.00,5.00,4.00,2.00
2025-11-17T06:27:00Z,53.00,10.00,13.00,12.00,7.00,7.00,3.00,3.00,2.00,5.00,4.00,2.00
2025-11-17T06:30:00Z,53.00,12.00,13.00,12.00,7.00,7.00,3.00,3.00,2.00,5.00,4.00,2.00
2025-11-17T06:47:00Z,54.00,12.00,13.00,12.00,7.00,7.00,3.00,3.00,2.00,5.00,4.00,2.00
2025-11-17T06:54:00Z,54.00,12.00,13.00,12.00,7.00,7.00,3.00,3.00,2.00,5.00,4.00,2.00
2025-11-17T07:05:00Z,54.00,12.00,13.00,12.00,7.00,7.00,3.00,3.00,2.00,5.00,4.00,2.00
2025-11-17T07:22:00Z,54.00,12.00,13.00,12.00,7.00,7.00,3.00,3.00,2.00,5.00,4.00,2.00
2025-11-17T07:26:00Z,54.00,12.00,13.00,12.00,7.00,7.00,3.00,3.00,2.00,5.00,4.00,2.00
2025-11-17T07:27:00Z,54.88,12.00,13.00,12.00,7.00,7.00,3.00,3.00,2.00,5.00,4.00,2.00
2025-11-17T07:40:00Z,53.00,12.00,13.00,12.00,7.00,7.00,3.00,3.00,2.00,5.00,4.00,2.00
2025-11-17T07:43:00Z,53.00,12.00,13.00,12.00,7.00,7.00,3.00,3.00,2.00,5.00,4.00,2.00
2025-11-17T08:09:00Z,54.00,12.00,13.00,12.00,7.00,7.00,3.00,3.00,2.00,5.00,4.00,2.00
2025-11-17T08:14:00Z,55.36,12.00,13.00,12.00,7.00,7.00,3.00,3.00,2.00,5.00,4.00,2.00
2025-11-17T08:15:00Z,57.62,12.00,13.00,12.00,7.00,7.00,3.00,3.00,2.00,5.00,4.00,2.00
2025-11-17T09:38:00Z,52.58,12.00,13.00,12.00,7.00,7.00,3.00,3.00,2.00,5.00,4.00,2.00
2025-11-17T09:41:00Z,53.00,12.00,13.00,12.00,7.00,7.00,3.00,3.00,2.00,5.00,4.00,2.00
2025-11-17T10:03:00Z,52.16,12.00,13.00,12.00,7.00,7.00,3.00,3.00,2.00,5.00,4.00,2.00
2025-11-17T10:54:00Z,54.42,12.00,13.00,12.00,7.00,7.00,3.00,3.00,2.00,5.00,4.00,2.00
2025-11-17T11:11:00Z,54.42,12.00,13.00,12.00,7.00,7.00,3.00,3.00,2.00,5.00,4.00,2.00
2025-11-17T11:25:00Z,54.42,12.00,13.00,12.00,7.00,7.00,4.00,3.00,2.00,5.00,4.00,2.00
2025-11-17T11:26:00Z,54.42,12.00,13.00,12.00,7.00,7.00,4.00,3.00,2.00,5.00,4.00,2.00
2025-11-17T11:28:00Z,54.42,12.00,13.00,12.00,7.00,7.00,4.00,4.00,2.00,5.00,4.00,2.00
2025-11-17T12:30:00Z,53.00,12.00,13.00,12.00,7.00,7.00,4.00,4.00,2.00,5.00,4.00,2.00
2025-11-17T12:45:00Z,53.00,12.00,13.00,12.00,7.00,7.00,4.00,4.00,2.00,5.00,4.00,2.00
2025-11-17T13:19:00Z,56.00,12.00,13.00,12.00,7.00,7.00,4.00,4.00,2.00,5.00,4.00,2.00
2025-11-17T13:20:00Z,56.00,12.00,13.00,12.00,7.00,7.00,4.00,4.00,2.00,5.00,4.00,2.00
2025-11-17T13:21:00Z,56.00,12.00,13.00,12.00,7.00,7.00,4.00,4.00,2.00,5.00,4.00,2.00
2025-11-17T13:23:00Z,56.00,12.00,13.00,12.00,7.00,7.00,4.00,4.00,2.00,5.00,4.00,2.00
2025-11-17T13:24:00Z,56.00,12.00,13.00,12.00,7.00,7.00,4.00,4.00,2.00,5.00,4.00,2.00
2025-11-17T13:27:00Z,57.00,12.00,13.00,12.00,7.00,7.00,4.00,4.00,2.00,5.00,4.00,2.00
2025-11-17T13:31:00Z,55.92,12.00,13.00,12.00,7.00,7.00,4.00,4.00,2.00,5.00,4.00,2.00
2025-11-17T13:42:00Z,55.00,12.00,13.00,12.00,7.00,7.00,4.00,4.00,2.00,5.00,4.00,2.00
2025-11-17T13:53:00Z,56.00,12.00,13.00,12.00,7.00,7.00,4.00,4.00,2.00,5.00,4.00,2.00
2025-11-17T13:59:00Z,55.00,12.00,13.00,12.00,7.00,7.00,4.00,4.00,2.00,5.00,4.00,2.00
2025-11-17T14:09:00Z,55.00,12.00,13.00,12.00,7.00,7.00,4.00,4.00,2.00,5.00,4.00,2.00
2025-11-17T14:10:00Z,55.00,12.00,13.00,12.00,7.00,7.00,4.00,4.00,2.00,5.00,4.00,2.00
2025-11-17T14:11:00Z,57.68,12.00,13.00,12.00,7.00,7.00,4.00,4.00,2.00,5.00,4.00,2.00
2025-11-17T14:18:00Z,57.96,12.00,13.00,12.00,7.00,7.00,4.00,4.00,2.00,5.00,4.00,2.00
2025-11-17T14:26:00Z,56.57,10.14,10.00,8.57,7.00,7.00,3.00,4.00,2.00,5.00,4.00,2.00
2025-11-17T14:30:00Z,56.00,11.00,9.00,10.00,7.00,7.00,3.00,4.00,2.00,5.00,4.00,2.00
2025-11-17T14:31:00Z,56.00,10.00,9.00,10.00,7.00,7.00,3.00,4.00,2.00,5.00,4.00,2.00
2025-11-17T14:33:00Z,54.00,10.00,9.00,10.00,7.00,7.00,3.00,4.00,2.00,5.00,4.00,2.00
2025-11-17T14:37:00Z,54.00,10.00,9.00,10.00,7.00,7.00,3.00,4.00,2.00,5.00,4.00,2.00
2025-11-17T14:43:00Z,57.00,10.00,9.00,10.00,7.00,7.00,3.00,4.00,2.00,5.00,4.00,2.00
2025-11-17T14:47:00Z,57.00,10.00,9.00,10.00,7.00,7.00,3.00,4.00,2.00,5.00,4.00,2.00
2025-11-17T14:48:00Z,57.78,9.00,11.00,9.00,7.00,7.00,3.00,4.00,2.00,5.00,4.00,2.00
2025-11-17T14:49:00Z,56.00,9.00,10.00,10.00,7.00,7.00,3.00,4.00,2.00,5.00,4.00,2.00
2025-11-17T14:50:00Z,58.00,9.00,10.00,10.00,7.00,7.00,3.00,4.00,2.00,5.00,4.00,2.00
2025-11-17T14:55:00Z,56.00,9.00,10.00,10.00,7.00,7.00,3.00,4.00,2.00,5.00,4.00,2.00
2025-11-17T15:04:00Z,58.00,9.00,10.00,10.00,7.00,7.00,3.00,4.00,2.00,5.00,4.00,2.00
2025-11-17T15:06:00Z,58.00,9.00,10.00,10.00,7.00,7.00,3.00,4.00,2.00,5.00,4.00,2.00
2025-11-17T15:39:00Z,57.00,9.00,10.00,10.00,7.00,7.00,3.00,4.00,2.00,5.00,4.00,2.00
2025-11-17T15:42:00Z,57.00,9.00,10.00,10.00,7.00,7.00,3.00,4.00,2.00,5.00,4.00,2.00
2025-11-17T15:43:00Z,57.98,9.00,10.00,10.00,7.00,7.00,3.00,4.00,2.00,5.00,4.00,2.00
2025-11-17T16:00:00Z,57.00,9.00,10.00,10.00,7.00,7.00,3.00,4.00,2.00,5.00,4.00,2.00
2025-11-17T16:06:00Z,57.00,9.00,13.00,10.00,7.00,7.00,3.00,4.00,2.00,5.00,4.00,2.00
2025-11-17T16:10:00Z,57.00,9.00,13.00,10.00,7.00,7.00,3.00,4.00,2.00,5.00,4.00,2.00
2025-11-17T16:14:00Z,58.00,9.00,13.00,10.00,7.00,7.00,3.00,4.00,2.00,5.00,4.00,2.00
2025-11-17T16:15:00Z,56.07,9.00,13.00,10.00,7.00,7.00,3.00,4.00,2.00,5.00,4.00,2.00
2025-11-17T16:19:00Z,57.00,9.00,13.00,10.00,7.00,7.00,3.00,4.00,2.00,5.00,4.00,2.00
2025-11-17T16:24:00Z,57.31,9.00,13.00,10.00,7.00,7.00,3.00,4.00,2.00,5.00,4.00,2.00
2025-11-17T16:53:00Z,58.00,9.00,14.00,10.00,7.00,7.00,3.00,4.00,2.00,5.00,4.00,2.00
2025-11-17T16:55:00Z,58.00,9.00,11.00,10.00,7.00,7.00,3.00,4.00,2.00,5.00,4.00,2.00
2025-11-17T16:56:00Z,58.66,9.00,11.00,10.00,7.00,7.00,3.00,4.00,2.00,5.00,4.00,2.00
2025-11-17T17:11:00Z,56.25,9.00,11.00,10.00,7.00,7.00,3.00,4.00,2.00,5.00,4.00,2.00
2025-11-17T17:17:00Z,58.00,9.00,11.00,10.00,7.00,7.00,3.00,4.00,2.00,5.00,4.00,2.00
2025-11-17T17:24:00Z,57.00,9.00,11.00,10.00,7.00,7.00,3.00,4.00,2.00,5.00,4.00,2.00
2025-11-17T17:33:00Z,58.00,9.00,11.00,10.00,7.00,7.00,3.00,4.00,2.00,5.00,4.00,2.00
2025-11-17T17:34:00Z,58.00,9.00,11.00,10.00,7.00,7.00,3.00,4.00,2.00,5.00,4.00,2.00
2025-11-17T17:46:00Z,56.08,9.00,11.00,10.00,7.00,7.00,3.00,4.00,2.00,5.00,4.00,2.00
2025-11-17T17:49:00Z,56.08,9.00,14.00,10.00,7.00,7.00,3.00,4.00,2.00,5.00,4.00,2.00
2025-11-17T17:52:00Z,58.00,9.00,14.00,10.00,7.00,7.00,3.00,4.00,2.00,5.00,4.00,2.00
2025-11-17T17:53:00Z,57.00,9.00,14.00,10.00,7.00,7.00,3.00,4.00,2.00,5.00,4.00,2.00
2025-11-17T17:56:00Z,58.00,9.00,14.00,10.00,7.00,7.00,3.00,4.00,2.00,5.00,4.00,2.00
2025-11-17T17:57:00Z,57.00,9.00,14.00,10.00,7.00,7.00,3.00,4.00,2.00,5.00,4.00,2.00
2025-11-17T17:58:00Z,57.00,9.00,14.00,10.00,7.00,7.00,3.00,4.00,2.00,5.00,4.00,2.00
2025-11-17T18:08:00Z,58.00,9.00,14.00,10.00,7.00,7.00,3.00,4.00,2.00,5.00,4.00,2.00
2025-11-17T18:15:00Z,58.00,9.00,14.00,10.00,7.00,7.00,3.00,4.00,2.00,5.00,4.00,2.00
2025-11-17T18:22:00Z,59.00,9.00,14.00,10.00,7.00,7.00,3.00,4.00,2.00,5.00,4.00,2.00
2025-11-17T18:23:00Z,57.00,9.00,14.00,10.00,7.00,7.00,3.00,4.00,2.00,5.00,4.00,2.00
2025-11-17T18:25:00Z,59.00,9.00,14.00,10.00,7.00,7.00,3.00,4.00,2.00,5.00,4.00,2.00
2025-11-17T18:45:00Z,56.12,9.00,14.00,10.00,7.00,7.00,3.00,4.00,2.00,5.00,4.00,2.00
2025-11-17T19:39:00Z,53.95,9.00,14.00,10.00,7.00,7.00,3.00,4.00,2.00,5.00,4.00,2.00
2025-11-17T19:40:00Z,56.00,9.00,14.00,10.00,7.00,7.00,3.00,4.00,2.00,5.00,4.00,2.00
2025-11-17T20:15:00Z,53.00,9.00,14.00,10.00,7.00,7.00,3.00,4.00,2.00,5.00,4.00,2.00
2025-11-17T20:27:00Z,52.00,9.00,14.00,10.00,7.00,7.00,3.00,4.00,2.00,5.00,4.00,2.00
2025-11-17T20:40:00Z,52.00,8.00,11.00,10.00,7.00,7.00,3.00,4.00,2.00,5.00,4.00,2.00
2025-11-17T20:59:00Z,52.00,8.00,11.00,10.00,7.00,7.00,3.00,4.00,2.00,5.00,4.00,2.00
2025-11-17T21:01:00Z,55.00,8.00,11.00,10.00,7.00,7.00,3.00,4.00,2.00,5.00,4.00,2.00
2025-11-17T21:43:00Z,55.00,8.00,11.00,11.00,7.00,7.00,3.00,4.00,2.00,5.00,4.00,2.00
2025-11-17T21:59:00Z,56.00,8.00,11.00,11.00,7.00,7.00,3.00,4.00,2.00,5.00,4.00,2.00
2025-11-17T22:15:00Z,56.00,8.00,11.00,11.00,7.00,7.00,3.00,4.00,2.00,5.00,4.00,2.00
2025-11-17T22:35:00Z,55.00,8.00,11.00,11.00,7.00,7.00,3.00,4.00,2.00,5.00,4.00,2.00
2025-11-17T23:04:00Z,55.00,8.00,13.00,11.00,7.00,7.00,3.00,4.00,2.00,5.00,4.00,2.00
2025-11-18T00:09:00Z,53.00,8.00,13.00,11.00,7.00,7.00,3.00,4.00,2.00,5.00,4.00,2.00
2025-11-18T00:10:00Z,51.65,8.00,13.00,11.00,7.00,7.00,3.00,4.00,2.00,5.00,4.00,2.00
2025-11-18T00:12:00Z,52.00,8.00,13.00,11.00,7.00,7.00,3.00,4.00,2.00,5.00,4.00,2.00
2025-11-18T00:17:00Z,52.00,12.00,13.00,11.00,7.00,7.00,3.00,4.00,2.00,5.00,4.00,2.00
2025-11-18T01:11:00Z,51.00,12.00,13.00,11.00,7.00,7.00,3.00,4.00,2.00,5.00,4.00,2.00
2025-11-18T01:24:00Z,51.00,12.00,13.00,12.00,7.00,7.00,3.00,4.00,2.00,5.00,4.00,2.00
2025-11-18T01:31:00Z,52.00,12.00,13.00,12.00,7.00,7.00,3.00,4.00,2.00,5.00,4.00,2.00
2025-11-18T01:50:00Z,50.00,12.00,13.00,12.00,7.00,7.00,3.00,4.00,2.00,5.00,4.00,2.00
2025-11-18T01:57:00Z,50.00,12.00,13.00,12.00,7.00,7.00,3.00,4.00,2.00,5.00,4.00,2.00
2025-11-18T01:59:00Z,50.00,12.00,13.00,12.00,7.00,7.00,3.00,4.00,2.00,5.00,4.00,3.00
2025-11-18T02:19:00Z,51.00,12.00,13.00,12.00,7.00,7.00,3.00,4.00,2.00,5.00,4.00,3.00
2025-11-18T02:35:00Z,52.00,12.00,13.00,12.00,7.00,7.00,3.00,4.00,2.00,5.00,4.00,3.00
2025-11-18T03:04:00Z,51.00,12.00,13.00,12.00,7.00,7.00,3.00,4.00,2.00,5.00,4.00,3.00
2025-11-18T03:48:00Z,50.00,12.00,13.00,12.00,7.00,7.00,3.00,4.00,2.00,5.00,4.00,3.00
2025-11-18T03:50:00Z,50.00,12.00,13.00,12.00,7.00,7.00,3.00,4.00,2.00,5.00,4.00,3.00
2025-11-18T03:58:00Z,50.00,12.00,13.00,12.00,7.00,7.00,3.00,4.00,2.00,5.00,4.00,3.00
2025-11-18T03:59:00Z,49.00,12.00,13.00,12.00,7.00,7.00,3.00,4.00,2.00,5.00,4.00,3.00
2025-11-18T04:17:00Z,49.00,12.00,13.00,12.00,7.00,7.00,3.00,4.00,2.00,5.00,4.00,3.00
2025-11-18T04:32:00Z,50.90,12.00,13.00,12.00,7.00,7.00,3.00,4.00,2.00,5.00,4.00,3.00
2025-11-18T04:35:00Z,55.00,12.00,13.00,12.00,7.00,7.00,3.00,4.00,2.00,5.00,4.00,3.00
2025-11-18T05:11:00Z,55.00,12.00,13.00,12.00,7.00,7.00,3.00,4.00,2.00,5.00,4.00,3.00
2025-11-18T05:31:00Z,54.00,12.00,13.00,12.00,7.00,7.00,3.00,4.00,2.00,5.00,4.00,3.00
2025-11-18T05:32:00Z,54.00,12.00,13.00,12.00,7.00,7.00,3.00,4.00,2.00,5.00,4.00,3.00
2025-11-18T05:37:00Z,50.00,12.00,13.00,12.00,7.00,7.00,3.00,4.00,2.00,5.00,4.00,3.00
2025-11-18T06:15:00Z,49.07,12.00,13.00,12.00,7.00,7.00,3.00,4.00,2.00,5.00,4.00,3.00
2025-11-18T06:30:00Z,49.07,12.00,14.00,12.00,7.00,7.00,3.00,4.00,2.00,5.00,4.00,3.00
2025-11-18T06:52:00Z,54.00,12.00,14.00,12.00,7.00,7.00,3.00,4.00,2.00,5.00,4.00,3.00
2025-11-18T08:18:00Z,54.00,12.00,14.00,12.00,7.00,7.00,3.00,4.00,2.00,5.00,4.00,3.00
2025-11-18T08:32:00Z,54.00,12.00,14.00,12.00,7.00,7.00,3.00,4.00,2.00,5.00,4.00,3.00
2025-11-18T09:57:00Z,50.00,12.00,14.00,12.00,7.00,7.00,3.00,4.00,2.00,5.00,4.00,3.00
2025-11-18T10:52:00Z,50.00,12.00,14.00,12.00,7.00,7.00,3.00,4.00,2.00,5.00,4.00,3.00
2025-11-18T13:02:00Z,55.00,12.00,14.00,12.00,7.00,7.00,3.00,4.00,2.00,5.00,4.00,3.00
2025-11-18T13:27:00Z,55.00,12.00,14.00,12.00,7.00,7.00,3.00,4.00,2.00,5.00,4.00,3.00
2025-11-18T13:50:00Z,55.00,12.00,14.00,12.00,7.00,7.00,3.00,4.00,2.00,5.00,4.00,3.00
2025-11-18T14:13:00Z,55.00,9.00,10.00,12.00,7.00,7.00,3.00,4.00,2.00,5.00,4.00,3.00
2025-11-18T14:45:00Z,51.00,9.00,10.00,12.00,7.00,7.00,3.00,4.00,2.00,5.00,4.00,3.00
2025-11-18T14:47:00Z,51.00,11.00,10.00,12.00,7.00,7.00,3.00,4.00,2.00,5.00,4.00,3.00
2025-11-18T14:50:00Z,49.38,7.48,10.00,12.00,7.00,7.00,3.00,4.00,2.00,5.00,4.00,3.00
2025-11-18T14:54:00Z,49.38,7.00,9.00,10.00,7.00,7.00,3.00,4.00,2.00,5.00,4.00,3.00
2025-11-18T14:57:00Z,49.89,7.00,9.00,10.00,7.00,7.00,3.00,4.00,2.00,5.00,4.00,3.00
2025-11-18T14:58:00Z,51.00,7.00,9.00,10.00,7.00,7.00,3.00,4.00,2.00,5.00,4.00,3.00
2025-11-18T15:05:00Z,51.00,7.00,9.00,9.00,7.00,7.00,3.00,4.00,2.00,5.00,4.00,3.00
2025-11-18T15:24:00Z,56.00,7.00,9.00,9.00,7.00,7.00,3.00,4.00,2.00,5.00,4.00,3.00
2025-11-18T15:41:00Z,55.00,7.00,9.00,9.00,7.00,7.00,3.00,4.00,2.00,5.00,4.00,3.00
2025-11-18T16:23:00Z,53.00,7.00,9.00,9.00,7.00,7.00,3.00,4.00,2.00,5.00,4.00,3.00
2025-11-18T16:32:00Z,53.00,7.00,9.00,9.00,7.00,7.00,3.00,4.00,2.00,5.00,4.00,3.00
2025-11-18T16:59:00Z,49.66,7.00,9.00,9.00,7.00,7.00,3.00,4.00,2.00,5.00,4.00,3.00
2025-11-18T17:05:00Z,48.00,7.00,9.00,9.00,7.00,7.00,3.00,4.00,2.00,5.00,4.00,3.00
2025-11-18T17:06:00Z,48.00,9.24,9.00,9.00,7.00,7.00,3.00,4.00,2.00,5.00,4.00,3.00
2025-11-18T17:12:00Z,49.00,9.24,9.00,9.00,7.00,7.00,3.00,4.00,2.00,5.00,4.00,3.00
2025-11-18T17:27:00Z,48.00,9.24,9.00,9.00,7.00,7.00,3.00,4.00,2.00,5.00,4.00,3.00
2025-11-18T17:28:00Z,48.00,9.24,9.00,9.00,7.00,7.00,3.00,4.00,2.00,5.00,4.00,3.00
2025-11-18T17:29:00Z,48.00,9.24,9.00,9.00,7.00,7.00,3.00,4.00,2.00,5.00,4.00,3.00
2025-11-18T17:33:00Z,48.00,9.24,9.00,13.00,7.00,10.00,3.00,4.00,2.00,5.00,4.00,3.00
2025-11-18T17:38:00Z,49.00,9.24,9.00,13.00,7.00,10.00,3.00,4.00,2.00,5.00,4.00,3.00
2025-11-18T17:48:00Z,51.62,9.24,9.00,13.00,7.00,10.00,3.00,4.00,2.00,5.00,4.00,3.00
2025-11-18T17:55:00Z,51.62,9.24,9.00,13.00,7.00,10.00,2.00,4.00,2.00,5.00,4.00,3.00
2025-11-18T18:08:00Z,54.00,9.24,9.00,13.00,7.00,10.00,2.00,4.00,2.00,5.00,4.00,3.00
2025-11-18T18:15:00Z,52.20,10.00,12.00,11.00,7.00,7.00,2.00,2.00,2.00,5.00,4.00,3.00
2025-11-18T18:17:00Z,54.00,10.00,12.00,11.00,7.00,7.00,2.00,2.00,2.00,5.00,4.00,3.00
2025-11-18T18:21:00Z,53.00,10.00,11.00,11.00,7.00,7.00,2.00,2.00,2.00,5.00,4.00,3.00
2025-11-18T18:29:00Z,53.00,10.00,11.00,11.00,7.00,10.00,4.00,2.00,2.00,5.00,4.00,3.00
2025-11-18T18:39:00Z,54.00,10.00,11.00,11.00,7.00,7.00,2.00,2.00,2.00,5.00,4.00,3.00
2025-11-18T19:24:00Z,49.00,10.00,11.00,11.00,7.00,7.00,2.00,2.00,2.00,5.00,4.00,3.00
2025-11-18T19:25:00Z,48.00,10.00,11.00,11.00,7.00,7.00,2.00,2.00,2.00,5.00,4.00,3.00
2025-11-18T19:58:00Z,49.00,10.00,11.00,11.00,7.00,7.00,2.00,2.00,2.00,5.00,4.00,3.00
2025-11-18T20:06:00Z,49.00,10.00,14.00,11.00,7.00,7.00,2.00,2.00,2.00,5.00,4.00,3.00
2025-11-18T20:12:00Z,49.00,10.00,14.00,11.00,7.00,7.00,2.00,2.00,2.00,5.00,4.00,3.00
2025-11-18T20:42:00Z,49.00,10.00,14.00,11.00,7.00,7.00,2.00,2.00,2.00,5.00,4.00,3.00
2025-11-18T20:48:00Z,49.87,10.00,14.00,11.00,7.00,7.00,2.00,2.00,2.00,5.00,4.00,3.00
2025-11-18T20:49:00Z,52.00,10.00,14.00,11.00,7.00,7.00,2.00,2.00,2.00,5.00,4.00,3.00
2025-11-18T20:55:00Z,52.00,10.00,11.00,11.00,7.00,7.00,2.00,2.00,2.00,5.00,4.00,3.00
2025-11-18T21:20:00Z,52.00,10.00,13.00,11.00,7.00,7.00,2.00,2.00,2.00,5.00,4.00,3.00
2025-11-18T21:21:00Z,52.00,10.00,14.00,11.00,7.00,7.00,2.00,2.00,2.00,5.00,4.00,3.00
2025-11-18T21:22:00Z,52.00,11.00,14.00,11.00,7.00,7.00,2.00,2.00,2.00,5.00,4.00,3.00
2025-11-18T21:23:00Z,52.00,12.00,14.00,11.00,7.00,7.00,2.00,2.00,2.00,5.00,4.00,3.00
2025-11-18T21:28:00Z,48.00,12.00,14.00,11.00,7.00,7.00,2.00,2.00,2.00,5.00,4.00,3.00
2025-11-18T21:32:00Z,53.00,12.00,14.00,11.00,7.00,7.00,2.00,2.00,2.00,5.00,4.00,3.00
2025-11-18T21:42:00Z,52.00,12.00,14.00,11.00,7.00,7.00,2.00,2.00,2.00,5.00,4.00,3.00
2025-11-18T21:53:00Z,52.00,12.00,12.00,11.00,7.00,7.00,2.00,2.00,2.00,5.00,4.00,3.00
2025-11-18T22:02:00Z,52.00,12.00,12.00,11.00,7.00,7.00,2.00,2.00,2.00,5.00,4.00,3.00
2025-11-18T22:13:00Z,52.00,11.00,11.00,11.00,7.00,7.00,2.00,2.00,2.00,5.00,4.00,3.00
2025-11-18T22:22:00Z,52.00,11.00,13.00,12.00,7.00,7.00,2.00,2.00,2.00,5.00,4.00,3.00
2025-11-18T22:27:00Z,52.00,11.00,13.00,12.00,7.00,7.00,2.00,2.00,2.00,5.00,4.00,3.00
2025-11-18T22:31:00Z,52.00,11.00,13.00,12.00,7.00,7.00,2.00,2.00,2.00,5.00,4.00,3.00
2025-11-18T22:40:00Z,52.00,11.00,12.00,12.00,7.00,7.00,2.00,2.00,2.00,5.00,4.00,3.00
2025-11-18T23:10:00Z,52.00,11.00,12.00,12.00,7.00,7.00,2.00,2.00,2.00,5.00,4.00,3.00
2025-11-18T23:27:00Z,52.00,11.00,12.00,12.00,7.00,7.00,2.00,2.00,2.00,5.00,4.00,3.00
2025-11-18T23:52:00Z,51.00,11.00,12.00,12.00,7.00,7.00,2.00,2.00,2.00,5.00,4.00,3.00
2025-11-18T23:53:00Z,52.00,11.00,12.00,12.00,7.00,7.00,2.00,2.00,2.00,5.00,4.00,3.00
2025-11-19T00:12:00Z,52.00,11.00,12.00,12.00,7.00,7.00,2.00,2.00,2.00,5.00,4.00,3.00
2025-11-19T00:29:00Z,52.00,10.07,12.00,12.00,7.00,7.00,2.00,2.00,2.00,5.00,4.00,3.00
2025-11-19T00:52:00Z,51.00,10.00,13.00,12.00,7.00,7.00,2.00,2.00,2.00,5.00,4.00,3.00
2025-11-19T00:56:00Z,48.78,10.00,13.00,12.00,7.00,7.00,2.00,2.00,2.00,5.00,4.00,3.00
2025-11-19T01:34:00Z,50.00,10.00,13.00,11.50,7.00,7.00,2.75,2.00,2.00,5.00,4.00,2.00
2025-11-19T01:35:00Z,51.83,10.00,13.00,11.50,7.00,7.00,2.75,2.00,2.00,5.00,4.00,2.00
2025-11-19T01:36:00Z,52.70,10.00,13.00,11.50,7.00,7.00,2.75,2.00,2.00,5.00,4.00,2.00
2025-11-19T01:42:00Z,52.00,10.00,13.00,11.00,7.00,7.00,2.00,2.00,2.00,5.00,4.00,2.00
2025-11-19T01:51:00Z,53.00,10.00,13.00,11.00,7.00,7.00,2.00,2.00,2.00,5.00,4.00,2.00
2025-11-19T02:09:00Z,53.00,10.00,13.00,11.00,7.00,7.00,2.00,2.00,2.00,5.00,4.00,2.00
2025-11-19T02:20:00Z,49.00,10.00,13.00,11.00,7.00,7.00,2.00,2.00,2.00,5.00,4.00,2.00
2025-11-19T02:22:00Z,52.00,10.00,13.00,11.00,7.00,7.00,2.00,2.00,2.00,5.00,4.00,2.00
2025-11-19T02:24:00Z,51.00,10.00,13.00,11.00,7.00,7.00,2.00,2.00,2.00,5.00,4.00,2.00
2025-11-19T02:29:00Z,49.00,10.00,13.00,11.00,7.00,7.00,2.00,2.00,2.00,5.00,4.00,2.00
2025-11-19T02:30:00Z,49.00,10.00,13.00,11.00,7.00,7.00,2.00,2.00,2.00,5.00,4.00,2.00
2025-11-19T02:49:00Z,49.00,10.00,13.00,12.00,7.00,7.00,2.00,2.00,2.00,5.00,4.00,2.00
2025-11-19T02:58:00Z,51.91,10.00,13.00,12.00,7.00,7.00,2.00,2.00,2.00,5.00,4.00,2.00
2025-11-19T03:02:00Z,51.00,10.00,13.00,12.00,7.00,7.00,2.00,2.00,2.00,5.00,4.00,2.00
2025-11-19T03:28:00Z,49.00,10.00,13.00,12.00,7.00,7.00,2.00,2.00,2.00,5.00,4.00,2.00
2025-11-19T03:29:00Z,52.00,10.00,13.00,12.00,7.00,7.00,2.00,2.00,2.00,5.00,4.00,2.00
2025-11-19T03:55:00Z,49.00,10.00,13.00,12.00,7.00,7.00,2.00,2.00,2.00,5.00,4.00,2.00
2025-11-19T04:03:00Z,53.00,10.00,13.00,12.00,7.00,7.00,2.00,2.00,2.00,5.00,4.00,2.00
2025-11-19T04:23:00Z,53.00,10.00,13.00,12.00,7.00,7.00,2.00,2.00,2.00,5.00,4.00,2.00
2025-11-19T04:32:00Z,49.00,10.00,13.00,12.00,7.00,7.00,2.00,2.00,2.00,5.00,4.00,2.00
2025-11-19T05:17:00Z,48.00,10.00,13.00,12.00,7.00,7.00,2.00,2.00,2.00,5.00,4.00,2.00
2025-11-19T05:30:00Z,51.00,10.00,13.00,12.00,7.00,7.00,2.00,2.00,2.00,5.00,4.00,2.00
2025-11-19T05:31:00Z,51.00,10.00,13.00,12.00,7.00,7.00,2.00,2.00,2.00,5.00,4.00,2.00
2025-11-19T05:33:00Z,51.80,10.00,13.00,12.00,7.00,7.00,2.00,2.00,2.00,5.00,4.00,2.00
2025-11-19T05:34:00Z,51.00,10.00,13.00,12.00,7.00,7.00,2.00,2.00,2.00,5.00,4.00,2.00
2025-11-19T05:35:00Z,52.45,10.00,13.00,12.00,7.00,7.00,2.00,2.00,2.00,5.00,4.00,2.00
2025-11-19T05:57:00Z,52.45,10.00,13.00,13.00,7.00,7.00,2.00,2.00,2.00,5.00,4.00,2.00
2025-11-19T06:20:00Z,52.00,10.00,13.00,13.00,7.00,7.00,2.00,2.00,2.00,5.00,4.00,2.00
2025-11-19T07:04:00Z,52.00,10.00,13.00,13.00,7.00,7.00,2.00,2.00,2.00,5.00,4.00,2.00
2025-11-19T07:05:00Z,52.00,10.00,13.00,13.00,7.00,7.00,2.00,2.00,2.00,5.00,4.00,2.00
2025-11-19T07:31:00Z,52.00,10.00,13.00,13.00,7.00,7.00,2.00,2.00,2.00,5.00,4.00,2.00
2025-11-19T08:02:00Z,52.00,10.00,13.00,13.00,7.00,7.00,2.00,2.00,2.00,5.00,4.00,2.00
2025-11-19T08:18:00Z,53.00,10.00,13.00,13.00,7.00,7.00,2.00,2.00,2.00,5.00,4.00,2.00
2025-11-19T08:36:00Z,53.00,10.00,13.00,13.00,7.00,7.00,2.00,2.00,2.00,5.00,4.00,2.00
2025-11-19T08:37:00Z,50.00,13.00,11.00,14.00,7.00,6.00,2.00,2.00,2.00,5.00,4.00,2.00
2025-11-19T09:13:00Z,50.00,13.00,11.00,14.00,7.00,6.00,2.00,2.00,2.00,5.00,4.00,2.00
2025-11-19T09:16:00Z,50.00,15.00,11.00,14.00,7.00,6.00,2.00,2.00,2.00,5.00,4.00,2.00
2025-11-19T09:17:00Z,50.00,15.00,14.00,14.00,7.00,6.00,2.00,2.00,2.00,5.00,4.00,2.00
2025-11-19T09:33:00Z,50.00,14.00,10.00,14.00,7.00,6.00,2.00,2.00,2.00,5.00,4.00,2.00
2025-11-19T12:10:00Z,50.00,14.00,10.00,15.00,7.00,6.00,2.00,2.00,2.00,5.00,4.00,2.00
2025-11-19T13:11:00Z,44.00,14.00,10.00,15.00,7.00,6.00,2.00,2.00,2.00,5.00,4.00,2.00
2025-11-19T13:12:00Z,50.00,14.00,10.00,15.00,7.00,6.00,2.00,2.00,2.00,5.00,4.00,2.00
2025-11-19T13:13:00Z,50.00,14.00,10.00,15.00,7.00,6.00,2.00,2.00,2.00,5.00,4.00,2.00
2025-11-19T13:32:00Z,47.00,14.00,10.00,15.00,7.00,6.00,2.00,2.00,2.00,5.00,4.00,2.00
2025-11-19T13:33:00Z,47.00,14.00,10.00,15.00,7.00,6.00,2.00,2.00,2.00,5.00,4.00,2.00
2025-11-19T13:39:00Z,47.00,14.00,10.00,15.00,7.00,6.00,2.00,2.00,2.00,5.00,4.00,2.00
2025-11-19T13:47:00Z,47.00,14.00,10.00,15.00,7.00,6.00,2.00,2.00,2.00,5.00,4.00,2.00
2025-11-19T13:50:00Z,47.00,14.00,10.00,15.00,7.00,6.00,2.00,2.00,2.00,5.00,4.00,2.00
2025-11-19T14:02:00Z,44.00,14.00,10.00,15.00,7.00,6.00,2.00,2.00,2.00,5.00,4.00,2.00
2025-11-19T14:16:00Z,47.00,14.00,10.00,15.00,7.00,6.00,2.00,2.00,2.00,5.00,4.00,2.00
2025-11-19T14:19:00Z,47.00,14.00,10.00,15.00,7.00,6.00,2.00,2.00,2.00,5.00,4.00,2.00
2025-11-19T14:21:00Z,48.00,14.00,10.00,15.00,7.00,6.00,2.00,2.00,2.00,5.00,4.00,2.00
2025-11-19T14:22:00Z,48.00,14.00,10.00,15.00,7.00,6.00,2.00,2.00,2.00,5.00,4.00,2.00
2025-11-19T14:50:00Z,48.00,14.00,10.00,15.00,7.00,6.00,2.00,2.00,2.00,5.00,4.00,2.00
2025-11-19T14:51:00Z,44.21,14.00,10.00,15.00,7.00,6.00,2.00,2.00,2.00,5.00,4.00,2.00
2025-11-19T14:52:00Z,41.20,14.00,10.00,15.00,7.00,6.00,2.00,2.00,2.00,5.00,4.00,2.00
2025-11-19T14:57:00Z,47.00,14.00,10.00,15.00,7.00,6.00,2.00,2.00,2.00,5.00,4.00,2.00
2025-11-19T15:08:00Z,47.00,14.00,10.00,15.00,7.00,6.00,2.00,2.00,2.00,5.00,4.00,3.00
2025-11-19T15:15:00Z,47.00,14.00,10.00,15.00,7.00,6.00,2.00,2.00,2.00,5.00,4.00,3.00
2025-11-19T15:25:00Z,47.00,14.00,10.00,15.00,7.00,6.00,2.00,4.00,2.00,5.00,4.00,3.00
2025-11-19T15:28:00Z,47.00,14.00,10.00,15.00,7.00,6.00,2.00,4.00,2.00,5.00,4.00,3.00
2025-11-19T15:29:00Z,47.00,14.00,10.00,15.00,7.00,10.00,3.91,4.00,2.00,5.00,4.00,3.00
2025-11-19T15:30:00Z,48.00,14.00,10.00,15.00,7.00,10.00,3.91,4.00,2.00,5.00,4.00,3.00
2025-11-19T15:36:00Z,44.33,14.00,10.00,15.00,7.00,10.00,3.91,4.00,2.00,5.00,4.00,3.00
2025-11-19T15:37:00Z,44.00,14.00,10.00,15.00,7.00,10.00,3.91,4.00,2.00,5.00,4.00,3.00
2025-11-19T15:38:00Z,44.00,14.00,10.00,15.00,7.00,10.00,3.91,4.00,2.00,5.00,4.00,3.00
2025-11-19T15:40:00Z,44.00,14.00,10.00,15.00,7.00,10.00,4.00,4.00,2.00,5.00,4.00,3.00
2025-11-19T15:46:00Z,44.00,14.00,10.00,15.00,7.00,10.00,4.00,4.00,2.00,5.00,4.00,3.00
2025-11-19T15:47:00Z,44.00,14.00,10.00,15.00,7.00,10.00,4.00,4.00,2.00,5.00,4.00,3.00
2025-11-19T15:54:00Z,43.07,14.00,10.00,15.00,7.00,10.00,4.00,4.00,2.00,5.00,4.00,3.00
2025-11-19T15:55:00Z,41.26,14.00,10.00,15.00,7.00,10.00,4.00,4.00,2.00,5.00,4.00,3.00
2025-11-19T15:57:00Z,41.00,14.00,10.00,15.00,7.00,10.00,4.00,4.00,2.00,5.00,4.00,3.00
2025-11-19T15:58:00Z,41.00,14.00,10.00,15.00,7.00,10.00,4.00,4.00,2.00,5.00,4.00,3.00
2025-11-19T16:04:00Z,44.00,14.00,10.00,15.00,7.00,10.00,4.00,4.00,2.00,5.00,4.00,3.00
2025-11-19T16:11:00Z,46.00,14.00,10.00,15.00,7.00,10.00,4.00,4.00,2.00,5.00,4.00,3.00
2025-11-19T16:12:00Z,43.17,14.00,10.00,15.00,7.00,10.00,4.00,4.00,2.00,5.00,4.00,3.00
2025-11-19T16:13:00Z,41.04,14.00,10.00,15.00,7.00,10.00,4.00,4.00,2.00,5.00,4.00,3.00
2025-11-19T16:14:00Z,41.00,14.00,10.00,15.00,7.00,10.00,4.00,4.00,2.00,5.00,4.00,3.00
2025-11-19T16:16:00Z,40.00,14.00,10.00,15.00,7.00,10.00,4.00,4.00,2.00,5.00,4.00,3.00
2025-11-19T16:30:00Z,41.00,14.00,10.00,15.00,7.00,10.00,4.00,4.00,2.00,5.00,4.00,3.00
2025-11-19T16:43:00Z,40.00,14.00,10.00,15.00,7.00,10.00,4.00,4.00,2.00,5.00,4.00,3.00
2025-11-19T16:48:00Z,41.00,14.00,10.00,15.00,7.00,10.00,4.00,4.00,2.00,5.00,4.00,3.00
2025-11-19T16:53:00Z,42.00,14.00,10.00,15.00,7.00,10.00,4.00,4.00,2.00,5.00,4.00,3.00
2025-11-19T17:11:00Z,43.00,14.00,10.00,15.00,7.00,10.00,4.00,4.00,2.00,5.00,4.00,3.00
2025-11-19T17:14:00Z,43.00,14.00,10.00,15.00,7.00,10.00,4.00,4.00,2.00,5.00,4.00,3.00
2025-11-19T17:15:00Z,43.00,14.00,10.00,15.00,7.00,10.00,4.00,4.00,2.00,5.00,4.00,3.00
2025-11-19T17:19:00Z,39.00,14.00,10.00,15.00,7.00,10.00,4.00,4.00,2.00,5.00,4.00,3.00
2025-11-19T17:21:00Z,38.33,14.00,10.00,15.00,7.00,10.00,4.00,4.00,2.00,5.00,4.00,3.00
2025-11-19T17:33:00Z,42.00,14.00,10.00,15.00,7.00,10.00,4.00,4.00,2.00,5.00,4.00,3.00
2025-11-19T17:35:00Z,42.00,14.00,10.00,15.00,7.00,10.00,4.00,4.00,2.00,5.00,4.00,3.00
2025-11-19T18:16:00Z,39.00,14.00,10.00,15.00,7.00,10.00,4.00,4.00,2.00,5.00,4.00,3.00
2025-11-19T18:18:00Z,41.37,14.00,10.00,15.00,7.00,10.00,4.00,4.00,2.00,5.00,4.00,3.00
2025-11-19T18:20:00Z,42.00,14.00,10.00,15.00,7.00,10.00,4.00,4.00,2.00,5.00,4.00,3.00
2025-11-19T18:21:00Z,43.00,14.00,10.00,15.00,7.00,10.00,4.00,4.00,2.00,5.00,4.00,3.00
2025-11-19T18:22:00Z,43.00,14.00,10.00,18.00,7.00,10.00,4.00,4.00,2.00,5.00,4.00,3.00
2025-11-19T18:42:00Z,43.00,14.00,10.00,18.00,7.00,10.00,4.00,4.00,2.00,5.00,4.00,3.00
2025-11-19T18:58:00Z,42.00,14.00,10.00,18.00,7.00,10.00,4.00,4.00,2.00,5.00,4.00,3.00
2025-11-19T19:05:00Z,42.00,14.00,10.00,12.14,7.00,10.00,4.00,4.00,2.00,5.00,4.00,3.00
2025-11-19T19:09:00Z,42.00,14.00,10.00,17.00,7.00,10.00,4.00,4.00,2.00,5.00,4.00,3.00
2025-11-19T19:10:00Z,42.00,14.00,10.00,17.00,7.00,10.00,4.00,4.00,2.00,5.00,4.00,3.00
2025-11-19T19:20:00Z,42.00,14.00,10.00,17.00,7.00,10.00,4.00,4.00,2.00,5.00,4.00,3.00
2025-11-19T19:41:00Z,43.00,14.00,10.00,17.00,7.00,10.00,4.00,4.00,2.00,5.00,4.00,3.00
2025-11-19T20:04:00Z,38.31,14.00,10.00,17.00,7.00,10.00,4.00,4.00,2.00,5.00,4.00,3.00
2025-11-19T20:11:00Z,42.00,14.00,10.00,17.00,7.00,10.00,4.00,4.00,2.00,5.00,4.00,3.00
2025-11-19T20:27:00Z,42.00,14.00,10.00,17.00,7.00,10.00,4.00,4.00,2.00,5.00,4.00,3.00
2025-11-19T20:40:00Z,38.02,14.00,10.00,17.00,7.00,10.00,4.00,4.00,2.00,5.00,4.00,3.00
2025-11-19T20:46:00Z,38.00,14.00,10.00,17.00,7.00,10.00,4.00,4.00,2.00,5.00,4.00,3.00
2025-11-19T20:49:00Z,43.13,14.00,10.00,17.00,7.00,10.00,4.00,4.00,2.00,5.00,4.00,3.00
2025-11-19T20:50:00Z,44.00,14.00,10.00,17.00,7.00,10.00,4.00,4.00,2.00,5.00,4.00,3.00
2025-11-19T20:57:00Z,43.00,14.00,10.00,17.00,7.00,10.00,4.00,4.00,2.00,5.00,4.00,3.00
2025-11-19T20:58:00Z,43.98,14.00,10.00,17.00,7.00,10.00,4.00,4.00,2.00,5.00,4.00,3.00
2025-11-19T20:59:00Z,44.00,14.00,10.00,17.00,7.00,10.00,4.00,4.00,2.00,5.00,4.00,3.00
2025-11-19T21:01:00Z,44.00,14.00,10.00,17.00,7.00,10.00,4.00,4.00,2.00,5.00,4.00,3.00
2025-11-19T21:19:00Z,44.00,14.00,10.00,17.00,7.00,10.00,4.00,4.00,2.00,5.00,4.00,3.00
2025-11-19T21:37:00Z,38.08,14.00,10.00,17.00,7.00,10.00,4.00,4.00,2.00,5.00,4.00,3.00
2025-11-19T22:22:00Z,43.00,14.00,10.00,17.00,7.00,10.00,4.00,4.00,2.00,5.00,4.00,3.00
2025-11-19T22:31:00Z,42.00,14.00,10.00,17.00,7.00,10.00,4.00,4.00,2.00,5.00,4.00,3.00
2025-11-19T22:39:00Z,41.14,14.00,10.00,17.00,7.00,10.00,4.00,4.00,2.00,5.00,4.00,3.00
2025-11-19T22:46:00Z,41.00,14.00,10.00,17.00,7.00,10.00,4.00,4.00,2.00,5.00,4.00,3.00
2025-11-19T22:47:00Z,41.85,14.00,10.00,17.00,7.00,10.00,4.00,4.00,2.00,5.00,4.00,3.00
2025-11-19T23:36:00Z,44.75,14.00,10.00,17.00,7.00,10.00,4.00,4.00,2.00,5.00,4.00,3.00
2025-11-19T23:51:00Z,46.00,14.00,10.00,17.00,7.00,10.00,4.00,4.00,2.00,5.00,4.00,3.00
2025-11-20T00:40:00Z,46.00,14.00,10.00,17.00,7.00,10.00,4.00,4.00,2.00,5.00,4.00,3.00
2025-11-20T00:41:00Z,46.00,14.00,10.00,17.00,7.00,10.00,4.00,4.00,2.00,5.00,4.00,3.00
2025-11-20T00:54:00Z,46.00,14.00,10.00,17.00,7.00,10.00,4.00,4.00,2.00,5.00,4.00,3.00
2025-11-20T00:55:00Z,46.00,14.00,10.00,17.00,7.00,10.00,4.00,4.00,2.00,5.00,4.00,3.00
2025-11-20T01:21:00Z,42.00,14.00,10.00,17.00,7.00,10.00,4.00,4.00,2.00,5.00,4.00,3.00
2025-11-20T01:26:00Z,41.20,14.00,10.00,17.00,7.00,9.00,2.20,2.00,2.00,5.00,4.00,3.00
2025-11-20T01:30:00Z,41.01,14.00,10.43,17.00,7.00,9.00,1.40,2.00,2.00,5.00,4.00,3.00
2025-11-20T01:50:00Z,41.01,14.00,10.43,17.00,7.00,9.00,2.00,2.00,2.00,5.00,4.00,3.00
2025-11-20T01:53:00Z,41.01,15.00,10.43,17.00,7.00,9.00,2.00,2.00,2.00,5.00,4.00,3.00
2025-11-20T01:56:00Z,41.00,15.29,13.00,17.00,7.00,7.00,1.29,2.00,2.00,5.00,4.00,3.00
2025-11-20T01:57:00Z,40.00,15.00,13.00,17.00,7.00,7.00,1.00,2.00,2.00,5.00,4.00,3.00
2025-11-20T01:58:00Z,40.00,15.00,14.00,17.10,7.00,7.00,1.00,2.00,2.00,5.00,4.00,3.00
2025-11-20T02:08:00Z,45.00,15.00,14.00,17.10,7.00,7.00,1.00,2.00,2.00,5.00,4.00,3.00
2025-11-20T02:12:00Z,45.00,15.00,15.00,17.10,7.00,7.00,1.00,2.00,2.00,5.00,4.00,3.00
2025-11-20T02:22:00Z,45.00,15.00,15.00,17.10,7.00,7.00,1.00,2.00,2.00,5.00,4.00,3.00
2025-11-20T02:25:00Z,45.00,15.00,15.00,12.00,7.00,8.00,1.00,2.00,2.00,5.00,4.00,3.00
2025-11-20T02:28:00Z,45.00,15.00,15.00,12.00,7.00,8.00,1.00,2.00,2.00,5.00,4.00,3.00
2025-11-20T02:31:00Z,45.00,17.00,15.00,12.00,7.00,8.00,1.00,2.00,2.00,5.00,4.00,3.00
2025-11-20T02:32:00Z,45.00,17.00,15.00,12.00,7.00,8.00,1.00,2.00,2.00,5.00,4.00,3.00
2025-11-20T02:33:00Z,45.00,17.00,15.00,12.00,7.00,8.00,1.00,2.00,2.00,5.00,4.00,3.00
2025-11-20T02:49:00Z,45.00,17.00,15.00,12.00,7.00,8.00,1.00,2.00,2.00,5.00,4.00,3.00
2025-11-20T02:51:00Z,45.00,17.00,15.00,12.00,7.00,8.00,1.00,2.00,2.00,5.00,4.00,3.00
2025-11-20T02:56:00Z,45.00,17.00,15.00,12.00,7.00,8.00,1.00,2.00,2.00,5.00,4.00,3.00
2025-11-20T02:57:00Z,45.00,17.00,15.00,12.00,7.00,8.00,1.00,2.00,2.00,5.00,4.00,3.00
2025-11-20T03:03:00Z,45.00,17.00,15.00,12.00,7.00,8.00,1.00,2.00,2.00,5.00,4.00,3.00
2025-11-20T03:05:00Z,45.00,17.00,15.00,12.00,7.00,8.00,1.00,2.00,2.00,5.00,4.00,3.00
2025-11-20T03:06:00Z,43.00,17.00,15.00,12.00,7.00,8.00,1.00,2.00,2.00,5.00,4.00,3.00
2025-11-20T03:15:00Z,43.00,17.00,15.00,12.00,7.00,8.00,1.00,2.00,2.00,5.00,4.00,3.00
2025-11-20T03:49:00Z,44.00,17.00,15.00,12.00,7.00,8.00,1.00,2.00,2.00,5.00,4.00,3.00
2025-11-20T04:02:00Z,44.00,17.00,15.00,12.00,7.00,8.00,1.00,2.00,2.00,5.00,4.00,3.00
2025-11-20T04:03:00Z,44.00,17.00,15.00,12.00,7.00,8.00,1.00,2.00,2.00,5.00,4.00,3.00
2025-11-20T04:11:00Z,44.00,17.00,15.00,12.00,7.00,8.00,1.00,2.00,2.00,5.00,4.00,3.00
2025-11-20T05:04:00Z,44.00,17.00,15.00,17.00,7.00,8.00,1.00,2.00,2.00,5.00,4.00,3.00
2025-11-20T05:10:00Z,44.00,17.00,15.00,17.00,7.00,8.00,1.00,2.00,2.00,5.00,4.00,3.00
2025-11-20T05:45:00Z,44.00,17.00,15.00,17.00,7.00,8.00,1.00,2.00,2.00,5.00,4.00,3.00
2025-11-20T06:10:00Z,38.94,17.00,15.00,17.00,7.00,8.00,1.00,2.00,2.00,5.00,4.00,3.00
2025-11-20T07:07:00Z,38.00,17.00,15.00,17.00,7.00,8.00,1.00,2.00,2.00,5.00,4.00,3.00
2025-11-20T07:09:00Z,37.00,17.00,15.00,17.00,7.00,8.00,1.00,2.00,2.00,5.00,4.00,3.00
2025-11-20T07:12:00Z,37.00,17.00,15.00,17.00,7.00,8.00,1.00,2.00,2.00,5.00,4.00,3.00
2025-11-20T07:39:00Z,37.00,17.00,15.00,17.00,7.00,8.00,1.00,2.00,2.00,5.00,4.00,3.00
2025-11-20T10:10:00Z,44.00,17.00,15.00,17.00,7.00,8.00,1.00,2.00,2.00,5.00,4.00,3.00
2025-11-20T11:15:00Z,44.00,17.00,15.00,17.00,7.00,8.00,3.75,2.00,2.00,5.00,4.00,3.00
2025-11-20T11:16:00Z,44.00,17.00,15.00,17.00,7.00,8.00,4.00,2.00,2.00,5.00,4.00,3.00
2025-11-20T11:32:00Z,41.00,17.00,15.00,17.00,7.00,8.00,4.00,2.00,2.00,5.00,4.00,3.00
2025-11-20T11:43:00Z,38.00,17.00,15.00,17.00,7.00,8.00,4.00,2.00,2.00,5.00,4.00,3.00
2025-11-20T11:44:00Z,36.75,17.00,15.00,17.00,7.00,8.00,4.00,2.00,2.00,5.00,4.00,3.00
2025-11-20T11:45:00Z,39.50,17.00,15.00,17.00,7.00,8.00,4.00,2.00,2.00,5.00,4.00,3.00
2025-11-20T12:00:00Z,41.00,17.00,15.00,17.00,7.00,8.00,4.00,2.00,2.00,5.00,4.00,3.00
2025-11-20T12:01:00Z,41.00,17.00,15.00,17.00,7.00,8.00,4.00,2.00,2.00,5.00,4.00,3.00
2025-11-20T12:02:00Z,41.00,17.00,15.00,17.00,7.00,8.00,4.00,2.00,2.00,5.00,4.00,3.00
2025-11-20T12:03:00Z,41.00,17.00,15.00,13.00,7.00,8.00,4.00,2.00,2.00,5.00,4.00,3.00
2025-11-20T12:43:00Z,39.00,17.00,15.00,13.00,7.00,8.00,4.00,2.00,2.00,5.00,4.00,3.00
2025-11-20T12:44:00Z,39.00,17.00,15.00,13.00,7.00,8.00,4.00,2.00,2.00,5.00,4.00,3.00
2025-11-20T12:46:00Z,39.00,17.00,15.00,13.00,7.00,8.00,4.00,2.00,2.00,5.00,4.00,3.00
2025-11-20T12:47:00Z,39.73,17.00,15.00,13.00,7.00,8.00,4.00,2.00,2.00,5.00,4.00,3.00
2025-11-20T12:55:00Z,41.61,17.00,15.00,13.00,7.00,8.00,4.00,2.00,2.00,5.00,4.00,3.00
2025-11-20T13:32:00Z,43.00,17.00,15.00,13.00,7.00,8.00,4.00,2.00,2.00,5.00,4.00,3.00
2025-11-20T13:52:00Z,43.00,17.00,15.00,13.00,7.00,8.00,4.00,2.00,2.00,5.00,4.00,3.00
2025-11-20T13:54:00Z,43.00,17.00,15.00,13.00,7.00,8.00,4.00,2.00,2.00,5.00,4.00,3.00
2025-11-20T14:01:00Z,42.00,17.00,15.00,13.00,7.00,8.00,4.00,2.00,2.00,5.00,4.00,3.00
2025-11-20T14:23:00Z,42.00,17.00,15.00,15.00,7.00,8.00,4.00,2.00,2.00,5.00,4.00,3.00
2025-11-20T14:43:00Z,45.00,17.00,15.00,15.00,7.00,8.00,4.00,2.00,2.00,5.00,4.00,3.00
2025-11-20T14:51:00Z,47.76,14.00,14.00,15.00,7.00,8.00,4.00,1.00,2.00,5.00,4.00,3.00
2025-11-20T14:52:00Z,42.26,12.55,14.00,15.00,7.00,7.55,4.00,1.44,2.00,5.00,4.00,3.00
2025-11-20T14:58:00Z,43.85,12.55,14.00,15.00,7.00,7.55,4.00,1.44,2.00,5.00,4.00,3.00
2025-11-20T15:00:00Z,43.85,12.55,14.00,15.00,7.00,7.55,4.00,1.44,2.00,5.00,4.00,3.00
2025-11-20T15:10:00Z,43.85,12.55,14.00,16.00,7.00,7.55,4.00,1.44,2.00,5.00,4.00,3.00
2025-11-20T15:13:00Z,43.85,12.55,14.00,16.00,7.00,7.55,4.00,1.44,2.00,5.00,4.00,3.00
2025-11-20T15:19:00Z,45.00,12.55,14.00,16.00,7.00,7.55,4.00,1.44,2.00,5.00,4.00,3.00
2025-11-20T15:42:00Z,40.00,12.55,14.00,16.00,7.00,7.55,4.00,1.44,2.00,5.00,4.00,3.00
2025-11-20T15:44:00Z,40.00,12.55,14.00,17.00,7.00,7.55,4.00,1.44,2.00,5.00,4.00,3.00
2025-11-20T16:07:00Z,44.00,14.00,14.00,13.00,7.00,8.00,4.00,2.00,2.00,5.00,4.00,3.00
2025-11-20T16:08:00Z,44.00,14.00,15.00,13.00,7.00,8.00,4.00,2.00,2.00,5.00,4.00,3.00
2025-11-20T16:16:00Z,46.00,14.00,15.00,13.00,7.00,8.00,4.00,2.00,2.00,5.00,4.00,3.00
2025-11-20T16:19:00Z,45.00,14.00,15.00,13.00,7.00,8.00,4.00,2.00,2.00,5.00,4.00,3.00
2025-11-20T16:26:00Z,45.68,14.00,15.00,13.00,7.00,8.00,4.00,2.00,2.00,5.00,4.00,3.00
2025-11-20T16:55:00Z,45.00,14.00,15.00,13.00,7.00,8.00,4.00,2.00,2.00,5.00,4.00,3.00
2025-11-20T16:56:00Z,45.00,14.00,15.00,13.00,7.00,8.00,4.00,2.00,2.00,5.00,4.00,3.00
2025-11-20T17:02:00Z,45.00,14.00,15.00,13.00,7.00,8.00,4.00,2.00,2.00,5.00,4.00,3.00
2025-11-20T17:16:00Z,45.00,14.00,15.00,13.00,7.00,8.00,4.00,2.00,2.00,5.00,4.00,3.00
2025-11-20T17:17:00Z,45.00,15.93,15.00,13.00,7.00,8.00,4.00,2.00,2.00,5.00,4.00,3.00
2025-11-20T17:18:00Z,45.00,15.93,15.00,13.00,7.00,8.00,4.00,2.00,2.00,5.00,4.00,3.00
2025-11-20T17:19:00Z,45.00,15.93,15.00,13.00,7.00,8.00,4.00,2.00,2.00,5.00,4.00,3.00
2025-11-20T17:20:00Z,45.00,15.93,15.00,13.00,7.00,8.00,4.00,2.00,2.00,5.00,4.00,3.00
2025-11-20T17:21:00Z,45.00,15.93,15.00,13.00,7.00,8.00,4.00,2.00,2.00,5.00,4.00,3.00
2025-11-20T17:22:00Z,45.00,15.93,15.00,13.00,7.00,8.00,4.00,2.00,2.00,5.00,4.00,3.00
2025-11-20T17:49:00Z,45.00,15.93,15.00,13.00,7.00,10.16,4.00,2.00,2.00,5.00,4.00,3.00
2025-11-20T17:54:00Z,45.00,15.93,15.00,13.00,7.00,10.16,4.00,2.00,2.00,5.00,4.00,3.00
2025-11-20T17:58:00Z,45.00,15.93,15.00,13.00,7.00,10.16,4.00,2.00,2.00,5.00,4.00,3.00
2025-11-20T17:59:00Z,44.00,15.93,15.00,13.00,7.00,10.16,4.00,2.00,2.00,5.00,4.00,3.00
2025-11-20T18:00:00Z,44.00,11.50,15.00,13.00,7.00,10.16,4.00,2.00,2.00,5.00,4.00,3.00
2025-11-20T18:27:00Z,45.00,11.50,15.00,13.00,7.00,10.16,4.00,2.00,2.00,5.00,4.00,3.00
2025-11-20T19:06:00Z,45.94,11.50,15.00,13.00,7.00,10.16,4.00,2.00,2.00,5.00,4.00,3.00
2025-11-20T19:10:00Z,43.00,11.50,15.00,13.00,7.00,10.16,4.00,2.00,2.00,5.00,4.00,3.00
2025-11-20T19:29:00Z,45.00,11.50,15.00,13.00,7.00,10.16,4.00,2.00,2.00,5.00,4.00,3.00
2025-11-20T19:42:00Z,45.50,11.50,15.00,13.00,7.00,10.16,4.00,2.00,2.00,5.00,4.00,3.00
2025-11-20T20:05:00Z,45.00,11.50,15.00,13.00,7.00,10.16,4.00,2.00,2.00,5.00,4.00,3.00
2025-11-20T20:06:00Z,43.00,11.50,15.00,13.00,7.00,10.16,4.00,2.00,2.00,5.00,4.00,3.00
2025-11-20T20:25:00Z,43.00,11.50,15.00,13.00,7.00,10.16,4.00,3.91,2.00,5.00,4.00,3.00
2025-11-20T20:31:00Z,43.00,11.50,15.00,13.00,7.00,10.16,4.94,3.91,2.00,5.00,4.00,3.00
2025-11-20T20:40:00Z,43.00,11.50,15.00,13.00,7.00,10.16,4.94,3.91,2.00,5.00,4.00,3.00
2025-11-20T20:41:00Z,43.00,11.50,14.00,13.00,7.00,10.16,4.94,3.91,2.00,5.00,4.00,3.00
2025-11-20T20:42:00Z,43.00,11.50,14.00,13.00,7.00,10.16,4.94,3.91,2.00,5.00,4.00,3.00
2025-11-20T21:11:00Z,45.00,11.50,14.00,13.00,7.00,10.16,4.94,3.91,2.00,5.00,4.00,3.00
2025-11-20T21:31:00Z,45.00,11.50,14.00,13.00,7.00,10.16,4.94,3.91,2.00,5.00,4.00,3.00
2025-11-20T21:32:00Z,45.00,11.50,14.00,13.00,7.00,10.16,4.94,3.91,2.00,5.00,4.00,3.00
2025-11-20T21:33:00Z,45.00,11.50,14.00,13.00,7.00,10.16,4.94,3.91,2.00,5.00,4.00,3.00
2025-11-20T21:47:00Z,45.00,11.50,14.00,13.00,7.00,10.16,4.94,3.91,2.00,5.00,4.00,3.00
2025-11-20T21:54:00Z,45.00,11.50,16.00,13.00,7.00,10.16,4.94,3.91,2.00,5.00,4.00,3.00
2025-11-20T22:05:00Z,45.00,11.50,16.00,13.00,7.00,10.16,4.94,3.91,2.00,5.00,4.00,3.00
2025-11-20T22:29:00Z,45.00,16.97,16.00,13.00,7.00,10.16,4.94,3.91,2.00,5.00,4.00,3.00
2025-11-20T22:36:00Z,47.00,16.97,16.00,13.00,7.00,10.16,4.94,3.91,2.00,5.00,4.00,3.00
2025-11-20T22:42:00Z,43.00,16.97,16.00,13.00,7.00,10.16,4.94,3.91,2.00,5.00,4.00,3.00
2025-11-20T22:43:00Z,43.00,16.97,16.00,16.00,7.00,10.16,4.94,3.91,2.00,5.00,4.00,3.00
2025-11-20T22:44:00Z,43.00,16.97,16.00,17.00,7.00,10.16,4.94,3.91,2.00,5.00,4.00,3.00
2025-11-20T22:53:00Z,43.00,16.97,16.00,17.00,7.00,10.16,4.94,3.91,2.00,5.00,4.00,3.00
2025-11-20T23:13:00Z,44.50,16.97,16.00,17.00,7.00,10.16,4.94,3.91,2.00,5.00,4.00,3.00
2025-11-20T23:33:00Z,46.00,16.97,16.00,17.00,7.00,10.16,4.94,3.91,2.00,5.00,4.00,3.00
2025-11-20T23:37:00Z,46.00,16.97,16.00,17.00,7.00,10.16,4.94,3.91,2.00,5.00,4.00,3.00
2025-11-20T23:59:00Z,46.00,16.97,16.00,17.00,7.00,10.16,4.94,3.91,2.00,5.00,4.00,3.00
2025-11-21T00:09:00Z,40.00,16.97,16.00,17.00,7.00,10.16,4.94,3.91,2.00,5.00,4.00,3.00
2025-11-21T00:29:00Z,40.00,16.97,16.00,17.00,7.00,10.16,4.94,3.91,2.00,5.00,4.00,3.00
2025-11-21T00:58:00Z,40.00,16.97,16.00,17.00,7.00,10.16,4.94,3.91,2.00,5.00,4.00,3.00
2025-11-21T01:28:00Z,45.00,16.97,16.00,17.00,7.00,10.16,4.94,3.91,2.00,5.00,4.00,3.00
2025-11-21T01:40:00Z,45.22,16.97,16.00,17.00,7.00,10.16,4.94,3.91,2.00,5.00,4.00,3.00
2025-11-21T01:41:00Z,45.22,16.00,16.00,17.00,7.00,10.16,4.94,3.91,2.00,5.00,4.00,3.00
2025-11-21T01:44:00Z,45.22,16.00,16.00,17.00,7.00,10.16,4.94,3.91,2.00,5.00,4.00,3.00
2025-11-21T02:51:00Z,44.00,16.00,16.00,17.00,7.00,10.16,4.94,3.91,2.00,5.00,4.00,3.00
2025-11-21T02:54:00Z,44.00,15.00,16.00,17.00,7.00,10.16,4.94,3.91,2.00,5.00,4.00,3.00
2025-11-21T02:56:00Z,44.00,16.00,16.00,17.00,7.00,10.16,4.94,3.91,2.00,5.00,4.00,3.00
2025-11-21T02:59:00Z,44.94,16.00,16.00,17.00,7.00,10.16,4.94,3.91,2.00,5.00,4.00,3.00
2025-11-21T03:15:00Z,44.00,16.00,16.00,17.00,7.00,10.16,4.94,3.91,2.00,5.00,4.00,3.00
2025-11-21T04:25:00Z,44.95,16.00,16.00,17.00,7.00,10.16,4.94,3.91,2.00,5.00,4.00,3.00
2025-11-21T04:49:00Z,44.91,16.00,16.00,17.00,7.00,10.16,4.94,3.91,2.00,5.00,4.00,3.00
2025-11-21T04:55:00Z,44.00,16.00,16.00,17.00,7.00,10.16,4.94,3.91,2.00,5.00,4.00,3.00
2025-11-21T05:24:00Z,44.00,16.00,16.00,17.00,7.00,10.16,4.94,3.91,2.00,5.00,4.00,3.00
2025-11-21T06:42:00Z,44.00,16.00,16.00,17.00,7.00,10.16,4.94,3.91,2.00,5.00,4.00,3.00
2025-11-21T07:31:00Z,45.00,16.00,16.00,17.00,7.00,10.16,4.94,3.91,2.00,5.00,4.00,3.00
2025-11-21T08:07:00Z,45.00,16.00,16.00,17.00,7.00,10.16,4.94,3.91,2.00,5.00,4.00,3.00
2025-11-21T08:16:00Z,45.00,13.00,16.00,17.00,7.00,10.16,4.94,3.91,2.00,5.00,4.00,3.00
2025-11-21T08:19:00Z,45.00,13.00,16.00,17.00,7.00,11.00,4.94,3.91,2.00,5.00,4.00,3.00
2025-11-21T08:24:00Z,45.00,13.00,16.00,17.00,7.00,11.00,4.94,3.91,2.00,5.00,4.00,3.00
2025-11-21T09:22:00Z,45.00,13.00,16.00,17.00,7.00,7.00,4.94,3.91,2.00,5.00,4.00,3.00
2025-11-21T10:32:00Z,44.00,13.00,16.00,17.00,7.00,7.00,4.94,3.91,2.00,5.00,4.00,3.00
2025-11-21T10:33:00Z,44.00,13.00,16.00,17.00,7.00,7.00,4.94,3.91,2.00,5.00,4.00,3.00
2025-11-21T10:34:00Z,45.00,13.00,16.00,17.00,7.00,7.00,4.94,3.91,2.00,5.00,4.00,3.00
2025-11-21T10:35:00Z,44.50,13.00,16.00,17.00,7.00,7.00,4.94,3.91,2.00,5.00,4.00,3.00
2025-11-21T13:13:00Z,44.00,13.00,16.00,17.00,7.00,7.00,4.94,3.91,2.00,5.00,4.00,3.00
2025-11-21T13:37:00Z,44.00,13.00,16.00,17.00,7.00,7.00,4.94,3.91,2.00,5.00,4.00,3.00
2025-11-21T14:04:00Z,44.00,13.00,16.00,17.00,7.00,7.00,4.94,3.91,2.00,5.00,4.00,3.00
2025-11-21T14:23:00Z,40.00,13.00,16.00,17.00,7.00,7.00,4.94,3.91,2.00,5.00,4.00,3.00
2025-11-21T14:26:00Z,41.00,13.00,16.00,17.00,7.00,7.00,4.94,3.91,2.00,5.00,4.00,3.00
2025-11-21T15:00:00Z,44.00,13.00,16.00,17.00,7.00,7.00,4.94,3.91,2.00,5.00,4.00,3.00
2025-11-21T15:10:00Z,44.00,13.00,16.00,17.00,7.00,7.00,4.94,3.91,2.00,5.00,4.00,3.00
2025-11-21T15:18:00Z,45.00,13.00,16.00,17.00,7.00,7.00,4.94,3.91,2.00,5.00,4.00,3.00
2025-11-21T15:30:00Z,45.00,13.00,16.00,17.00,7.00,7.00,4.94,3.91,2.00,5.00,4.00,3.00
2025-11-21T15:33:00Z,46.00,13.00,16.00,17.00,7.00,7.00,4.94,3.91,2.00,5.00,4.00,3.00
2025-11-21T15:41:00Z,46.00,13.00,16.00,17.00,7.00,9.00,4.94,3.91,2.00,5.00,4.00,3.00
2025-11-21T16:18:00Z,46.00,13.00,16.00,17.00,7.00,9.00,4.94,3.91,2.00,5.00,4.00,3.00
2025-11-21T16:44:00Z,39.00,13.00,16.00,17.00,7.00,9.00,4.94,3.91,2.00,5.00,4.00,3.00
2025-11-21T16:49:00Z,39.00,13.00,16.00,17.00,7.00,6.00,4.94,3.91,2.00,5.00,4.00,3.00
2025-11-21T16:59:00Z,40.01,13.00,16.00,17.00,7.00,6.00,4.94,3.91,2.00,5.00,4.00,3.00
2025-11-21T17:00:00Z,39.20,13.00,16.00,17.00,7.00,6.00,4.94,3.91,2.00,5.00,4.00,3.00
2025-11-21T17:47:00Z,44.00,13.00,16.00,17.00,7.00,6.00,4.94,3.91,2.00,5.00,4.00,3.00
2025-11-21T18:26:00Z,44.00,13.00,16.00,17.00,7.00,6.00,4.94,3.91,2.00,5.00,4.00,3.00
2025-11-21T19:19:00Z,44.00,16.00,16.00,17.00,7.00,6.00,4.94,3.91,2.00,5.00,4.00,3.00
2025-11-21T19:34:00Z,45.00,16.00,16.00,17.00,7.00,6.00,4.94,3.91,2.00,5.00,4.00,3.00
2025-11-21T19:58:00Z,45.00,16.00,16.00,17.00,7.00,6.00,4.94,3.91,2.00,5.00,4.00,3.00
2025-11-21T20:01:00Z,39.43,16.00,16.00,17.00,7.00,6.00,4.94,3.91,2.00,5.00,4.00,3.00
2025-11-21T20:42:00Z,39.25,16.00,16.00,17.00,7.00,6.00,4.94,3.91,2.00,5.00,4.00,3.00
2025-11-21T20:55:00Z,39.00,16.00,16.00,17.00,7.00,6.00,4.94,3.91,2.00,5.00,4.00,3.00
2025-11-21T21:08:00Z,45.00,16.00,16.00,17.00,7.00,6.00,4.94,3.91,2.00,5.00,4.00,3.00
2025-11-21T21:09:00Z,45.00,16.00,16.00,17.00,7.00,6.00,4.94,3.91,2.00,5.00,4.00,3.00
2025-11-21T21:16:00Z,45.00,16.00,16.00,17.00,7.00,6.00,4.94,3.91,2.00,5.00,4.00,3.00
2025-11-21T21:19:00Z,45.00,16.00,16.00,17.00,7.00,6.00,4.94,3.91,2.00,5.00,4.00,3.00
2025-11-21T22:16:00Z,44.00,16.00,16.00,17.00,7.00,6.00,4.94,3.91,2.00,5.00,4.00,3.00
2025-11-21T22:24:00Z,44.00,16.00,16.00,17.00,7.00,6.00,4.94,3.91,2.00,5.00,4.00,3.00
2025-11-21T22:42:00Z,44.00,16.00,16.00,17.00,7.00,6.00,4.94,3.91,2.00,5.00,4.00,3.00
2025-11-21T22:44:00Z,40.00,16.00,16.00,17.00,7.00,6.00,4.94,3.91,2.00,5.00,4.00,3.00
2025-11-21T22:54:00Z,40.00,13.00,16.00,17.00,7.00,6.00,4.94,3.91,2.00,5.00,4.00,3.00
2025-11-21T23:14:00Z,40.00,13.00,16.00,17.00,7.00,6.00,4.94,3.91,2.00,5.00,4.00,3.00
2025-11-21T23:24:00Z,40.00,13.00,16.00,17.00,11.00,6.00,4.94,3.91,2.00,5.00,4.00,3.00
2025-11-21T23:29:00Z,40.00,10.78,16.00,17.00,11.00,6.00,4.94,3.91,2.00,5.00,4.00,3.00
2025-11-21T23:33:00Z,40.00,10.78,16.00,17.00,11.00,6.00,4.94,3.91,2.00,5.00,4.00,3.00
2025-11-22T00:25:00Z,40.00,12.50,16.00,17.00,11.00,6.00,4.94,3.91,2.00,5.00,4.00,3.00
2025-11-22T00:57:00Z,40.00,12.50,16.00,17.00,11.00,7.00,4.94,3.91,2.00,5.00,4.00,3.00
2025-11-22T00:58:00Z,40.00,12.50,16.00,17.00,11.00,7.00,4.94,3.91,2.00,5.00,4.00,3.00
2025-11-22T02:02:00Z,40.00,12.50,16.00,17.00,11.00,8.00,4.94,3.91,2.00,5.00,4.00,3.00
2025-11-22T02:57:00Z,40.00,15.93,16.00,17.00,11.00,8.00,4.94,3.91,2.00,5.00,4.00,3.00
2025-11-22T03:00:00Z,40.00,15.93,16.00,17.00,11.00,7.00,4.94,3.91,2.00,5.00,4.00,3.00
2025-11-22T04:00:00Z,40.00,16.00,16.00,17.00,11.00,7.00,4.94,3.91,2.00,5.00,4.00,3.00
2025-11-22T05:19:00Z,40.00,16.00,16.00,17.00,11.00,7.00,4.94,3.91,2.00,5.00,4.00,3.00
2025-11-22T05:20:00Z,40.00,16.00,16.00,17.00,11.00,7.00,4.94,3.91,2.00,5.00,4.00,3.00
2025-11-22T05:52:00Z,40.00,16.00,16.00,17.00,11.00,7.00,4.94,3.91,2.00,5.00,4.00,3.00
2025-11-22T07:27:00Z,40.00,16.00,16.00,17.00,11.00,7.00,4.94,3.91,2.00,5.00,4.00,3.00
2025-11-22T07:30:00Z,40.00,17.00,16.00,17.00,11.00,7.00,4.94,3.91,2.00,5.00,4.00,3.00
2025-11-22T08:11:00Z,40.00,17.00,16.00,17.00,11.00,7.00,4.94,3.91,2.00,5.00,4.00,3.00
2025-11-22T08:13:00Z,40.00,18.00,16.00,17.00,11.00,7.00,4.94,3.91,2.00,5.00,4.00,3.00
2025-11-22T17:52:00Z,40.00,17.00,16.00,17.00,11.00,7.00,4.94,3.91,2.00,5.00,4.00,3.00
2025-11-22T20:46:00Z,40.00,17.00,16.00,17.00,11.00,7.00,4.94,3.91,2.00,5.00,4.00,3.00
2025-11-22T23:43:00Z,40.00,17.00,16.00,17.00,11.00,7.00,4.94,4.00,2.00,5.00,4.00,3.00
2025-11-23T00:04:00Z,40.00,18.00,16.00,17.00,11.00,7.00,4.94,4.00,2.00,5.00,4.00,3.00
2025-11-23T01:23:00Z,40.00,18.00,16.00,17.00,11.00,7.00,4.94,4.00,2.00,5.00,4.00,3.00
2025-11-23T06:44:00Z,40.00,18.00,15.00,17.00,11.00,7.00,4.94,4.00,2.00,5.00,4.00,3.00
2025-11-23T06:49:00Z,40.00,18.00,16.00,17.00,11.00,7.00,4.94,4.00,2.00,5.00,4.00,3.00
2025-11-23T06:50:00Z,40.00,18.00,17.00,17.00,11.00,7.00,4.94,4.00,2.00,5.00,4.00,3.00
2025-11-23T11:35:00Z,40.00,18.00,17.00,17.00,11.00,7.00,4.94,4.00,2.00,5.00,4.00,3.00
2025-11-23T12:28:00Z,40.00,18.00,17.00,17.00,11.00,7.00,4.94,4.00,2.00,5.00,4.00,3.00
2025-11-23T14:56:00Z,40.00,18.00,17.00,17.00,11.00,7.00,4.94,4.00,2.00,5.00,4.00,3.00
2025-11-23T15:03:00Z,40.00,18.00,17.00,17.00,11.00,7.00,4.94,4.00,2.00,5.00,4.00,3.00
2025-11-23T19:27:00Z,40.00,18.00,17.00,17.00,11.00,7.00,4.94,4.00,2.00,5.00,4.00,3.00
2025-11-23T22:11:00Z,40.00,18.00,17.00,17.00,11.00,7.00,4.94,4.00,2.00,5.00,4.00,3.00
2025-11-23T23:41:00Z,40.00,18.00,17.00,17.00,11.00,7.00,4.94,4.00,2.00,5.00,4.00,3.00
2025-11-24T14:32:00Z,40.00,13.00,15.00,17.00,10.00,7.00,4.94,2.00,2.00,5.00,4.00,3.00
2025-11-24T16:18:00Z,40.00,17.00,15.00,17.00,10.00,7.00,4.94,2.00,2.00,5.00,4.00,3.00
2025-11-24T16:42:00Z,40.00,17.00,15.00,17.00,10.00,7.00,4.94,2.00,2.00,5.00,4.00,3.00
2025-11-24T16:43:00Z,40.00,17.00,15.00,17.00,10.00,7.00,4.94,2.00,2.00,5.00,4.00,3.00
2025-11-24T18:49:00Z,40.00,17.00,15.00,17.00,10.00,7.00,4.94,2.00,2.00,5.00,4.00,3.00
2025-11-24T18:54:00Z,40.00,17.00,17.00,17.00,10.00,7.00,4.94,2.00,2.00,5.00,4.00,3.00
2025-11-24T19:24:00Z,40.00,17.00,17.00,17.00,10.00,7.00,4.94,3.00,2.00,5.00,4.00,3.00
2025-11-25T00:03:00Z,40.00,17.00,17.00,17.00,11.00,7.00,4.94,3.00,2.00,5.00,4.00,3.00
2025-11-25T00:50:00Z,40.00,13.60,16.00,17.00,11.00,7.00,4.94,2.00,2.00,5.00,4.00,3.00
2025-11-25T03:50:00Z,40.00,17.00,16.00,17.00,11.00,7.00,4.94,2.00,2.00,5.00,4.00,3.00
2025-11-25T04:07:00Z,40.00,17.00,16.00,17.00,11.00,7.00,4.94,2.00,2.00,5.00,4.00,3.00
2025-11-25T05:17:00Z,40.00,17.00,16.00,17.00,11.00,7.00,4.94,2.00,2.00,5.00,4.00,3.00
2025-11-25T05:34:00Z,40.00,17.00,17.00,17.00,11.00,7.00,4.94,2.00,2.00,5.00,4.00,3.00
2025-11-25T07:24:00Z,40.00,17.00,17.00,17.00,11.00,7.00,4.94,2.00,2.00,5.00,4.00,3.00
2025-11-25T07:50:00Z,40.00,17.00,17.00,17.00,11.00,7.00,4.94,2.00,2.00,5.00,4.00,3.00
2025-11-25T08:16:00Z,40.00,14.00,14.00,17.00,11.00,7.00,4.94,2.00,2.00,5.00,4.00,3.00
2025-11-25T08:17:00Z,40.00,13.00,14.00,17.00,11.00,7.00,4.94,2.00,2.00,5.00,4.00,3.00
2025-11-25T10:30:00Z,40.00,13.00,14.00,17.00,11.00,8.00,4.94,2.00,2.00,5.00,4.00,3.00
2025-11-25T10:37:00Z,40.00,13.00,14.00,17.00,12.00,8.00,4.94,2.00,2.00,5.00,4.00,3.00
2025-11-25T10:49:00Z,40.00,13.00,17.00,17.00,12.00,8.00,4.94,2.00,2.00,5.00,4.00,3.00
2025-11-25T12:19:00Z,40.00,13.00,17.00,17.00,12.00,8.00,4.94,2.00,2.00,5.00,4.00,3.00
2025-11-25T12:38:00Z,40.00,13.00,17.00,17.00,12.00,8.00,4.94,2.00,2.00,5.00,4.00,3.00
2025-11-25T12:41:00Z,40.00,13.00,17.00,17.00,12.00,8.00,4.94,2.00,2.00,5.00,4.00,3.00
2025-11-25T12:54:00Z,40.00,13.00,17.00,15.00,12.00,8.00,4.94,2.00,2.00,5.00,4.00,3.00
2025-11-25T12:55:00Z,40.00,13.00,17.00,16.00,12.00,8.00,4.94,2.00,2.00,5.00,4.00,3.00
2025-11-25T13:13:00Z,40.00,13.00,17.00,16.00,12.00,8.00,4.94,2.00,2.00,5.00,4.00,3.00
2025-11-25T14:14:00Z,40.00,13.00,17.00,16.00,12.00,8.00,4.94,2.00,2.00,5.00,4.00,3.00
2025-11-25T15:16:00Z,40.00,13.00,15.00,16.00,12.00,8.00,4.94,2.00,2.00,5.00,4.00,3.00
2025-11-25T16:10:00Z,40.00,13.00,19.00,23.41,16.82,8.00,4.94,2.00,2.00,5.00,4.00,3.00
2025-11-25T16:11:00Z,40.00,13.00,19.00,23.41,16.82,8.65,4.94,2.00,2.00,5.00,4.00,3.00
2025-11-25T16:13:00Z,40.00,13.00,26.00,23.41,16.82,8.65,4.94,2.00,2.00,5.00,4.00,3.00
2025-11-25T16:17:00Z,40.00,13.00,26.00,23.41,16.82,7.00,4.94,2.00,2.00,5.00,4.00,3.00
2025-11-25T16:31:00Z,40.00,13.00,26.00,23.41,21.00,7.00,4.94,2.00,2.00,5.00,4.00,3.00
2025-11-25T16:35:00Z,40.00,13.00,27.00,23.41,21.00,7.00,4.94,2.00,2.00,5.00,4.00,3.00
2025-11-25T16:41:00Z,40.00,13.00,27.00,23.41,21.00,8.00,4.94,2.00,2.00,5.00,4.00,3.00
2025-11-25T17:24:00Z,40.00,13.00,27.00,23.41,21.00,10.00,4.94,2.00,2.00,5.00,4.00,3.00
2025-11-25T17:30:00Z,40.00,13.00,27.00,23.41,20.00,10.00,4.94,2.00,2.00,5.00,4.00,3.00
2025-11-25T18:27:00Z,40.00,13.00,27.00,26.00,20.00,10.00,4.94,2.00,2.00,5.00,4.00,3.00
2025-11-25T19:24:00Z,40.00,13.00,19.24,26.00,20.00,10.00,4.94,2.00,2.00,5.00,4.00,3.00
2025-11-25T21:11:00Z,40.00,13.00,21.11,26.00,20.00,10.00,4.94,2.00,2.00,5.00,4.00,3.00
2025-11-25T21:12:00Z,40.00,13.00,21.11,31.00,20.00,10.00,4.94,2.00,2.00,5.00,4.00,3.00
2025-11-25T21:13:00Z,40.00,13.00,21.11,32.66,20.00,10.00,4.94,2.00,2.00,5.00,4.00,3.00
2025-11-25T21:48:00Z,40.00,13.00,20.00,32.66,20.00,10.00,4.94,2.00,2.00,5.00,4.00,3.00
2025-11-25T21:50:00Z,40.00,13.00,19.16,32.66,20.00,10.00,4.94,2.00,2.00,5.00,4.00,3.00
2025-11-25T23:00:00Z,40.00,13.00,17.00,32.66,20.00,10.00,4.94,2.00,2.00,5.00,4.00,3.00
2025-11-25T23:01:00Z,40.00,13.00,16.00,32.66,20.00,10.00,4.94,2.00,2.00,5.00,4.00,3.00
2025-11-25T23:10:00Z,40.00,13.00,16.00,32.66,20.00,10.00,4.00,2.00,2.00,5.00,4.00,3.00
2025-11-25T23:12:00Z,40.00,13.00,16.00,32.66,20.00,10.00,4.00,2.00,2.00,5.00,4.00,3.00
2025-11-25T23:27:00Z,40.00,13.00,16.00,32.66,20.00,10.00,4.00,2.00,2.00,5.00,4.00,3.00
2025-11-25T23:54:00Z,40.00,13.00,16.00,32.66,25.00,10.00,4.00,2.00,2.00,5.00,4.00,3.00
2025-11-26T00:32:00Z,40.00,13.00,16.00,32.66,25.00,10.00,4.00,2.00,2.00,5.00,4.00,3.00
2025-11-26T01:34:00Z,40.00,13.00,21.00,32.66,25.00,10.00,4.00,2.00,2.00,5.00,4.00,3.00
2025-11-26T01:47:00Z,40.00,13.00,21.00,32.66,25.00,10.00,4.00,2.00,2.00,5.00,4.00,3.00
2025-11-26T02:16:00Z,40.00,13.00,21.00,32.66,25.00,10.00,4.00,2.00,2.00,5.00,4.00,3.00
2025-11-26T02:51:00Z,40.00,13.00,21.00,33.00,25.00,10.00,4.00,2.00,2.00,5.00,4.00,3.00
2025-11-26T02:52:00Z,40.00,13.00,21.00,30.00,22.00,9.00,2.00,2.00,2.00,5.00,4.00,3.00
2025-11-26T03:08:00Z,40.00,13.00,21.00,30.00,22.00,9.00,2.00,2.00,2.00,5.00,4.00,3.00
2025-11-26T03:09:00Z,40.00,13.00,17.00,30.00,22.00,9.00,2.00,2.00,2.00,5.00,4.00,3.00
2025-11-26T04:00:00Z,40.00,13.00,15.65,30.00,22.00,9.00,2.00,2.00,2.00,5.00,4.00,3.00
2025-11-26T04:01:00Z,40.00,13.00,15.00,30.00,22.00,9.00,2.00,2.00,2.00,5.00,4.00,3.00
2025-11-26T07:35:00Z,40.00,13.00,15.00,30.00,22.00,9.00,2.00,2.00,2.00,5.00,4.00,3.00
2025-11-26T08:36:00Z,40.00,13.00,15.00,30.00,22.00,9.00,2.00,2.00,2.00,5.00,4.00,3.00
2025-11-26T09:30:00Z,40.00,13.00,18.00,30.00,22.00,9.00,2.00,2.00,2.00,5.00,4.00,3.00
2025-11-26T13:39:00Z,40.00,13.00,19.00,30.00,22.00,9.00,2.00,2.00,2.00,5.00,4.00,3.00
2025-11-26T13:44:00Z,40.00,13.00,19.00,30.00,22.00,10.00,2.00,2.00,2.00,5.00,4.00,3.00
2025-11-26T14:02:00Z,40.00,13.00,19.00,30.00,22.00,10.00,4.00,2.00,2.00,5.00,4.00,3.00
2025-11-26T15:05:00Z,40.00,13.00,19.00,28.00,25.00,9.00,2.00,2.00,2.00,5.00,4.00,3.00
2025-11-26T15:06:00Z,40.00,13.00,19.00,28.00,26.00,9.00,2.00,2.00,2.00,5.00,4.00,3.00
2025-11-26T16:14:00Z,40.00,13.00,19.00,28.00,26.00,9.00,2.00,2.00,2.00,5.00,4.00,3.00
2025-11-26T16:15:00Z,40.00,13.00,19.00,32.00,26.00,9.00,2.00,2.00,2.00,5.00,4.00,3.00
2025-11-26T16:46:00Z,40.00,13.00,19.00,32.00,26.00,9.00,2.00,2.00,2.00,5.00,4.00,3.00
2025-11-26T17:17:00Z,40.00,13.00,19.00,32.00,26.00,9.00,2.00,2.00,2.00,5.00,4.00,3.00
2025-11-26T17:28:00Z,40.00,13.00,19.00,32.00,26.00,9.00,2.00,2.00,2.00,5.00,4.00,3.00
2025-11-26T17:44:00Z,40.00,13.00,19.00,32.00,22.60,9.00,2.00,2.00,2.00,5.00,4.00,3.00
2025-11-26T17:52:00Z,40.00,13.00,19.00,27.00,22.60,9.00,2.00,2.00,2.00,5.00,4.00,3.00
2025-11-26T18:17:00Z,40.00,13.00,20.00,27.00,22.60,9.00,2.00,2.00,2.00,5.00,4.00,3.00
2025-11-26T18:19:00Z,40.00,13.00,20.00,27.00,22.60,9.00,2.00,2.00,2.00,5.00,4.00,3.00
2025-11-26T18:41:00Z,40.00,13.00,20.00,32.00,22.60,9.00,2.00,2.00,2.00,5.00,4.00,3.00
2025-11-26T19:08:00Z,40.00,13.00,19.00,32.00,22.60,9.00,2.00,2.00,2.00,5.00,4.00,3.00
2025-11-26T19:28:00Z,40.00,13.00,19.00,28.00,22.00,9.00,3.00,2.00,1.00,5.00,4.00,2.00
2025-11-26T19:31:00Z,40.00,13.00,19.00,28.00,21.00,9.00,3.00,2.00,1.00,5.00,4.00,2.00
2025-11-26T20:01:00Z,40.00,13.00,19.00,28.00,21.00,9.00,3.00,2.00,1.00,5.00,4.00,2.00
2025-11-26T21:09:00Z,40.00,13.00,19.00,32.00,21.00,9.00,3.00,2.00,1.00,5.00,4.00,2.00
2025-11-26T21:43:00Z,40.00,13.00,19.00,32.00,21.00,9.00,3.00,2.00,1.00,5.00,4.00,2.00
2025-11-26T21:44:00Z,40.00,13.00,19.00,32.00,21.00,9.00,3.00,2.00,1.00,5.00,4.00,2.00
2025-11-26T22:38:00Z,40.00,13.00,19.00,32.00,21.00,9.00,3.00,2.00,3.00,5.00,4.00,2.00
2025-11-26T22:39:00Z,40.00,13.00,19.00,32.00,21.00,9.00,3.00,3.00,3.00,5.00,4.00,2.00
2025-11-26T22:40:00Z,40.00,13.00,19.00,32.00,21.00,9.00,3.00,3.00,3.00,3.00,4.00,2.00
2025-11-27T01:30:00Z,40.00,13.00,19.00,32.00,21.00,9.00,3.00,3.00,3.00,3.00,4.00,2.00
2025-11-27T04:22:00Z,40.00,13.00,19.00,32.00,21.00,9.00,3.00,3.00,3.00,3.00,4.00,2.00
2025-11-27T05:29:00Z,40.00,13.00,20.54,32.00,21.00,9.00,3.00,3.00,3.00,3.00,4.00,2.00
2025-11-27T05:49:00Z,40.00,13.00,20.54,33.00,21.00,9.00,3.00,3.00,3.00,3.00,4.00,2.00
2025-11-27T06:02:00Z,40.00,13.00,20.54,27.12,21.00,9.00,3.00,3.00,3.00,3.00,4.00,2.00
2025-11-27T06:03:00Z,40.00,13.00,20.54,27.12,21.00,9.00,3.00,3.00,3.00,3.00,4.00,2.00
2025-11-27T06:04:00Z,40.00,13.00,17.00,27.12,21.00,9.00,3.00,3.00,3.00,3.00,4.00,2.00
2025-11-27T06:05:00Z,40.00,13.00,17.00,28.00,22.00,10.00,3.00,3.00,3.00,3.00,4.00,2.00
2025-11-27T06:06:00Z,40.00,13.00,17.00,28.00,22.00,10.00,3.00,3.00,3.00,3.00,4.00,2.00
2025-11-27T06:07:00Z,40.00,13.00,17.00,27.00,21.00,10.00,4.00,3.00,3.00,3.00,4.00,2.00
2025-11-27T07:49:00Z,40.00,13.00,17.00,32.00,25.00,10.00,4.00,3.00,3.00,3.00,4.00,2.00
2025-11-27T10:05:00Z,40.00,13.00,17.00,32.00,25.00,10.00,5.00,3.00,3.00,3.00,4.00,2.00
2025-11-27T10:42:00Z,40.00,13.00,19.00,32.00,25.00,10.00,5.00,3.00,3.00,3.00,4.00,2.00
2025-11-27T12:42:00Z,40.00,13.00,19.00,31.00,25.00,10.00,5.00,3.00,3.00,3.00,4.00,2.00
2025-11-27T13:43:00Z,40.00,13.00,19.00,31.00,21.00,10.00,5.00,3.00,3.00,3.00,4.00,2.00
2025-11-27T17:08:00Z,40.00,13.00,19.00,31.00,25.00,10.00,5.00,3.00,3.00,3.00,4.00,2.00
2025-11-27T17:41:00Z,40.00,13.00,19.00,31.00,21.50,10.00,5.00,3.00,3.00,3.00,4.00,2.00
2025-11-27T18:28:00Z,40.00,13.00,19.00,31.00,21.63,10.00,5.00,3.00,3.00,3.00,4.00,2.00
2025-11-27T20:50:00Z,40.00,13.00,19.00,30.00,21.63,10.00,5.00,3.00,3.00,3.00,4.00,2.00
2025-11-28T00:55:00Z,40.00,13.00,13.25,30.00,21.63,10.00,5.00,3.00,3.00,3.00,4.00,2.00
2025-11-28T01:45:00Z,40.00,13.00,13.25,30.00,21.63,10.00,5.00,3.00,3.00,3.00,4.00,2.00
2025-11-28T02:02:00Z,40.00,13.00,13.25,30.00,21.63,10.00,6.00,3.00,3.00,3.00,4.00,2.00
2025-11-28T02:28:00Z,40.00,13.00,13.25,30.00,22.00,10.00,6.00,3.00,3.00,3.00,4.00,2.00
2025-11-28T03:29:00Z,40.00,13.00,13.00,27.00,22.00,8.00,6.00,2.00,1.00,1.00,4.00,2.00
2025-11-28T05:20:00Z,40.00,13.00,13.00,27.00,25.00,8.00,6.00,2.00,1.00,1.00,4.00,2.00
2025-11-28T07:21:00Z,40.00,13.00,13.00,27.00,22.00,8.00,6.00,2.00,1.00,1.00,4.00,2.00
2025-11-28T07:23:00Z,40.00,13.00,13.00,27.00,22.00,8.00,4.00,2.00,1.00,1.00,4.00,2.00
2025-11-28T14:55:00Z,40.00,13.00,13.00,27.00,21.00,8.00,4.00,2.00,1.00,1.00,4.00,2.00
2025-11-28T15:46:00Z,40.00,13.00,13.00,27.00,21.00,8.00,4.00,2.00,1.00,1.00,4.00,3.00
2025-11-28T15:48:00Z,40.00,13.00,13.00,27.00,21.00,8.00,4.00,2.00,1.00,3.00,4.00,3.00
2025-11-28T15:49:00Z,40.00,13.00,13.00,27.00,21.00,8.00,4.00,2.00,3.00,3.00,4.00,3.00
2025-11-28T16:11:00Z,40.00,13.00,13.00,29.00,21.00,8.00,4.00,2.00,3.00,3.00,4.00,3.00
2025-11-28T18:02:00Z,40.00,13.00,13.00,29.00,26.71,8.00,4.00,2.00,3.00,3.00,4.00,3.00
2025-11-28T18:26:00Z,40.00,13.00,16.81,29.00,26.00,8.00,4.00,2.00,3.00,3.00,4.00,3.00
2025-11-28T18:37:00Z,40.00,13.00,16.81,29.00,26.00,8.00,4.00,2.00,3.00,3.00,4.00,3.00
2025-11-28T18:38:00Z,40.00,13.00,16.81,29.68,26.00,8.00,4.00,2.00,3.00,3.00,4.00,3.00
2025-11-28T18:58:00Z,40.00,13.00,16.81,30.00,26.00,8.00,4.00,2.00,3.00,3.00,4.00,3.00
2025-11-28T19:51:00Z,40.00,13.00,16.81,30.00,26.00,8.00,4.00,2.00,3.00,3.00,4.00,3.00
2025-11-28T20:12:00Z,40.00,13.00,13.00,28.00,23.00,8.00,4.00,2.00,1.00,1.00,4.00,2.00
2025-11-28T20:22:00Z,40.00,13.00,13.00,30.00,23.00,8.00,4.00,2.00,1.00,1.00,4.00,2.00
2025-11-28T20:23:00Z,40.00,13.00,13.00,27.57,22.00,9.00,4.00,2.00,1.00,1.00,4.00,2.00
2025-11-28T20:34:00Z,40.00,13.00,12.09,27.57,22.00,9.00,4.00,2.00,1.00,1.00,4.00,2.00
2025-11-28T21:55:00Z,40.00,13.00,12.09,27.57,25.62,9.00,4.00,2.00,1.00,1.00,4.00,2.00
2025-11-28T21:56:00Z,40.00,13.00,12.09,30.00,27.00,9.00,4.00,2.00,1.00,1.00,4.00,2.00
2025-11-28T21:57:00Z,40.00,13.00,12.09,30.00,27.00,9.00,4.00,2.00,1.00,1.00,4.00,2.00
2025-11-28T21:58:00Z,40.00,13.00,12.09,30.00,27.00,9.00,4.00,2.00,1.00,1.00,4.00,2.00
2025-11-28T21:59:00Z,40.00,13.00,12.09,30.00,27.00,9.00,4.00,2.00,1.00,1.00,4.00,2.00
2025-11-29T01:08:00Z,40.00,8.00,12.09,30.00,27.00,9.00,4.00,2.00,1.00,1.00,4.00,2.00
2025-11-29T01:09:00Z,40.00,8.00,15.00,30.00,27.00,9.00,4.00,2.00,1.00,1.00,4.00,2.00
2025-11-29T01:10:00Z,40.00,9.00,15.00,30.00,27.00,9.00,4.00,2.00,1.00,1.00,4.00,2.00
2025-11-29T01:43:00Z,40.00,9.00,17.00,30.00,27.00,9.00,4.00,2.00,1.00,1.00,4.00,2.00
2025-11-29T01:46:00Z,40.00,9.00,17.00,30.00,27.00,8.00,4.00,2.00,1.00,1.00,4.00,2.00
2025-11-29T02:07:00Z,40.00,9.00,17.00,30.00,27.00,8.00,4.00,2.00,1.00,1.00,4.00,3.00
2025-11-29T02:57:00Z,40.00,9.00,17.00,30.00,27.00,8.00,4.00,2.00,1.00,1.00,4.00,3.00
2025-11-29T03:01:00Z,40.00,9.00,17.00,27.00,27.00,8.00,4.00,2.00,1.00,1.00,4.00,3.00
2025-11-29T04:33:00Z,40.00,9.00,17.00,27.00,26.00,8.00,4.00,2.00,1.00,1.00,4.00,3.00
2025-11-29T04:49:00Z,40.00,10.00,17.00,27.00,26.00,8.00,4.00,2.00,1.00,1.00,4.00,3.00
2025-11-29T04:55:00Z,40.00,6.00,18.00,28.00,21.00,8.00,4.00,1.00,1.00,1.00,4.00,1.00
2025-11-29T05:11:00Z,40.00,5.54,18.38,27.00,21.81,7.00,4.00,1.00,1.00,1.00,4.00,1.00
2025-11-29T05:58:00Z,40.00,5.00,15.00,27.00,22.00,7.00,4.00,1.00,1.00,1.00,4.00,2.00
2025-11-29T07:06:00Z,40.00,5.00,15.00,30.00,22.00,7.00,4.00,1.00,1.00,1.00,4.00,2.00
2025-11-29T13:30:00Z,40.00,5.00,15.00,30.00,22.00,7.00,4.00,1.00,1.00,1.00,4.00,2.00
2025-11-29T14:30:00Z,40.00,10.00,17.00,30.00,22.00,7.00,4.00,1.00,1.00,1.00,4.00,2.00
2025-11-29T15:50:00Z,40.00,10.00,17.00,30.00,19.00,7.00,4.00,1.00,1.00,1.00,4.00,2.00
2025-11-29T16:17:00Z,40.00,10.00,17.00,29.00,19.00,7.00,4.00,1.00,1.00,1.00,4.00,2.00
2025-11-29T19:07:00Z,40.00,10.00,17.65,29.00,19.00,7.00,4.00,1.00,1.00,1.00,4.00,2.00
2025-11-29T19:31:00Z,40.00,10.00,17.65,29.00,19.00,7.00,4.00,1.00,1.00,1.00,4.00,2.00
2025-11-29T20:28:00Z,40.00,10.00,17.65,29.00,19.00,7.00,4.00,1.00,1.00,1.00,4.00,3.00
2025-11-29T20:36:00Z,40.00,10.00,17.65,29.00,19.00,7.00,4.00,1.00,1.00,1.00,4.00,3.00
2025-11-29T20:38:00Z,40.00,9.00,17.65,29.00,19.00,7.00,4.00,1.00,1.00,1.00,4.00,3.00
2025-11-29T20:42:00Z,40.00,10.00,17.65,29.00,19.00,7.00,4.00,1.00,1.00,1.00,4.00,3.00
2025-11-29T21:53:00Z,40.00,10.00,17.65,29.00,24.90,7.00,4.00,1.00,1.00,1.00,4.00,3.00
2025-11-29T21:54:00Z,40.00,10.00,17.01,28.84,24.90,7.00,4.00,1.00,1.00,1.00,4.00,3.00
2025-11-29T22:01:00Z,40.00,10.00,17.01,28.84,24.90,7.00,7.00,1.00,1.00,1.00,4.00,3.00
2025-11-29T22:31:00Z,40.00,10.00,17.01,28.84,25.00,7.00,7.00,1.00,1.00,1.00,4.00,3.00
2025-11-30T00:45:00Z,40.00,10.00,18.00,28.84,25.00,7.00,7.00,1.00,1.00,1.00,4.00,3.00
2025-11-30T00:46:00Z,40.00,10.00,18.00,29.00,25.00,7.00,7.00,1.00,1.00,1.00,4.00,3.00
2025-11-30T01:04:00Z,40.00,10.00,18.00,29.00,25.00,7.00,7.00,1.00,1.00,1.00,4.00,3.00
2025-11-30T01:44:00Z,40.00,10.00,18.00,29.00,25.00,7.00,7.00,1.00,1.00,1.00,4.00,3.00
2025-11-30T01:52:00Z,40.00,10.00,18.00,29.00,25.00,7.00,7.00,1.00,1.00,1.00,4.00,3.00
2025-11-30T03:06:00Z,40.00,10.00,18.00,27.00,25.00,7.00,7.00,1.00,1.00,1.00,4.00,3.00
2025-11-30T03:29:00Z,40.00,10.00,18.00,27.00,25.00,7.00,7.00,1.00,1.00,1.00,4.00,3.00
2025-11-30T03:43:00Z,40.00,10.00,18.00,26.00,25.00,7.00,7.00,1.00,1.00,1.00,4.00,3.00
2025-11-30T03:44:00Z,40.00,10.00,18.00,24.55,25.00,7.00,7.00,1.00,1.00,1.00,4.00,3.00
2025-11-30T06:14:00Z,40.00,10.00,17.62,24.55,25.00,7.00,7.00,1.00,1.00,1.00,4.00,3.00
2025-11-30T06:16:00Z,40.00,10.00,17.62,24.55,25.00,7.00,7.00,1.00,1.00,1.00,4.00,3.00
2025-11-30T06:18:00Z,40.00,10.00,17.62,24.15,25.00,7.00,7.00,1.00,1.00,1.00,4.00,3.00
2025-11-30T06:39:00Z,40.00,10.00,17.00,24.15,25.00,7.00,7.00,1.00,1.00,1.00,4.00,3.00
2025-11-30T08:22:00Z,40.00,10.00,17.00,24.15,25.00,7.00,4.00,1.00,1.00,1.00,4.00,3.00
2025-11-30T08:43:00Z,40.00,10.00,17.00,24.15,25.00,7.00,3.00,1.00,1.00,1.00,4.00,3.00
2025-11-30T10:56:00Z,40.00,10.00,17.00,29.00,25.00,7.00,3.00,1.00,1.00,1.00,4.00,3.00
2025-11-30T14:36:00Z,40.00,10.00,18.00,29.00,25.00,7.00,3.00,1.00,1.00,1.00,4.00,3.00
2025-11-30T14:37:00Z,40.00,10.00,18.00,28.66,25.00,7.00,3.00,1.00,1.00,1.00,4.00,3.00
2025-11-30T14:40:00Z,40.00,10.00,17.00,28.66,25.00,7.00,3.00,1.00,1.00,1.00,4.00,3.00
2025-11-30T16:42:00Z,40.00,10.00,17.00,28.66,25.00,7.00,3.00,1.00,1.00,1.00,4.00,3.00
2025-11-30T16:43:00Z,40.00,10.00,18.00,28.66,25.00,7.00,3.00,1.00,1.00,1.00,4.00,3.00
2025-11-30T16:54:00Z,40.00,10.00,18.00,29.00,25.00,7.00,3.00,1.00,1.00,1.00,4.00,3.00
2025-11-30T17:00:00Z,40.00,10.00,18.00,29.00,25.00,7.00,3.00,1.00,1.00,1.00,4.00,3.00
2025-11-30T18:35:00Z,40.00,10.00,18.00,29.00,25.00,7.00,3.00,1.00,1.00,1.00,4.00,3.00
2025-11-30T18:38:00Z,40.00,10.00,18.00,29.00,25.00,7.00,3.00,1.00,1.00,1.00,4.00,3.00
2025-11-30T19:26:00Z,40.00,10.00,18.00,29.00,25.00,7.00,3.00,1.00,1.00,1.00,4.00,3.00
2025-11-30T20:26:00Z,40.00,10.00,16.00,29.00,25.00,7.00,3.00,1.00,1.00,1.00,4.00,3.00
2025-11-30T20:31:00Z,40.00,12.00,16.00,29.00,25.00,7.00,3.00,1.00,1.00,1.00,4.00,3.00
2025-11-30T20:36:00Z,40.00,12.00,17.00,29.00,25.00,7.00,3.00,1.00,1.00,1.00,4.00,3.00
2025-11-30T21:01:00Z,40.00,12.00,17.00,28.00,25.00,7.00,3.00,1.00,1.00,1.00,4.00,3.00
2025-11-30T21:35:00Z,40.00,12.00,17.00,28.00,25.00,7.00,3.00,1.00,1.00,1.00,4.00,3.00
2025-11-30T21:36:00Z,40.00,12.00,18.00,28.00,25.00,7.00,3.00,1.00,1.00,1.00,4.00,3.00
2025-11-30T21:59:00Z,40.00,12.00,18.00,28.00,25.00,7.00,3.00,1.00,1.00,1.00,4.00,3.00
2025-11-30T23:05:00Z,40.00,12.00,13.56,28.00,25.00,7.00,3.00,1.00,1.00,1.00,4.00,3.00
2025-12-01T00:03:00Z,40.00,12.00,13.56,28.00,25.00,7.00,3.00,1.00,1.00,1.00,4.00,3.00
2025-12-01T00:39:00Z,40.00,12.00,13.56,28.00,25.00,7.00,3.00,1.00,1.00,1.00,4.00,3.00
2025-12-01T00:59:00Z,40.00,12.00,13.56,30.00,25.00,7.00,3.00,1.00,1.00,1.00,4.00,3.00
2025-12-01T02:07:00Z,40.00,12.00,13.56,30.00,25.00,7.00,3.00,1.00,1.00,1.00,4.00,3.00
2025-12-01T05:09:00Z,40.00,12.00,13.56,30.00,19.00,7.00,3.00,1.00,1.00,1.00,4.00,3.00
2025-12-01T06:06:00Z,40.00,11.00,13.56,30.00,19.00,7.00,3.00,1.00,1.00,1.00,4.00,3.00
2025-12-01T06:20:00Z,40.00,11.00,16.00,30.00,19.00,7.00,3.00,1.00,1.00,1.00,4.00,3.00
2025-12-01T06:31:00Z,40.00,11.00,16.00,30.00,19.00,7.00,3.00,1.00,1.00,1.00,4.00,3.00
2025-12-01T08:54:00Z,40.00,11.00,16.00,27.00,19.00,7.00,3.00,1.00,1.00,1.00,4.00,3.00
2025-12-01T09:51:00Z,40.00,11.00,17.00,27.00,19.00,7.00,3.00,1.00,1.00,1.00,4.00,3.00
2025-12-01T15:35:00Z,40.00,11.00,17.00,27.00,24.00,7.00,3.00,1.00,1.00,1.00,4.00,3.00
2025-12-01T15:47:00Z,40.00,11.00,17.00,27.00,24.00,7.00,3.00,1.00,1.00,1.00,4.00,3.00
2025-12-01T16:56:00Z,40.00,11.00,17.00,30.00,24.00,7.00,3.00,1.00,1.00,1.00,4.00,3.00
2025-12-01T17:32:00Z,40.00,11.00,17.00,26.00,24.00,7.00,3.00,1.00,1.00,1.00,4.00,3.00
2025-12-01T18:03:00Z,40.00,11.00,17.00,30.00,24.00,7.00,3.00,1.00,1.00,1.00,4.00,3.00
2025-12-01T19:05:00Z,40.00,11.00,17.00,30.00,17.00,7.00,3.00,1.00,1.00,1.00,4.00,3.00
2025-12-01T19:06:00Z,40.00,11.00,18.00,30.00,17.00,7.00,3.00,1.00,1.00,1.00,4.00,3.00
2025-12-01T19:07:00Z,40.00,11.00,18.00,30.00,17.00,7.00,3.00,1.00,1.00,1.00,4.00,3.00
2025-12-01T19:16:00Z,40.00,11.00,18.00,30.00,17.00,7.00,3.00,1.00,1.00,1.00,4.00,3.00
2025-12-01T19:17:00Z,40.00,11.00,18.00,30.00,17.00,7.00,3.00,1.00,1.00,1.00,4.00,3.00
2025-12-01T20:10:00Z,40.00,11.00,18.00,30.00,17.00,7.00,3.00,1.00,1.00,1.00,4.00,3.00
2025-12-01T20:16:00Z,40.00,11.00,18.00,30.00,17.00,7.00,7.00,1.00,1.00,1.00,4.00,3.00
2025-12-01T20:17:00Z,40.00,11.00,18.00,30.00,17.00,7.00,7.00,1.00,1.00,1.00,4.00,3.00
2025-12-01T21:54:00Z,40.00,11.00,18.00,30.00,17.00,7.00,7.00,1.00,1.00,1.00,4.00,3.00
2025-12-01T22:38:00Z,40.00,11.00,18.00,29.67,17.00,7.00,7.00,1.00,1.00,1.00,4.00,3.00
2025-12-01T23:02:00Z,40.00,11.00,18.00,29.67,17.00,7.00,7.00,1.00,1.00,1.00,4.00,3.00
2025-12-01T23:29:00Z,40.00,11.00,18.00,30.00,17.00,7.00,7.00,1.00,1.00,1.00,4.00,3.00
2025-12-02T00:42:00Z,40.00,11.00,18.00,30.00,17.00,7.00,7.00,1.00,1.00,1.00,4.00,3.00
2025-12-02T01:41:00Z,40.00,11.00,18.00,30.00,17.00,7.00,7.00,1.00,1.00,1.00,4.00,3.00
2025-12-02T02:22:00Z,40.00,11.00,17.00,30.00,17.00,7.00,7.00,1.00,1.00,1.00,4.00,3.00
2025-12-02T03:19:00Z,40.00,11.00,17.00,30.00,17.00,7.00,7.00,1.00,1.00,1.00,4.00,3.00
2025-12-02T04:07:00Z,40.00,11.00,17.00,30.00,17.00,7.00,6.00,1.00,1.00,1.00,4.00,3.00
2025-12-02T04:08:00Z,40.00,11.00,17.00,30.00,17.00,7.00,6.00,1.00,1.00,1.00,4.00,3.00
2025-12-02T04:38:00Z,40.00,11.00,18.00,30.00,17.00,7.00,6.00,1.00,1.00,1.00,4.00,3.00
2025-12-02T04:44:00Z,40.00,11.00,18.00,30.00,17.00,7.00,6.00,1.00,1.00,1.00,4.00,3.00
2025-12-02T04:47:00Z,40.00,11.00,18.00,30.00,17.00,7.00,6.00,1.00,1.00,1.00,4.00,3.00
2025-12-02T05:27:00Z,40.00,11.00,18.00,31.00,17.00,7.00,6.00,1.00,1.00,1.00,4.00,3.00
2025-12-02T05:34:00Z,40.00,11.00,18.00,31.00,17.00,7.00,6.00,1.00,1.00,1.00,4.00,3.00
2025-12-02T05:39:00Z,40.00,11.00,18.00,31.00,17.00,7.00,6.00,1.00,1.00,1.00,4.00,3.00
2025-12-02T09:08:00Z,40.00,11.00,18.00,31.00,17.00,7.00,6.00,1.00,1.00,1.00,4.00,3.00
2025-12-02T09:43:00Z,24.00,11.00,18.00,31.00,17.00,7.00,6.00,1.00,1.00,1.00,4.00,3.00
2025-12-02T10:26:00Z,24.00,11.00,18.00,31.00,17.00,7.00,6.00,1.00,1.00,1.00,4.00,3.00
2025-12-02T10:27:00Z,24.90,11.00,18.00,31.00,17.00,7.00,6.00,1.00,1.00,1.00,4.00,3.00
2025-12-02T11:59:00Z,25.00,11.00,18.00,31.00,17.00,7.00,6.00,1.00,1.00,1.00,4.00,3.00
2025-12-02T12:38:00Z,25.00,11.00,18.00,31.00,17.00,7.00,6.00,1.00,1.00,1.00,4.00,3.00
2025-12-02T12:52:00Z,25.00,11.00,18.00,31.00,17.00,7.00,6.00,1.00,1.00,1.00,4.00,3.00
2025-12-02T13:06:00Z,25.00,11.00,18.00,31.00,17.00,7.00,6.00,1.00,1.00,1.00,4.00,3.00
2025-12-02T14:14:00Z,25.00,11.00,18.00,31.00,17.00,7.00,6.00,1.00,1.00,1.00,4.00,3.00
2025-12-02T14:21:00Z,25.00,11.00,18.00,31.00,17.00,7.00,6.00,1.00,1.00,1.00,4.00,3.00
2025-12-02T14:22:00Z,25.00,11.00,18.00,31.00,17.00,7.00,6.00,1.00,1.00,1.00,4.00,3.00
2025-12-02T14:23:00Z,22.00,11.00,18.00,31.00,17.00,7.00,6.00,1.00,1.00,1.00,4.00,3.00
2025-12-02T14:25:00Z,22.00,11.00,18.00,31.00,17.00,7.00,6.00,1.00,1.00,1.00,4.00,3.00
2025-12-02T14:28:00Z,22.00,11.00,18.00,31.00,17.00,7.00,6.00,1.00,1.00,1.00,4.00,3.00
2025-12-02T14:29:00Z,24.52,11.00,18.00,31.00,17.00,7.00,6.00,1.00,1.00,1.00,4.00,3.00
2025-12-02T14:33:00Z,22.00,11.00,18.00,31.00,17.00,7.00,6.00,1.00,1.00,1.00,4.00,3.00
2025-12-02T14:43:00Z,21.00,11.00,18.00,31.00,17.00,7.00,6.00,1.00,1.00,1.00,4.00,3.00
2025-12-02T14:49:00Z,21.00,11.00,18.00,31.00,17.00,7.00,6.00,1.00,1.00,1.00,4.00,3.00
2025-12-02T14:53:00Z,21.00,11.00,18.00,31.00,17.00,7.00,6.00,1.00,1.00,1.00,4.00,3.00
2025-12-02T15:03:00Z,21.00,11.00,17.00,31.00,17.00,7.00,6.00,1.00,1.00,1.00,4.00,3.00
2025-12-02T15:04:00Z,21.00,11.00,17.00,31.00,17.00,7.00,6.00,1.00,1.00,1.00,4.00,3.00
2025-12-02T15:16:00Z,23.00,11.00,17.00,31.00,17.00,7.00,6.00,1.00,1.00,1.00,4.00,3.00
2025-12-02T15:25:00Z,23.00,11.00,17.00,31.00,17.00,7.00,6.00,1.00,1.00,1.00,4.00,3.00
2025-12-02T15:27:00Z,22.00,11.00,17.00,31.00,17.00,7.00,6.00,1.00,1.00,1.00,4.00,3.00
2025-12-02T15:47:00Z,23.00,11.00,17.00,31.00,17.00,5.00,6.00,1.00,1.00,1.00,4.00,3.00
2025-12-02T15:57:00Z,23.00,11.00,17.00,31.00,17.00,5.00,2.00,1.00,1.00,1.00,4.00,3.00
2025-12-02T15:58:00Z,23.00,11.00,17.00,31.00,20.00,4.00,2.00,1.00,1.00,1.00,4.00,3.00
2025-12-02T16:03:00Z,23.00,11.00,17.00,31.00,20.00,4.00,2.00,1.00,1.00,1.00,4.00,3.00
2025-12-02T16:23:00Z,25.00,11.00,17.00,31.00,20.00,4.00,2.00,1.00,1.00,1.00,4.00,3.00
2025-12-02T16:24:00Z,25.00,11.00,17.00,31.00,20.00,4.00,2.00,1.00,1.00,1.00,4.00,3.00
2025-12-02T16:33:00Z,25.00,11.00,19.00,31.00,20.00,4.00,2.00,1.00,1.00,1.00,4.00,3.00
2025-12-02T16:36:00Z,25.00,11.00,19.00,31.00,20.00,5.00,2.00,1.00,1.00,1.00,4.00,3.00
2025-12-02T16:37:00Z,25.00,11.00,19.00,31.00,20.00,5.00,2.00,1.00,1.00,1.00,4.00,3.00
2025-12-02T17:39:00Z,25.00,11.00,19.00,31.00,20.00,5.00,2.00,1.00,1.00,1.00,4.00,3.00
2025-12-02T17:44:00Z,25.00,11.00,19.00,31.00,20.00,4.00,2.00,1.00,1.00,1.00,4.00,3.00
2025-12-02T18:08:00Z,25.00,11.00,19.00,31.00,20.00,4.00,2.00,1.00,1.00,1.00,4.00,3.00
2025-12-02T18:10:00Z,25.00,11.00,19.00,31.00,20.00,4.00,2.00,1.00,1.00,1.00,4.00,3.00
2025-12-02T18:13:00Z,25.00,11.00,19.00,30.00,20.00,4.00,2.00,1.00,1.00,1.00,4.00,3.00
2025-12-02T18:17:00Z,25.00,11.00,16.00,30.00,20.00,4.00,2.00,1.00,1.00,1.00,4.00,3.00
2025-12-02T18:18:00Z,25.00,11.00,16.00,30.00,20.00,4.00,2.00,1.00,1.00,1.00,4.00,3.00
2025-12-02T18:31:00Z,25.00,11.00,15.01,30.00,20.00,4.00,2.00,1.00,1.00,1.00,4.00,3.00
2025-12-02T18:40:00Z,24.00,11.00,15.01,30.00,20.00,4.00,2.00,1.00,1.00,1.00,4.00,3.00
2025-12-02T19:12:00Z,25.00,11.00,15.01,30.00,20.00,4.00,2.00,1.00,1.00,1.00,4.00,3.00
2025-12-02T19:33:00Z,26.00,11.00,15.01,30.00,20.00,4.00,2.00,1.00,1.00,1.00,4.00,3.00
2025-12-02T19:53:00Z,26.00,11.00,15.01,30.00,20.00,4.00,2.00,1.00,1.00,1.00,4.00,3.00
2025-12-02T19:55:00Z,25.00,9.80,14.00,29.00,20.00,4.00,2.00,1.00,1.00,1.00,4.00,2.00
2025-12-02T20:16:00Z,26.00,9.80,14.00,29.00,20.00,4.00,2.00,1.00,1.00,1.00,4.00,2.00
2025-12-02T20:43:00Z,26.00,9.80,14.00,33.00,20.00,4.00,2.00,1.00,1.00,1.00,4.00,2.00
2025-12-02T20:47:00Z,26.00,9.80,14.00,33.00,20.00,4.00,2.00,1.00,1.00,1.00,4.00,2.00
2025-12-02T20:50:00Z,26.00,9.80,14.00,33.00,20.00,4.00,2.00,1.00,1.00,1.00,4.00,2.00
2025-12-02T20:57:00Z,26.00,9.80,14.00,33.00,20.00,4.00,2.00,1.00,1.00,1.00,4.00,2.00
2025-12-02T20:59:00Z,25.00,9.80,14.00,33.00,20.00,4.00,2.00,1.00,1.00,1.00,4.00,2.00
2025-12-02T21:34:00Z,25.00,9.80,14.00,33.00,20.00,4.00,2.00,1.00,1.00,1.00,4.00,2.00
2025-12-02T21:53:00Z,25.00,9.80,14.00,33.00,20.00,4.00,2.00,1.00,1.00,1.00,4.00,2.00
2025-12-02T22:08:00Z,25.00,9.80,14.00,33.00,19.00,4.00,2.00,1.00,1.00,1.00,4.00,2.00
2025-12-02T22:09:00Z,25.00,9.37,14.00,29.46,19.00,4.00,2.00,1.00,1.00,1.00,4.00,2.00
2025-12-02T22:33:00Z,25.00,11.00,14.00,29.46,19.00,4.00,2.00,1.00,1.00,1.00,4.00,2.00
2025-12-02T23:03:00Z,22.00,11.00,14.00,29.46,19.00,4.00,2.00,1.00,1.00,1.00,4.00,2.00
2025-12-02T23:17:00Z,21.00,11.00,14.00,29.46,19.00,4.00,2.00,1.00,1.00,1.00,4.00,2.00
2025-12-02T23:46:00Z,21.00,11.00,15.00,29.46,19.00,4.00,2.00,1.00,1.00,1.00,4.00,2.00
2025-12-03T00:02:00Z,21.00,11.00,15.00,29.46,19.00,4.00,2.00,1.00,1.00,1.00,4.00,2.00
2025-12-03T00:09:00Z,21.00,9.36,15.00,29.46,19.00,4.00,2.00,1.00,1.00,1.00,4.00,2.00
2025-12-03T00:23:00Z,21.00,9.36,15.00,29.46,19.00,4.00,2.00,1.00,1.00,1.00,4.00,2.00
2025-12-03T00:28:00Z,22.00,9.36,15.00,29.46,19.00,4.00,2.00,1.00,1.00,1.00,4.00,2.00
2025-12-03T00:45:00Z,22.00,11.00,15.00,29.46,19.00,4.00,2.00,1.00,1.00,1.00,4.00,2.00
2025-12-03T00:47:00Z,22.00,11.00,15.00,32.00,19.00,4.00,2.00,1.00,1.00,1.00,4.00,2.00
2025-12-03T00:49:00Z,22.00,9.08,15.00,32.00,19.00,4.00,2.00,1.00,1.00,1.00,4.00,2.00
2025-12-03T00:53:00Z,22.00,9.08,15.00,32.00,19.00,4.00,2.00,1.00,1.00,1.00,4.00,2.00
2025-12-03T00:54:00Z,22.00,9.08,15.00,32.00,21.00,4.00,2.00,1.00,1.00,1.00,4.00,2.00
2025-12-03T01:03:00Z,22.00,9.08,15.00,32.00,21.00,4.00,2.00,1.00,1.00,1.00,4.00,2.00
2025-12-03T01:04:00Z,22.00,9.08,15.00,32.00,21.00,4.00,2.00,1.00,1.00,1.00,4.00,2.00
2025-12-03T01:07:00Z,21.00,9.08,15.00,32.00,21.00,4.00,2.00,1.00,1.00,1.00,4.00,2.00
2025-12-03T01:25:00Z,21.00,9.08,15.00,29.41,20.00,4.00,2.00,1.00,1.00,1.00,4.00,2.00
2025-12-03T01:31:00Z,22.00,9.08,15.00,29.41,20.00,4.00,2.00,1.00,1.00,1.00,4.00,2.00
2025-12-03T01:55:00Z,22.00,9.08,15.00,29.41,20.00,4.00,2.00,1.00,1.00,1.00,4.00,2.00
2025-12-03T02:22:00Z,22.00,9.08,15.00,32.00,20.00,4.00,2.00,1.00,1.00,1.00,4.00,2.00
2025-12-03T02:52:00Z,22.00,9.08,15.00,32.00,20.00,4.00,2.00,1.00,1.00,1.00,4.00,2.00
2025-12-03T03:46:00Z,22.00,9.08,15.00,32.00,20.00,4.00,2.00,1.00,1.00,1.00,4.00,2.00
2025-12-03T03:47:00Z,22.00,9.08,15.00,32.00,20.00,4.00,2.00,1.00,1.00,1.00,4.00,2.00
2025-12-03T04:00:00Z,22.00,9.08,15.00,32.00,20.00,4.00,2.00,1.00,1.00,1.00,4.00,2.00
2025-12-03T04:01:00Z,22.00,9.08,15.00,32.00,20.00,4.00,2.00,1.00,1.00,1.00,4.00,2.00
2025-12-03T04:11:00Z,22.00,9.08,19.00,32.00,20.00,4.00,2.00,1.00,1.00,1.00,4.00,2.00
2025-12-03T04:12:00Z,20.54,10.00,19.00,32.00,20.00,3.69,2.00,1.00,1.00,1.00,4.00,2.00
2025-12-03T04:37:00Z,20.54,10.00,19.00,32.00,20.00,3.69,3.00,1.00,1.00,1.00,4.00,2.00
2025-12-03T04:42:00Z,22.00,10.00,19.00,32.00,20.00,3.69,3.00,1.00,1.00,1.00,4.00,2.00
2025-12-03T05:01:00Z,22.00,10.00,19.00,32.00,20.00,3.69,3.00,1.00,1.00,1.00,4.00,2.00
2025-12-03T05:16:00Z,22.00,10.00,20.00,32.00,20.00,3.69,3.00,1.00,1.00,1.00,4.00,2.00
2025-12-03T06:26:00Z,22.00,10.00,20.00,32.00,20.00,3.69,3.00,1.00,1.00,1.00,4.00,2.00
2025-12-03T06:33:00Z,22.00,10.00,20.00,32.00,20.00,3.69,3.00,1.00,1.00,1.00,4.00,2.00
2025-12-03T06:43:00Z,22.00,10.00,20.00,32.00,20.00,3.69,3.00,1.00,1.00,1.00,4.00,2.00
2025-12-03T07:04:00Z,22.00,10.00,20.00,32.00,20.00,3.69,3.00,1.00,1.00,1.00,4.00,2.00
2025-12-03T07:17:00Z,21.42,10.00,19.00,32.00,20.00,2.00,2.00,1.00,1.00,1.00,4.00,2.00
2025-12-03T07:58:00Z,20.00,10.00,19.00,32.00,20.00,2.00,2.00,1.00,1.00,1.00,4.00,2.00
2025-12-03T07:59:00Z,20.00,10.00,19.00,32.00,20.00,3.00,1.00,1.00,1.00,1.00,4.00,2.00
2025-12-03T08:02:00Z,24.00,11.00,19.00,32.00,20.00,3.00,1.00,1.00,1.00,1.00,4.00,2.00
2025-12-03T08:07:00Z,24.00,11.00,19.00,32.00,20.00,3.00,1.00,1.00,1.00,1.00,4.00,2.00
2025-12-03T08:12:00Z,24.00,11.00,19.00,32.00,20.00,3.00,1.00,1.00,1.00,1.00,4.00,2.00
2025-12-03T08:21:00Z,20.00,11.00,19.00,32.00,20.00,3.00,1.00,1.00,1.00,1.00,4.00,2.00
2025-12-03T08:29:00Z,20.00,11.00,19.00,32.00,20.00,5.00,1.00,1.00,1.00,1.00,4.00,2.00
2025-12-03T08:37:00Z,25.00,11.00,19.00,32.00,20.00,5.00,1.00,1.00,1.00,1.00,4.00,2.00
2025-12-03T09:46:00Z,25.00,11.00,19.00,32.00,20.00,5.00,1.00,1.00,1.00,1.00,4.00,2.00
2025-12-03T09:52:00Z,25.00,11.00,19.00,32.00,20.00,5.00,1.00,1.00,1.00,1.00,4.00,2.00
2025-12-03T09:55:00Z,25.00,11.00,19.00,32.00,20.00,5.00,1.00,1.00,1.00,1.00,4.00,2.00
2025-12-03T12:02:00Z,25.00,11.00,18.00,32.00,20.00,5.00,1.00,1.00,1.00,1.00,4.00,2.00
2025-12-03T12:04:00Z,25.00,11.00,18.00,32.00,20.00,5.00,1.00,1.00,1.00,1.00,4.00,2.00
2025-12-03T12:44:00Z,22.00,11.00,18.00,32.00,20.00,5.00,1.00,1.00,1.00,1.00,4.00,2.00
2025-12-03T12:47:00Z,22.00,11.00,18.00,32.00,20.00,5.00,1.00,1.00,1.00,1.00,4.00,2.00
2025-12-03T12:53:00Z,22.00,11.00,18.00,32.00,20.00,5.00,1.00,1.00,1.00,1.00,4.00,2.00
2025-12-03T13:08:00Z,22.00,11.00,17.00,32.00,20.00,5.00,1.00,1.00,1.00,1.00,4.00,2.00
2025-12-03T13:09:00Z,22.00,11.00,17.00,29.00,20.00,5.00,1.00,1.00,1.00,1.00,4.00,2.00
2025-12-03T13:22:00Z,22.00,11.00,17.00,29.00,20.00,5.00,1.00,1.00,1.00,1.00,4.00,2.00
2025-12-03T13:23:00Z,22.00,11.00,17.00,29.00,20.00,5.00,3.51,1.00,1.00,1.00,4.00,2.00
2025-12-03T13:32:00Z,25.00,11.00,17.00,29.00,20.00,5.00,3.51,1.00,1.00,1.00,4.00,2.00
2025-12-03T13:42:00Z,25.00,11.00,17.00,29.00,20.00,5.00,3.51,1.00,1.00,1.00,4.00,2.00
2025-12-03T13:49:00Z,25.00,11.00,17.00,29.00,20.00,5.00,3.51,1.00,1.00,1.00,4.00,2.00
2025-12-03T14:03:00Z,25.00,11.00,17.00,29.00,20.00,2.41,3.51,1.00,1.00,1.00,4.00,2.00
2025-12-03T14:13:00Z,25.00,11.00,17.00,29.00,20.00,2.41,3.51,1.00,1.00,1.00,4.00,2.00
2025-12-03T14:15:00Z,25.00,11.00,17.00,32.00,20.00,2.41,3.51,1.00,1.00,1.00,4.00,2.00
2025-12-03T14:27:00Z,25.00,11.00,17.00,32.00,20.00,2.41,3.51,1.00,1.00,1.00,4.00,2.00
2025-12-03T14:44:00Z,25.00,11.00,17.00,29.00,20.00,2.41,3.51,1.00,1.00,1.00,4.00,2.00
2025-12-03T14:53:00Z,22.00,11.00,17.00,29.00,20.00,2.41,3.51,1.00,1.00,1.00,4.00,2.00
2025-12-03T14:54:00Z,22.00,11.00,17.00,29.00,20.00,2.41,3.51,1.00,1.00,1.00,4.00,2.00
2025-12-03T15:03:00Z,23.00,11.00,17.00,29.00,20.00,2.41,3.51,1.00,1.00,1.00,4.00,2.00
2025-12-03T15:10:00Z,23.00,11.00,17.00,29.00,20.00,2.41,3.51,1.00,1.00,1.00,4.00,2.00
2025-12-03T15:14:00Z,24.00,11.00,17.00,29.00,20.00,2.41,3.51,1.00,1.00,1.00,4.00,2.00
2025-12-03T15:19:00Z,24.00,11.00,16.00,29.00,20.00,2.41,3.51,1.00,1.00,1.00,4.00,2.00
2025-12-03T15:20:00Z,24.00,11.00,16.00,29.00,20.00,2.41,3.51,1.00,1.00,1.00,4.00,2.00
2025-12-03T15:24:00Z,25.00,11.00,16.00,29.00,20.00,2.41,3.51,1.00,1.00,1.00,4.00,2.00
2025-12-03T15:27:00Z,25.00,11.00,16.00,29.00,20.00,2.41,3.51,1.00,1.00,1.00,4.00,2.00
2025-12-03T15:50:00Z,25.00,11.00,16.00,29.00,20.00,2.41,3.51,1.00,1.00,1.00,4.00,2.00
2025-12-03T15:53:00Z,25.00,11.00,16.00,29.00,20.00,2.41,3.51,1.00,1.00,1.00,4.00,2.00
2025-12-03T16:21:00Z,24.00,11.00,16.00,29.00,20.00,2.41,3.51,1.00,1.00,1.00,4.00,2.00
2025-12-03T16:26:00Z,24.00,11.00,16.00,29.00,20.00,2.41,3.51,2.83,1.00,1.00,4.00,2.00
2025-12-03T16:53:00Z,25.00,11.00,16.00,29.00,20.00,2.41,3.51,2.83,1.00,1.00,4.00,2.00
2025-12-03T16:55:00Z,25.00,11.00,16.00,29.00,20.00,2.41,3.51,2.83,1.00,1.00,4.00,2.00
2025-12-03T16:57:00Z,25.00,11.00,16.00,29.00,20.00,2.41,3.51,2.83,1.00,1.00,4.00,2.00
2025-12-03T17:06:00Z,25.00,11.00,16.00,29.00,20.00,2.41,3.51,2.83,1.00,1.00,4.00,2.00
2025-12-03T17:07:00Z,25.00,11.00,16.00,29.00,20.00,2.41,3.51,1.42,1.00,1.00,4.00,2.00
2025-12-03T17:10:00Z,25.00,11.00,17.00,29.00,20.00,2.41,3.51,1.42,1.00,1.00,4.00,2.00
2025-12-03T17:30:00Z,26.00,11.00,17.00,29.00,20.00,2.41,3.51,1.42,1.00,1.00,4.00,2.00
2025-12-03T18:39:00Z,26.00,11.00,17.00,29.00,20.00,2.41,3.51,1.42,1.00,1.00,4.00,2.00
2025-12-03T19:14:00Z,25.00,11.00,17.00,29.00,20.00,2.41,3.51,1.42,1.00,1.00,4.00,2.00
2025-12-03T19:34:00Z,25.00,11.00,17.00,29.00,21.00,2.41,3.51,1.42,1.00,1.00,4.00,2.00
2025-12-03T19:51:00Z,25.00,12.00,17.00,29.00,21.00,2.41,3.51,1.42,1.00,1.00,4.00,2.00
2025-12-03T20:10:00Z,24.00,12.00,17.00,29.00,21.00,2.41,3.51,1.42,1.00,1.00,4.00,2.00
2025-12-03T20:25:00Z,24.00,11.00,17.00,29.00,21.00,2.41,3.51,1.42,1.00,1.00,4.00,2.00
2025-12-03T20:42:00Z,24.00,11.00,17.00,32.00,21.00,2.41,3.51,1.42,1.00,1.00,4.00,2.00
2025-12-03T20:49:00Z,24.00,11.00,17.00,32.00,21.00,3.00,3.51,1.42,1.00,1.00,4.00,2.00
2025-12-03T20:50:00Z,24.00,11.00,17.00,32.00,21.00,2.14,3.51,1.42,1.00,1.00,4.00,2.00
2025-12-03T20:54:00Z,24.00,11.00,17.00,32.00,21.00,2.14,3.51,1.42,1.00,1.00,4.00,2.00
2025-12-03T20:55:00Z,23.21,11.00,17.00,32.00,21.00,2.14,3.51,1.42,1.00,1.00,4.00,2.00
2025-12-03T20:56:00Z,23.21,11.00,17.00,27.00,20.00,2.14,3.51,1.42,1.00,1.00,4.00,2.00
2025-12-03T21:04:00Z,25.00,11.00,17.00,27.00,20.00,2.14,3.51,1.42,1.00,1.00,4.00,2.00
2025-12-03T21:12:00Z,25.00,11.00,17.00,27.00,20.00,2.14,3.51,1.42,1.00,1.00,4.00,2.00
2025-12-03T21:18:00Z,25.00,11.00,17.00,27.00,20.00,2.14,3.51,1.42,1.00,1.00,4.00,2.00
2025-12-03T21:20:00Z,25.00,11.00,17.00,27.00,21.00,2.14,3.51,1.42,1.00,1.00,4.00,2.00
2025-12-03T21:21:00Z,25.00,11.00,17.00,27.00,21.00,2.14,3.51,1.42,1.00,1.00,4.00,2.00
2025-12-03T21:24:00Z,24.00,11.00,17.00,27.00,21.00,2.14,3.51,1.42,1.00,1.00,4.00,2.00
2025-12-03T21:28:00Z,25.00,11.00,17.00,27.00,21.00,2.14,3.51,1.42,1.00,1.00,4.00,2.00
2025-12-03T21:30:00Z,24.00,12.00,16.00,27.00,20.00,3.00,1.00,2.00,1.00,1.00,4.00,2.00
2025-12-03T21:39:00Z,24.00,10.27,16.00,27.00,20.00,3.00,1.00,2.00,1.00,1.00,4.00,2.00
2025-12-03T21:40:00Z,24.00,9.00,16.00,27.00,20.00,3.00,1.00,2.00,1.00,1.00,4.00,2.00
2025-12-03T21:57:00Z,24.00,9.00,16.00,27.00,20.00,3.00,1.00,2.00,1.00,1.00,4.00,2.00
2025-12-03T22:16:00Z,24.00,9.00,17.00,27.00,20.00,3.00,1.00,2.00,1.00,1.00,4.00,2.00
2025-12-03T22:22:00Z,24.00,9.00,17.00,26.00,20.00,3.00,1.00,2.00,1.00,1.00,4.00,2.00
2025-12-03T22:23:00Z,23.00,9.00,17.00,26.00,20.00,3.00,1.00,2.00,1.00,1.00,4.00,2.00
2025-12-03T22:24:00Z,25.00,9.00,17.00,26.00,20.00,3.00,1.00,2.00,1.00,1.00,4.00,2.00
2025-12-03T23:02:00Z,23.00,9.00,17.00,26.00,20.00,3.00,1.00,2.00,1.00,1.00,4.00,2.00
2025-12-03T23:10:00Z,23.00,9.00,17.00,26.00,20.00,1.69,1.00,2.00,1.00,1.00,4.00,2.00
2025-12-03T23:32:00Z,25.00,9.00,17.00,26.00,20.00,1.69,1.00,2.00,1.00,1.00,4.00,2.00
2025-12-03T23:38:00Z,23.30,9.00,17.00,26.00,20.00,1.69,1.00,2.00,1.00,1.00,4.00,2.00
2025-12-03T23:39:00Z,23.30,9.00,17.00,26.00,22.00,1.69,1.00,2.00,1.00,1.00,4.00,2.00
2025-12-03T23:41:00Z,23.07,9.00,17.00,26.00,22.00,1.69,1.00,2.00,1.00,1.00,4.00,2.00
2025-12-03T23:46:00Z,23.00,9.00,17.00,26.00,22.00,1.69,1.00,2.00,1.00,1.00,4.00,2.00
2025-12-03T23:47:00Z,23.00,9.00,17.00,31.33,22.30,1.69,1.00,2.00,1.00,1.00,4.00,2.00
2025-12-03T23:51:00Z,25.00,9.00,17.00,31.33,22.30,1.69,1.00,2.00,1.00,1.00,4.00,2.00
2025-12-04T00:02:00Z,26.00,9.00,17.00,31.33,22.30,1.69,1.00,2.00,1.00,1.00,4.00,2.00
2025-12-04T00:29:00Z,26.00,9.00,17.00,31.33,22.30,1.69,1.00,2.00,1.00,1.00,4.00,2.00
2025-12-04T01:35:00Z,24.00,9.86,16.00,32.00,19.78,2.00,1.00,1.86,1.00,1.00,4.00,2.00
2025-12-04T01:46:00Z,25.00,9.86,16.00,32.00,19.78,2.00,1.00,1.86,1.00,1.00,4.00,2.00
2025-12-04T02:02:00Z,26.00,9.86,16.00,32.00,19.78,2.00,1.00,1.86,1.00,1.00,4.00,2.00
2025-12-04T02:07:00Z,26.00,9.86,16.00,32.00,19.78,4.00,1.00,1.86,1.00,1.00,4.00,2.00
2025-12-04T02:28:00Z,26.00,9.86,16.00,32.00,19.78,4.00,1.00,1.86,1.00,1.00,4.00,2.00
2025-12-04T03:14:00Z,26.00,9.86,17.00,32.00,19.78,4.00,1.00,1.86,1.00,1.00,4.00,2.00
2025-12-04T03:32:00Z,24.00,9.86,17.00,32.00,19.78,4.00,1.00,1.86,1.00,1.00,4.00,2.00
2025-12-04T03:37:00Z,24.00,9.86,17.00,32.00,22.00,4.00,1.00,1.86,1.00,1.00,4.00,2.00
2025-12-04T03:38:00Z,24.00,12.00,17.00,33.00,22.00,4.00,1.00,1.86,1.00,1.00,4.00,2.00
2025-12-04T03:49:00Z,26.00,12.00,17.00,33.00,22.00,4.00,1.00,1.86,1.00,1.00,4.00,2.00
2025-12-04T04:01:00Z,25.00,12.00,17.00,33.00,22.00,4.00,1.00,1.86,1.00,1.00,4.00,2.00
2025-12-04T04:10:00Z,25.00,12.00,17.00,33.00,22.00,4.00,1.00,1.86,1.00,1.00,4.00,2.00
2025-12-04T04:11:00Z,25.00,12.00,17.00,33.00,22.00,4.00,1.00,1.86,1.00,1.00,4.00,2.00
2025-12-04T04:14:00Z,26.00,12.00,17.00,33.00,22.00,4.00,1.00,1.86,1.00,1.00,4.00,2.00
2025-12-04T04:51:00Z,24.91,12.00,17.00,33.00,22.00,4.00,1.00,1.86,1.00,1.00,4.00,2.00
2025-12-04T05:21:00Z,24.91,12.00,17.00,32.00,22.00,4.00,1.00,1.86,1.00,1.00,4.00,2.00
2025-12-04T06:01:00Z,26.00,12.00,17.00,32.00,22.00,4.00,1.00,1.86,1.00,1.00,4.00,2.00
2025-12-04T07:07:00Z,26.00,12.00,17.00,32.00,22.00,4.00,1.00,1.86,1.00,1.00,4.00,2.00
2025-12-04T07:08:00Z,26.00,12.00,17.00,32.00,22.00,4.00,1.00,1.86,1.00,1.00,4.00,2.00
2025-12-04T07:49:00Z,26.00,12.00,17.00,32.00,22.00,4.00,1.00,1.86,1.00,1.00,4.00,2.00
2025-12-04T07:50:00Z,26.00,12.00,17.00,32.00,22.00,4.00,1.00,1.86,1.00,1.00,4.00,2.00
2025-12-04T07:51:00Z,26.00,12.00,17.00,33.00,22.00,4.00,1.00,1.86,1.00,1.00,4.00,2.00
2025-12-04T10:41:00Z,25.00,12.00,17.00,33.00,22.00,4.00,1.00,1.86,1.00,1.00,4.00,2.00
2025-12-04T10:43:00Z,25.92,12.00,17.00,33.00,22.00,4.00,1.00,1.86,1.00,1.00,4.00,2.00
2025-12-04T10:44:00Z,25.92,12.81,19.00,33.00,22.00,4.00,1.00,1.86,1.00,1.00,4.00,2.00
2025-12-04T10:55:00Z,25.92,12.81,19.00,32.00,22.00,4.00,1.00,1.86,1.00,1.00,4.00,2.00
2025-12-04T13:04:00Z,25.92,12.81,20.00,32.00,22.00,4.00,1.00,1.86,1.00,1.00,4.00,3.00
2025-12-04T13:13:00Z,26.00,12.81,20.00,32.00,22.00,4.00,1.00,1.86,1.00,1.00,4.00,3.00
2025-12-04T13:25:00Z,26.00,12.81,20.00,32.00,24.77,4.00,1.00,1.86,1.00,1.00,4.00,3.00
2025-12-04T14:21:00Z,26.00,12.81,20.00,32.00,25.00,4.00,1.00,1.86,1.00,1.00,4.00,3.00
2025-12-04T14:23:00Z,25.00,12.81,20.00,32.00,25.00,4.00,1.00,1.86,1.00,1.00,4.00,3.00
2025-12-04T14:56:00Z,25.00,12.81,20.00,30.00,25.00,4.00,1.00,1.86,1.00,1.00,4.00,3.00
2025-12-04T14:57:00Z,24.00,8.00,16.68,30.00,24.00,2.00,1.00,1.00,1.00,1.00,4.00,1.00
2025-12-04T14:58:00Z,24.00,8.00,17.00,30.00,23.00,2.00,1.00,1.00,1.00,1.00,4.00,1.00
2025-12-04T15:18:00Z,24.00,8.00,17.00,30.00,23.00,2.00,1.00,1.00,1.00,1.00,4.00,1.00
2025-12-04T15:27:00Z,24.00,8.00,17.00,30.00,23.00,2.00,1.00,1.00,1.00,1.00,4.00,1.00
2025-12-04T15:33:00Z,24.00,8.00,18.00,30.00,23.00,2.00,1.00,1.00,1.00,1.00,4.00,1.00
2025-12-04T15:51:00Z,24.00,8.00,18.00,30.00,23.00,2.00,1.00,1.00,1.00,1.00,4.00,1.00
2025-12-04T15:54:00Z,19.00,8.00,18.00,30.00,23.00,2.00,1.00,1.00,1.00,1.00,4.00,1.00
2025-12-04T15:59:00Z,19.00,8.00,18.00,30.00,23.00,2.00,1.00,1.00,1.00,1.00,4.00,1.00
2025-12-04T16:19:00Z,19.00,8.00,18.00,31.00,23.00,2.00,1.00,1.00,1.00,1.00,4.00,1.00
2025-12-04T16:20:00Z,19.00,8.00,18.00,31.00,27.00,2.00,1.00,1.00,1.00,1.00,4.00,1.00
2025-12-04T16:33:00Z,19.00,8.00,18.00,25.00,27.00,2.00,1.00,1.00,1.00,1.00,4.00,1.00
2025-12-04T16:55:00Z,19.00,8.00,18.00,25.00,24.00,2.00,1.00,1.00,1.00,1.00,4.00,1.00
2025-12-04T17:00:00Z,19.00,8.00,18.00,25.00,24.00,2.00,1.00,1.00,1.00,1.00,4.00,1.00
2025-12-04T17:22:00Z,23.00,8.00,18.00,25.00,24.00,2.00,1.00,1.00,1.00,1.00,4.00,1.00
2025-12-04T18:10:00Z,23.00,8.00,18.94,31.00,24.00,2.00,1.00,1.00,1.00,1.00,4.00,1.00
2025-12-04T18:21:00Z,17.00,8.00,18.94,31.00,24.00,2.00,1.00,1.00,1.00,1.00,4.00,1.00
2025-12-04T18:24:00Z,17.00,8.00,18.94,32.00,24.00,2.00,1.00,1.00,1.00,1.00,4.00,1.00
2025-12-04T18:27:00Z,22.67,8.00,18.94,32.00,24.00,2.00,1.00,1.00,1.00,1.00,4.00,1.00
2025-12-04T18:28:00Z,24.00,8.00,18.94,32.00,24.00,2.00,1.00,1.00,1.00,1.00,4.00,1.00
2025-12-04T18:50:00Z,24.00,8.00,19.00,32.00,24.00,2.00,1.00,1.00,1.00,1.00,4.00,1.00
2025-12-04T19:06:00Z,24.00,8.00,19.00,32.00,24.00,2.00,1.00,1.00,1.00,1.00,4.00,1.00
2025-12-04T19:21:00Z,24.00,8.00,19.00,32.00,24.00,2.00,1.00,1.00,1.00,1.00,4.00,1.00
2025-12-04T19:45:00Z,24.00,8.00,19.00,31.00,24.00,2.00,1.00,1.00,1.00,1.00,4.00,1.00
2025-12-04T20:13:00Z,24.00,8.00,19.00,32.00,24.00,2.00,1.00,1.00,1.00,1.00,4.00,1.00
2025-12-04T20:14:00Z,24.00,8.00,19.00,32.00,24.00,2.00,1.00,1.00,1.00,1.00,4.00,1.00
2025-12-04T20:18:00Z,24.00,8.00,19.00,32.00,24.00,2.00,1.00,1.00,1.00,1.00,4.00,1.00
2025-12-04T20:23:00Z,24.00,8.00,19.00,32.00,24.00,2.00,1.00,1.00,1.00,1.00,4.00,1.00
2025-12-04T20:24:00Z,24.00,8.00,19.00,30.00,24.00,2.00,1.00,1.00,1.00,1.00,4.00,1.00
2025-12-04T20:25:00Z,24.00,8.00,19.00,30.00,24.00,2.00,1.00,1.00,1.00,1.00,4.00,1.00
2025-12-04T20:43:00Z,24.00,8.00,18.00,30.00,24.00,2.00,1.00,1.00,1.00,1.00,4.00,1.00
2025-12-04T20:59:00Z,24.00,8.00,18.00,30.00,24.00,2.00,1.00,1.00,1.00,1.00,4.00,1.00
2025-12-04T21:01:00Z,24.00,8.00,18.00,32.00,24.00,2.00,1.00,1.00,1.00,1.00,4.00,1.00
2025-12-04T21:25:00Z,24.00,8.00,18.00,32.00,24.00,2.00,1.00,1.00,1.00,1.00,4.00,1.00
2025-12-04T21:34:00Z,22.77,8.00,18.00,32.00,24.00,2.00,1.00,1.00,1.00,1.00,4.00,1.00
2025-12-04T21:38:00Z,20.69,8.00,18.00,32.00,24.00,2.00,1.00,1.00,1.00,1.00,4.00,1.00
2025-12-04T21:40:00Z,20.69,8.00,18.00,26.20,24.00,2.00,1.00,1.00,1.00,1.00,4.00,1.00
2025-12-04T21:59:00Z,20.69,8.00,18.00,26.20,25.54,2.00,1.00,1.00,1.00,1.00,4.00,1.00
2025-12-04T22:26:00Z,21.00,8.00,18.00,26.20,25.54,2.00,1.00,1.00,1.00,1.00,4.00,1.00
2025-12-04T22:40:00Z,22.00,8.00,18.00,26.20,25.54,2.00,1.00,1.00,1.00,1.00,4.00,1.00
2025-12-04T22:49:00Z,22.00,8.00,18.00,26.20,25.54,2.00,1.00,1.00,1.00,1.00,4.00,1.00
2025-12-04T22:50:00Z,23.00,8.00,18.00,26.20,25.54,2.00,1.00,1.00,1.00,1.00,4.00,1.00
2025-12-04T23:19:00Z,24.00,8.00,18.00,26.20,25.54,2.00,1.00,1.00,1.00,1.00,4.00,1.00
2025-12-04T23:45:00Z,24.00,8.00,18.00,32.00,25.54,2.00,1.00,1.00,1.00,1.00,4.00,1.00
2025-12-04T23:53:00Z,24.00,8.00,18.00,32.00,25.54,2.00,2.00,1.00,1.00,1.00,4.00,1.00
2025-12-05T00:07:00Z,19.00,8.00,18.00,32.00,25.54,2.00,2.00,1.00,1.00,1.00,4.00,1.00
2025-12-05T00:08:00Z,19.00,8.00,18.00,32.00,25.54,2.00,2.00,1.00,1.00,1.00,4.00,1.00
2025-12-05T00:17:00Z,23.00,8.00,18.00,32.00,25.54,2.00,2.00,1.00,1.00,1.00,4.00,1.00
2025-12-05T00:20:00Z,23.00,8.00,18.00,32.00,25.54,2.00,2.00,1.00,1.00,1.00,4.00,1.00
2025-12-05T00:21:00Z,23.00,8.00,18.00,32.00,27.00,2.00,2.00,1.00,1.00,1.00,4.00,1.00
2025-12-05T00:43:00Z,23.00,8.00,18.00,32.00,27.00,2.00,2.00,1.00,1.00,1.00,4.00,3.00
2025-12-05T01:03:00Z,23.00,11.00,18.00,32.00,27.00,2.00,2.00,1.00,1.00,1.00,4.00,3.00
2025-12-05T01:40:00Z,18.19,11.00,18.00,32.00,27.00,3.00,2.00,1.00,1.00,1.00,4.00,3.00
2025-12-05T01:45:00Z,18.19,11.00,19.00,32.00,27.00,2.66,2.00,1.00,1.00,1.00,4.00,3.00
2025-12-05T01:46:00Z,18.19,11.00,19.00,32.00,27.00,2.66,2.00,1.00,1.00,1.00,4.00,3.00
2025-12-05T01:47:00Z,18.00,11.00,19.00,32.00,27.00,2.00,2.00,1.00,1.00,1.00,4.00,3.00
2025-12-05T01:48:00Z,16.58,11.00,19.00,32.00,27.00,2.00,2.00,1.00,1.00,1.00,4.00,3.00
2025-12-05T02:27:00Z,16.58,11.00,20.00,32.00,27.00,2.00,2.00,1.00,1.00,1.00,4.00,3.00
2025-12-05T03:30:00Z,16.58,11.00,20.00,32.00,27.00,2.00,2.00,1.00,1.00,1.00,4.00,3.00
2025-12-05T04:06:00Z,16.58,11.00,20.00,32.00,28.00,2.00,2.00,1.00,1.00,1.00,4.00,3.00
2025-12-05T04:22:00Z,22.00,11.00,20.00,32.00,28.00,2.00,2.00,1.00,1.00,1.00,4.00,3.00
2025-12-05T04:23:00Z,22.95,11.00,20.00,32.00,28.00,2.00,2.00,1.00,1.00,1.00,4.00,3.00
2025-12-05T04:45:00Z,20.00,11.00,20.00,32.00,28.00,2.00,2.00,1.00,1.00,1.00,4.00,3.00
2025-12-05T05:02:00Z,18.08,11.00,20.00,32.00,28.00,2.00,2.00,1.00,1.00,1.00,4.00,3.00
2025-12-05T05:07:00Z,17.48,11.00,20.00,32.00,28.00,2.00,2.00,1.00,1.00,1.00,4.00,3.00
2025-12-05T05:10:00Z,18.00,11.00,20.00,32.00,28.00,2.00,2.00,1.00,1.00,1.00,4.00,3.00
2025-12-05T05:14:00Z,18.00,11.00,20.00,32.00,28.00,2.00,2.00,1.00,1.00,1.00,4.00,3.00
2025-12-05T05:58:00Z,18.00,11.00,20.00,32.00,28.00,2.00,2.00,1.00,1.00,1.00,4.00,3.00
2025-12-05T06:37:00Z,18.00,11.00,20.00,32.00,28.00,2.00,2.00,1.00,1.00,1.00,4.00,3.00
2025-12-05T06:46:00Z,20.00,11.00,20.00,32.00,28.00,2.00,2.00,1.00,1.00,1.00,4.00,3.00
2025-12-05T07:00:00Z,23.00,11.00,20.00,32.00,28.00,2.00,2.00,1.00,1.00,1.00,4.00,3.00
2025-12-05T07:11:00Z,23.00,11.00,20.00,28.00,28.00,2.00,2.00,1.00,1.00,1.00,4.00,3.00
2025-12-05T07:23:00Z,23.00,11.00,20.00,28.00,28.00,2.00,2.00,1.00,1.00,1.00,4.00,3.00
2025-12-05T07:25:00Z,23.00,11.00,20.00,28.00,28.00,2.00,2.00,1.00,1.00,1.00,4.00,3.00
2025-12-05T07:41:00Z,23.00,11.00,20.00,28.00,28.00,2.00,2.00,1.00,1.00,1.00,4.00,3.00
2025-12-05T07:46:00Z,23.00,11.00,20.00,33.00,28.00,2.00,2.00,1.00,1.00,1.00,4.00,3.00
2025-12-05T07:58:00Z,24.00,11.00,20.00,33.00,28.00,2.00,2.00,1.00,1.00,1.00,4.00,3.00
2025-12-05T08:17:00Z,24.00,11.00,20.00,33.00,28.00,2.00,2.00,1.00,1.00,1.00,4.00,3.00
2025-12-05T08:29:00Z,24.00,11.00,20.00,33.00,28.00,2.00,2.00,1.00,1.00,1.00,4.00,3.00
2025-12-05T09:48:00Z,24.00,11.00,20.00,33.00,28.00,3.00,2.00,1.00,1.00,1.00,4.00,3.00
2025-12-05T11:15:00Z,23.00,11.00,20.00,33.00,28.00,3.00,2.00,1.00,1.00,1.00,4.00,3.00
2025-12-05T11:23:00Z,23.00,11.00,20.00,33.00,28.00,3.00,2.00,1.00,1.00,1.00,4.00,3.00
2025-12-05T11:54:00Z,23.00,11.00,20.00,33.00,28.00,3.00,2.00,1.00,1.00,1.00,4.00,3.00
2025-12-05T12:08:00Z,22.64,11.00,20.00,33.00,28.00,3.00,2.00,1.00,1.00,1.00,4.00,3.00
2025-12-05T12:12:00Z,22.64,11.00,20.00,33.00,28.00,3.00,2.00,1.00,1.00,1.00,4.00,3.00
2025-12-05T12:13:00Z,22.64,12.00,20.00,33.00,28.00,3.00,2.00,1.00,1.00,1.00,4.00,3.00
2025-12-05T12:23:00Z,22.64,12.00,20.00,33.00,28.00,3.00,2.00,1.00,1.00,1.00,4.00,3.00
2025-12-05T12:24:00Z,22.64,12.00,20.00,33.00,28.00,3.00,2.00,1.00,1.00,1.00,4.00,3.00
2025-12-05T12:50:00Z,20.05,12.00,20.00,33.00,28.00,3.00,2.00,1.00,1.00,1.00,4.00,3.00
2025-12-05T13:56:00Z,22.00,12.00,20.00,33.00,28.00,3.00,2.00,1.00,1.00,1.00,4.00,3.00
2025-12-05T13:57:00Z,20.48,10.48,17.02,31.00,24.47,3.00,1.00,1.00,1.00,1.00,4.00,1.00
2025-12-05T14:10:00Z,21.00,10.48,17.02,31.00,24.47,3.00,1.00,1.00,1.00,1.00,4.00,1.00
2025-12-05T14:13:00Z,21.00,10.48,17.02,31.00,25.02,3.00,1.00,1.00,1.00,1.00,4.00,1.00
2025-12-05T14:33:00Z,21.00,10.00,19.00,31.00,24.00,3.00,1.00,1.00,1.00,1.00,4.00,1.00
2025-12-05T14:42:00Z,21.00,10.00,19.00,32.00,24.00,3.00,1.00,1.00,1.00,1.00,4.00,1.00
2025-12-05T14:52:00Z,22.00,10.00,19.00,32.00,24.00,3.00,1.00,1.00,1.00,1.00,4.00,1.00
2025-12-05T14:53:00Z,21.00,9.00,18.00,31.00,25.00,3.00,1.00,1.00,1.00,1.00,4.00,1.00
2025-12-05T14:54:00Z,21.00,9.00,18.00,31.00,25.00,3.00,1.00,1.00,1.00,1.00,4.00,1.00
2025-12-05T14:56:00Z,18.00,9.00,18.00,31.00,25.00,3.00,1.00,1.00,1.00,1.00,4.00,1.00
2025-12-05T14:57:00Z,18.00,9.00,18.00,31.00,25.00,3.00,1.00,1.00,1.00,1.00,4.00,1.00
2025-12-05T15:18:00Z,21.00,9.00,18.00,32.00,25.00,3.00,1.00,1.00,1.00,1.00,4.00,1.00
2025-12-05T15:19:00Z,22.62,9.00,18.00,32.00,25.00,3.00,1.00,1.00,1.00,1.00,4.00,1.00
2025-12-05T15:22:00Z,19.00,10.00,18.00,29.00,25.00,3.00,1.00,1.00,1.00,1.00,4.00,1.00
2025-12-05T15:25:00Z,19.00,10.00,18.00,33.00,25.00,3.00,1.00,1.00,1.00,1.00,4.00,1.00
2025-12-05T15:33:00Z,19.00,10.00,18.00,33.00,25.00,3.00,1.00,1.00,1.00,1.00,4.00,1.00
2025-12-05T15:39:00Z,18.00,10.00,18.00,33.00,25.00,3.00,1.00,1.00,1.00,1.00,4.00,1.00
2025-12-05T15:55:00Z,18.00,10.00,18.00,32.00,25.00,3.00,1.00,1.00,1.00,1.00,4.00,1.00
2025-12-05T16:10:00Z,18.00,11.00,19.00,32.00,25.00,3.00,1.00,1.00,1.00,1.00,4.00,1.00
2025-12-05T16:14:00Z,18.00,11.00,19.00,32.00,25.00,4.91,1.00,1.00,1.00,1.00,4.00,1.00
2025-12-05T16:31:00Z,18.00,11.00,19.00,27.00,25.00,4.91,1.00,1.00,1.00,1.00,4.00,1.00
2025-12-05T16:32:00Z,22.00,11.00,19.00,27.00,25.00,4.91,1.00,1.00,1.00,1.00,4.00,1.00
2025-12-05T16:33:00Z,22.00,11.00,19.00,27.00,25.00,4.91,1.00,1.00,1.00,1.00,4.00,2.00
2025-12-05T16:53:00Z,22.00,11.00,19.00,27.00,25.00,4.91,1.00,1.00,1.00,1.00,4.00,1.00
2025-12-05T17:33:00Z,22.00,11.00,19.00,27.00,25.00,4.91,1.00,1.00,1.00,1.00,4.00,1.00
2025-12-05T17:47:00Z,19.00,11.00,19.00,27.00,25.00,4.91,1.00,1.00,1.00,1.00,4.00,1.00
2025-12-05T17:56:00Z,19.00,11.00,19.00,27.00,25.00,4.91,1.00,1.00,1.00,1.00,4.00,1.00
2025-12-05T17:57:00Z,19.00,11.00,19.00,27.00,27.00,4.91,1.00,1.00,1.00,1.00,4.00,1.00
2025-12-05T18:03:00Z,19.00,11.00,19.00,27.00,27.00,4.91,1.00,1.00,1.00,1.00,4.00,1.00
2025-12-05T18:04:00Z,19.00,11.00,19.00,27.00,27.00,4.91,1.00,1.00,1.00,1.00,4.00,1.00
2025-12-05T18:05:00Z,19.00,11.00,19.00,26.00,27.00,4.91,1.00,1.00,1.00,1.00,4.00,1.00
2025-12-05T18:13:00Z,18.70,11.00,19.00,26.00,27.00,4.91,1.00,1.00,1.00,1.00,4.00,1.00
2025-12-05T18:32:00Z,18.00,11.00,19.00,26.00,27.00,4.91,1.00,1.00,1.00,1.00,4.00,1.00
2025-12-05T18:36:00Z,18.00,7.86,16.08,26.06,27.00,4.91,1.00,1.00,1.00,1.00,4.00,1.00
2025-12-05T18:39:00Z,18.00,7.86,16.08,26.06,27.00,4.91,1.00,1.00,1.00,1.00,4.00,1.00
2025-12-05T19:05:00Z,16.73,7.86,16.08,26.06,27.00,4.91,1.00,1.00,1.00,1.00,4.00,1.00
2025-12-05T19:07:00Z,19.00,7.86,16.08,26.06,27.00,4.91,1.00,1.00,1.00,1.00,4.00,1.00
2025-12-05T19:11:00Z,19.00,7.86,16.08,31.69,27.00,4.91,1.00,1.00,1.00,1.00,4.00,1.00
2025-12-05T19:14:00Z,19.00,7.86,16.08,32.00,27.00,4.91,1.00,1.00,1.00,1.00,4.00,1.00
2025-12-05T19:18:00Z,17.07,7.86,16.08,32.00,27.00,4.91,1.00,1.00,1.00,1.00,4.00,1.00
2025-12-05T19:38:00Z,17.07,7.86,16.08,32.00,27.00,4.91,1.00,1.00,1.00,1.00,4.00,1.00
2025-12-05T19:39:00Z,17.07,7.86,15.67,32.00,27.00,4.91,1.00,1.00,1.00,1.00,4.00,1.00
2025-12-05T20:02:00Z,17.00,7.86,15.67,32.00,27.00,4.91,1.00,1.00,1.00,1.00,4.00,1.00
2025-12-05T20:13:00Z,17.00,7.86,15.67,32.00,27.00,4.91,1.00,1.00,1.00,1.00,4.00,1.00
2025-12-05T20:20:00Z,17.00,7.86,15.67,39.00,27.00,4.91,1.00,1.00,1.00,1.00,4.00,1.00
2025-12-05T20:38:00Z,13.30,7.86,15.67,39.00,27.00,4.91,1.00,1.00,1.00,1.00,4.00,1.00
2025-12-05T20:49:00Z,13.30,7.86,15.67,39.00,27.00,4.91,1.00,1.00,1.00,1.00,4.00,1.00
2025-12-05T21:31:00Z,13.26,7.86,15.67,39.00,27.00,4.91,1.00,1.00,1.00,1.00,4.00,1.00
2025-12-05T21:36:00Z,13.26,7.86,15.00,39.00,27.00,4.91,1.00,1.00,1.00,1.00,4.00,1.00
2025-12-05T22:00:00Z,14.00,7.86,15.00,39.00,27.00,4.91,1.00,1.00,1.00,1.00,4.00,1.00
2025-12-05T22:06:00Z,14.00,7.86,15.00,39.00,27.00,4.91,1.00,1.00,1.00,1.00,4.00,1.00
2025-12-05T22:14:00Z,14.00,7.86,15.00,39.00,27.00,4.91,1.00,1.00,1.00,1.00,4.00,1.00
2025-12-05T22:18:00Z,16.00,7.86,15.00,39.00,27.00,4.91,1.00,1.00,1.00,1.00,4.00,1.00
2025-12-05T22:40:00Z,16.00,9.00,15.00,39.00,27.00,4.91,1.00,1.00,1.00,1.00,4.00,1.00
2025-12-05T22:46:00Z,16.00,9.00,16.00,39.00,27.00,4.91,1.00,1.00,1.00,1.00,4.00,1.00
2025-12-05T23:28:00Z,16.00,9.00,16.00,32.47,27.00,4.91,1.00,1.00,1.00,1.00,4.00,1.00
2025-12-05T23:46:00Z,16.13,9.00,16.00,32.47,27.00,4.91,1.00,1.00,1.00,1.00,4.00,1.00
2025-12-06T00:10:00Z,16.13,9.00,16.00,32.47,31.00,4.91,1.00,1.00,1.00,1.00,4.00,1.00
2025-12-06T00:18:00Z,16.13,9.00,16.00,32.47,31.00,4.91,1.00,1.00,1.00,1.00,4.00,1.00
2025-12-06T01:07:00Z,16.13,9.00,16.00,32.47,31.00,4.91,1.00,2.33,1.00,1.00,4.00,1.00
2025-12-06T01:18:00Z,16.13,9.00,15.00,32.47,31.00,4.91,1.00,2.33,1.00,1.00,4.00,1.00
2025-12-06T01:23:00Z,16.13,9.00,15.00,32.47,31.00,4.91,1.00,2.33,1.00,1.00,4.00,1.00
2025-12-06T01:34:00Z,16.00,9.00,15.00,32.47,31.00,4.91,1.00,2.33,1.00,1.00,4.00,1.00
2025-12-06T01:41:00Z,13.04,8.00,16.00,31.00,31.00,4.91,1.00,2.33,1.00,1.00,4.00,1.00
2025-12-06T01:51:00Z,13.04,8.00,17.00,31.00,32.00,4.91,1.00,2.33,1.00,1.00,4.00,1.00
2025-12-06T02:00:00Z,13.04,8.00,17.00,33.00,32.00,4.91,1.00,2.33,1.00,1.00,4.00,1.00
2025-12-06T02:09:00Z,13.00,8.00,16.00,31.00,32.00,4.91,1.00,2.33,1.00,1.00,4.00,1.00
2025-12-06T02:10:00Z,13.00,8.00,16.00,31.00,33.00,4.91,1.00,2.33,1.00,1.00,4.00,1.00
2025-12-06T02:13:00Z,13.00,8.00,16.00,31.00,33.00,4.91,1.00,2.33,1.00,1.00,4.00,1.00
2025-12-06T02:25:00Z,14.00,8.00,16.00,31.00,33.00,4.91,1.00,2.33,1.00,1.00,4.00,1.00
2025-12-06T02:29:00Z,14.00,8.00,16.00,31.00,33.00,4.91,1.00,2.33,1.00,1.00,4.00,1.00
2025-12-06T03:22:00Z,14.00,8.00,16.00,31.00,33.00,4.91,1.00,2.33,1.00,1.00,4.00,1.00
2025-12-06T03:36:00Z,14.00,8.00,16.00,31.00,33.00,4.91,1.00,2.33,1.00,1.00,4.00,1.00
2025-12-06T04:03:00Z,14.00,8.00,16.00,31.00,33.00,4.91,1.00,2.33,1.00,1.00,4.00,1.00
2025-12-06T04:56:00Z,14.00,8.00,15.00,31.00,33.00,4.91,1.00,2.33,1.00,1.00,4.00,1.00
2025-12-06T05:21:00Z,16.00,8.00,15.00,31.00,33.00,4.91,1.00,2.33,1.00,1.00,4.00,1.00
2025-12-06T05:30:00Z,16.00,8.00,16.00,31.00,33.00,4.91,1.00,2.33,1.00,1.00,4.00,1.00
2025-12-06T05:31:00Z,16.00,8.00,16.00,31.00,33.00,4.91,1.00,2.33,1.00,1.00,4.00,1.00
2025-12-06T06:09:00Z,16.00,8.00,16.00,31.00,32.00,4.91,1.00,2.33,1.00,1.00,4.00,1.00
2025-12-06T07:08:00Z,16.00,8.00,16.00,31.00,32.00,4.91,1.00,2.33,1.00,1.00,4.00,1.00
2025-12-06T07:33:00Z,13.00,8.00,16.00,31.00,32.00,4.91,1.00,2.33,1.00,1.00,4.00,1.00
2025-12-06T08:09:00Z,13.00,8.00,16.00,31.00,32.95,4.91,1.00,2.33,1.00,1.00,4.00,1.00
2025-12-06T08:58:00Z,13.00,9.00,16.00,31.00,32.95,4.91,1.00,2.33,1.00,1.00,4.00,1.00
2025-12-06T09:22:00Z,13.00,9.00,16.00,31.00,32.95,4.91,1.00,2.33,1.00,1.00,4.00,1.00
2025-12-06T09:23:00Z,13.00,9.00,16.00,31.00,32.95,4.91,1.00,2.33,1.00,1.00,4.00,1.00
2025-12-06T10:05:00Z,13.00,9.00,16.00,34.00,32.95,4.91,1.00,2.33,1.00,1.00,4.00,1.00
2025-12-06T10:06:00Z,13.00,9.00,16.00,34.00,31.00,4.91,1.00,2.33,1.00,1.00,4.00,1.00
2025-12-06T11:08:00Z,13.00,9.00,16.00,34.00,31.00,4.91,1.00,2.33,1.00,1.00,4.00,1.00
2025-12-06T11:09:00Z,13.00,9.00,16.00,35.00,31.00,4.91,1.00,2.33,1.00,1.00,4.00,1.00
2025-12-06T11:22:00Z,11.20,9.00,16.00,35.00,31.00,4.91,1.00,2.33,1.00,1.00,4.00,1.00
2025-12-06T11:23:00Z,12.00,9.00,16.00,35.00,31.00,4.91,1.00,2.33,1.00,1.00,4.00,1.00
2025-12-06T11:25:00Z,12.00,9.00,16.00,35.00,35.00,4.91,1.00,2.33,1.00,1.00,4.00,1.00
2025-12-06T11:28:00Z,11.00,7.00,15.00,33.00,33.00,4.91,1.00,2.33,1.00,1.00,4.00,1.00
2025-12-06T11:29:00Z,11.00,7.00,15.00,33.00,36.00,4.91,1.00,2.33,1.00,1.00,4.00,1.00
2025-12-06T11:30:00Z,11.00,7.00,15.00,33.00,36.00,4.91,1.00,2.33,1.00,1.00,4.00,1.00
2025-12-06T11:46:00Z,11.00,7.00,15.00,33.00,36.00,4.91,1.00,2.33,1.00,1.00,4.00,1.00
2025-12-06T11:47:00Z,11.00,6.12,15.00,33.00,36.00,4.91,1.00,2.33,1.00,1.00,4.00,1.00
2025-12-06T11:48:00Z,11.00,6.12,14.08,35.00,36.00,4.91,1.00,2.33,1.00,1.00,4.00,1.00
2025-12-06T11:49:00Z,11.00,6.12,14.08,35.00,36.00,4.91,1.00,2.33,1.00,1.00,4.00,1.00
2025-12-06T11:53:00Z,11.00,6.12,14.08,35.00,36.00,4.91,1.00,2.33,1.00,1.00,4.00,1.00
2025-12-06T11:54:00Z,11.00,6.04,14.08,35.00,36.00,4.91,1.00,2.33,1.00,1.00,4.00,1.00
2025-12-06T11:55:00Z,11.00,5.00,14.08,35.00,36.00,4.91,1.00,2.33,1.00,1.00,4.00,1.00
2025-12-06T11:57:00Z,11.00,5.00,14.08,35.00,36.00,4.91,1.00,2.33,1.00,1.00,4.00,1.00
2025-12-06T11:58:00Z,10.00,5.00,14.08,35.00,36.00,4.91,1.00,2.33,1.00,1.00,4.00,1.00
2025-12-06T12:00:00Z,10.00,5.00,14.08,35.00,37.00,4.91,1.00,2.33,1.00,1.00,4.00,1.00
2025-12-06T12:01:00Z,10.00,5.00,14.08,35.00,37.00,4.91,1.00,2.33,1.00,1.00,4.00,1.00
2025-12-06T12:17:00Z,10.00,5.00,14.08,35.00,36.00,4.91,1.00,2.33,1.00,1.00,4.00,1.00
2025-12-06T12:18:00Z,10.00,5.00,14.08,35.00,36.00,4.91,1.00,2.33,1.00,1.00,4.00,1.00
2025-12-06T12:19:00Z,10.00,5.00,14.09,36.00,36.00,4.91,1.00,2.33,1.00,1.00,4.00,1.00
2025-12-06T12:20:00Z,8.00,4.81,14.18,38.00,34.75,4.91,1.00,2.33,1.00,1.00,4.00,1.00
2025-12-06T12:21:00Z,8.00,4.81,17.00,38.00,34.75,4.91,1.00,2.33,1.00,1.00,4.00,1.00
2025-12-06T12:25:00Z,8.00,4.00,16.00,36.00,34.00,4.91,1.00,2.33,1.00,1.00,4.00,1.00
2025-12-06T12:29:00Z,9.00,4.00,16.00,36.00,34.00,4.91,1.00,2.33,1.00,1.00,4.00,1.00
2025-12-06T13:20:00Z,9.00,4.00,16.00,36.00,34.00,4.91,1.00,2.33,1.00,1.00,4.00,1.00
2025-12-06T13:49:00Z,9.00,4.00,16.00,36.00,34.00,4.91,1.00,2.33,1.00,1.00,4.00,1.00
2025-12-06T13:52:00Z,7.34,3.50,13.01,33.84,40.95,4.91,1.00,1.00,1.00,1.00,4.00,1.00
2025-12-06T13:53:00Z,7.00,4.00,10.00,32.45,46.54,4.91,1.00,1.00,1.00,1.00,4.00,1.00
2025-12-06T13:56:00Z,7.00,4.00,10.00,32.26,46.73,4.91,1.00,1.00,1.00,1.00,4.00,1.00
2025-12-06T14:00:00Z,7.00,4.00,10.00,32.00,46.00,4.91,1.00,1.00,1.00,1.00,4.00,1.00
2025-12-06T14:03:00Z,8.00,4.00,10.00,32.00,46.00,4.91,1.00,1.00,1.00,1.00,4.00,1.00
2025-12-06T14:13:00Z,7.00,4.00,10.00,31.00,46.01,4.91,1.00,1.00,1.00,1.00,4.00,1.00
2025-12-06T14:15:00Z,8.00,5.00,10.00,31.00,46.01,4.91,1.00,1.00,1.00,1.00,4.00,1.00
2025-12-06T14:17:00Z,8.00,5.00,10.00,31.00,46.01,4.91,1.00,1.00,1.00,1.00,4.00,1.00
2025-12-06T14:23:00Z,8.00,5.00,10.00,35.00,49.00,4.91,1.00,1.00,1.00,1.00,4.00,1.00
2025-12-06T14:35:00Z,8.00,5.00,10.00,35.00,49.00,4.91,1.00,1.00,1.00,1.00,4.00,1.00
2025-12-06T14:46:00Z,8.00,5.00,10.00,35.00,49.00,4.91,1.00,1.00,1.00,1.00,4.00,1.00
2025-12-06T14:49:00Z,7.00,5.00,10.00,31.13,46.00,4.91,1.00,1.00,1.00,1.00,4.00,1.00
2025-12-06T14:50:00Z,7.00,5.00,10.00,32.00,45.00,4.91,1.00,1.00,1.00,1.00,4.00,1.00
2025-12-06T15:03:00Z,7.00,5.00,10.00,30.08,48.92,4.91,1.00,1.00,1.00,1.00,4.00,1.00
2025-12-06T15:14:00Z,8.00,5.00,10.00,30.08,48.92,4.91,1.00,1.00,1.00,1.00,4.00,1.00
2025-12-06T15:31:00Z,8.00,5.00,10.00,30.08,46.00,4.91,1.00,1.00,1.00,1.00,4.00,1.00
2025-12-06T15:37:00Z,8.00,5.00,10.00,33.00,46.00,4.91,1.00,1.00,1.00,1.00,4.00,1.00
2025-12-06T15:40:00Z,8.00,5.00,10.00,33.00,47.00,4.91,1.00,1.00,1.00,1.00,4.00,1.00
2025-12-06T15:42:00Z,7.00,5.00,10.00,33.00,47.00,4.91,1.00,1.00,1.00,1.00,4.00,1.00
2025-12-06T16:01:00Z,7.00,5.00,10.00,33.00,46.00,4.91,1.00,1.00,1.00,1.00,4.00,1.00
2025-12-06T16:19:00Z,7.00,5.00,10.00,33.00,46.00,4.91,1.00,1.00,1.00,1.00,4.00,1.00
2025-12-06T16:31:00Z,7.00,5.00,10.00,33.00,45.00,4.91,1.00,1.00,1.00,1.00,4.00,1.00
2025-12-06T16:42:00Z,7.00,5.00,10.00,33.00,45.00,4.91,1.00,1.00,1.00,1.00,4.00,1.00
2025-12-06T16:45:00Z,8.00,5.00,10.00,33.00,45.00,4.91,1.00,1.00,1.00,1.00,4.00,1.00
2025-12-06T16:50:00Z,8.00,5.00,10.00,33.00,45.00,4.91,1.00,1.00,1.00,1.00,4.00,1.00
2025-12-06T16:53:00Z,8.00,5.00,11.00,33.00,45.00,4.91,1.00,1.00,1.00,1.00,4.00,1.00
2025-12-06T17:29:00Z,8.00,6.00,11.00,33.00,45.00,4.91,1.00,1.00,1.00,1.00,4.00,1.00
2025-12-06T17:38:00Z,8.00,6.00,11.00,33.00,45.00,4.91,1.00,1.00,1.00,1.00,4.00,1.00
2025-12-06T17:42:00Z,7.00,5.00,11.00,32.00,45.00,4.91,1.00,1.00,1.00,1.00,4.00,1.00
2025-12-06T17:49:00Z,7.00,5.00,11.00,31.00,45.00,4.91,1.00,1.00,1.00,1.00,4.00,1.00
2025-12-06T17:51:00Z,7.00,5.00,11.00,31.00,45.00,4.91,1.00,1.00,1.00,1.00,4.00,1.00
2025-12-06T17:52:00Z,8.00,5.00,11.00,31.00,45.00,4.91,1.00,1.00,1.00,1.00,4.00,1.00
2025-12-06T18:32:00Z,8.00,5.00,11.00,31.00,45.00,4.91,1.00,1.00,1.00,1.00,4.00,1.00
2025-12-06T18:42:00Z,8.00,5.00,11.00,31.00,45.00,4.91,1.00,1.00,1.00,1.00,4.00,1.00
2025-12-06T19:06:00Z,8.00,5.00,11.00,31.00,45.00,4.91,1.00,1.00,1.00,1.00,4.00,1.00
2025-12-06T19:24:00Z,8.00,5.00,11.00,31.00,45.00,4.91,1.00,1.00,1.00,1.00,4.00,1.00
2025-12-06T19:51:00Z,8.00,5.00,11.00,31.00,45.00,4.91,1.00,1.00,1.00,1.00,4.00,1.00
2025-12-06T19:59:00Z,8.00,5.00,11.00,31.00,45.00,4.91,1.00,1.00,1.00,1.00,4.00,1.00
2025-12-06T20:14:00Z,8.00,5.00,11.00,31.00,45.00,4.91,1.00,1.00,1.00,1.00,4.00,1.00
2025-12-06T20:28:00Z,8.00,5.00,11.00,31.00,47.00,4.91,1.00,1.00,1.00,1.00,4.00,1.00
2025-12-06T20:37:00Z,8.00,5.00,11.00,31.00,47.00,4.91,1.00,1.00,1.00,1.00,4.00,1.00
2025-12-06T20:51:00Z,8.00,5.00,11.00,31.00,47.00,4.91,1.00,1.00,1.00,1.00,4.00,1.00
2025-12-06T21:00:00Z,8.00,5.50,10.50,30.74,45.00,4.91,1.00,1.00,1.00,1.00,4.00,1.00
2025-12-06T21:11:00Z,8.00,5.50,10.66,30.66,45.00,4.91,1.00,1.00,1.00,1.00,4.00,1.00
2025-12-06T21:14:00Z,7.00,5.00,10.00,30.00,45.00,4.91,1.00,1.00,1.00,1.00,4.00,1.00
2025-12-06T21:22:00Z,9.00,5.00,10.00,30.00,45.00,4.91,1.00,1.00,1.00,1.00,4.00,1.00
2025-12-06T22:04:00Z,9.00,6.00,5.49,30.00,45.00,4.91,1.00,1.00,1.00,1.00,4.00,1.00
2025-12-06T22:08:00Z,9.00,6.00,5.49,30.00,45.00,4.91,1.00,1.00,1.00,1.00,4.00,1.00
2025-12-06T22:13:00Z,9.00,6.00,5.49,30.00,41.47,4.91,1.00,1.00,1.00,1.00,4.00,1.00
2025-12-06T22:34:00Z,7.00,5.00,5.49,30.00,47.71,4.91,1.00,1.00,1.00,1.00,4.00,1.00
2025-12-06T22:43:00Z,6.00,5.00,5.49,30.00,47.71,4.91,1.00,1.00,1.00,1.00,4.00,1.00
2025-12-06T22:53:00Z,6.00,5.00,5.49,30.00,48.00,4.91,1.00,1.00,1.00,1.00,4.00,1.00
2025-12-06T22:58:00Z,6.00,5.00,7.00,30.00,48.00,4.91,1.00,1.00,1.00,1.00,4.00,1.00
2025-12-06T23:36:00Z,7.00,5.00,7.00,30.00,48.00,4.91,1.00,1.00,1.00,1.00,4.00,1.00
2025-12-07T00:10:00Z,7.00,5.00,7.00,30.00,50.00,4.91,1.00,1.00,1.00,1.00,4.00,1.00
2025-12-07T00:33:00Z,7.00,5.00,7.00,31.00,50.00,4.91,1.00,1.00,1.00,1.00,4.00,1.00
2025-12-07T00:42:00Z,7.00,5.00,7.00,31.00,50.00,4.91,1.00,1.00,1.00,1.00,4.00,1.00
2025-12-07T02:07:00Z,7.00,5.00,7.00,32.00,50.00,4.91,1.00,1.00,1.00,1.00,4.00,1.00
2025-12-07T02:18:00Z,7.00,5.00,7.00,32.00,50.00,4.91,1.00,1.00,1.00,1.00,4.00,1.00
2025-12-07T02:25:00Z,7.00,5.00,7.00,32.00,50.00,4.91,1.00,1.00,1.00,1.00,4.00,1.00
2025-12-07T02:28:00Z,7.00,5.00,7.00,32.00,50.00,4.91,1.00,1.00,1.00,1.00,4.00,1.00
2025-12-07T02:31:00Z,7.00,5.00,7.00,32.00,50.00,4.91,1.00,1.00,1.00,1.00,4.00,1.00
2025-12-07T02:38:00Z,7.00,5.00,7.00,32.00,50.00,4.91,1.00,1.00,1.00,1.00,4.00,1.00
2025-12-07T02:39:00Z,7.00,5.00,7.00,32.00,50.00,4.91,1.00,1.00,1.00,1.00,4.00,1.00
2025-12-07T02:40:00Z,7.00,5.00,7.00,32.00,50.00,4.91,1.00,1.00,1.00,1.00,4.00,1.00
2025-12-07T03:06:00Z,8.00,5.00,7.00,32.00,50.00,4.91,1.00,1.00,1.00,1.00,4.00,1.00
2025-12-07T03:15:00Z,8.00,5.00,7.00,32.00,47.00,4.91,1.00,1.00,1.00,1.00,4.00,1.00
2025-12-07T03:17:00Z,8.00,5.00,7.00,32.00,47.00,4.91,1.00,3.00,1.00,1.00,4.00,1.00
2025-12-07T03:23:00Z,8.00,5.00,7.00,32.00,49.00,4.91,1.00,3.00,1.00,1.00,4.00,1.00
2025-12-07T03:24:00Z,8.00,5.00,7.00,32.00,47.00,4.91,1.00,3.00,1.00,1.00,4.00,1.00
2025-12-07T03:26:00Z,8.00,5.00,7.00,32.00,47.00,4.91,1.00,3.00,1.00,1.00,4.00,1.00
2025-12-07T04:08:00Z,8.00,5.00,7.00,32.00,47.00,4.91,1.00,3.00,1.00,1.00,4.00,1.00
2025-12-07T04:29:00Z,8.00,5.00,7.00,32.00,47.00,4.91,1.00,3.00,1.00,1.00,4.00,1.00
2025-12-07T04:51:00Z,8.00,5.00,7.00,32.00,47.00,4.91,1.00,3.00,1.00,1.00,4.00,1.00
2025-12-07T04:53:00Z,8.00,5.00,7.00,32.00,47.00,4.91,1.00,3.00,1.00,1.00,4.00,1.00
2025-12-07T05:08:00Z,8.00,5.00,7.00,32.00,47.00,4.91,1.00,3.00,1.00,1.00,4.00,1.00
2025-12-07T05:09:00Z,8.00,5.00,7.00,32.00,46.83,4.91,1.00,3.00,1.00,1.00,4.00,1.00
2025-12-07T07:01:00Z,8.00,5.00,7.00,32.00,46.83,4.91,1.00,3.00,1.00,1.00,4.00,1.00
2025-12-07T07:30:00Z,8.00,5.00,7.00,32.00,46.83,4.91,1.00,3.00,1.00,1.00,4.00,1.00
2025-12-07T07:31:00Z,8.00,5.00,7.00,33.00,46.83,4.91,1.00,3.00,1.00,1.00,4.00,1.00
2025-12-07T07:51:00Z,7.99,4.00,6.00,31.00,46.00,4.91,1.00,3.00,1.00,1.00,4.00,1.00
2025-12-07T08:02:00Z,8.36,4.00,6.00,31.00,46.00,4.91,1.00,3.00,1.00,1.00,4.00,1.00
2025-12-07T11:44:00Z,8.00,4.00,6.00,31.00,46.00,4.91,1.00,3.00,1.00,1.00,4.00,1.00
2025-12-07T12:00:00Z,8.00,4.00,6.00,31.00,46.00,4.91,1.00,3.00,1.00,1.00,4.00,1.00
2025-12-07T12:08:00Z,8.00,5.00,6.00,31.00,46.00,4.91,1.00,3.00,1.00,1.00,4.00,1.00
2025-12-07T14:26:00Z,8.00,5.00,6.00,31.00,47.00,4.91,1.00,3.00,1.00,1.00,4.00,1.00
2025-12-07T14:39:00Z,7.00,4.00,6.00,31.00,48.00,4.91,1.00,3.00,1.00,1.00,4.00,1.00
2025-12-07T14:40:00Z,7.00,4.00,6.00,31.00,48.00,4.91,1.00,3.00,1.00,1.00,4.00,1.00
2025-12-07T15:16:00Z,7.00,4.00,6.00,31.00,48.00,4.91,1.00,3.00,1.00,1.00,4.00,1.00
2025-12-07T15:53:00Z,7.00,6.00,6.00,31.00,48.00,4.91,1.00,3.00,1.00,1.00,4.00,1.00
2025-12-07T15:54:00Z,8.00,6.00,7.00,31.00,48.00,4.91,1.00,3.00,1.00,1.00,4.00,1.00
2025-12-07T16:08:00Z,8.00,6.00,7.00,32.00,48.00,4.91,1.00,3.00,1.00,1.00,4.00,1.00
2025-12-07T16:09:00Z,8.00,6.00,7.00,32.00,48.00,4.91,1.00,3.00,1.00,1.00,4.00,1.00
2025-12-07T16:34:00Z,8.00,6.00,7.00,32.00,48.00,4.91,1.00,3.00,1.00,1.00,4.00,1.00
2025-12-07T16:38:00Z,8.00,6.00,7.00,32.00,48.00,4.91,1.00,3.00,1.00,1.00,4.00,1.00
2025-12-07T16:56:00Z,8.00,6.00,7.00,32.00,45.52,4.91,1.00,3.00,1.00,1.00,4.00,1.00
2025-12-07T17:13:00Z,8.00,6.00,7.00,32.00,45.52,4.91,1.00,3.00,1.00,1.00,4.00,1.00
2025-12-07T17:15:00Z,9.00,6.00,7.00,32.00,45.52,4.91,1.00,3.00,1.00,1.00,4.00,1.00
2025-12-07T17:16:00Z,9.00,6.00,7.00,32.00,45.52,4.91,1.00,3.00,1.00,1.00,4.00,1.00
2025-12-07T17:33:00Z,9.00,6.00,7.00,32.00,50.80,4.91,1.00,3.00,1.00,1.00,4.00,1.00
2025-12-07T18:04:00Z,6.35,6.00,7.00,32.00,50.80,4.91,1.00,3.00,1.00,1.00,4.00,1.00
2025-12-07T18:10:00Z,6.35,6.00,7.00,30.23,50.80,4.91,1.00,3.00,1.00,1.00,4.00,1.00
2025-12-07T18:11:00Z,6.35,6.00,7.00,29.00,50.80,4.91,1.00,3.00,1.00,1.00,4.00,1.00
2025-12-07T19:19:00Z,6.35,6.00,7.00,29.00,50.00,4.91,1.00,3.00,1.00,1.00,4.00,1.00
2025-12-07T19:22:00Z,6.35,6.00,7.00,29.00,50.00,4.91,1.00,3.00,1.00,1.00,4.00,1.00
2025-12-07T19:46:00Z,6.35,6.00,7.00,29.00,50.00,4.91,1.00,3.00,1.00,1.00,4.00,1.00
2025-12-07T19:47:00Z,6.35,6.00,7.00,30.00,50.00,4.91,1.00,3.00,1.00,1.00,4.00,1.00
2025-12-07T20:10:00Z,8.50,6.00,7.00,30.00,50.00,4.91,1.00,3.00,1.00,1.00,4.00,1.00
2025-12-07T20:48:00Z,8.50,6.00,7.00,30.00,50.00,4.91,1.00,3.00,1.00,1.00,4.00,1.00
2025-12-07T20:49:00Z,8.50,6.00,7.00,29.00,45.04,4.91,1.00,3.00,1.00,1.00,4.00,1.00
2025-12-07T20:50:00Z,8.50,6.00,7.00,29.00,45.00,4.91,1.00,3.00,1.00,1.00,4.00,1.00
2025-12-07T20:51:00Z,8.50,6.00,7.00,29.00,45.00,4.91,1.00,3.00,1.00,1.00,4.00,1.00
2025-12-07T20:53:00Z,8.50,6.00,7.00,29.00,46.00,4.91,1.00,3.00,1.00,1.00,4.00,1.00
2025-12-07T21:16:00Z,8.50,6.00,7.00,30.00,46.00,4.91,1.00,3.00,1.00,1.00,4.00,1.00
2025-12-07T21:48:00Z,8.00,6.00,7.00,30.00,46.00,4.91,1.00,3.00,1.00,1.00,4.00,1.00
2025-12-07T22:18:00Z,8.00,6.00,7.00,30.00,46.00,4.91,1.00,3.00,1.00,1.00,4.00,1.00
2025-12-07T22:43:00Z,8.00,6.00,7.00,30.00,46.00,4.91,1.00,3.00,1.00,1.00,4.00,1.00
2025-12-07T23:06:00Z,8.00,6.00,7.00,33.00,46.00,4.91,1.00,3.00,1.00,1.00,4.00,1.00
2025-12-07T23:28:00Z,8.00,6.00,7.00,33.00,46.00,4.91,1.00,3.00,1.00,1.00,4.00,1.00
2025-12-08T00:10:00Z,9.00,6.00,7.00,33.00,46.00,4.91,1.00,3.00,1.00,1.00,4.00,1.00
2025-12-08T00:54:00Z,9.00,6.00,7.00,33.00,46.00,4.91,1.00,3.00,1.00,1.00,4.00,1.00
2025-12-08T00:56:00Z,9.00,6.00,8.00,33.00,46.00,4.91,1.00,3.00,1.00,1.00,4.00,1.00
2025-12-08T01:29:00Z,10.00,6.00,8.00,33.00,46.00,4.91,1.00,3.00,1.00,1.00,4.00,1.00
2025-12-08T01:38:00Z,10.00,6.00,8.00,34.00,46.00,4.91,1.00,3.00,1.00,1.00,4.00,1.00
2025-12-08T01:48:00Z,10.00,6.00,7.68,34.00,46.00,4.91,1.00,3.00,1.00,1.00,4.00,1.00
2025-12-08T02:18:00Z,10.00,6.00,7.68,34.00,48.00,4.91,1.00,3.00,1.00,1.00,4.00,1.00
2025-12-08T02:22:00Z,10.00,6.00,8.00,34.00,48.00,4.91,1.00,3.00,1.00,1.00,4.00,1.00
2025-12-08T02:23:00Z,10.00,6.00,8.00,34.00,48.00,4.91,1.00,3.00,1.00,1.00,4.00,1.00
2025-12-08T02:24:00Z,10.00,6.00,8.00,34.00,48.00,4.91,1.00,3.00,1.00,1.00,4.00,1.70
2025-12-08T02:56:00Z,10.00,6.00,8.00,34.00,48.00,4.91,1.00,3.00,1.00,1.00,4.00,1.70
2025-12-08T03:02:00Z,9.00,3.00,6.00,30.00,47.69,4.91,1.00,1.00,1.00,1.00,4.00,1.70
2025-12-08T03:14:00Z,9.00,3.00,6.00,30.00,47.00,4.91,1.00,1.00,1.00,1.00,4.00,1.70
2025-12-08T03:15:00Z,9.00,3.00,8.00,30.00,47.00,4.91,1.00,1.00,1.00,1.00,4.00,1.70
2025-12-08T03:48:00Z,9.00,3.00,8.00,30.00,49.00,4.91,1.00,1.00,1.00,1.00,4.00,1.70
2025-12-08T04:15:00Z,9.00,2.01,6.00,29.59,49.07,4.91,1.00,1.00,1.00,1.00,4.00,1.70
2025-12-08T04:27:00Z,9.00,2.01,7.81,29.59,49.07,4.91,1.00,1.00,1.00,1.00,4.00,1.70
2025-12-08T04:36:00Z,8.00,2.25,5.73,32.01,46.02,4.91,1.00,1.00,1.00,1.00,4.00,1.70
2025-12-08T04:38:00Z,8.00,3.00,6.00,29.00,49.67,4.91,1.00,1.00,1.00,1.00,4.00,1.70
2025-12-08T04:59:00Z,8.00,3.00,6.00,33.00,49.67,4.91,1.00,1.00,1.00,1.00,4.00,1.70
2025-12-08T05:00:00Z,8.00,3.00,6.00,33.00,50.00,4.91,1.00,1.00,1.00,1.00,4.00,1.70
2025-12-08T05:11:00Z,8.00,3.00,6.00,29.00,46.00,4.91,1.00,1.00,1.00,1.00,4.00,1.70
2025-12-08T05:22:00Z,8.00,3.00,6.00,29.00,46.00,4.91,1.00,1.00,1.00,1.00,4.00,1.70
2025-12-08T05:27:00Z,8.00,3.00,6.00,29.00,46.00,4.91,1.00,1.00,1.00,1.00,4.00,1.70
2025-12-08T07:32:00Z,8.00,3.00,7.00,29.00,46.00,4.91,1.00,1.00,1.00,1.00,4.00,1.70
2025-12-08T07:40:00Z,9.00,3.00,6.00,30.00,46.00,4.91,1.00,1.00,1.00,1.00,4.00,1.70
2025-12-08T07:44:00Z,9.00,3.00,7.00,30.00,46.00,4.91,1.00,1.00,1.00,1.00,4.00,1.70
2025-12-08T07:57:00Z,9.00,3.00,8.00,30.00,46.00,4.91,1.00,1.00,1.00,1.00,4.00,1.70
2025-12-08T08:09:00Z,9.00,3.00,8.00,30.00,45.01,4.91,1.00,1.00,1.00,1.00,4.00,1.70
2025-12-08T08:10:00Z,8.00,3.00,8.00,30.00,45.01,4.91,1.00,1.00,1.00,1.00,4.00,1.70
2025-12-08T08:14:00Z,7.00,3.00,8.00,30.00,45.01,4.91,1.00,1.00,1.00,1.00,4.00,1.70
2025-12-08T09:21:00Z,7.00,3.00,8.00,30.00,45.01,4.91,1.00,1.00,1.00,1.00,4.00,1.70
2025-12-08T11:45:00Z,7.00,3.00,8.00,30.00,45.01,4.91,1.00,1.00,1.00,1.00,4.00,1.70
2025-12-08T12:45:00Z,7.00,3.00,8.00,31.00,45.01,4.91,1.00,1.00,1.00,1.00,4.00,1.70
2025-12-08T12:53:00Z,7.00,3.00,8.00,31.00,47.00,4.91,1.00,1.00,1.00,1.00,4.00,1.70
2025-12-08T13:00:00Z,7.00,3.00,8.00,31.00,47.00,4.91,1.00,1.00,1.00,1.00,4.00,1.70
2025-12-08T13:14:00Z,7.00,6.87,8.00,31.00,47.00,4.91,1.00,1.00,1.00,1.00,4.00,1.70
2025-12-08T13:31:00Z,8.95,6.87,8.00,31.00,47.00,4.91,1.00,1.00,1.00,1.00,4.00,1.70
2025-12-08T13:37:00Z,8.95,6.87,8.00,31.00,45.97,4.91,1.00,1.00,1.00,1.00,4.00,1.70
2025-12-08T13:41:00Z,9.00,6.87,8.00,31.00,45.97,4.91,1.00,1.00,1.00,1.00,4.00,1.70
2025-12-08T13:45:00Z,9.00,6.87,8.00,31.00,46.00,4.91,1.00,1.00,1.00,1.00,4.00,1.70
2025-12-08T13:59:00Z,9.00,6.87,8.00,31.00,45.03,4.91,1.00,1.00,1.00,1.00,4.00,1.70
2025-12-08T14:02:00Z,9.00,6.87,8.00,32.00,45.03,4.91,1.00,1.00,1.00,1.00,4.00,1.70
2025-12-08T14:07:00Z,9.00,6.87,8.00,32.00,45.03,4.91,1.00,1.00,1.00,1.00,4.00,1.70
2025-12-08T14:17:00Z,8.00,6.87,8.00,32.00,45.03,4.91,1.00,1.00,1.00,1.00,4.00,1.70
2025-12-08T15:01:00Z,9.00,5.00,8.00,32.00,45.03,4.91,1.00,1.00,1.00,1.00,4.00,1.70
2025-12-08T15:02:00Z,8.99,5.00,8.00,32.00,45.03,4.91,1.00,1.00,1.00,1.00,4.00,1.70
2025-12-08T15:11:00Z,9.00,5.00,8.00,32.00,45.03,4.91,1.00,1.00,1.00,1.00,4.00,1.70
2025-12-08T15:34:00Z,9.00,5.00,8.00,32.00,45.03,4.91,1.00,1.00,1.00,1.00,4.00,1.70
2025-12-08T15:41:00Z,9.00,5.00,8.00,32.00,45.03,4.91,1.00,1.00,1.00,1.00,4.00,2.00
2025-12-08T15:44:00Z,8.00,4.00,7.00,30.00,44.00,4.91,1.00,1.00,1.00,1.00,4.00,1.00
2025-12-08T15:46:00Z,8.00,4.00,7.00,30.00,44.00,4.91,1.00,1.00,1.00,1.00,4.00,1.00
2025-12-08T15:47:00Z,8.00,4.00,7.00,32.00,45.00,4.91,1.00,1.00,1.00,1.00,4.00,1.00
2025-12-08T15:48:00Z,8.00,4.00,5.17,32.00,45.00,4.91,1.00,1.00,1.00,1.00,4.00,1.00
2025-12-08T15:50:00Z,8.00,4.00,5.17,29.08,45.00,4.91,1.00,1.00,1.00,1.00,4.00,1.00
2025-12-08T16:00:00Z,8.00,4.00,5.17,29.08,43.43,4.91,1.00,1.00,1.00,1.00,4.00,1.00
2025-12-08T16:01:00Z,8.00,4.00,5.17,29.00,43.43,4.91,1.00,1.00,1.00,1.00,4.00,1.00
2025-12-08T16:07:00Z,7.41,4.00,5.17,29.00,43.43,4.91,1.00,1.00,1.00,1.00,4.00,1.00
2025-12-08T16:11:00Z,7.41,4.00,5.17,28.07,43.43,4.91,1.00,1.00,1.00,1.00,4.00,1.00
2025-12-08T16:15:00Z,7.41,4.00,5.17,27.07,43.00,4.91,1.00,1.00,1.00,1.00,4.00,1.00
2025-12-08T16:16:00Z,6.00,4.00,5.17,27.07,43.00,4.91,1.00,1.00,1.00,1.00,4.00,1.00
2025-12-08T16:17:00Z,6.00,4.00,5.17,32.00,43.00,4.91,1.00,1.00,1.00,1.00,4.00,1.00
2025-12-08T16:23:00Z,6.00,4.00,5.17,32.00,43.00,4.91,1.00,1.00,1.00,1.00,4.00,1.00
2025-12-08T16:24:00Z,6.00,4.00,5.17,32.00,43.00,4.91,1.00,1.00,1.00,1.00,4.00,1.00
2025-12-08T16:33:00Z,8.97,4.00,5.17,32.00,43.00,4.91,1.00,1.00,1.00,1.00,4.00,1.00
2025-12-08T16:39:00Z,8.97,4.00,5.17,32.00,43.00,4.91,1.00,1.00,1.00,1.00,4.00,1.00
2025-12-08T16:46:00Z,8.97,4.00,5.17,32.00,43.00,4.91,1.00,1.00,1.00,1.00,4.00,1.00
2025-12-08T17:40:00Z,8.97,4.00,5.17,32.00,43.00,4.91,1.00,1.00,1.00,1.00,4.00,2.00
2025-12-08T18:12:00Z,7.00,4.00,6.00,27.00,42.00,4.91,1.00,1.00,1.00,1.00,4.00,1.00
2025-12-08T18:25:00Z,8.00,4.00,6.00,27.00,42.00,4.91,1.00,1.00,1.00,1.00,4.00,1.00
2025-12-08T18:34:00Z,8.00,4.00,6.00,27.00,42.00,4.91,1.00,1.00,1.00,1.00,4.00,1.00
2025-12-08T18:45:00Z,8.00,4.00,6.00,27.00,42.00,4.91,1.00,1.00,1.00,1.00,4.00,1.00
2025-12-08T18:46:00Z,8.00,4.00,6.00,27.00,42.00,4.91,1.00,1.00,1.00,1.00,4.00,1.00
2025-12-08T18:51:00Z,7.00,4.00,6.00,31.00,42.00,4.91,1.00,1.00,1.00,1.00,4.00,1.00
2025-12-08T18:56:00Z,7.00,4.00,6.00,31.00,42.00,4.91,1.00,1.00,1.00,1.00,4.00,1.00
2025-12-08T19:08:00Z,7.00,4.00,6.00,31.00,42.00,4.91,1.00,1.00,1.00,1.00,4.00,1.00
2025-12-08T19:18:00Z,7.00,4.00,6.00,26.00,42.00,4.91,1.00,1.00,1.00,1.00,4.00,1.00
2025-12-08T19:23:00Z,6.00,2.38,6.00,28.04,42.86,4.91,1.00,1.00,1.00,1.00,4.00,1.00
2025-12-08T19:24:00Z,6.00,2.38,6.00,28.04,42.86,4.91,1.00,1.00,1.00,1.00,4.00,1.00
2025-12-08T19:35:00Z,6.15,3.00,6.00,28.00,42.00,4.91,1.00,1.00,1.00,1.00,4.00,1.00
2025-12-08T19:52:00Z,6.15,3.00,6.00,28.00,42.00,4.91,1.00,1.00,1.00,1.00,4.00,1.00
2025-12-08T20:30:00Z,6.00,3.00,6.00,28.00,42.00,4.91,1.00,1.00,1.00,1.00,4.00,1.00
2025-12-08T21:04:00Z,7.00,3.00,6.00,28.00,42.00,4.91,1.00,1.00,1.00,1.00,4.00,1.00
2025-12-08T21:25:00Z,7.00,3.00,6.00,31.00,42.00,4.91,1.00,1.00,1.00,1.00,4.00,1.00
2025-12-08T21:41:00Z,6.00,3.00,5.00,31.00,42.00,4.91,1.00,1.00,1.00,1.00,4.00,1.00
2025-12-08T22:12:00Z,8.00,3.00,5.00,31.00,42.00,4.91,1.00,1.00,1.00,1.00,4.00,1.00
2025-12-08T22:13:00Z,7.00,3.00,5.00,31.00,42.00,4.91,1.00,1.00,1.00,1.00,4.00,1.00
2025-12-08T22:52:00Z,8.00,3.00,5.00,31.00,42.00,4.91,1.00,1.00,1.00,1.00,4.00,1.00
2025-12-08T23:34:00Z,8.00,3.00,6.00,31.00,42.00,4.91,1.00,1.00,1.00,1.00,4.00,1.00
2025-12-09T00:25:00Z,7.00,3.00,5.00,30.00,42.00,4.91,1.00,1.00,1.00,1.00,4.00,1.00
2025-12-09T00:31:00Z,8.00,3.00,5.00,30.00,42.00,4.91,1.00,1.00,1.00,1.00,4.00,1.00
2025-12-09T00:34:00Z,8.00,3.00,5.00,30.00,42.00,4.91,1.00,1.00,1.00,1.00,4.00,1.00
2025-12-09T00:35:00Z,8.00,3.00,5.00,27.00,42.00,4.91,1.00,1.00,1.00,1.00,4.00,1.00
2025-12-09T00:36:00Z,9.00,3.00,5.00,27.00,42.00,4.91,1.00,1.00,1.00,1.00,4.00,1.00
2025-12-09T00:53:00Z,9.00,3.00,5.00,27.00,42.00,4.91,1.00,1.00,1.00,1.00,4.00,1.00
2025-12-09T00:56:00Z,9.00,3.00,5.00,27.00,42.00,4.91,1.00,1.00,1.00,1.00,4.00,1.00
2025-12-09T01:14:00Z,8.00,3.00,5.00,26.00,42.00,4.91,1.00,1.00,1.00,1.00,4.00,1.00
2025-12-09T02:20:00Z,8.00,3.00,5.00,26.00,42.00,4.91,1.00,1.00,1.00,1.00,4.00,1.00
2025-12-09T02:21:00Z,8.00,3.00,5.00,26.00,44.00,4.91,1.00,1.00,1.00,1.00,4.00,1.00
2025-12-09T02:22:00Z,8.00,3.00,5.00,26.00,44.00,4.91,1.00,1.00,1.00,1.00,4.00,1.00
2025-12-09T02:23:00Z,8.00,3.00,5.00,26.00,44.00,4.91,1.00,1.00,1.00,1.00,4.00,1.00
2025-12-09T03:01:00Z,8.00,3.00,6.00,26.00,44.00,4.91,1.00,1.00,1.00,1.00,4.00,1.00
2025-12-09T03:49:00Z,9.00,3.00,6.00,26.00,44.00,4.91,1.00,1.00,1.00,1.00,4.00,1.00
2025-12-09T03:50:00Z,9.00,4.60,6.00,26.00,44.00,4.91,1.00,1.00,1.00,1.00,4.00,1.00
2025-12-09T03:57:00Z,9.00,4.60,6.00,26.00,44.00,4.91,1.00,1.00,1.00,1.00,4.00,1.00
2025-12-09T03:58:00Z,9.00,4.60,6.00,26.00,44.00,4.91,1.00,1.00,1.00,1.00,4.00,1.00
2025-12-09T04:29:00Z,9.00,4.60,6.00,26.00,44.00,4.91,1.00,1.00,1.00,1.00,4.00,1.00
2025-12-09T04:43:00Z,9.00,4.60,6.00,26.00,44.00,4.91,1.00,1.00,1.00,1.00,4.00,1.00
2025-12-09T05:03:00Z,9.00,4.60,6.00,26.00,44.00,4.91,1.00,1.00,1.00,1.00,4.00,1.00
2025-12-09T05:25:00Z,9.00,4.60,6.00,26.00,44.00,4.91,1.00,1.00,1.00,1.00,4.00,1.00
2025-12-09T05:26:00Z,9.00,4.60,6.00,26.00,44.00,4.91,1.00,1.00,1.00,1.00,4.00,1.00
2025-12-09T05:53:00Z,9.00,4.60,6.00,26.00,44.00,4.91,1.00,1.00,1.00,1.00,4.00,1.00
2025-12-09T05:54:00Z,9.00,5.00,6.00,26.00,44.00,4.91,1.00,1.00,1.00,1.00,4.00,1.00
2025-12-09T07:02:00Z,9.00,5.00,6.00,26.00,44.00,4.91,1.00,1.00,1.00,1.00,4.00,1.00
2025-12-09T07:03:00Z,9.00,5.00,6.00,26.00,44.00,4.91,1.00,1.00,1.00,1.00,4.00,1.00
2025-12-09T07:08:00Z,8.71,3.00,5.83,27.00,43.00,4.91,1.00,1.00,1.00,1.00,4.00,1.00
2025-12-09T07:19:00Z,8.80,3.00,5.88,28.00,43.57,4.91,1.00,1.00,1.00,1.00,4.00,1.00
2025-12-09T07:22:00Z,9.00,3.00,5.00,28.00,44.00,4.91,1.00,1.00,1.00,1.00,4.00,1.00
2025-12-09T07:23:00Z,9.00,3.00,5.00,28.00,44.00,4.91,1.00,1.00,1.00,1.00,4.00,1.00
2025-12-09T07:28:00Z,9.00,3.00,6.00,28.00,44.00,4.91,1.00,1.00,1.00,1.00,4.00,1.00
2025-12-09T07:31:00Z,9.00,3.00,6.00,28.00,44.00,4.91,1.00,1.00,1.00,1.00,4.00,1.00
2025-12-09T09:25:00Z,8.00,3.00,6.00,28.00,44.00,4.91,1.00,1.00,1.00,1.00,4.00,1.00
2025-12-09T11:42:00Z,8.00,3.00,6.00,28.00,44.00,4.91,1.00,1.00,1.00,1.00,4.00,1.00
2025-12-09T12:29:00Z,7.00,3.00,5.00,28.00,43.00,4.91,1.00,1.00,1.00,1.00,4.00,1.00
2025-12-09T12:42:00Z,7.00,3.00,5.00,28.00,43.83,4.91,1.00,1.00,1.00,1.00,4.00,1.00
2025-12-09T12:43:00Z,7.00,3.00,5.00,28.00,44.00,4.91,1.00,1.00,1.00,1.00,4.00,1.00
2025-12-09T13:09:00Z,7.00,3.00,5.00,28.00,44.00,4.91,1.00,1.00,1.00,1.00,4.00,1.00
2025-12-09T13:10:00Z,7.00,3.00,5.00,28.00,43.00,4.91,1.00,1.00,1.00,1.00,4.00,1.00
2025-12-09T13:15:00Z,7.00,3.00,5.00,28.00,43.00,4.91,1.00,1.00,1.00,1.00,4.00,1.00
2025-12-09T13:37:00Z,7.00,3.00,5.00,28.00,43.00,4.91,1.00,1.00,1.00,1.00,4.00,1.00
2025-12-09T13:46:00Z,8.00,3.00,6.00,28.00,43.00,4.91,1.00,1.00,1.00,1.00,1.00,1.00
2025-12-09T13:54:00Z,8.00,3.00,6.00,28.00,45.00,4.91,1.00,1.00,1.00,1.00,1.00,1.00
2025-12-09T13:57:00Z,7.00,3.00,6.00,28.00,45.00,4.91,1.00,1.00,1.00,1.00,1.00,1.00
2025-12-09T14:07:00Z,6.00,3.00,6.00,28.00,45.00,4.91,1.00,1.00,1.00,1.00,1.00,1.00
2025-12-09T14:32:00Z,7.00,3.00,6.00,28.00,45.00,4.91,1.00,1.00,1.00,1.00,1.00,1.00
2025-12-09T14:38:00Z,7.89,3.00,6.00,28.00,45.00,4.91,1.00,1.00,1.00,1.00,1.00,1.00
2025-12-09T14:43:00Z,7.89,3.00,5.00,28.00,45.00,4.91,1.00,1.00,1.00,1.00,1.00,1.00
2025-12-09T15:16:00Z,7.89,3.00,4.66,28.00,45.00,4.91,1.00,1.00,1.00,1.00,1.00,1.00
2025-12-09T15:19:00Z,7.89,3.00,4.66,28.00,45.00,16.00,1.00,1.00,1.00,1.00,1.00,1.00
2025-12-09T15:39:00Z,9.00,3.00,4.66,28.00,45.00,16.00,1.00,1.00,1.00,1.00,1.00,1.00
2025-12-09T15:40:00Z,7.00,3.80,4.80,28.00,44.00,16.00,1.00,1.00,1.00,1.00,1.00,2.66
2025-12-09T16:07:00Z,6.89,3.80,4.00,28.00,44.00,16.00,1.00,1.00,1.00,1.00,1.00,2.66
2025-12-09T16:13:00Z,6.89,3.80,4.00,28.00,45.00,16.00,1.00,1.00,1.00,1.00,1.00,2.66
2025-12-09T16:18:00Z,6.89,3.80,4.00,28.00,45.00,19.84,1.00,1.00,1.00,1.00,1.00,2.66
2025-12-09T16:19:00Z,6.89,3.80,4.00,28.00,45.00,21.77,1.00,1.00,1.00,1.00,1.00,2.66
2025-12-09T16:20:00Z,6.89,3.80,4.80,28.00,42.28,21.77,1.00,1.00,1.00,1.00,1.00,2.66
2025-12-09T16:24:00Z,7.00,3.80,5.00,28.00,47.62,21.77,1.00,1.00,1.00,1.00,1.00,2.66
2025-12-09T16:25:00Z,5.65,3.80,5.00,28.00,47.62,21.77,1.00,1.00,1.00,1.00,1.00,2.66
2025-12-09T16:30:00Z,5.00,3.80,5.00,28.00,47.62,27.00,1.00,1.00,1.00,1.00,1.00,2.66
2025-12-09T16:32:00Z,4.00,3.80,5.00,28.00,47.62,27.00,1.00,1.00,1.00,1.00,1.00,2.66
2025-12-09T16:35:00Z,6.00,3.80,5.00,28.00,47.62,27.00,1.00,1.00,1.00,1.00,1.00,2.66
2025-12-09T16:38:00Z,4.35,3.55,4.55,28.00,48.00,27.00,1.00,1.00,1.00,1.00,1.00,2.38
2025-12-09T16:39:00Z,4.00,3.66,4.66,28.00,48.16,27.50,1.00,1.00,1.00,1.00,1.00,2.00
2025-12-09T16:42:00Z,4.00,2.73,4.39,28.00,48.21,26.49,1.00,1.00,1.00,1.00,1.00,2.37
2025-12-09T16:45:00Z,5.93,2.00,4.40,28.00,48.66,28.00,1.00,1.00,1.00,1.00,1.00,1.00
2025-12-09T16:50:00Z,5.00,2.00,3.99,28.00,48.66,28.00,1.00,1.00,1.00,1.00,1.00,1.00
2025-12-09T16:59:00Z,5.83,2.00,2.00,28.00,48.66,28.00,1.00,1.00,1.00,1.00,1.00,1.00
2025-12-09T17:16:00Z,5.83,2.00,2.00,28.00,48.66,28.00,1.00,1.00,1.00,1.00,1.00,1.00
2025-12-09T17:30:00Z,5.00,2.00,2.00,28.00,48.66,28.00,1.00,1.00,1.00,1.00,1.00,1.00
2025-12-09T18:02:00Z,6.84,2.00,2.00,28.00,48.66,28.00,1.00,1.00,1.00,1.00,1.00,1.00
2025-12-09T19:00:00Z,6.84,2.00,2.00,28.00,48.00,28.00,1.00,1.00,1.00,1.00,1.00,1.00
2025-12-09T19:02:00Z,6.84,2.00,2.00,28.00,47.01,28.00,1.00,1.00,1.00,1.00,1.00,1.00
2025-12-09T19:03:00Z,6.84,2.00,2.00,28.00,47.01,30.98,1.00,1.00,1.00,1.00,1.00,1.00
2025-12-09T19:13:00Z,6.84,2.00,2.00,28.00,47.00,30.98,1.00,1.00,1.00,1.00,1.00,1.00
2025-12-09T19:15:00Z,6.84,2.00,2.00,28.00,46.00,30.98,1.00,1.00,1.00,1.00,1.00,1.00
2025-12-09T19:36:00Z,6.84,2.00,3.00,28.00,46.00,32.00,1.00,1.00,1.00,1.00,1.00,1.00
2025-12-09T19:38:00Z,5.07,3.62,2.47,28.00,47.00,30.00,1.00,1.00,1.00,1.00,1.00,1.00
2025-12-09T20:13:00Z,5.07,3.62,2.47,28.00,47.00,29.00,1.00,1.00,1.00,1.00,1.00,1.00
2025-12-09T20:48:00Z,5.07,3.62,2.47,28.00,50.00,29.00,1.00,1.00,1.00,1.00,1.00,1.00
2025-12-09T21:24:00Z,5.07,3.62,2.47,28.00,50.00,28.00,1.00,1.00,1.00,1.00,1.00,1.00
2025-12-09T21:30:00Z,5.07,3.62,2.47,28.00,50.00,28.00,1.00,1.00,1.00,1.00,1.00,1.00
2025-12-09T21:31:00Z,5.07,3.62,2.47,28.00,50.12,27.00,1.00,1.00,1.00,1.00,1.00,1.00
2025-12-09T22:08:00Z,5.00,2.87,1.87,28.00,51.13,25.52,1.00,1.00,1.00,1.00,1.00,1.00
2025-12-09T22:29:00Z,5.00,2.87,1.87,28.00,51.13,25.00,1.00,1.00,1.00,1.00,1.00,1.00
2025-12-09T22:30:00Z,5.00,3.00,1.87,28.00,51.13,25.00,1.00,1.00,1.00,1.00,1.00,1.00
2025-12-09T22:37:00Z,7.00,3.00,1.87,28.00,51.13,25.00,1.00,1.00,1.00,1.00,1.00,1.00
2025-12-09T22:44:00Z,7.00,3.00,3.00,28.00,51.13,25.00,1.00,1.00,1.00,1.00,1.00,1.00
2025-12-09T22:46:00Z,6.00,2.00,2.00,28.00,49.00,25.00,1.00,1.00,1.00,1.00,1.00,2.00
2025-12-09T22:47:00Z,7.00,2.00,3.00,28.00,49.00,25.00,1.00,1.00,1.00,1.00,1.00,2.00
2025-12-09T22:56:00Z,7.00,2.00,3.00,28.00,49.00,25.00,1.00,1.00,1.00,1.00,1.00,2.00
2025-12-09T23:05:00Z,7.00,2.00,3.00,28.00,49.00,25.00,1.00,1.00,1.00,1.00,1.00,2.00
2025-12-09T23:24:00Z,7.00,2.00,3.00,28.00,49.00,25.00,1.00,1.00,1.00,1.00,1.00,2.00
2025-12-09T23:31:00Z,7.00,2.00,3.00,28.00,47.00,25.00,1.00,1.00,1.00,1.00,1.00,2.00
2025-12-09T23:35:00Z,7.00,2.00,3.00,28.00,47.00,25.00,1.00,1.00,1.00,1.00,1.00,2.00
2025-12-09T23:58:00Z,7.00,2.00,3.00,28.00,47.00,29.00,1.00,2.00,1.00,1.00,1.00,2.00
2025-12-10T00:03:00Z,7.00,2.00,3.00,28.00,47.00,29.00,1.00,2.00,1.00,1.00,1.00,2.00
2025-12-10T00:52:00Z,5.00,2.00,3.00,28.00,47.00,29.00,1.00,2.00,1.00,1.00,1.00,2.00
2025-12-10T01:00:00Z,5.00,2.00,3.00,28.00,47.00,28.00,1.00,2.00,1.00,1.00,1.00,2.00
2025-12-10T01:04:00Z,5.33,2.33,1.33,28.00,47.75,27.62,1.00,2.00,1.00,1.00,1.00,1.00
2025-12-10T01:11:00Z,5.33,2.33,1.33,28.00,47.75,24.00,1.00,2.00,1.00,1.00,1.00,1.00
2025-12-10T01:12:00Z,5.33,2.33,1.33,28.00,47.75,24.00,1.00,2.00,1.00,1.00,1.00,1.00
2025-12-10T01:45:00Z,5.00,2.33,1.33,28.00,47.75,24.00,1.00,2.00,1.00,1.00,1.00,1.00
2025-12-10T02:04:00Z,5.00,2.33,1.33,28.00,47.75,24.00,1.00,2.00,1.00,1.00,1.00,1.00
2025-12-10T02:11:00Z,5.00,2.33,1.33,28.00,55.32,24.00,1.00,2.00,1.00,1.00,1.00,1.00
2025-12-10T02:12:00Z,5.00,2.33,1.33,28.00,56.00,24.00,1.00,2.00,1.00,1.00,1.00,1.00
2025-12-10T02:13:00Z,5.00,2.33,1.33,28.00,56.00,28.88,1.00,2.00,1.00,1.00,1.00,1.00
2025-12-10T02:14:00Z,5.00,2.33,1.33,28.00,56.00,23.19,1.00,2.00,1.00,1.00,1.00,1.00
2025-12-10T02:15:00Z,4.00,2.00,2.64,28.00,48.00,26.00,1.00,2.00,1.00,1.00,1.00,1.00
2025-12-10T02:17:00Z,6.00,2.00,2.64,28.00,48.00,26.00,1.00,2.00,1.00,1.00,1.00,1.00
2025-12-10T02:50:00Z,6.00,2.00,2.64,28.00,48.00,26.00,1.00,2.00,1.00,1.00,1.00,1.00
2025-12-10T02:59:00Z,5.00,2.00,2.00,28.00,52.00,24.22,1.00,2.00,1.00,1.00,1.00,1.00
2025-12-10T03:36:00Z,5.00,2.00,2.00,28.00,47.00,24.22,1.00,2.00,1.00,1.00,1.00,1.00
2025-12-10T03:54:00Z,5.00,2.00,3.00,28.00,47.00,24.22,1.00,2.00,1.00,1.00,1.00,1.00
2025-12-10T04:08:00Z,5.00,2.00,3.00,28.00,52.00,24.22,1.00,2.00,1.00,1.00,1.00,1.00
2025-12-10T04:11:00Z,5.00,2.00,3.00,28.00,52.00,23.35,1.00,2.00,1.00,1.00,1.00,1.00
2025-12-10T04:36:00Z,5.00,2.00,3.00,28.00,52.00,28.00,1.00,2.00,1.00,1.00,1.00,1.00
2025-12-10T05:23:00Z,5.00,2.00,3.00,28.00,52.00,28.00,1.00,2.00,1.00,1.00,1.00,1.00
2025-12-10T05:52:00Z,7.03,2.00,3.00,28.00,52.00,28.00,1.00,2.00,1.00,1.00,1.00,1.00
2025-12-10T05:53:00Z,9.00,2.00,3.00,28.00,52.00,28.00,1.00,2.00,1.00,1.00,1.00,1.00
2025-12-10T05:54:00Z,9.00,2.00,3.00,28.00,51.00,28.00,1.00,2.00,1.00,1.00,1.00,1.00
2025-12-10T06:44:00Z,8.18,2.00,3.00,28.00,51.00,28.00,1.00,2.00,1.00,1.00,1.00,1.00
2025-12-10T08:50:00Z,8.00,2.00,3.00,28.00,51.00,28.00,1.00,2.00,1.00,1.00,1.00,1.00
2025-12-10T08:53:00Z,8.00,2.00,3.00,28.00,49.00,28.00,1.00,2.00,1.00,1.00,1.00,1.00
2025-12-10T08:54:00Z,8.00,2.00,3.00,28.00,48.00,28.00,1.00,2.00,1.00,1.00,1.00,1.00
2025-12-10T08:55:00Z,8.00,2.00,3.00,28.00,48.00,28.00,1.00,2.00,1.00,1.00,1.00,1.00
2025-12-10T08:56:00Z,8.00,2.00,3.00,28.00,47.00,28.00,1.00,2.00,1.00,1.00,1.00,1.00
2025-12-10T08:57:00Z,8.00,2.00,3.00,28.00,45.11,28.00,1.00,2.00,1.00,1.00,1.00,1.00
2025-12-10T10:06:00Z,8.00,3.00,3.00,28.00,45.11,28.00,1.00,2.00,1.00,1.00,1.00,1.00
2025-12-10T10:22:00Z,8.00,3.00,3.00,28.00,47.66,28.00,1.00,2.00,1.00,1.00,1.00,1.00
2025-12-10T10:35:00Z,8.00,3.00,3.00,28.00,47.66,28.00,1.00,2.00,1.00,1.00,1.00,1.00
2025-12-10T10:56:00Z,8.00,3.00,2.00,28.00,47.66,28.00,1.00,2.00,1.00,1.00,1.00,1.00
2025-12-10T11:39:00Z,8.00,3.00,2.00,28.00,47.66,24.10,1.00,2.00,1.00,1.00,1.00,1.00
2025-12-10T11:45:00Z,7.00,3.00,2.00,28.00,47.66,24.10,1.00,2.00,1.00,1.00,1.00,1.00
2025-12-10T11:46:00Z,7.00,3.00,4.00,28.00,47.66,24.10,1.00,2.00,1.00,1.00,1.00,1.00
2025-12-10T11:47:00Z,7.00,3.00,4.00,28.00,47.66,24.10,1.00,2.00,1.00,1.00,1.00,1.00
2025-12-10T13:16:00Z,7.00,3.00,4.00,28.00,47.66,24.10,1.00,2.00,1.00,1.00,1.00,1.00
2025-12-10T13:17:00Z,7.00,3.00,4.00,28.00,47.66,24.10,1.00,2.00,1.00,1.00,1.00,1.00
2025-12-10T13:18:00Z,7.00,3.00,4.00,28.00,47.66,24.10,1.00,2.00,1.00,1.00,1.00,1.00
2025-12-10T13:23:00Z,7.00,2.00,4.00,28.00,47.66,24.10,1.00,2.00,1.00,1.00,1.00,1.00
2025-12-10T13:41:00Z,8.00,2.00,4.00,28.00,47.66,24.10,1.00,2.00,1.00,1.00,1.00,1.00
2025-12-10T13:53:00Z,8.00,2.00,4.00,28.00,49.00,24.10,1.00,2.00,1.00,1.00,1.00,1.00
2025-12-10T14:06:00Z,8.00,2.00,4.00,28.00,49.00,26.00,1.00,2.00,1.00,1.00,1.00,1.00
2025-12-10T14:08:00Z,8.00,2.00,4.00,28.00,49.00,27.00,1.00,2.00,1.00,1.00,1.00,1.00
2025-12-10T15:02:00Z,8.00,2.00,3.00,28.00,50.85,27.00,1.00,2.00,1.00,1.00,1.00,1.00
2025-12-10T15:37:00Z,8.00,2.00,3.00,28.00,53.00,27.00,1.00,2.00,1.00,1.00,1.00,1.00
2025-12-10T15:58:00Z,8.00,3.00,3.00,28.00,53.00,27.00,1.00,2.00,1.00,1.00,1.00,1.00
2025-12-10T16:13:00Z,4.00,2.33,3.50,28.00,51.00,25.00,1.00,1.00,1.00,1.00,1.00,1.00
2025-12-10T16:14:00Z,4.00,2.33,3.50,28.00,51.00,25.00,1.00,1.00,1.00,1.00,1.00,1.00
2025-12-10T16:21:00Z,4.00,3.00,4.00,28.00,51.00,26.98,1.00,1.00,1.00,1.00,1.00,1.00
2025-12-10T16:23:00Z,4.00,3.00,3.00,28.00,54.00,26.98,1.00,1.00,1.00,1.00,1.00,1.00
2025-12-10T16:24:00Z,4.00,3.00,3.00,28.00,54.00,26.98,1.00,1.00,1.00,1.00,1.00,1.00
2025-12-10T16:25:00Z,4.00,3.00,3.00,28.00,54.00,28.00,1.00,1.00,1.00,1.00,1.00,1.00
2025-12-10T16:48:00Z,4.00,3.00,4.00,28.00,54.00,28.00,1.00,1.00,1.00,1.00,1.00,1.00
2025-12-10T16:49:00Z,4.00,3.00,4.00,28.00,54.00,28.00,1.00,1.00,1.00,1.00,1.00,1.00
2025-12-10T16:50:00Z,4.00,3.00,4.00,28.00,54.00,28.01,1.00,1.00,1.00,1.00,1.00,1.00
2025-12-10T17:42:00Z,6.00,3.00,4.00,28.00,54.00,28.01,1.00,1.00,1.00,1.00,1.00,1.00
2025-12-10T18:20:00Z,6.00,3.00,4.00,28.00,49.00,28.01,1.00,1.00,1.00,1.00,1.00,1.00
2025-12-10T18:21:00Z,6.00,3.00,4.00,28.00,48.00,28.01,1.00,1.00,1.00,1.00,1.00,1.00
2025-12-10T18:22:00Z,6.00,3.00,4.00,28.00,48.00,28.01,1.00,1.00,1.00,1.00,1.00,1.00
2025-12-10T18:23:00Z,6.00,3.00,4.00,28.00,47.00,28.01,1.00,3.00,1.00,1.00,1.00,1.00
2025-12-10T18:30:00Z,6.00,3.00,4.00,28.00,47.00,27.00,1.00,3.00,1.00,1.00,1.00,1.00
2025-12-10T18:58:00Z,6.00,3.00,4.00,28.00,47.00,28.00,1.00,3.00,1.00,1.00,1.00,1.00
2025-12-10T19:26:00Z,6.00,3.00,4.00,28.00,51.00,28.00,1.00,3.00,1.00,1.00,1.00,1.00
2025-12-10T19:41:00Z,4.00,3.00,3.00,28.00,51.00,27.00,1.00,3.00,1.00,1.00,1.00,1.00
2025-12-10T19:51:00Z,4.00,3.00,3.00,28.00,51.00,27.00,1.00,3.00,1.00,1.00,1.00,1.00
2025-12-10T19:57:00Z,4.00,3.00,3.66,28.00,51.00,27.00,1.00,3.00,1.00,1.00,1.00,1.00
2025-12-10T20:01:00Z,4.00,3.00,3.00,28.00,51.00,27.00,1.00,3.00,1.00,1.00,1.00,1.00
2025-12-10T20:27:00Z,5.00,3.00,3.00,28.00,51.00,27.00,1.00,3.00,1.00,1.00,1.00,1.00
2025-12-10T20:28:00Z,5.00,3.00,3.00,28.00,51.00,26.00,1.00,3.00,1.00,1.00,1.00,1.00
2025-12-10T20:29:00Z,5.00,3.00,3.00,28.00,51.00,26.00,1.00,3.00,1.00,1.00,1.00,1.00
2025-12-10T20:30:00Z,6.00,3.00,3.00,28.00,51.00,26.00,1.00,3.00,1.00,1.00,1.00,1.00
2025-12-10T20:31:00Z,6.00,3.00,3.00,28.00,51.00,25.00,1.00,3.00,1.00,1.00,1.00,1.00
2025-12-10T20:55:00Z,6.00,3.00,3.00,28.00,49.00,25.00,1.00,3.00,1.00,1.00,1.00,1.00
2025-12-10T20:56:00Z,7.45,2.23,2.00,28.00,50.25,25.00,1.00,1.00,1.00,1.00,1.00,1.00
2025-12-10T20:57:00Z,8.00,2.23,2.00,28.00,50.25,25.00,1.00,1.00,1.00,1.00,1.00,1.00
2025-12-10T21:00:00Z,6.00,2.13,2.00,28.00,51.00,25.00,1.00,1.00,1.00,1.00,1.00,1.00
2025-12-10T21:16:00Z,8.00,3.00,2.00,28.00,51.00,25.00,1.00,1.00,1.00,1.00,1.00,1.00
2025-12-10T21:51:00Z,8.00,3.00,3.79,28.00,51.00,25.00,1.00,1.00,1.00,1.00,1.00,1.00
2025-12-10T22:29:00Z,8.00,3.00,3.79,28.00,51.00,25.00,1.00,1.00,1.00,1.00,1.00,1.00
2025-12-10T22:51:00Z,8.00,3.00,3.79,28.00,45.76,25.00,1.00,1.00,1.00,1.00,1.00,1.00
2025-12-10T22:54:00Z,8.00,3.00,3.79,28.00,45.76,23.95,1.00,1.00,1.00,1.00,1.00,1.00
2025-12-10T23:04:00Z,8.00,3.00,3.79,28.00,45.76,23.34,1.00,1.00,1.00,1.00,1.00,1.00
2025-12-10T23:15:00Z,8.00,3.00,3.79,28.00,45.76,23.34,1.00,1.00,1.00,1.00,1.00,1.00
2025-12-10T23:19:00Z,8.00,3.00,3.79,28.00,51.00,23.34,1.00,1.00,1.00,1.00,1.00,1.00
2025-12-10T23:21:00Z,8.00,3.00,3.79,28.00,51.00,28.00,1.00,1.00,1.00,1.00,1.00,1.00
2025-12-10T23:40:00Z,6.06,3.00,2.00,28.00,45.00,23.00,1.00,1.00,1.00,1.00,1.00,1.00
2025-12-10T23:42:00Z,6.00,3.00,2.00,28.00,44.00,28.00,1.00,1.00,1.00,1.00,1.00,1.00
2025-12-10T23:43:00Z,6.00,3.00,2.00,28.00,44.00,28.00,1.00,1.00,1.00,1.00,1.00,1.00
2025-12-11T00:15:00Z,8.40,3.00,2.00,28.00,44.00,28.00,1.00,1.00,1.00,1.00,1.00,1.00
2025-12-11T00:21:00Z,8.40,3.00,4.00,28.00,44.00,28.00,1.00,1.00,1.00,1.00,1.00,1.00
2025-12-11T00:22:00Z,8.40,3.00,4.00,28.00,44.00,28.00,1.00,1.00,1.00,1.00,1.00,1.00
2025-12-11T00:38:00Z,8.40,2.00,2.11,28.00,44.00,28.00,1.00,1.00,1.00,1.00,1.00,1.00
2025-12-11T01:27:00Z,7.00,3.00,2.11,28.00,44.00,28.00,1.00,1.00,1.00,1.00,1.00,1.00
2025-12-11T01:40:00Z,7.00,3.00,2.11,28.00,48.00,28.00,1.00,1.00,1.00,1.00,1.00,1.00
2025-12-11T01:55:00Z,7.00,3.00,2.11,28.00,49.82,28.00,1.00,1.00,1.00,1.00,1.00,1.00
2025-12-11T01:56:00Z,6.00,2.00,2.11,28.00,51.00,28.00,1.00,1.00,1.00,1.00,1.00,1.00
2025-12-11T02:29:00Z,6.00,2.66,2.11,28.00,51.00,28.00,1.00,1.00,1.00,1.00,1.00,1.00
2025-12-11T02:37:00Z,6.00,3.00,2.11,28.00,51.00,28.00,1.00,1.00,1.00,1.00,1.00,1.00
2025-12-11T02:40:00Z,7.00,2.66,2.11,28.00,51.00,28.00,1.00,1.00,1.00,1.00,1.00,1.00
2025-12-11T04:00:00Z,7.00,2.66,4.00,28.00,50.00,28.00,1.00,1.00,1.00,1.00,1.00,1.00
2025-12-11T04:01:00Z,6.00,2.25,3.25,28.00,48.00,24.00,1.00,1.00,1.00,1.00,1.00,2.00
2025-12-11T04:24:00Z,6.00,3.00,4.00,28.00,48.00,24.00,1.00,1.00,1.00,1.00,1.00,2.00
2025-12-11T04:29:00Z,6.00,3.00,4.00,28.00,48.00,25.00,1.00,1.00,1.00,1.00,1.00,2.00
2025-12-11T04:32:00Z,6.00,3.00,4.00,28.00,46.00,25.00,1.00,1.00,1.00,1.00,1.00,2.00
2025-12-11T04:37:00Z,7.00,3.00,4.00,28.00,46.00,25.00,1.00,1.00,1.00,1.00,1.00,2.00
2025-12-11T04:58:00Z,8.00,2.00,4.00,28.00,46.00,25.00,1.00,1.00,1.00,1.00,1.00,2.00
2025-12-11T05:16:00Z,8.00,2.00,4.00,28.00,46.00,25.00,1.00,1.00,1.00,1.00,1.00,2.00
2025-12-11T05:27:00Z,7.00,2.00,4.00,28.00,46.00,25.00,1.00,1.00,1.00,1.00,1.00,2.00
2025-12-11T06:33:00Z,7.00,2.00,4.00,28.00,46.00,26.00,1.00,1.00,1.00,1.00,1.00,2.00
2025-12-11T11:08:00Z,7.00,2.00,5.00,28.00,46.00,26.00,1.00,1.00,1.00,1.00,1.00,2.00
2025-12-11T12:59:00Z,7.00,2.00,5.00,28.00,46.00,26.00,1.00,1.00,1.00,1.00,1.00,2.00
2025-12-11T13:01:00Z,5.00,2.00,3.00,28.00,53.00,27.00,1.00,1.00,1.00,1.00,1.00,2.00
2025-12-11T13:04:00Z,5.00,2.00,3.00,28.00,52.00,26.00,1.00,1.00,1.00,1.00,1.00,1.00
2025-12-11T13:27:00Z,5.00,2.00,3.00,28.00,48.00,26.00,1.00,1.00,1.00,1.00,1.00,1.00
2025-12-11T13:46:00Z,4.85,2.00,8.00,28.00,42.00,25.81,1.00,1.00,1.00,1.00,1.00,1.00
2025-12-11T13:48:00Z,4.00,2.00,8.00,28.00,43.00,23.00,1.00,1.00,1.00,1.00,1.00,1.00
2025-12-11T13:54:00Z,5.00,2.00,8.00,28.00,42.00,23.00,1.00,1.00,1.00,1.00,1.00,1.00
2025-12-11T13:55:00Z,6.00,2.00,8.00,28.00,42.00,23.00,1.00,1.00,1.00,1.00,1.00,1.00
2025-12-11T14:04:00Z,5.00,2.00,8.00,28.00,42.00,23.00,1.00,1.00,1.00,1.00,1.00,1.00
2025-12-11T14:16:00Z,4.00,2.00,8.00,28.00,42.00,23.00,1.00,1.00,1.00,1.00,1.00,1.00
2025-12-11T14:17:00Z,4.00,1.00,8.00,28.00,42.00,23.20,1.00,1.00,1.00,1.00,1.00,1.00
2025-12-11T14:18:00Z,4.00,1.00,8.00,28.00,42.00,23.00,1.00,1.00,1.00,1.00,1.00,1.00
2025-12-11T14:19:00Z,4.00,1.00,8.00,28.00,42.00,23.00,1.00,1.00,1.00,1.00,1.00,1.00
2025-12-11T14:20:00Z,4.00,1.00,8.00,28.00,40.94,23.00,1.00,1.00,1.00,1.00,1.00,1.00
2025-12-11T14:46:00Z,4.00,1.00,8.00,28.00,40.94,23.00,1.00,1.00,1.00,1.00,1.00,1.00
2025-12-11T14:47:00Z,4.00,1.00,8.00,28.00,40.94,23.00,1.00,1.00,1.00,1.00,1.00,1.00
2025-12-11T14:50:00Z,5.00,1.00,8.00,28.00,40.94,23.00,1.00,1.00,1.00,1.00,1.00,1.00
2025-12-11T14:51:00Z,4.00,1.00,8.00,28.00,40.94,23.00,1.00,1.00,1.00,1.00,1.00,1.00
2025-12-11T14:53:00Z,5.00,1.00,8.00,28.00,40.94,23.00,1.00,1.00,1.00,1.00,1.00,1.00
2025-12-11T15:16:00Z,5.00,1.00,8.00,28.00,41.00,23.00,1.00,1.00,1.00,1.00,1.00,1.00
2025-12-11T15:46:00Z,5.00,1.00,8.00,28.00,41.00,23.00,1.00,1.00,1.00,1.00,1.00,1.00
2025-12-11T15:58:00Z,5.00,1.00,8.00,28.00,41.00,27.00,1.00,1.00,1.00,1.00,1.00,1.00
2025-12-11T16:41:00Z,5.00,1.00,8.00,28.00,41.00,23.07,1.00,1.00,1.00,1.00,1.00,1.00
2025-12-11T16:46:00Z,5.71,1.00,8.00,28.00,41.00,23.07,1.00,1.00,1.00,1.00,1.00,1.00
2025-12-11T16:50:00Z,5.71,1.00,8.00,28.00,41.00,23.07,1.00,1.00,1.00,1.00,1.00,1.00
2025-12-11T17:03:00Z,5.71,1.00,7.96,28.00,41.00,23.07,1.00,1.00,1.00,1.00,1.00,1.00
2025-12-11T17:04:00Z,5.71,3.23,7.96,28.00,41.00,23.07,1.00,1.00,1.00,1.00,1.00,1.00
2025-12-11T17:05:00Z,5.71,3.23,7.96,28.00,40.88,23.07,1.00,1.00,1.00,1.00,1.00,1.00
2025-12-11T17:07:00Z,5.71,3.23,7.96,28.00,44.63,23.07,1.00,1.00,1.00,1.00,1.00,1.00
2025-12-11T17:12:00Z,5.71,3.23,7.96,28.00,44.63,23.00,1.00,1.00,1.00,1.00,1.00,1.00
2025-12-11T17:16:00Z,5.00,3.00,4.23,28.00,44.23,21.00,1.00,1.00,1.00,1.00,1.00,1.00
2025-12-11T17:50:00Z,6.00,3.00,4.23,28.00,44.23,21.00,1.00,1.00,1.00,1.00,1.00,1.00
2025-12-11T18:02:00Z,7.00,3.00,4.23,28.00,44.23,21.00,1.00,1.00,1.00,1.00,1.00,1.00
2025-12-11T18:48:00Z,5.00,3.00,4.23,28.00,44.23,21.00,1.00,1.00,1.00,1.00,1.00,1.00
2025-12-11T19:12:00Z,5.00,2.35,4.23,28.00,44.23,21.00,1.00,1.00,1.00,1.00,1.00,1.00
2025-12-11T19:13:00Z,5.00,3.99,4.23,28.00,44.23,21.00,1.00,1.00,1.00,1.00,1.00,1.00
2025-12-11T19:14:00Z,5.00,3.99,3.95,28.00,44.23,21.00,1.00,1.00,1.00,1.00,1.00,1.00
2025-12-11T19:22:00Z,5.00,3.99,3.95,28.00,44.23,21.00,1.00,1.00,1.00,1.00,1.00,1.00
2025-12-11T19:27:00Z,5.00,3.99,3.95,28.00,50.00,22.00,1.00,1.00,1.00,1.00,1.00,1.00
2025-12-11T19:30:00Z,5.00,3.99,3.95,28.00,50.41,22.00,1.00,1.00,1.00,1.00,1.00,1.00
2025-12-11T19:41:00Z,5.00,3.99,3.95,28.00,50.00,22.00,1.00,1.00,1.00,1.00,1.00,1.00
2025-12-11T19:42:00Z,5.00,3.99,3.95,28.00,50.00,22.00,1.00,1.00,1.00,1.00,1.00,1.00
2025-12-11T19:43:00Z,5.00,3.99,3.95,28.00,50.46,22.00,1.00,1.00,1.00,1.00,1.00,1.00
2025-12-11T20:01:00Z,5.00,3.99,4.00,28.00,50.46,22.00,1.00,1.00,1.00,1.00,1.00,1.00
2025-12-11T20:02:00Z,5.00,3.99,5.00,28.00,50.46,22.00,1.00,1.00,1.00,1.00,1.00,1.00
2025-12-11T20:06:00Z,6.00,3.99,5.00,28.00,50.46,22.00,1.00,1.00,1.00,1.00,1.00,1.00
2025-12-11T20:32:00Z,6.00,3.99,5.00,28.00,46.00,22.00,1.00,1.00,1.00,1.00,1.00,1.00
2025-12-11T20:34:00Z,6.00,3.99,5.00,28.00,46.00,22.00,1.00,1.00,1.00,1.00,1.00,1.00
2025-12-11T20:36:00Z,6.00,3.99,5.00,28.00,46.00,22.00,1.00,1.00,1.00,1.00,1.00,1.00
2025-12-11T21:04:00Z,6.00,3.99,5.00,28.00,46.00,22.00,1.00,1.00,1.00,1.00,1.00,1.00
2025-12-11T21:30:00Z,5.00,3.99,5.00,28.00,46.00,22.00,1.00,1.00,1.00,1.00,1.00,1.00
2025-12-11T21:34:00Z,6.00,3.99,5.00,28.00,46.00,22.00,1.00,1.00,1.00,1.00,1.00,1.00
2025-12-11T21:46:00Z,6.00,3.99,7.08,28.00,46.00,21.00,1.00,1.00,1.00,1.00,1.00,1.00
2025-12-11T21:54:00Z,6.00,3.99,7.08,28.00,46.00,21.00,1.00,3.00,1.00,1.00,1.00,1.00
2025-12-11T21:56:00Z,6.36,3.99,7.08,28.00,46.00,21.00,1.00,3.00,1.00,1.00,1.00,1.00
2025-12-11T21:57:00Z,6.00,3.99,7.08,28.00,46.00,21.00,1.00,3.00,1.00,1.00,1.00,1.00
2025-12-11T22:01:00Z,6.00,3.99,7.08,28.00,46.00,21.00,1.00,3.00,1.00,1.00,1.00,1.00
2025-12-11T22:02:00Z,6.00,3.00,9.00,28.00,46.00,21.00,1.00,3.00,1.00,1.00,1.00,1.00
2025-12-11T22:42:00Z,6.00,3.00,9.00,28.00,48.00,22.00,1.00,3.00,1.00,1.00,1.00,1.00
2025-12-11T22:46:00Z,6.00,3.00,9.00,28.00,48.00,22.00,1.00,3.00,1.00,1.00,1.00,1.00
2025-12-11T23:06:00Z,6.00,3.00,9.00,28.00,48.00,22.00,1.00,3.00,1.00,1.00,1.00,1.00
2025-12-11T23:15:00Z,6.00,3.00,6.00,28.00,48.00,22.00,1.00,3.00,1.00,1.00,1.00,1.00
2025-12-11T23:18:00Z,6.00,3.00,6.00,28.00,48.00,22.00,1.00,3.00,1.00,1.00,1.00,1.00
2025-12-11T23:36:00Z,6.00,3.00,5.00,28.00,48.00,22.00,1.00,3.00,1.00,1.00,1.00,1.00
2025-12-12T00:01:00Z,6.00,3.00,5.00,28.00,48.00,22.00,1.00,3.00,1.00,1.00,1.00,1.00
2025-12-12T00:13:00Z,6.00,3.00,5.00,28.00,48.00,22.00,1.00,3.00,1.00,1.00,1.00,1.00
2025-12-12T00:24:00Z,6.00,3.00,5.00,28.00,48.00,22.00,1.00,3.00,1.00,1.00,1.00,1.00
2025-12-12T00:34:00Z,6.00,3.00,7.40,28.00,48.00,22.00,1.00,3.00,1.00,1.00,1.00,1.00
2025-12-12T00:39:00Z,6.00,3.00,7.40,28.00,48.00,22.00,1.00,3.00,1.00,1.00,1.00,1.00
2025-12-12T02:02:00Z,7.00,3.00,7.40,28.00,48.00,22.00,1.00,3.00,1.00,1.00,1.00,1.00
2025-12-12T02:18:00Z,7.00,3.00,7.40,28.00,49.00,22.00,1.00,3.00,1.00,1.00,1.00,1.00
2025-12-12T02:31:00Z,7.00,3.00,8.00,28.00,49.00,22.00,1.00,3.00,1.00,1.00,1.00,1.00
2025-12-12T02:46:00Z,7.00,3.00,8.00,28.00,48.00,22.00,1.00,3.00,1.00,1.00,1.00,1.00
2025-12-12T02:55:00Z,7.00,3.00,8.00,28.00,48.00,22.00,1.00,3.00,1.00,1.00,1.00,1.00
2025-12-12T03:00:00Z,7.00,3.00,9.09,28.00,48.00,22.00,1.00,3.00,1.00,1.00,1.00,1.00
2025-12-12T03:44:00Z,6.00,3.00,9.09,28.00,48.00,22.00,1.00,3.00,1.00,1.00,1.00,1.00
2025-12-12T04:16:00Z,6.00,3.00,9.09,28.00,48.00,22.00,1.00,3.00,1.00,1.00,1.00,1.00
2025-12-12T04:37:00Z,5.00,3.00,9.09,28.00,48.00,22.00,1.00,3.00,1.00,1.00,1.00,1.00
2025-12-12T04:40:00Z,5.00,3.00,9.09,28.00,48.00,22.00,1.00,3.00,1.00,1.00,1.00,1.00
2025-12-12T04:43:00Z,5.00,3.00,9.09,28.00,48.00,19.00,1.00,3.00,1.00,1.00,1.00,1.00
2025-12-12T04:45:00Z,5.00,3.00,9.00,28.00,48.00,19.00,1.00,3.00,1.00,1.00,1.00,1.00
2025-12-12T05:04:00Z,6.00,3.00,9.00,28.00,48.00,19.00,1.00,3.00,1.00,1.00,1.00,1.00
2025-12-12T05:57:00Z,6.00,3.00,9.00,28.00,48.00,19.00,1.00,3.00,1.00,1.00,1.00,1.00
2025-12-12T07:26:00Z,6.00,3.00,9.00,28.00,52.00,19.00,1.00,3.00,1.00,1.00,1.00,1.00
2025-12-12T07:27:00Z,6.00,3.00,9.00,28.00,53.00,19.00,1.00,3.00,1.00,1.00,1.00,1.00
2025-12-12T07:57:00Z,6.00,3.00,9.00,28.00,53.00,19.00,1.00,3.00,1.00,1.00,1.00,1.00
2025-12-12T10:53:00Z,6.00,3.00,9.00,28.00,49.00,19.00,1.00,3.00,1.00,1.00,1.00,1.00
2025-12-12T10:58:00Z,6.00,3.00,9.00,28.00,49.00,19.00,1.00,3.00,1.00,1.00,1.00,1.00
2025-12-12T11:19:00Z,4.00,3.00,9.00,28.00,49.00,19.00,1.00,3.00,1.00,1.00,1.00,1.00
2025-12-12T11:21:00Z,3.00,3.00,6.58,28.00,48.00,19.66,1.00,1.00,1.00,1.00,1.00,1.00
2025-12-12T11:30:00Z,3.00,3.00,6.58,28.00,48.00,19.66,1.00,1.00,1.00,1.00,1.00,1.00
2025-12-12T11:39:00Z,3.00,3.00,6.58,28.00,48.00,19.66,1.00,1.00,1.00,1.00,1.00,1.00
2025-12-12T11:53:00Z,3.00,3.00,7.55,28.00,49.00,21.55,1.00,1.00,1.00,1.00,1.00,1.00
2025-12-12T11:54:00Z,3.00,3.00,7.55,28.00,49.00,21.55,1.00,1.00,1.00,1.00,1.00,1.00
2025-12-12T12:47:00Z,3.00,3.00,8.00,28.00,49.00,21.55,1.00,1.00,1.00,1.00,1.00,1.00
2025-12-12T12:58:00Z,3.00,3.00,7.00,28.00,49.00,21.55,1.00,1.00,1.00,1.00,1.00,1.00
2025-12-12T13:20:00Z,3.00,3.00,6.00,28.00,49.00,21.55,1.00,1.00,1.00,1.00,1.00,1.00
2025-12-12T13:35:00Z,3.00,3.00,6.00,28.00,49.00,21.55,1.00,1.00,1.00,1.00,1.00,1.00
2025-12-12T13:36:00Z,3.00,3.00,6.00,28.00,49.00,23.00,1.00,1.00,1.00,1.00,1.00,1.00
2025-12-12T14:59:00Z,3.00,3.00,6.00,28.00,48.00,23.00,1.00,1.00,1.00,1.00,1.00,1.00
2025-12-12T15:00:00Z,3.00,3.00,6.00,28.00,49.00,23.00,1.00,1.00,1.00,1.00,1.00,1.00
2025-12-12T15:01:00Z,3.00,3.00,6.00,28.00,47.00,23.00,1.00,1.00,1.00,1.00,1.00,1.00
2025-12-12T15:34:00Z,4.00,3.00,6.00,28.00,47.00,23.00,1.00,1.00,1.00,1.00,1.00,1.00
2025-12-12T15:36:00Z,4.00,3.00,6.00,28.00,47.00,23.00,1.00,1.00,1.00,1.00,1.00,1.00
2025-12-12T15:42:00Z,4.00,3.00,6.00,28.00,48.00,19.73,1.00,1.00,1.00,1.00,1.00,1.00
2025-12-12T15:51:00Z,4.00,3.00,6.00,28.00,48.00,19.73,1.00,1.00,1.00,1.00,1.00,1.00
2025-12-12T15:52:00Z,3.00,3.00,6.00,28.00,48.00,19.73,1.00,1.00,1.00,1.00,1.00,1.00
2025-12-12T15:55:00Z,3.00,3.00,6.00,28.00,48.00,19.07,1.00,1.00,1.00,1.00,1.00,1.00
2025-12-12T15:56:00Z,3.00,3.00,6.00,28.00,47.00,19.07,1.00,1.00,1.00,1.00,1.00,1.00
2025-12-12T16:02:00Z,3.00,3.00,6.00,28.00,47.00,19.07,1.00,1.00,1.00,1.00,1.00,1.00
2025-12-12T16:03:00Z,3.00,3.00,6.00,28.00,47.00,19.07,1.00,1.00,1.00,1.00,1.00,1.00
2025-12-12T16:07:00Z,3.00,3.00,6.00,28.00,47.00,19.07,1.00,1.00,1.00,1.00,1.00,1.00
2025-12-12T16:26:00Z,3.00,3.00,6.00,28.00,47.00,19.07,1.00,1.00,1.00,1.00,1.00,1.00
2025-12-12T16:27:00Z,3.00,3.00,6.00,28.00,47.00,19.07,1.00,1.00,1.00,1.00,1.00,1.00
2025-12-12T16:28:00Z,3.00,3.00,6.00,28.00,47.00,19.07,1.00,1.00,1.00,1.00,1.00,1.00
2025-12-12T16:44:00Z,2.00,3.00,6.00,28.00,47.00,19.07,1.00,1.00,1.00,1.00,1.00,1.00
2025-12-12T16:53:00Z,3.00,3.00,6.00,28.00,47.00,19.07,1.00,1.00,1.00,1.00,1.00,1.00
2025-12-12T16:54:00Z,3.00,3.00,6.00,28.00,47.00,19.07,1.00,1.00,1.00,1.00,1.00,1.00
2025-12-12T17:12:00Z,3.00,3.00,7.00,28.00,47.00,19.07,1.00,1.00,1.00,1.00,1.00,1.00
2025-12-12T17:29:00Z,3.00,3.00,7.00,28.00,47.00,19.07,1.00,1.00,1.00,1.00,1.00,1.00
2025-12-12T17:47:00Z,3.00,3.00,6.00,28.00,47.00,19.07,1.00,1.00,1.00,1.00,1.00,1.00
2025-12-12T17:49:00Z,3.00,3.00,6.00,28.00,47.00,22.00,1.00,1.00,1.00,1.00,1.00,1.00
2025-12-12T17:50:00Z,3.00,3.00,6.00,28.00,47.00,23.00,1.00,1.00,1.00,1.00,1.00,1.00
2025-12-12T18:26:00Z,3.00,3.00,6.00,28.00,47.00,23.00,1.00,1.00,1.00,1.00,1.00,1.00
2025-12-12T18:30:00Z,3.00,3.00,6.00,28.00,47.00,23.00,1.00,1.00,1.00,1.00,1.00,1.00
2025-12-12T18:51:00Z,3.00,3.00,6.00,28.00,47.00,23.00,1.00,1.00,1.00,1.00,1.00,1.00
2025-12-12T18:52:00Z,3.00,2.00,6.00,28.00,47.00,23.00,1.00,1.00,1.00,1.00,1.00,1.00
2025-12-12T18:55:00Z,3.00,2.00,6.00,28.00,47.00,23.00,1.00,1.00,1.00,1.00,1.00,1.00
2025-12-12T19:22:00Z,3.00,2.00,6.00,28.00,47.00,23.00,1.00,1.00,1.00,1.00,1.00,1.00
2025-12-12T19:23:00Z,3.00,2.00,6.00,28.00,47.00,23.00,1.00,1.00,1.00,1.00,1.00,1.00
2025-12-12T19:24:00Z,3.00,2.00,6.00,28.00,47.00,23.00,1.00,1.00,1.00,1.00,1.00,1.00
2025-12-12T19:52:00Z,3.00,2.00,6.00,28.00,47.00,23.00,1.00,1.00,1.00,1.00,1.00,1.00
2025-12-12T20:21:00Z,3.00,2.00,6.00,23.00,47.00,23.00,1.00,1.00,1.00,1.00,1.00,1.00
2025-12-12T20:35:00Z,3.00,2.00,6.00,23.00,47.00,23.00,5.00,1.00,1.00,1.00,1.00,1.00
2025-12-12T20:36:00Z,3.00,2.00,6.00,23.00,47.00,23.00,5.00,1.00,2.00,1.00,1.00,2.00
2025-12-12T20:37:00Z,3.00,3.00,6.00,23.00,47.00,23.00,5.00,1.00,2.00,1.00,1.00,2.00
2025-12-12T21:31:00Z,3.00,3.00,6.00,23.00,47.00,23.00,5.00,1.00,2.00,1.00,1.00,2.00
2025-12-12T21:47:00Z,3.00,3.00,6.00,23.00,47.00,23.00,5.00,1.00,2.00,1.00,1.00,2.00
2025-12-12T21:53:00Z,3.00,3.00,6.00,23.00,47.00,23.00,5.00,1.00,2.00,1.00,1.00,2.00
2025-12-12T22:40:00Z,3.00,3.00,6.00,23.00,47.00,23.00,5.00,1.00,2.00,1.00,1.00,2.00
2025-12-12T22:53:00Z,3.00,3.00,6.00,21.00,47.00,23.00,5.00,1.00,2.00,1.00,1.00,2.00
2025-12-12T22:55:00Z,3.00,3.00,6.00,21.00,47.00,24.00,5.00,1.00,2.00,1.00,1.00,2.00
2025-12-12T22:56:00Z,3.00,3.00,6.00,21.00,47.00,24.00,5.00,1.00,2.00,1.00,1.00,2.00
2025-12-12T23:05:00Z,3.00,3.00,6.00,21.00,47.00,24.00,5.00,1.00,2.00,1.00,1.00,2.00
2025-12-12T23:26:00Z,3.00,3.00,6.00,21.00,47.00,24.00,5.00,1.00,2.00,1.00,1.00,2.00
2025-12-12T23:52:00Z,3.00,3.00,6.00,21.00,47.00,24.00,5.00,1.00,2.00,1.00,1.00,2.00
2025-12-13T00:02:00Z,3.00,3.00,6.00,21.00,47.00,24.00,5.00,1.00,2.00,1.00,1.00,2.00
2025-12-13T00:19:00Z,3.88,3.00,6.00,21.00,47.00,24.00,5.00,1.00,2.00,1.00,1.00,2.00
2025-12-13T00:54:00Z,3.00,3.00,6.00,21.00,47.00,24.00,5.00,1.00,2.00,1.00,1.00,2.00
2025-12-13T01:37:00Z,4.00,3.00,6.00,21.00,47.00,24.00,5.00,1.00,2.00,1.00,1.00,2.00
2025-12-13T01:40:00Z,4.00,3.00,6.00,22.19,47.00,24.00,5.00,1.00,2.00,1.00,1.00,2.00
2025-12-13T02:16:00Z,4.00,3.00,6.00,22.19,47.00,24.00,5.00,1.00,2.00,1.00,1.00,2.00
2025-12-13T02:40:00Z,4.00,3.00,6.00,22.19,47.00,24.00,5.00,1.00,2.00,1.00,1.00,2.00
2025-12-13T03:11:00Z,3.00,3.00,6.00,22.19,47.00,24.00,5.00,1.00,2.00,1.00,1.00,2.00
2025-12-13T03:20:00Z,3.00,3.00,6.00,22.19,47.00,24.00,5.00,1.00,2.00,1.00,1.00,2.00
2025-12-13T03:22:00Z,3.00,3.00,6.00,22.19,47.00,24.00,5.00,1.00,2.00,1.00,1.00,2.00
2025-12-13T03:23:00Z,3.00,3.00,6.00,22.19,47.00,24.00,5.00,1.00,2.00,1.00,1.00,2.00
2025-12-13T03:50:00Z,3.00,3.00,6.00,22.19,47.00,23.00,5.00,1.00,2.00,1.00,1.00,2.00
2025-12-13T04:31:00Z,3.00,3.00,6.00,22.19,47.00,23.00,5.00,1.00,2.00,1.00,1.00,2.00
2025-12-13T04:48:00Z,3.00,3.00,6.00,22.19,47.00,24.31,5.00,1.00,2.00,1.00,1.00,2.00
2025-12-13T05:12:00Z,3.00,3.00,6.00,22.00,47.00,24.31,5.00,1.00,2.00,1.00,1.00,2.00
2025-12-13T05:39:00Z,4.00,3.00,6.00,22.00,47.00,24.31,5.00,1.00,2.00,1.00,1.00,2.00
2025-12-13T05:47:00Z,4.00,3.00,6.00,22.00,47.00,24.31,5.00,1.00,2.00,1.00,1.00,2.00
2025-12-13T05:51:00Z,4.00,3.00,6.00,22.00,47.00,24.31,5.00,1.00,2.00,1.00,1.00,2.00
2025-12-13T05:54:00Z,4.00,3.00,6.00,22.00,47.00,25.00,5.00,1.00,2.00,1.00,1.00,2.00
2025-12-13T06:22:00Z,4.00,3.00,6.00,22.00,46.00,25.00,5.00,1.00,2.00,1.00,1.00,2.00
2025-12-13T06:24:00Z,4.00,3.00,6.00,22.00,46.00,25.00,5.00,1.00,2.00,1.00,1.00,2.00
2025-12-13T06:37:00Z,4.00,3.00,5.00,22.00,45.22,25.00,5.00,1.00,2.00,1.00,1.00,2.00
2025-12-13T06:38:00Z,4.00,3.00,5.00,22.00,47.31,22.31,5.00,1.00,2.00,1.00,1.00,2.00
2025-12-13T07:20:00Z,4.00,3.00,5.00,22.00,47.31,25.00,5.00,1.00,2.00,1.00,1.00,2.00
2025-12-13T10:23:00Z,4.00,3.00,5.00,22.00,47.31,25.00,5.00,1.00,2.00,1.00,1.00,2.00
2025-12-13T10:24:00Z,4.00,3.00,6.00,22.00,47.31,25.00,5.00,1.00,2.00,1.00,1.00,2.00
2025-12-13T11:22:00Z,4.00,3.00,6.00,21.00,47.31,25.00,5.00,1.00,2.00,1.00,1.00,2.00
2025-12-13T12:08:00Z,4.00,3.00,6.00,21.00,47.00,25.00,5.00,1.00,2.00,1.00,1.00,2.00
2025-12-13T13:10:00Z,3.00,3.00,6.00,21.00,47.00,25.00,5.00,1.00,2.00,1.00,1.00,2.00
2025-12-13T14:44:00Z,3.00,3.00,5.00,21.00,47.00,25.00,5.00,1.00,2.00,1.00,1.00,2.00
2025-12-13T14:46:00Z,3.00,3.00,5.00,21.00,47.00,23.00,5.00,1.00,2.00,1.00,1.00,2.00
2025-12-13T14:51:00Z,3.00,3.00,5.00,21.00,46.00,23.00,5.00,1.00,2.00,1.00,1.00,2.00
2025-12-13T14:53:00Z,3.00,3.00,5.00,21.00,46.00,23.00,5.00,1.00,2.00,1.00,1.00,2.00
2025-12-13T14:56:00Z,3.00,3.00,5.00,21.00,46.00,22.00,4.00,1.00,2.00,1.00,1.00,2.00
2025-12-13T15:06:00Z,3.00,3.00,5.00,21.00,46.00,22.00,4.00,1.00,2.00,1.00,1.00,2.00
2025-12-13T15:12:00Z,3.00,3.00,6.00,22.00,46.00,22.00,4.00,1.00,2.00,1.00,1.00,2.00
2025-12-13T15:17:00Z,3.00,3.00,6.00,22.00,46.00,22.00,4.00,1.00,2.00,1.00,1.00,2.00
2025-12-13T15:27:00Z,3.00,3.00,6.00,22.00,46.00,22.00,4.00,1.00,2.00,1.00,1.00,2.00
2025-12-13T15:28:00Z,3.00,3.00,6.00,22.00,46.00,24.00,4.00,1.00,2.00,1.00,1.00,2.00
2025-12-13T15:37:00Z,3.00,3.00,6.00,22.00,46.00,21.00,4.00,1.00,2.00,1.00,1.00,2.00
2025-12-13T15:42:00Z,3.00,3.00,6.00,22.00,46.00,21.00,4.00,1.00,2.00,1.00,1.00,2.00
2025-12-13T16:04:00Z,3.00,3.00,6.00,22.00,46.00,20.42,4.00,1.00,2.00,1.00,1.00,2.00
2025-12-13T16:05:00Z,3.00,3.00,6.00,22.00,46.00,19.00,4.00,1.00,2.00,1.00,1.00,2.00
2025-12-13T16:18:00Z,3.00,3.00,6.00,22.00,46.00,19.00,4.00,1.00,2.00,1.00,1.00,2.00
2025-12-13T16:47:00Z,3.00,3.00,6.00,22.00,45.00,19.00,4.00,1.00,2.00,1.00,1.00,2.00
2025-12-13T17:24:00Z,4.00,3.00,6.00,22.00,45.00,19.00,4.00,1.00,2.00,1.00,1.00,2.00
2025-12-13T17:25:00Z,4.00,3.00,6.00,22.00,45.00,19.00,4.00,1.00,2.00,1.00,1.00,2.00
2025-12-13T17:26:00Z,4.00,3.00,6.00,22.00,46.00,19.00,4.00,1.00,2.00,1.00,1.00,2.00
2025-12-13T17:53:00Z,4.00,3.00,6.00,22.00,46.00,19.00,4.00,1.00,2.00,1.00,1.00,2.00
2025-12-13T18:03:00Z,4.00,3.00,6.00,22.00,46.00,19.00,4.00,1.00,2.00,1.00,1.00,2.00
2025-12-13T18:12:00Z,4.00,3.00,6.00,22.00,46.00,19.00,4.00,1.00,2.00,1.00,1.00,2.00
2025-12-13T18:26:00Z,5.00,3.00,6.00,22.00,46.00,19.00,4.00,1.00,2.00,1.00,1.00,2.00
2025-12-13T18:29:00Z,4.00,3.00,6.00,22.00,46.00,19.00,4.00,1.00,2.00,1.00,1.00,2.00
2025-12-13T19:20:00Z,4.00,3.00,6.00,22.00,45.00,19.00,4.00,1.00,2.00,1.00,1.00,2.00
2025-12-13T19:36:00Z,4.00,3.00,6.00,22.00,45.00,19.00,7.00,1.00,2.00,1.00,1.00,2.00
2025-12-13T19:57:00Z,4.00,3.00,6.00,22.75,45.00,19.00,7.00,1.00,2.00,1.00,1.00,2.00
2025-12-13T20:00:00Z,4.00,3.00,6.00,22.75,45.00,19.00,7.00,1.00,2.00,1.00,1.00,2.00
2025-12-13T20:03:00Z,4.00,3.00,6.00,22.75,45.00,19.00,7.00,1.00,2.00,1.00,1.00,2.00
2025-12-13T20:12:00Z,4.00,3.00,7.00,22.75,45.00,19.00,7.00,1.00,2.00,1.00,1.00,2.00
2025-12-13T20:13:00Z,5.00,3.00,7.00,22.75,45.00,19.00,7.00,1.00,2.00,1.00,1.00,2.00
2025-12-13T20:14:00Z,5.00,3.00,8.00,22.75,45.00,19.00,7.00,1.00,2.00,1.00,1.00,2.00
2025-12-13T20:59:00Z,5.00,3.00,8.00,22.75,45.00,19.00,4.00,1.00,2.00,1.00,1.00,2.00
2025-12-13T21:19:00Z,5.00,3.00,8.00,22.75,45.00,19.00,7.00,1.00,2.00,1.00,1.00,2.00
2025-12-13T22:19:00Z,5.00,3.00,8.00,22.75,45.00,19.00,4.00,1.00,2.00,1.00,1.00,2.00
2025-12-13T22:24:00Z,5.00,3.00,8.00,22.75,45.00,20.00,4.00,1.00,2.00,1.00,1.00,2.00
2025-12-13T22:27:00Z,2.80,3.00,8.00,22.75,45.00,20.00,4.00,1.00,2.00,1.00,1.00,2.00
2025-12-13T22:33:00Z,5.00,3.00,8.00,22.75,45.00,20.00,4.00,1.00,2.00,1.00,1.00,2.00
2025-12-13T23:41:00Z,5.00,3.00,8.00,23.00,45.00,20.00,4.00,1.00,2.00,1.00,1.00,2.00
2025-12-14T00:18:00Z,5.00,3.00,8.00,23.00,45.00,19.93,4.00,1.00,2.00,1.00,1.00,2.00
2025-12-14T00:23:00Z,5.00,3.00,8.00,23.00,45.00,23.85,4.00,1.00,2.00,1.00,1.00,2.00
2025-12-14T00:31:00Z,5.00,3.00,8.00,23.00,46.81,23.85,4.00,1.00,2.00,1.00,1.00,2.00
2025-12-14T00:33:00Z,5.00,3.00,8.00,23.00,46.81,23.85,4.00,1.00,2.00,1.00,1.00,2.00
2025-12-14T00:34:00Z,5.00,3.00,8.00,23.00,46.81,23.85,4.00,1.00,2.00,1.00,1.00,2.00
2025-12-14T01:31:00Z,5.00,3.00,8.00,23.00,46.81,23.85,4.00,1.00,2.00,1.00,1.00,1.00
2025-12-14T01:34:00Z,4.00,3.00,8.00,23.00,46.81,23.85,4.00,1.00,2.00,1.00,1.00,1.00
2025-12-14T01:49:00Z,4.00,3.00,8.00,23.00,46.81,19.00,4.00,1.00,2.00,1.00,1.00,1.00
2025-12-14T01:53:00Z,4.00,3.00,8.00,23.00,46.00,19.00,4.00,1.00,2.00,1.00,1.00,1.00
2025-12-14T03:10:00Z,4.00,3.00,8.00,23.00,46.00,19.00,4.00,1.00,2.00,1.00,1.00,1.00
2025-12-14T03:55:00Z,4.00,3.00,8.00,23.00,46.00,19.00,4.00,1.00,2.00,1.00,1.00,1.00
2025-12-14T04:08:00Z,4.00,3.00,8.00,23.00,46.00,19.00,4.00,1.00,2.00,1.00,1.00,1.00
2025-12-14T04:49:00Z,4.00,3.00,8.00,23.00,46.00,19.00,4.00,1.00,2.00,1.00,1.00,1.00
2025-12-14T04:51:00Z,4.00,3.00,8.00,23.00,46.00,19.00,4.00,1.00,2.00,1.00,1.00,1.00
2025-12-14T04:52:00Z,4.00,3.00,8.00,23.00,46.00,19.00,4.00,1.00,2.00,1.00,1.00,1.00
2025-12-14T05:56:00Z,4.00,3.00,8.00,23.00,46.00,19.00,6.00,1.00,2.00,1.00,1.00,1.00
2025-12-14T06:27:00Z,4.00,3.00,6.12,23.00,46.00,19.00,6.00,1.00,2.00,1.00,1.00,1.00
2025-12-14T07:33:00Z,4.00,3.00,6.12,23.00,46.00,19.00,6.00,1.00,2.00,1.00,1.00,1.00
2025-12-14T09:20:00Z,4.00,3.00,6.12,23.00,46.00,19.00,6.00,1.00,2.00,1.00,1.00,1.00
2025-12-14T10:12:00Z,4.00,3.00,6.12,23.00,46.00,19.00,6.00,1.00,2.00,1.00,1.00,1.00
2025-12-14T12:30:00Z,4.00,3.00,6.00,23.00,46.00,19.00,6.00,1.00,2.00,1.00,1.00,1.00
2025-12-14T13:23:00Z,5.00,3.00,6.00,23.00,46.00,19.00,6.00,1.00,2.00,1.00,1.00,1.00
2025-12-14T13:35:00Z,5.00,3.00,6.00,23.00,46.00,19.00,6.00,1.00,2.00,1.00,1.00,1.00
2025-12-14T14:17:00Z,5.00,3.00,6.00,22.00,46.00,19.00,6.00,1.00,2.00,1.00,1.00,1.00
2025-12-14T14:27:00Z,5.00,3.00,6.00,22.00,46.00,19.00,6.00,1.00,2.00,1.00,1.00,1.00
2025-12-14T14:50:00Z,5.00,3.00,6.00,22.00,46.00,19.00,6.00,1.00,2.00,1.00,1.00,1.00
2025-12-14T14:52:00Z,5.00,3.00,6.00,22.00,46.00,19.00,6.00,1.00,2.00,1.00,1.00,1.00
2025-12-14T14:53:00Z,5.00,3.00,6.00,22.00,46.00,21.00,6.00,1.00,2.00,1.00,1.00,1.00
2025-12-14T15:31:00Z,5.00,3.00,6.00,23.00,46.00,21.00,6.00,1.00,2.00,1.00,1.00,1.00
2025-12-14T15:33:00Z,5.00,3.00,6.00,23.00,45.00,21.00,6.00,1.00,2.00,1.00,1.00,1.00
2025-12-14T15:47:00Z,5.00,3.00,6.00,23.00,46.00,21.00,6.00,1.00,2.00,1.00,1.00,1.00
2025-12-14T16:27:00Z,5.00,3.00,6.00,23.00,46.00,21.00,6.00,1.00,2.00,1.00,1.00,1.00
2025-12-14T17:57:00Z,5.00,3.00,6.00,23.00,46.00,19.00,6.00,1.00,2.00,1.00,1.00,1.00
2025-12-14T18:19:00Z,5.00,3.00,6.00,22.00,46.00,19.00,6.00,1.00,2.00,1.00,1.00,1.00
2025-12-14T19:35:00Z,5.00,3.00,6.00,22.00,46.00,19.00,6.00,1.00,2.00,1.00,1.00,1.00
2025-12-14T20:43:00Z,5.00,3.00,6.00,22.00,46.00,19.00,6.00,1.00,2.00,1.00,1.00,1.00
2025-12-14T20:45:00Z,5.00,3.00,6.00,22.00,47.00,20.74,6.00,1.00,2.00,1.00,1.00,1.00
2025-12-14T20:46:00Z,2.21,3.00,6.00,22.00,47.00,21.19,6.00,1.00,2.00,1.00,1.00,1.00
2025-12-14T21:20:00Z,2.21,3.00,6.00,22.00,47.00,21.19,6.00,1.00,2.00,1.00,1.00,1.00
2025-12-14T21:25:00Z,2.21,3.00,6.00,22.00,47.00,21.19,6.00,1.00,2.00,1.00,1.00,1.00
2025-12-14T22:46:00Z,2.21,3.00,6.00,22.00,47.00,21.19,6.09,1.00,2.00,1.00,1.00,1.00
2025-12-14T22:50:00Z,3.00,3.00,5.00,22.00,47.00,21.11,7.00,1.00,2.00,1.00,1.00,1.00
2025-12-14T22:51:00Z,3.00,3.00,5.00,22.00,47.00,21.11,8.00,1.00,2.00,1.00,1.00,1.00
2025-12-14T22:55:00Z,3.00,3.00,5.00,21.00,47.00,21.00,8.00,1.00,2.00,1.00,1.00,1.00
2025-12-14T23:01:00Z,3.00,3.00,5.00,21.00,48.00,21.00,7.00,1.00,2.00,1.00,1.00,1.00
2025-12-14T23:25:00Z,3.00,3.00,5.00,21.00,48.00,21.00,7.00,1.00,2.00,1.00,1.00,1.00
2025-12-14T23:28:00Z,3.00,3.00,5.00,21.00,43.04,21.00,7.00,1.00,2.00,1.00,1.00,1.00
2025-12-14T23:29:00Z,3.00,3.00,5.00,21.00,43.04,21.00,7.00,1.00,2.00,1.00,1.00,1.00
2025-12-14T23:45:00Z,3.00,3.00,5.00,21.00,43.04,21.00,7.00,1.00,2.00,1.00,1.00,1.00
2025-12-15T01:03:00Z,3.00,3.00,5.00,21.00,43.04,22.00,7.00,1.00,2.00,1.00,1.00,1.00
2025-12-15T01:04:00Z,5.00,3.00,5.00,21.00,43.04,22.00,7.00,1.00,2.00,1.00,1.00,1.00
2025-12-15T01:20:00Z,6.00,3.00,5.00,21.00,43.04,22.00,7.00,1.00,2.00,1.00,1.00,1.00
2025-12-15T01:51:00Z,6.00,3.00,5.00,22.00,43.04,22.00,7.00,1.00,2.00,1.00,1.00,1.00
2025-12-15T02:17:00Z,6.00,3.00,5.00,22.00,43.04,22.00,7.00,1.00,2.00,1.00,1.00,1.00
2025-12-15T02:18:00Z,6.00,3.00,5.00,22.00,46.00,22.00,7.00,1.00,2.00,1.00,1.00,1.00
2025-12-15T02:19:00Z,6.00,3.00,5.00,22.00,45.00,22.00,7.00,1.00,2.00,1.00,1.00,1.00
2025-12-15T03:18:00Z,6.00,3.00,5.00,20.00,45.00,22.00,7.00,1.00,2.00,1.00,1.00,1.00
2025-12-15T03:43:00Z,5.00,3.00,5.00,20.00,45.00,22.00,7.00,1.00,2.00,1.00,1.00,1.00
2025-12-15T03:54:00Z,5.00,3.00,5.00,20.00,45.00,22.00,7.00,1.00,2.00,1.00,1.00,1.00
2025-12-15T04:05:00Z,5.00,3.00,5.00,20.00,45.00,22.00,6.07,1.00,2.00,1.00,1.00,1.00
2025-12-15T04:10:00Z,3.00,3.00,5.00,20.00,45.00,22.00,6.07,1.00,2.00,1.00,1.00,1.00
2025-12-15T04:49:00Z,5.17,3.00,5.00,20.00,45.00,22.00,6.07,1.00,2.00,1.00,1.00,1.00
2025-12-15T05:09:00Z,6.00,3.00,5.00,20.00,45.00,22.00,6.07,1.00,2.00,1.00,1.00,1.00
2025-12-15T05:29:00Z,6.00,3.00,5.00,20.00,47.00,22.00,6.07,1.00,2.00,1.00,1.00,1.00
2025-12-15T05:54:00Z,6.00,3.00,5.00,20.00,47.00,22.00,6.07,1.00,2.00,1.00,1.00,1.00
2025-12-15T06:30:00Z,6.00,3.00,5.00,20.00,47.00,22.00,6.07,1.00,2.00,1.00,1.00,1.00
2025-12-15T06:53:00Z,6.00,3.00,5.00,20.00,47.00,22.00,6.07,1.00,2.00,1.00,1.00,1.00
2025-12-15T08:38:00Z,6.00,3.00,5.00,20.00,47.00,21.00,6.07,1.00,2.00,1.00,1.00,1.00
2025-12-15T08:39:00Z,6.00,3.00,5.00,20.00,47.00,21.00,6.12,1.00,2.00,1.00,1.00,1.00
2025-12-15T08:40:00Z,6.00,3.00,5.00,20.00,47.00,21.00,6.00,1.00,2.00,1.00,1.00,1.00
2025-12-15T09:19:00Z,6.00,3.00,5.00,19.00,47.00,21.00,6.00,1.00,2.00,1.00,1.00,1.00
2025-12-15T09:21:00Z,6.00,3.00,5.00,14.01,47.00,21.00,6.00,1.00,2.00,1.00,1.00,1.00
2025-12-15T10:24:00Z,5.00,3.00,5.00,14.01,47.00,21.00,6.00,1.00,2.00,1.00,1.00,1.00
2025-12-15T12:10:00Z,3.00,3.00,5.00,14.01,47.00,21.00,6.00,1.00,2.00,1.00,1.00,1.00
2025-12-15T12:53:00Z,3.00,3.00,5.00,16.00,47.00,21.00,6.00,1.00,2.00,1.00,1.00,1.00
2025-12-15T12:59:00Z,3.00,3.00,5.00,16.00,47.00,21.00,6.00,1.00,2.00,1.00,1.00,1.00
2025-12-15T13:00:00Z,3.00,3.00,5.00,16.00,47.00,19.26,6.00,1.00,2.00,1.00,1.00,1.00
2025-12-15T13:07:00Z,3.00,3.00,5.00,16.00,47.00,19.26,6.00,1.00,2.00,1.00,1.00,1.00
2025-12-15T13:08:00Z,3.00,3.00,5.00,16.00,47.00,19.26,6.00,1.00,2.00,1.00,1.00,1.00
2025-12-15T13:10:00Z,3.00,3.00,5.00,16.00,58.00,21.00,5.00,1.00,2.00,1.00,1.00,1.00
2025-12-15T13:11:00Z,3.00,3.00,5.00,16.00,58.00,21.00,5.00,1.00,2.00,1.00,1.00,1.00
2025-12-15T13:39:00Z,3.00,3.00,5.00,16.00,58.00,20.06,5.00,1.00,2.00,1.00,1.00,1.00
2025-12-15T13:40:00Z,3.00,3.00,5.00,16.00,58.00,20.00,5.00,1.00,2.00,1.00,1.00,1.00
2025-12-15T13:48:00Z,5.00,3.00,5.00,16.00,58.00,20.00,5.00,1.00,2.00,1.00,1.00,1.00
2025-12-15T15:09:00Z,5.00,3.00,5.00,16.00,58.00,20.00,5.00,1.00,2.00,1.00,1.00,1.00
2025-12-15T15:51:00Z,5.00,3.00,5.00,14.00,58.00,20.00,5.00,1.00,2.00,1.00,1.00,1.00
2025-12-15T16:47:00Z,5.00,3.00,5.00,14.00,58.00,20.00,5.00,1.00,2.00,1.00,1.00,1.00
2025-12-15T16:48:00Z,5.00,3.00,5.00,14.00,58.00,20.00,5.00,1.00,2.00,1.00,1.00,1.00
2025-12-15T16:57:00Z,5.00,2.00,5.00,14.00,58.00,20.00,5.00,1.00,2.00,1.00,1.00,1.00
2025-12-15T16:59:00Z,5.00,2.00,5.00,14.00,58.00,20.00,5.00,1.00,2.00,1.00,1.00,1.00
2025-12-15T17:07:00Z,5.00,2.00,5.00,14.00,58.00,20.00,5.00,1.00,2.00,1.00,1.00,1.00
2025-12-15T17:08:00Z,5.00,2.00,5.00,14.00,56.00,20.00,5.00,1.00,2.00,1.00,1.00,1.00
2025-12-15T17:16:00Z,5.00,2.00,5.00,14.00,53.00,20.00,5.00,1.00,2.00,1.00,1.00,1.00
2025-12-15T17:18:00Z,5.00,2.00,5.00,14.00,52.00,20.00,5.00,1.00,2.00,1.00,1.00,1.00
2025-12-15T17:26:00Z,5.00,2.00,5.00,14.00,52.00,20.00,7.00,1.00,2.00,1.00,1.00,1.00
2025-12-15T17:53:00Z,5.00,2.00,5.00,14.00,52.00,20.00,7.00,1.00,2.00,1.00,1.00,1.00
2025-12-15T18:10:00Z,5.00,2.00,5.00,14.00,56.00,20.00,7.00,1.00,2.00,1.00,1.00,1.00
2025-12-15T18:24:00Z,5.00,2.00,5.00,13.00,53.00,20.00,7.00,1.00,2.00,1.00,1.00,1.00
2025-12-15T18:35:00Z,5.00,2.00,5.00,13.00,53.00,20.00,7.00,1.00,2.00,1.00,1.00,1.00
2025-12-15T18:44:00Z,5.00,2.00,5.00,13.00,53.00,20.00,7.00,1.00,2.00,1.00,1.00,1.00
2025-12-15T18:52:00Z,5.00,2.00,5.00,13.00,53.00,20.00,7.00,1.00,2.00,1.00,1.00,1.00
2025-12-15T18:53:00Z,5.00,2.00,5.00,13.00,53.00,20.00,7.00,1.00,2.00,1.00,1.00,1.00
2025-12-15T19:04:00Z,5.00,2.00,5.00,13.00,51.00,20.00,7.00,1.00,2.00,1.00,1.00,1.00
2025-12-15T19:19:00Z,5.00,2.00,5.00,13.00,51.00,20.00,7.00,1.00,2.00,1.00,1.00,1.00
2025-12-15T19:35:00Z,5.00,2.00,5.00,13.00,56.00,21.60,7.00,1.00,2.00,1.00,1.00,1.00
2025-12-15T20:05:00Z,5.00,2.00,5.00,13.00,56.00,21.60,7.00,1.00,2.00,1.00,1.00,1.00
2025-12-15T20:15:00Z,5.00,2.00,5.00,13.00,56.00,21.60,7.00,1.00,2.00,1.00,1.00,1.00
2025-12-15T20:43:00Z,5.00,2.00,5.00,13.00,56.00,21.60,7.00,1.00,2.00,1.00,1.00,1.00
2025-12-15T21:04:00Z,4.00,2.00,5.00,13.00,56.00,21.60,7.00,1.00,2.00,1.00,1.00,1.00
2025-12-15T21:40:00Z,4.00,2.00,5.00,13.00,50.00,21.60,7.00,1.00,2.00,1.00,1.00,1.00
2025-12-15T22:15:00Z,4.00,2.00,5.00,13.00,50.00,21.60,7.00,1.00,2.00,1.00,1.00,1.00
2025-12-15T22:16:00Z,5.00,2.00,5.00,13.00,50.00,21.60,7.00,1.00,2.00,1.00,1.00,1.00
2025-12-15T22:17:00Z,5.00,4.00,5.00,13.00,50.00,21.60,7.00,1.00,2.00,1.00,1.00,1.00
2025-12-15T22:33:00Z,5.00,4.00,5.00,13.00,50.00,20.00,7.00,1.00,2.00,1.00,1.00,1.00
2025-12-15T23:25:00Z,5.00,4.00,3.21,12.00,55.63,20.00,7.00,1.00,2.00,1.00,1.00,1.00
2025-12-15T23:56:00Z,5.00,4.00,6.00,12.00,55.63,20.00,7.00,1.00,2.00,1.00,1.00,1.00
2025-12-15T23:57:00Z,5.00,4.00,6.00,12.00,55.63,20.00,7.00,1.00,2.00,1.00,1.00,1.00
2025-12-16T00:00:00Z,5.00,4.00,6.00,13.83,55.63,20.00,7.00,1.00,2.00,1.00,1.00,1.00
2025-12-16T00:05:00Z,5.00,4.00,6.00,14.00,55.63,20.00,7.00,1.00,2.00,1.00,1.00,1.00
2025-12-16T00:25:00Z,5.00,4.00,6.00,14.00,55.63,23.00,7.00,1.00,2.00,1.00,1.00,1.00
2025-12-16T00:30:00Z,5.00,4.00,6.00,14.00,54.00,23.00,7.00,1.00,2.00,1.00,1.00,1.00
2025-12-16T00:44:00Z,5.00,4.00,6.00,14.00,54.00,23.00,7.00,1.00,2.00,1.00,1.00,1.00
2025-12-16T00:50:00Z,5.00,4.00,6.00,14.00,54.00,25.00,7.00,1.00,2.00,1.00,1.00,1.00
2025-12-16T01:03:00Z,5.00,4.00,6.00,14.00,54.00,25.48,7.86,1.00,2.00,1.00,1.00,1.00
2025-12-16T01:07:00Z,5.00,4.00,6.00,14.00,54.00,25.48,7.86,1.00,2.00,1.00,1.00,1.00
2025-12-16T01:22:00Z,5.00,4.00,6.00,14.00,49.31,25.48,7.86,1.00,2.00,1.00,1.00,1.00
2025-12-16T02:48:00Z,5.00,4.00,6.00,14.00,49.31,23.00,7.86,1.00,2.00,1.00,1.00,1.00
2025-12-16T02:49:00Z,5.00,4.00,6.00,14.00,49.31,21.32,7.86,1.00,2.00,1.00,1.00,1.00
2025-12-16T02:50:00Z,5.00,4.00,6.00,14.00,49.31,18.97,7.86,1.00,2.00,1.00,1.00,1.00
2025-12-16T03:00:00Z,5.00,4.00,6.00,14.00,54.00,18.97,7.86,1.00,2.00,1.00,1.00,1.00
2025-12-16T03:01:00Z,5.00,4.00,6.00,14.00,54.66,18.97,7.86,1.00,2.00,1.00,1.00,1.00
2025-12-16T03:29:00Z,6.00,4.00,6.00,14.00,54.66,18.97,7.86,1.00,2.00,1.00,1.00,1.00
2025-12-16T03:33:00Z,6.00,4.00,6.00,14.00,54.66,18.97,7.86,1.00,2.00,1.00,1.00,1.00
2025-12-16T04:00:00Z,6.00,4.00,6.00,14.00,54.66,18.97,7.86,1.00,2.00,1.00,1.00,1.00
2025-12-16T04:34:00Z,6.00,4.00,6.00,14.00,54.66,20.00,7.86,1.00,2.00,1.00,1.00,1.00
2025-12-16T05:23:00Z,6.00,4.00,6.00,14.00,54.80,20.00,7.86,1.00,2.00,1.00,1.00,1.00
2025-12-16T05:38:00Z,6.00,4.00,6.00,14.00,54.80,20.00,7.86,1.00,2.00,1.00,1.00,2.00
2025-12-16T06:17:00Z,6.00,4.00,6.00,14.00,54.80,23.00,7.86,1.00,2.00,1.00,1.00,2.00
2025-12-16T07:14:00Z,4.12,4.00,6.00,14.00,54.80,23.00,7.86,1.00,2.00,1.00,1.00,2.00
2025-12-16T08:37:00Z,4.12,4.00,6.00,14.00,54.80,20.00,7.86,1.00,2.00,1.00,1.00,2.00
2025-12-16T08:38:00Z,4.12,4.00,6.00,14.00,54.80,20.00,7.86,1.00,2.00,1.00,1.00,2.00
2025-12-16T10:15:00Z,4.12,4.00,3.00,14.00,54.80,20.00,7.86,1.00,2.00,1.00,1.00,2.00
2025-12-16T10:25:00Z,6.00,4.00,3.00,14.00,54.80,20.00,7.86,1.00,2.00,1.00,1.00,2.00
2025-12-16T10:33:00Z,6.00,4.00,3.00,14.00,54.80,20.00,7.86,1.00,2.00,1.00,1.00,2.00
2025-12-16T11:56:00Z,6.00,4.00,3.00,14.00,54.80,20.00,9.00,1.00,2.00,1.00,1.00,2.00
2025-12-16T12:20:00Z,6.00,4.00,3.00,14.00,54.80,20.00,9.00,1.00,2.00,1.00,1.00,2.00
2025-12-16T12:33:00Z,6.00,4.00,3.00,14.00,55.00,20.00,9.00,1.00,2.00,1.00,1.00,2.00
2025-12-16T14:35:00Z,6.00,4.00,3.00,13.00,55.00,20.00,9.00,1.00,2.00,1.00,1.00,2.00
2025-12-16T14:47:00Z,5.00,4.00,3.00,13.00,55.00,20.00,9.00,1.00,2.00,1.00,1.00,2.00
2025-12-16T15:02:00Z,5.00,4.00,3.00,12.00,55.00,20.00,9.00,1.00,2.00,1.00,1.00,2.00
2025-12-16T15:05:00Z,5.00,4.00,3.00,13.00,55.00,20.00,9.00,1.00,2.00,1.00,1.00,2.00
2025-12-16T15:36:00Z,5.00,4.00,3.00,13.00,55.00,20.00,9.00,1.00,2.00,1.00,1.00,2.00
2025-12-16T16:03:00Z,5.00,4.00,3.00,11.40,55.00,20.00,9.00,1.00,2.00,1.00,1.00,2.00
2025-12-16T16:09:00Z,5.00,4.00,3.00,11.40,55.00,20.00,9.00,1.00,2.00,1.00,1.00,2.00
2025-12-16T16:13:00Z,5.00,4.00,3.00,11.40,55.00,20.00,9.73,1.00,2.00,1.00,1.00,2.00
2025-12-16T16:14:00Z,5.00,4.00,3.00,11.40,56.00,23.94,9.73,1.00,2.00,1.00,1.00,2.00
2025-12-16T16:21:00Z,5.00,4.00,3.00,12.00,56.00,23.94,9.73,1.00,2.00,1.00,1.00,2.00
2025-12-16T16:30:00Z,4.00,4.00,3.00,12.00,56.00,23.94,9.73,1.00,2.00,1.00,1.00,2.00
2025-12-16T16:41:00Z,4.00,4.00,3.00,12.00,56.00,23.94,9.73,1.00,2.00,1.00,1.00,2.00
2025-12-16T16:53:00Z,4.00,4.00,3.00,12.00,55.00,23.94,9.73,1.00,2.00,1.00,1.00,2.00
2025-12-16T17:20:00Z,4.00,4.00,3.00,12.00,55.00,23.94,9.00,1.00,2.00,1.00,1.00,2.00
2025-12-16T18:11:00Z,4.00,4.00,3.00,11.00,55.00,23.94,9.00,1.00,2.00,1.00,1.00,2.00
2025-12-16T18:13:00Z,5.00,4.00,3.00,11.00,55.00,23.94,9.00,1.00,2.00,1.00,1.00,2.00
2025-12-16T18:34:00Z,5.00,4.00,3.00,11.00,55.00,19.41,9.00,1.00,2.00,1.00,1.00,2.00
2025-12-16T18:51:00Z,5.00,4.00,4.00,11.00,55.00,19.41,9.00,1.00,2.00,1.00,1.00,2.00
2025-12-16T18:52:00Z,5.00,3.00,4.00,11.00,55.00,19.41,9.00,1.00,2.00,1.00,1.00,2.00
2025-12-16T18:53:00Z,5.00,3.00,4.00,11.00,55.00,19.41,9.00,1.00,2.00,1.00,1.00,2.00
2025-12-16T19:03:00Z,5.00,3.00,4.00,11.00,55.00,19.41,9.00,1.00,2.00,1.00,1.00,2.00
2025-12-16T19:04:00Z,5.00,3.00,4.00,11.00,55.00,19.41,9.00,1.00,2.00,1.00,1.00,2.00
2025-12-16T19:08:00Z,5.00,3.00,4.00,11.00,55.16,24.47,9.00,1.00,2.00,1.00,1.00,2.00
2025-12-16T19:26:00Z,5.00,3.00,4.00,11.00,55.16,24.47,9.00,1.00,2.00,1.00,1.00,2.00
2025-12-16T19:27:00Z,5.00,3.00,4.00,11.00,55.00,24.47,9.00,1.00,2.00,1.00,1.00,2.00
2025-12-16T19:44:00Z,5.90,3.00,4.00,11.00,54.00,22.00,9.00,1.00,2.00,1.00,1.00,2.00
2025-12-16T19:53:00Z,5.90,3.00,4.00,11.00,54.00,24.07,9.00,1.00,2.00,1.00,1.00,2.00
2025-12-16T19:58:00Z,4.06,3.00,2.15,9.45,54.06,30.80,4.58,1.00,2.00,1.00,1.00,1.00
2025-12-16T20:02:00Z,4.00,3.00,2.01,8.11,54.00,30.00,5.00,1.00,2.00,1.00,1.00,1.00
2025-12-16T20:18:00Z,5.00,3.00,2.01,8.11,54.00,30.00,5.00,1.00,2.00,1.00,1.00,1.00
2025-12-16T20:29:00Z,5.00,3.00,2.01,8.11,54.00,29.00,5.00,1.00,2.00,1.00,1.00,1.00
2025-12-16T20:38:00Z,5.00,3.00,4.00,8.11,54.00,29.00,5.00,1.00,2.00,1.00,1.00,1.00
2025-12-16T20:40:00Z,5.00,3.00,4.00,9.00,54.00,29.00,5.00,1.00,2.00,1.00,1.00,1.00
2025-12-16T20:45:00Z,5.87,3.00,4.00,9.00,54.00,29.00,5.00,1.00,2.00,1.00,1.00,1.00
2025-12-16T20:52:00Z,5.87,3.00,4.00,9.00,55.00,29.00,5.00,1.00,2.00,1.00,1.00,1.00
2025-12-16T20:54:00Z,5.87,3.00,4.00,9.00,55.00,29.00,5.00,1.00,2.00,1.00,1.00,1.00
2025-12-16T21:06:00Z,4.00,3.00,4.00,9.00,55.00,29.00,5.00,1.00,2.00,1.00,1.00,1.00
2025-12-16T21:24:00Z,4.00,3.00,4.00,9.00,55.00,29.00,5.00,1.00,2.00,1.00,1.00,1.00
2025-12-16T21:31:00Z,4.00,3.00,4.00,9.00,55.00,29.00,5.00,1.00,2.00,1.00,1.00,1.00
2025-12-16T21:52:00Z,4.00,3.00,3.00,8.00,54.00,30.00,5.00,1.00,2.00,1.00,1.00,1.00
2025-12-16T22:24:00Z,4.00,3.00,3.00,8.00,54.00,29.00,5.00,1.00,2.00,1.00,1.00,1.00
2025-12-16T22:33:00Z,4.00,3.00,3.00,8.00,55.00,29.00,5.00,1.00,2.00,1.00,1.00,1.00
2025-12-16T22:40:00Z,4.00,3.00,3.00,8.00,55.00,29.00,5.00,1.00,2.00,1.00,1.00,1.00
2025-12-16T22:46:00Z,4.00,3.00,3.00,8.00,55.00,30.00,5.00,1.00,2.00,1.00,1.00,1.00
2025-12-16T23:28:00Z,4.00,3.00,3.00,8.00,55.00,30.00,7.00,1.00,2.00,1.00,1.00,1.00
2025-12-16T23:40:00Z,5.00,3.00,3.00,8.00,55.00,30.00,7.00,1.00,2.00,1.00,1.00,1.00
2025-12-16T23:43:00Z,5.00,3.00,3.00,8.00,55.00,29.00,7.00,1.00,2.00,1.00,1.00,1.00
2025-12-17T00:19:00Z,5.00,3.00,3.00,8.00,55.00,30.00,7.00,1.00,2.00,1.00,1.00,1.00
2025-12-17T00:41:00Z,5.62,3.00,3.00,8.00,55.00,30.00,7.00,1.00,2.00,1.00,1.00,1.00
2025-12-17T01:48:00Z,5.62,3.00,3.00,8.00,56.00,30.00,7.00,1.00,2.00,1.00,1.00,1.00
2025-12-17T02:08:00Z,5.95,3.00,3.00,8.00,56.00,30.00,7.00,1.00,2.00,1.00,1.00,1.00
2025-12-17T02:22:00Z,5.95,3.00,3.00,9.00,56.00,30.00,7.00,1.00,2.00,1.00,1.00,1.00
2025-12-17T02:24:00Z,5.95,3.00,4.00,9.00,56.00,30.00,7.00,1.00,2.00,1.00,1.00,1.00
2025-12-17T02:25:00Z,6.00,3.00,4.00,9.00,56.00,30.00,7.00,1.00,2.00,1.00,1.00,1.00
2025-12-17T03:00:00Z,4.04,3.00,4.00,9.00,56.00,30.00,7.00,1.00,2.00,1.00,1.00,1.00
2025-12-17T03:57:00Z,4.04,3.00,4.00,9.00,56.00,29.00,6.95,1.00,2.00,1.00,1.00,1.00
2025-12-17T04:08:00Z,4.04,3.00,4.00,9.00,56.00,29.00,7.00,1.00,2.00,1.00,1.00,1.00
2025-12-17T04:12:00Z,5.00,3.00,4.00,9.00,56.00,29.00,7.00,1.00,2.00,1.00,1.00,1.00
2025-12-17T04:28:00Z,5.00,3.00,4.00,9.00,56.00,29.00,7.00,1.00,2.00,1.00,1.00,1.00
2025-12-17T04:40:00Z,5.00,3.00,4.00,9.00,56.00,31.00,7.00,1.00,2.00,1.00,1.00,1.00
2025-12-17T04:47:00Z,5.00,3.00,4.00,9.00,56.00,28.03,7.00,1.00,2.00,1.00,1.00,1.00
2025-12-17T05:08:00Z,4.00,3.00,4.00,9.00,57.00,28.03,7.00,1.00,2.00,1.00,1.00,1.00
2025-12-17T05:09:00Z,5.00,3.00,4.00,9.00,57.00,28.03,7.00,1.00,2.00,1.00,1.00,1.00
2025-12-17T05:14:00Z,5.00,3.00,4.00,9.00,57.00,28.03,7.00,1.00,2.00,1.00,1.00,1.00
2025-12-17T05:15:00Z,5.00,3.00,4.00,9.00,57.00,28.03,7.00,1.00,2.00,1.00,1.00,1.00
2025-12-17T05:16:00Z,5.00,3.00,4.00,9.00,57.00,31.00,7.00,1.00,2.00,1.00,1.00,1.00
2025-12-17T05:24:00Z,5.00,3.00,4.00,9.00,57.00,31.00,7.00,1.00,2.00,1.00,1.00,1.00
2025-12-17T06:14:00Z,5.00,3.00,4.00,9.00,57.00,31.00,7.00,1.00,2.00,1.00,1.00,1.00
2025-12-17T06:52:00Z,4.00,3.00,4.00,9.00,57.00,31.00,7.00,1.00,2.00,1.00,1.00,1.00
2025-12-17T08:03:00Z,4.00,3.00,4.00,9.00,57.00,31.00,7.00,1.00,2.00,1.00,1.00,1.00
2025-12-17T08:05:00Z,5.78,3.00,4.00,9.00,57.00,31.00,7.00,1.00,2.00,1.00,1.00,1.00
2025-12-17T08:06:00Z,5.78,3.00,4.00,9.00,57.00,32.00,7.00,1.00,2.00,1.00,1.00,1.00
2025-12-17T08:21:00Z,5.78,3.00,4.00,9.00,57.00,31.00,7.00,1.00,2.00,1.00,1.00,1.00
2025-12-17T09:39:00Z,5.78,3.00,4.00,8.00,57.00,31.00,7.00,1.00,2.00,1.00,1.00,1.00
2025-12-17T12:24:00Z,5.00,3.00,4.00,8.00,57.00,31.00,7.00,1.00,2.00,1.00,1.00,1.00
2025-12-17T12:35:00Z,5.00,3.00,4.00,8.00,57.00,27.67,5.00,1.00,2.00,1.00,1.00,1.00
2025-12-17T12:36:00Z,5.00,3.00,4.00,8.00,57.00,27.04,5.00,1.00,2.00,1.00,1.00,1.00
2025-12-17T12:37:00Z,5.00,3.00,4.00,8.00,57.00,27.04,5.00,1.00,2.00,1.00,1.00,1.00
2025-12-17T12:42:00Z,5.00,3.00,4.00,8.00,57.00,26.20,5.00,1.00,2.00,1.00,1.00,1.00
2025-12-17T12:45:00Z,5.00,3.00,4.00,8.00,57.00,26.20,5.00,1.00,2.00,1.00,1.00,1.00
2025-12-17T12:50:00Z,5.00,3.00,4.00,8.00,57.00,26.20,5.00,1.00,2.00,1.00,1.00,1.00
2025-12-17T12:51:00Z,5.00,3.00,4.00,8.00,57.00,26.00,5.00,1.00,2.00,1.00,1.00,1.00
2025-12-17T13:14:00Z,5.00,3.00,4.00,8.00,57.00,25.00,5.00,1.00,2.00,1.00,1.00,1.00
2025-12-17T13:16:00Z,5.00,3.00,4.00,8.00,57.00,25.00,2.14,1.00,2.00,1.00,1.00,1.00
2025-12-17T13:17:00Z,5.00,3.00,4.00,8.00,57.00,25.00,2.11,1.00,2.00,1.00,1.00,1.00
2025-12-17T13:37:00Z,5.00,3.00,4.00,8.00,57.00,25.00,2.11,1.00,2.00,1.00,1.00,1.00
2025-12-17T13:46:00Z,5.00,3.00,4.00,8.00,57.00,25.00,2.11,1.00,2.00,1.00,1.00,1.00
2025-12-17T13:47:00Z,5.00,3.00,4.00,8.00,57.00,25.00,2.11,1.00,2.00,1.00,1.00,1.00
2025-12-17T14:11:00Z,5.00,3.00,4.00,8.00,57.00,29.00,2.11,1.00,2.00,1.00,1.00,1.00
2025-12-17T14:16:00Z,5.00,3.00,4.00,8.00,57.00,29.00,2.11,1.00,2.00,1.00,1.00,1.00
2025-12-17T14:21:00Z,5.00,3.00,4.00,8.00,58.00,29.00,3.00,1.00,2.00,1.00,1.00,1.00
2025-12-17T14:31:00Z,5.00,3.00,4.00,8.00,58.00,29.00,3.00,1.00,2.00,1.00,1.00,1.00
2025-12-17T14:32:00Z,5.00,3.00,4.00,8.00,58.00,29.00,3.00,1.00,2.00,1.00,1.00,1.00
2025-12-17T14:33:00Z,5.00,3.00,4.00,8.00,58.00,29.00,3.00,1.00,2.00,1.00,1.00,1.00
2025-12-17T14:38:00Z,5.00,3.00,4.00,7.00,58.00,29.00,3.00,1.00,2.00,1.00,1.00,1.00
2025-12-17T14:52:00Z,5.00,3.00,4.00,8.59,58.00,23.52,1.70,1.00,2.00,1.00,1.00,1.00
2025-12-17T14:53:00Z,5.00,3.00,4.00,8.59,57.00,23.52,1.70,1.00,2.00,1.00,1.00,1.00
2025-12-17T14:56:00Z,5.00,3.00,4.00,9.00,57.00,23.52,1.70,1.00,2.00,1.00,1.00,1.00
2025-12-17T15:03:00Z,5.00,3.00,4.00,9.00,57.00,24.00,1.70,1.00,2.00,1.00,1.00,1.00
2025-12-17T15:04:00Z,5.00,3.00,4.00,9.00,57.00,22.00,1.70,1.00,2.00,1.00,1.00,1.00
2025-12-17T15:15:00Z,5.00,3.00,4.00,9.00,57.00,21.08,1.70,1.00,2.00,1.00,1.00,1.00
2025-12-17T15:19:00Z,3.33,3.00,4.00,9.00,60.40,21.08,1.70,1.00,2.00,1.00,1.00,1.00
2025-12-17T15:20:00Z,3.33,3.00,3.00,9.00,60.40,21.08,1.70,1.00,2.00,1.00,1.00,1.00
2025-12-17T15:21:00Z,3.33,3.00,3.00,9.00,60.40,22.00,1.70,1.00,2.00,1.00,1.00,1.00
2025-12-17T15:23:00Z,3.33,3.00,3.00,9.00,62.26,20.03,1.70,1.00,2.00,1.00,1.00,1.00
2025-12-17T15:33:00Z,3.33,3.00,3.00,9.00,62.26,20.03,1.70,1.00,2.00,1.00,1.00,1.00
2025-12-17T15:34:00Z,3.33,3.00,3.00,9.00,62.26,16.00,1.70,1.00,2.00,1.00,1.00,1.00
2025-12-17T15:35:00Z,3.33,3.00,3.00,10.00,62.26,16.00,1.70,1.00,2.00,1.00,1.00,1.00
2025-12-17T15:38:00Z,3.33,3.00,3.00,10.00,62.26,16.00,1.70,1.00,2.00,1.00,1.00,1.00
2025-12-17T15:39:00Z,3.33,3.00,3.00,10.00,62.26,16.00,1.70,1.00,2.00,1.00,1.00,1.00
2025-12-17T15:53:00Z,3.33,3.00,3.00,10.00,62.26,16.00,1.70,1.00,2.00,1.00,1.00,1.00
2025-12-17T15:54:00Z,5.00,3.00,3.00,11.65,62.26,16.00,1.70,1.00,2.00,1.00,1.00,1.00
2025-12-17T16:05:00Z,5.00,3.00,3.00,11.65,64.25,16.00,1.70,1.00,2.00,1.00,1.00,1.00
2025-12-17T16:07:00Z,4.00,3.00,3.00,11.65,64.25,16.00,1.70,1.00,2.00,1.00,1.00,1.00
2025-12-17T16:13:00Z,4.00,3.00,3.00,11.65,69.00,16.00,1.70,1.00,2.00,1.00,1.00,1.00
2025-12-17T16:14:00Z,4.00,3.00,3.00,11.65,70.00,16.00,1.70,1.00,2.00,1.00,1.00,1.00
2025-12-17T16:15:00Z,4.00,3.00,3.00,11.65,70.00,16.00,1.70,1.00,2.00,1.00,1.00,1.00
2025-12-17T16:20:00Z,4.00,3.00,3.00,11.65,70.00,16.00,1.70,1.00,2.00,1.00,1.00,1.00
2025-12-17T16:21:00Z,4.00,3.00,3.00,11.65,70.00,16.00,1.70,1.00,2.00,1.00,1.00,1.00
2025-12-17T16:22:00Z,4.00,3.00,3.00,11.65,70.00,16.00,1.70,1.00,2.00,1.00,1.00,1.00
2025-12-17T16:23:00Z,4.00,3.00,3.00,11.65,70.00,16.02,1.70,1.00,2.00,1.00,1.00,1.00
2025-12-17T16:41:00Z,4.00,3.00,3.00,11.65,70.00,16.02,1.70,1.00,2.00,1.00,1.00,1.00
2025-12-17T16:43:00Z,4.00,3.00,3.00,13.00,70.00,16.02,1.70,1.00,2.00,1.00,1.00,1.00
2025-12-17T16:55:00Z,4.00,3.00,3.00,13.00,70.00,16.02,1.70,1.00,2.00,1.00,1.00,1.00
2025-12-17T16:59:00Z,4.00,3.00,3.00,13.00,71.00,16.02,1.70,1.00,2.00,1.00,1.00,1.00
2025-12-17T17:01:00Z,4.98,3.00,3.00,13.00,71.00,16.02,1.70,1.00,2.00,1.00,1.00,1.00
2025-12-17T17:05:00Z,4.98,3.00,3.00,13.00,70.00,16.02,1.70,1.00,2.00,1.00,1.00,1.00
2025-12-17T17:10:00Z,4.98,3.00,3.00,13.00,71.00,16.02,1.70,1.00,2.00,1.00,1.00,1.00
2025-12-17T17:12:00Z,4.98,3.00,3.00,14.00,71.00,16.02,1.70,1.00,2.00,1.00,1.00,1.00
2025-12-17T17:17:00Z,4.98,3.00,3.00,14.00,71.00,16.02,1.70,1.00,2.00,1.00,1.00,1.00
2025-12-17T18:05:00Z,5.00,3.00,3.00,14.00,71.00,16.02,1.70,1.00,2.00,1.00,1.00,1.00
2025-12-17T18:31:00Z,5.00,3.00,3.00,9.00,71.00,16.02,1.70,1.00,2.00,1.00,1.00,1.00
2025-12-17T18:32:00Z,5.00,3.00,3.00,9.00,71.00,16.02,1.70,1.00,2.00,1.00,1.00,1.00
2025-12-17T18:54:00Z,5.00,3.00,3.00,9.00,71.00,16.02,1.70,1.00,2.00,1.00,1.00,1.00
2025-12-17T19:17:00Z,5.00,3.00,3.00,9.00,71.00,16.02,1.70,1.00,2.00,1.00,1.00,1.00
2025-12-17T19:26:00Z,5.00,3.00,3.00,9.00,70.00,16.02,1.70,1.00,2.00,1.00,1.00,1.00
2025-12-17T19:27:00Z,5.00,3.00,3.00,9.00,70.00,15.00,1.70,1.00,2.00,1.00,1.00,1.00
2025-12-17T19:53:00Z,5.00,3.00,3.00,9.00,70.00,15.00,1.70,1.00,2.00,1.00,1.00,1.00
2025-12-17T19:55:00Z,5.00,3.00,3.00,9.00,66.03,15.00,1.70,1.00,2.00,1.00,1.00,1.00
2025-12-17T20:05:00Z,5.00,3.00,3.00,8.42,66.81,15.00,1.70,1.00,2.00,1.00,1.00,1.00
2025-12-17T20:20:00Z,5.00,3.00,3.00,12.00,66.81,15.00,1.70,1.00,2.00,1.00,1.00,1.00
2025-12-17T20:40:00Z,5.00,3.00,3.00,12.00,66.81,16.00,1.70,1.00,2.00,1.00,1.00,1.00
2025-12-17T20:42:00Z,5.00,3.00,3.00,12.00,66.81,16.00,1.70,1.00,2.00,1.00,1.00,1.00
2025-12-17T20:43:00Z,5.00,3.00,3.00,12.00,66.81,16.00,1.70,1.00,2.00,1.00,1.00,1.00
2025-12-17T20:55:00Z,5.00,3.00,3.00,12.00,66.81,16.00,3.00,1.00,2.00,1.00,1.00,1.00
2025-12-17T21:04:00Z,5.00,3.00,3.00,12.00,66.81,16.00,3.00,1.00,2.00,1.00,1.00,1.00
2025-12-17T21:08:00Z,5.00,3.00,3.00,12.00,66.81,16.00,3.00,1.00,2.00,1.00,1.00,1.00
2025-12-17T21:10:00Z,5.00,3.00,3.00,12.00,66.81,16.00,3.00,1.00,2.00,1.00,1.00,1.00
2025-12-17T21:15:00Z,5.00,3.00,3.00,12.00,68.11,16.00,3.00,1.00,2.00,1.00,1.00,1.00
2025-12-17T21:16:00Z,3.82,3.00,2.00,11.00,67.25,16.00,3.00,1.00,2.00,1.00,1.00,1.00
2025-12-17T21:25:00Z,3.82,3.00,2.00,12.00,67.25,16.00,3.00,1.00,2.00,1.00,1.00,1.00
2025-12-17T21:26:00Z,3.00,3.00,2.00,12.00,67.04,15.95,3.00,1.00,2.00,1.00,1.00,1.00
2025-12-17T21:38:00Z,3.00,3.00,2.00,12.00,67.04,16.00,3.00,1.00,2.00,1.00,1.00,1.00
2025-12-17T21:54:00Z,3.00,3.00,2.00,13.00,67.04,16.00,3.00,1.00,2.00,1.00,1.00,1.00
2025-12-17T21:59:00Z,3.00,3.00,2.00,13.00,69.00,16.00,3.00,1.00,2.00,1.00,1.00,1.00
2025-12-17T22:26:00Z,3.00,3.00,2.00,13.00,69.00,16.00,3.00,1.00,2.00,1.00,1.00,1.00
2025-12-17T22:30:00Z,3.00,4.00,2.00,13.00,69.00,16.00,3.00,1.00,2.00,1.00,1.00,1.00
2025-12-17T22:33:00Z,3.00,4.00,3.00,13.00,69.00,16.00,3.00,1.00,2.00,1.00,1.00,1.00
2025-12-17T22:34:00Z,3.00,4.00,3.00,13.00,69.00,16.00,3.00,1.00,2.00,1.00,1.00,1.00
2025-12-17T22:37:00Z,3.00,4.00,3.00,13.00,69.00,16.00,3.00,1.00,2.00,1.00,1.00,1.00
2025-12-17T22:39:00Z,3.00,4.00,3.00,13.00,69.00,16.00,3.00,1.00,2.00,1.00,1.00,1.00
2025-12-17T22:40:00Z,3.00,4.00,3.00,13.00,69.00,16.00,3.00,1.00,2.00,1.00,1.00,1.00
2025-12-17T22:44:00Z,3.00,4.00,3.00,13.00,69.00,16.00,3.00,1.00,2.00,1.00,1.00,1.00
2025-12-17T22:56:00Z,4.00,4.00,2.00,12.00,66.76,15.00,3.00,1.00,2.00,1.00,1.00,1.00
2025-12-17T22:57:00Z,4.00,4.00,2.00,13.00,66.76,15.00,3.00,1.00,2.00,1.00,1.00,1.00
2025-12-17T22:59:00Z,4.00,4.00,3.00,13.00,66.76,15.00,3.00,1.00,2.00,1.00,1.00,1.00
2025-12-17T23:13:00Z,5.00,4.00,3.00,13.00,66.76,15.00,3.00,1.00,2.00,1.00,1.00,1.00
2025-12-17T23:25:00Z,5.00,4.00,3.00,13.00,66.76,17.09,3.00,1.00,2.00,1.00,1.00,1.00
2025-12-17T23:42:00Z,5.00,4.00,3.00,13.00,66.76,17.09,3.00,1.00,2.00,1.00,1.00,1.00
2025-12-17T23:43:00Z,5.00,4.00,3.00,13.00,66.76,18.00,3.00,1.00,2.00,1.00,1.00,1.00
2025-12-18T00:04:00Z,4.00,4.00,2.00,11.91,69.67,16.00,3.00,1.00,2.00,1.00,1.00,1.00
2025-12-18T00:06:00Z,4.00,4.00,2.00,10.00,70.00,15.00,3.00,1.00,2.00,1.00,1.00,1.00
2025-12-18T00:20:00Z,4.00,4.00,2.00,10.00,70.00,16.00,3.00,1.00,2.00,1.00,1.00,1.00
2025-12-18T00:32:00Z,4.00,4.00,2.00,9.00,70.00,15.00,4.00,1.00,2.00,1.00,1.00,1.00
2025-12-18T00:43:00Z,4.00,4.00,2.00,9.00,70.00,15.00,4.00,1.00,2.00,1.00,1.00,1.00
2025-12-18T00:44:00Z,4.00,4.00,2.00,10.00,70.00,14.11,4.00,1.00,2.00,1.00,1.00,1.00
2025-12-18T00:49:00Z,4.00,4.00,2.00,10.00,69.00,14.11,4.00,1.00,2.00,1.00,1.00,1.00
2025-12-18T01:01:00Z,4.00,4.00,2.00,10.00,69.00,14.11,4.00,1.00,2.00,1.00,1.00,1.00
2025-12-18T01:07:00Z,5.00,4.00,2.00,10.00,71.00,15.00,4.00,1.00,2.00,1.00,1.00,1.00
2025-12-18T01:12:00Z,3.29,4.00,2.00,9.15,71.93,14.00,4.00,1.00,2.00,1.00,1.00,1.00
2025-12-18T01:22:00Z,5.00,4.00,2.00,9.15,71.93,14.00,4.00,1.00,2.00,1.00,1.00,1.00
2025-12-18T01:27:00Z,3.31,4.00,2.00,9.00,77.00,13.70,4.00,1.00,2.00,1.00,1.00,1.00
2025-12-18T01:30:00Z,3.31,4.00,2.00,10.00,77.00,13.70,4.00,1.00,2.00,1.00,1.00,1.00
2025-12-18T01:42:00Z,3.31,4.00,2.00,10.00,71.00,13.70,4.00,1.00,2.00,1.00,1.00,1.00
2025-12-18T01:43:00Z,5.00,4.00,2.00,10.00,71.00,13.70,4.00,1.00,2.00,1.00,1.00,1.00
2025-12-18T02:00:00Z,5.00,4.00,2.00,10.00,71.00,13.70,4.00,1.00,2.00,1.00,1.00,1.00
2025-12-18T02:01:00Z,5.00,4.00,2.00,10.00,71.00,13.70,4.00,1.00,2.00,1.00,1.00,1.00
2025-12-18T02:06:00Z,5.00,4.00,2.00,10.00,71.00,13.70,4.00,1.00,2.00,1.00,1.00,1.00
2025-12-18T02:09:00Z,5.00,4.00,2.00,10.00,72.00,13.70,4.00,1.00,2.00,1.00,1.00,1.00
2025-12-18T02:32:00Z,5.82,4.00,2.00,10.00,72.00,13.70,4.00,1.00,2.00,1.00,1.00,1.00
2025-12-18T02:41:00Z,5.82,4.00,2.00,10.00,70.00,13.70,4.00,1.00,2.00,1.00,1.00,1.00
2025-12-18T02:48:00Z,6.00,4.00,2.00,11.00,70.00,13.70,4.00,1.00,2.00,1.00,1.00,1.00
2025-12-18T02:50:00Z,6.00,4.00,2.00,11.00,70.00,13.33,4.00,1.00,2.00,1.00,1.00,1.00
2025-12-18T02:56:00Z,5.00,4.00,2.00,10.00,70.00,13.00,4.00,1.00,2.00,1.00,1.00,1.00
2025-12-18T02:57:00Z,4.00,4.00,2.00,10.00,70.00,13.00,4.00,1.00,2.00,1.00,1.00,1.00
2025-12-18T02:58:00Z,5.00,4.00,2.00,10.00,70.00,13.00,4.00,1.00,2.00,1.00,1.00,1.00
2025-12-18T03:25:00Z,3.70,4.00,2.00,11.00,69.29,13.00,4.00,1.00,2.00,1.00,1.00,1.00
2025-12-18T03:26:00Z,4.00,4.00,2.00,11.00,72.00,13.00,4.00,1.00,2.00,1.00,1.00,1.00
2025-12-18T03:42:00Z,4.00,4.00,2.00,11.00,75.00,13.00,4.00,1.00,2.00,1.00,1.00,1.00
2025-12-18T03:50:00Z,4.00,4.00,3.47,10.27,72.00,13.00,4.00,1.00,2.00,1.00,1.00,1.00
2025-12-18T03:55:00Z,6.00,4.00,3.47,10.27,72.00,13.00,4.00,1.00,2.00,1.00,1.00,1.00
2025-12-18T04:41:00Z,6.00,4.00,3.47,10.27,75.00,13.00,4.00,1.00,2.00,1.00,1.00,1.00
2025-12-18T04:45:00Z,6.00,3.94,3.47,10.27,75.00,13.00,4.00,1.00,2.00,1.00,1.00,1.00
2025-12-18T05:07:00Z,4.00,3.94,3.00,10.00,70.00,13.00,4.00,1.00,2.00,1.00,1.00,1.00
2025-12-18T05:09:00Z,4.00,3.94,3.00,10.00,70.00,13.00,4.00,1.00,2.00,1.00,1.00,1.00
2025-12-18T05:10:00Z,4.00,3.94,3.00,10.00,70.00,13.00,4.00,1.00,2.00,1.00,1.00,1.00
2025-12-18T05:11:00Z,4.00,3.94,3.00,10.98,70.00,13.00,4.00,1.00,2.00,1.00,1.00,1.00
2025-12-18T05:21:00Z,4.00,3.94,3.00,10.98,70.00,14.00,4.00,1.00,2.00,1.00,1.00,1.00
2025-12-18T05:22:00Z,4.00,3.94,3.00,10.98,70.00,13.00,4.00,1.00,2.00,1.00,1.00,1.00
2025-12-18T06:02:00Z,4.00,3.94,3.00,10.98,70.00,13.00,4.00,1.00,2.00,1.00,1.00,1.00
2025-12-18T06:15:00Z,4.00,3.94,3.00,10.98,70.00,12.00,4.00,1.00,2.00,1.00,1.00,1.00
2025-12-18T06:23:00Z,4.00,3.94,3.00,10.98,65.01,12.00,4.00,1.00,2.00,1.00,1.00,1.00
2025-12-18T06:26:00Z,4.00,7.94,3.00,10.98,65.01,12.00,4.00,1.00,2.00,1.00,1.00,1.00
2025-12-18T06:28:00Z,5.00,7.94,3.00,10.98,65.01,12.00,4.00,1.00,2.00,1.00,1.00,1.00
2025-12-18T06:29:00Z,5.00,7.94,3.00,10.98,65.01,12.00,4.00,1.00,2.00,1.00,1.00,1.00
2025-12-18T06:30:00Z,5.00,7.94,3.00,10.98,65.01,12.00,4.00,1.00,2.00,1.00,1.00,1.00
2025-12-18T06:31:00Z,5.00,7.94,5.00,10.98,65.01,12.00,4.00,1.00,2.00,1.00,1.00,1.00
2025-12-18T06:32:00Z,6.00,7.94,5.00,10.98,65.01,12.00,4.00,1.00,2.00,1.00,1.00,1.00
2025-12-18T06:40:00Z,6.00,7.94,5.00,10.98,65.01,12.00,4.00,1.00,2.00,1.00,1.00,1.00
2025-12-18T06:52:00Z,6.92,7.94,5.00,10.98,65.01,12.00,4.00,1.00,2.00,1.00,1.00,1.00
2025-12-18T07:01:00Z,6.92,8.01,5.00,10.98,65.01,12.00,4.00,1.00,2.00,1.00,1.00,1.00
2025-12-18T07:04:00Z,6.92,8.01,5.00,10.98,65.01,12.00,4.00,1.00,2.00,1.00,1.00,1.00
2025-12-18T07:05:00Z,6.92,3.00,5.00,10.98,65.01,12.00,4.00,1.00,2.00,1.00,1.00,1.00
2025-12-18T07:10:00Z,6.92,3.00,5.00,10.98,63.00,12.00,4.00,1.00,2.00,1.00,1.00,1.00
2025-12-18T10:44:00Z,6.92,3.00,5.00,10.98,63.00,12.00,4.00,1.00,2.00,1.00,1.00,2.00
2025-12-18T10:59:00Z,5.00,3.00,5.00,10.98,63.00,12.00,4.00,1.00,2.00,1.00,1.00,2.00
2025-12-18T11:00:00Z,3.03,3.00,5.00,10.98,63.00,12.00,4.00,1.00,2.00,1.00,1.00,2.00
2025-12-18T11:02:00Z,3.03,3.00,5.00,10.98,63.00,12.00,4.00,1.00,2.00,1.00,1.00,1.00
2025-12-18T11:20:00Z,3.03,3.00,5.00,11.00,63.00,12.00,4.00,1.00,2.00,1.00,1.00,1.00
2025-12-18T11:50:00Z,3.03,3.00,5.00,11.00,63.00,12.00,4.00,1.00,2.00,1.00,1.00,1.00
2025-12-18T11:57:00Z,3.03,3.00,5.00,11.00,66.00,12.00,4.00,1.00,2.00,1.00,1.00,1.00
2025-12-18T12:05:00Z,3.03,3.00,5.00,12.00,66.00,12.00,4.00,1.00,2.00,1.00,1.00,1.00
2025-12-18T12:41:00Z,3.03,3.00,2.00,12.00,66.00,12.00,4.00,1.00,2.00,1.00,1.00,1.00
2025-12-18T12:45:00Z,3.03,3.00,2.00,13.00,66.00,12.00,4.00,1.00,2.00,1.00,1.00,1.00
2025-12-18T13:35:00Z,3.03,3.00,2.00,13.00,69.00,12.00,4.00,1.00,2.00,1.00,1.00,1.00
2025-12-18T13:36:00Z,3.00,3.00,2.00,13.00,70.00,11.00,3.00,1.00,2.00,1.00,1.00,1.00
2025-12-18T13:49:00Z,3.00,3.00,2.00,15.66,69.00,11.00,3.00,1.00,2.00,1.00,1.00,1.00
2025-12-18T13:50:00Z,3.00,3.00,2.00,15.66,69.00,11.00,2.01,1.00,2.00,1.00,1.00,1.00
2025-12-18T14:29:00Z,4.00,3.00,2.00,15.66,69.00,11.00,2.01,1.00,2.00,1.00,1.00,1.00
2025-12-18T14:34:00Z,4.00,3.00,2.00,18.65,69.00,11.00,2.01,1.00,2.00,1.00,1.00,1.00
2025-12-18T15:09:00Z,4.00,3.00,2.00,18.65,68.00,11.00,2.01,1.00,2.00,1.00,1.00,1.00
2025-12-18T15:12:00Z,4.00,3.00,2.00,18.65,67.00,11.00,2.01,1.00,2.00,1.00,1.00,1.00
2025-12-18T15:23:00Z,4.00,3.00,2.00,18.65,67.00,11.00,2.01,1.00,2.00,1.00,1.00,1.00
2025-12-18T15:43:00Z,4.00,3.00,2.00,18.65,67.00,11.00,2.01,1.00,2.00,1.00,1.00,1.00
2025-12-18T16:13:00Z,4.00,3.00,2.00,18.65,67.00,11.00,2.01,1.00,2.00,1.00,1.00,1.00
2025-12-18T17:06:00Z,4.00,3.00,2.00,19.00,67.00,11.00,2.01,1.00,2.00,1.00,1.00,1.00
2025-12-18T17:40:00Z,4.00,3.00,2.00,19.00,67.00,11.00,2.01,1.00,2.00,1.00,1.00,1.00
2025-12-18T17:59:00Z,4.00,3.00,2.00,19.00,72.20,11.00,2.01,1.00,2.00,1.00,1.00,1.00
2025-12-18T18:52:00Z,4.00,3.00,2.00,16.00,72.20,11.00,2.01,1.00,2.00,1.00,1.00,1.00
2025-12-18T18:56:00Z,4.00,3.00,3.00,16.00,72.20,11.00,2.01,1.00,2.00,1.00,1.00,1.00
2025-12-18T18:57:00Z,4.00,3.00,3.00,16.00,69.00,11.00,2.01,1.00,2.00,1.00,1.00,1.00
2025-12-18T19:11:00Z,4.00,3.00,3.00,16.00,72.00,11.00,2.01,1.00,2.00,1.00,1.00,1.00
2025-12-18T19:14:00Z,4.00,3.00,3.00,19.00,72.00,11.00,2.01,1.00,2.00,1.00,1.00,1.00
2025-12-18T19:17:00Z,4.00,3.00,3.00,19.00,72.00,11.00,2.01,1.00,2.00,1.00,1.00,1.00
2025-12-18T19:43:00Z,4.00,3.00,3.00,19.00,72.00,11.00,1.50,1.00,2.00,1.00,1.00,1.00
2025-12-18T19:48:00Z,4.00,3.00,3.00,19.05,72.00,11.00,1.50,1.00,2.00,1.00,1.00,1.00
2025-12-18T19:49:00Z,4.00,3.00,3.00,19.05,69.00,11.00,1.50,1.00,2.00,1.00,1.00,1.00
2025-12-18T20:01:00Z,4.00,3.00,3.00,19.05,69.00,11.00,1.50,1.00,2.00,1.00,1.00,1.00
2025-12-18T20:21:00Z,4.00,3.00,3.00,21.00,69.00,11.00,1.50,1.00,2.00,1.00,1.00,1.00
2025-12-18T20:23:00Z,4.00,3.00,3.00,22.00,69.00,11.00,1.50,1.00,2.00,1.00,1.00,1.00
2025-12-18T20:49:00Z,4.00,3.00,3.00,22.00,69.00,11.00,1.50,1.00,2.00,1.00,1.00,1.00
2025-12-18T21:03:00Z,4.00,3.00,2.00,22.00,69.00,11.00,1.50,1.00,2.00,1.00,1.00,1.00
2025-12-18T21:21:00Z,4.00,3.00,2.00,20.00,68.00,11.00,1.50,1.00,2.00,1.00,1.00,1.00
2025-12-18T21:39:00Z,4.00,3.00,2.00,20.00,68.00,11.00,1.50,1.00,2.00,1.00,1.00,1.00
2025-12-18T21:41:00Z,4.00,3.00,2.00,20.00,68.00,11.00,1.50,1.00,2.00,1.00,1.00,1.00
2025-12-18T21:44:00Z,4.00,4.00,2.00,20.00,68.00,11.00,1.50,1.00,2.00,1.00,1.00,1.00
2025-12-18T21:47:00Z,4.00,4.00,2.00,20.00,68.00,11.00,1.50,1.00,2.00,1.00,1.00,1.00
2025-12-18T21:50:00Z,4.00,4.00,2.00,20.00,69.00,11.00,1.50,1.00,2.00,1.00,1.00,1.00
2025-12-18T22:30:00Z,4.00,4.00,2.00,18.20,69.00,11.00,1.50,1.00,2.00,1.00,1.00,1.00
2025-12-19T00:37:00Z,4.00,4.00,2.00,18.20,67.00,11.00,1.50,1.00,2.00,1.00,1.00,1.00
2025-12-19T00:49:00Z,4.00,4.00,2.00,19.00,67.00,11.00,1.50,1.00,2.00,1.00,1.00,1.00
2025-12-19T00:50:00Z,4.00,4.00,2.00,19.00,67.00,11.00,1.50,1.00,2.00,1.00,1.00,1.00
2025-12-19T01:28:00Z,4.00,4.00,2.00,19.00,67.00,11.00,1.50,1.00,2.00,1.00,1.00,1.00
2025-12-19T01:29:00Z,4.00,4.00,2.00,19.00,67.00,11.00,1.50,1.00,2.00,1.00,1.00,1.00
2025-12-19T01:52:00Z,4.00,4.00,2.00,18.00,67.00,11.00,1.50,1.00,2.00,1.00,1.00,1.00
2025-12-19T02:38:00Z,4.00,4.00,2.00,20.00,67.00,11.00,1.50,1.00,2.00,1.00,1.00,1.00
2025-12-19T02:44:00Z,4.00,4.00,2.00,20.00,67.00,11.00,1.50,1.00,2.00,1.00,1.00,1.00
2025-12-19T03:02:00Z,4.00,4.00,2.00,20.00,67.00,11.00,1.50,1.00,2.00,1.00,1.00,1.00
2025-12-19T03:03:00Z,4.00,4.00,2.00,20.00,67.00,11.00,1.50,1.00,2.00,1.00,1.00,1.00
2025-12-19T03:15:00Z,4.00,4.00,2.00,20.00,67.00,11.00,1.50,1.00,2.00,1.00,1.00,1.00
2025-12-19T03:24:00Z,4.00,4.00,2.00,20.00,68.00,11.00,1.50,1.00,2.00,1.00,1.00,1.00
2025-12-19T03:25:00Z,4.00,4.00,2.00,18.00,68.00,11.00,1.50,1.00,2.00,1.00,1.00,1.00
2025-12-19T04:28:00Z,4.00,4.00,2.00,18.00,68.00,11.00,1.50,1.00,2.00,1.00,1.00,1.00
2025-12-19T04:37:00Z,4.00,4.00,3.00,18.00,68.00,11.00,1.50,1.00,2.00,1.00,1.00,1.00
2025-12-19T05:35:00Z,4.00,4.00,3.00,20.00,68.00,11.00,1.50,1.00,2.00,1.00,1.00,1.00
2025-12-19T05:40:00Z,4.00,4.00,3.00,20.00,68.00,11.00,1.50,1.00,2.00,1.00,1.00,1.00
2025-12-19T06:35:00Z,4.00,4.00,3.00,20.00,68.00,11.00,1.50,1.00,2.00,1.00,1.00,1.00
2025-12-19T06:46:00Z,4.00,4.00,3.00,20.00,68.00,11.00,1.50,1.00,2.00,1.00,1.00,1.00
2025-12-19T07:07:00Z,5.00,4.00,3.00,20.00,68.00,11.00,1.50,1.00,2.00,1.00,1.00,1.00
2025-12-19T07:09:00Z,5.00,4.00,3.00,20.00,68.00,11.00,1.50,1.00,2.00,1.00,1.00,1.00
2025-12-19T07:50:00Z,5.00,4.00,3.00,20.00,68.00,11.00,1.50,1.00,2.00,1.00,1.00,1.00
2025-12-19T08:06:00Z,5.00,4.00,3.00,20.00,68.00,11.00,1.50,1.00,2.00,1.00,1.00,1.00
2025-12-19T08:19:00Z,5.00,4.00,3.00,20.00,68.00,11.00,2.00,1.00,2.00,1.00,1.00,1.00
2025-12-19T09:20:00Z,5.00,4.00,3.00,19.00,68.00,11.00,2.00,1.00,2.00,1.00,1.00,1.00
2025-12-19T09:48:00Z,5.00,4.00,3.00,19.00,68.00,11.00,2.00,1.00,2.00,1.00,1.00,1.00
2025-12-19T10:06:00Z,3.00,4.00,3.00,19.00,68.00,11.00,2.00,1.00,2.00,1.00,1.00,1.00
2025-12-19T10:07:00Z,3.00,4.00,2.00,19.00,68.00,11.00,2.00,1.00,2.00,1.00,1.00,1.00
2025-12-19T10:12:00Z,3.00,3.00,2.00,19.00,68.00,11.00,2.00,1.00,2.00,1.00,1.00,1.00
2025-12-19T10:16:00Z,3.00,3.00,2.00,19.00,68.00,11.00,2.00,1.00,2.00,1.00,1.00,1.00
2025-12-19T10:17:00Z,3.00,3.00,2.00,19.00,68.00,11.00,2.00,1.00,2.00,1.00,1.00,1.00
2025-12-19T10:18:00Z,3.00,3.00,2.00,19.00,68.00,11.00,2.00,1.00,2.00,1.00,1.00,1.00
2025-12-19T10:21:00Z,3.00,3.00,2.00,19.00,68.00,11.00,2.00,1.00,2.00,1.00,1.00,1.00
2025-12-19T11:02:00Z,3.00,3.00,2.00,19.00,68.00,11.00,2.00,1.00,2.00,1.00,1.00,1.00
2025-12-19T12:58:00Z,5.00,3.00,2.00,19.00,68.00,11.00,2.00,1.00,2.00,1.00,1.00,1.00
2025-12-19T13:11:00Z,5.00,3.00,2.00,19.00,68.00,10.00,2.00,1.00,2.00,1.00,1.00,1.00
2025-12-19T13:12:00Z,3.00,3.00,2.00,18.00,68.00,10.00,2.00,1.00,2.00,1.00,1.00,1.00
2025-12-19T13:13:00Z,3.00,3.00,2.00,18.00,66.00,10.00,2.00,1.00,2.00,1.00,1.00,1.00
2025-12-19T15:18:00Z,3.00,3.00,2.00,18.00,66.00,11.00,2.00,1.00,2.00,1.00,1.00,1.00
2025-12-19T15:19:00Z,3.00,3.00,2.00,18.00,66.00,11.00,2.00,1.00,2.00,1.00,1.00,1.00
2025-12-19T15:24:00Z,3.00,3.00,2.00,17.94,66.00,11.00,2.00,1.00,2.00,1.00,1.00,1.00
2025-12-19T15:25:00Z,3.00,3.00,2.00,16.00,66.00,11.00,2.00,1.00,2.00,1.00,1.00,1.00
2025-12-19T15:47:00Z,3.00,3.00,2.00,16.00,68.00,11.00,2.00,1.00,2.00,1.00,1.00,1.00
2025-12-19T16:08:00Z,5.00,3.00,2.00,16.00,68.00,11.00,2.00,1.00,2.00,1.00,1.00,1.00
2025-12-19T16:14:00Z,5.00,3.00,2.00,16.00,68.00,11.00,2.00,1.00,2.00,1.00,1.00,1.00
2025-12-19T16:24:00Z,5.00,3.00,2.00,18.00,68.00,11.00,2.00,1.00,2.00,1.00,1.00,1.00
2025-12-19T16:34:00Z,5.13,3.00,2.00,18.00,68.00,11.00,2.00,1.00,2.00,1.00,1.00,1.00
2025-12-19T16:39:00Z,5.00,3.00,2.00,18.00,68.00,11.00,2.00,1.00,2.00,1.00,1.00,1.00
2025-12-19T16:53:00Z,5.00,3.00,2.00,18.00,68.00,11.00,2.00,1.00,2.00,1.00,1.00,1.00
2025-12-19T17:10:00Z,5.00,3.00,2.00,14.39,68.00,11.00,2.00,1.00,2.00,1.00,1.00,1.00
2025-12-19T17:15:00Z,5.00,3.78,2.00,14.39,68.00,11.00,2.00,1.00,2.00,1.00,1.00,1.00
2025-12-19T17:18:00Z,6.00,3.78,2.00,14.39,68.00,11.00,2.00,1.00,2.00,1.00,1.00,1.00
2025-12-19T17:22:00Z,6.00,3.78,3.00,14.39,68.00,11.00,2.00,1.00,2.00,1.00,1.00,1.00
2025-12-19T17:40:00Z,6.00,3.78,3.00,14.39,68.00,11.00,2.00,1.00,2.00,1.00,1.00,1.00
2025-12-19T17:41:00Z,6.00,3.78,3.00,14.39,68.00,11.00,2.00,1.00,2.00,1.00,1.00,1.00
2025-12-19T17:43:00Z,6.00,3.78,3.00,15.00,68.00,10.00,2.00,1.00,2.00,1.00,1.00,1.00
2025-12-19T17:44:00Z,6.35,3.78,3.00,15.00,68.00,8.06,2.00,1.00,2.00,1.00,1.00,1.00
2025-12-19T17:57:00Z,7.80,3.78,3.00,15.00,68.00,8.06,2.00,1.00,2.00,1.00,1.00,1.00
2025-12-19T18:08:00Z,7.00,3.78,3.00,15.00,68.00,8.06,2.00,1.00,2.00,1.00,1.00,1.00
2025-12-19T18:14:00Z,7.00,3.78,3.00,15.00,68.00,8.06,2.00,1.00,2.00,1.00,1.00,1.00
2025-12-19T19:17:00Z,6.00,3.78,3.00,15.00,68.00,8.06,2.00,1.00,2.00,1.00,1.00,1.00
2025-12-19T19:23:00Z,7.00,3.78,3.00,15.00,68.00,8.06,2.00,1.00,2.00,1.00,1.00,1.00
2025-12-19T19:29:00Z,7.00,3.78,3.00,15.00,67.92,8.06,2.00,1.00,2.00,1.00,1.00,1.00
2025-12-19T19:30:00Z,7.00,3.78,3.00,15.00,67.92,9.59,2.00,1.00,2.00,1.00,1.00,1.00
2025-12-19T19:40:00Z,7.00,3.78,3.00,15.00,67.92,9.59,2.00,1.00,2.00,1.00,1.00,1.00
2025-12-19T19:41:00Z,7.00,3.78,3.00,15.00,67.92,9.59,2.00,1.00,2.00,1.00,1.00,1.00
2025-12-19T19:50:00Z,5.00,3.78,3.00,15.00,67.92,9.59,2.00,1.00,2.00,1.00,1.00,1.00
2025-12-19T19:57:00Z,5.00,3.78,3.00,15.00,67.92,9.59,2.00,1.00,2.00,1.00,1.00,1.00
2025-12-19T20:06:00Z,5.00,3.78,3.00,15.43,67.92,9.59,2.00,1.00,2.00,1.00,1.00,1.00
2025-12-19T20:10:00Z,5.00,4.00,3.00,15.43,67.92,9.59,2.00,1.00,2.00,1.00,1.00,1.00
2025-12-19T20:16:00Z,5.00,4.00,3.00,12.84,68.00,9.59,2.00,1.00,2.00,1.00,1.00,1.00
2025-12-19T20:17:00Z,5.00,4.00,3.00,12.84,67.00,9.59,2.00,1.00,2.00,1.00,1.00,1.00
2025-12-19T20:23:00Z,5.00,4.00,3.00,12.84,67.00,9.59,1.00,1.00,2.00,1.00,1.00,1.00
2025-12-19T21:04:00Z,5.00,4.00,3.00,12.84,67.00,9.00,1.00,1.00,2.00,1.00,1.00,1.00
2025-12-19T21:08:00Z,5.00,4.00,3.00,12.84,67.00,8.00,1.00,1.00,2.00,1.00,1.00,1.00
2025-12-19T21:19:00Z,5.00,4.00,3.00,16.00,67.00,8.00,1.00,1.00,2.00,1.00,1.00,1.00
2025-12-19T21:38:00Z,4.00,4.00,3.00,16.00,67.00,8.00,1.00,1.00,2.00,1.00,1.00,1.00
2025-12-19T21:39:00Z,5.00,4.00,3.00,16.00,67.00,8.00,1.00,1.00,2.00,1.00,1.00,1.00
2025-12-19T22:17:00Z,5.00,4.00,1.96,16.00,67.00,8.00,1.00,1.00,2.00,1.00,1.00,1.00
2025-12-19T22:27:00Z,3.35,4.00,1.96,16.00,67.00,8.00,1.00,1.00,2.00,1.00,1.00,1.00
2025-12-19T22:28:00Z,5.99,4.00,1.96,16.00,67.00,8.00,1.00,1.00,2.00,1.00,1.00,1.00
2025-12-19T22:59:00Z,5.99,4.00,1.96,16.00,67.00,6.56,1.00,1.00,2.00,1.00,1.00,1.00
2025-12-19T23:07:00Z,5.99,4.00,1.96,16.00,67.00,6.56,1.00,1.00,2.00,1.00,1.00,1.00
2025-12-19T23:09:00Z,5.99,4.00,1.00,16.00,67.00,6.56,1.00,1.00,2.00,1.00,1.00,1.00
2025-12-19T23:31:00Z,8.67,4.00,1.00,16.00,67.00,6.56,1.00,1.00,2.00,1.00,1.00,1.00
2025-12-19T23:32:00Z,8.67,4.00,3.00,16.00,67.00,6.56,1.00,1.00,2.00,1.00,1.00,1.00
2025-12-19T23:40:00Z,8.67,4.00,3.00,16.00,67.00,7.00,1.00,1.00,2.00,1.00,1.00,1.00
2025-12-19T23:41:00Z,8.67,4.00,3.00,16.00,67.00,6.00,1.00,1.00,2.00,1.00,1.00,1.00
2025-12-19T23:42:00Z,8.67,4.00,3.00,16.00,67.00,6.00,1.00,1.00,2.00,1.00,1.00,1.00
2025-12-19T23:50:00Z,8.67,4.00,3.00,16.00,67.00,6.00,1.00,1.00,2.00,1.00,1.00,1.00
2025-12-19T23:59:00Z,8.67,4.00,3.00,16.00,67.00,6.00,1.00,1.00,2.00,1.00,1.00,1.00
2025-12-20T00:05:00Z,8.67,4.00,3.00,16.80,67.00,6.00,1.00,1.00,2.00,1.00,1.00,1.00
2025-12-20T00:08:00Z,8.67,4.00,3.00,16.97,67.00,6.00,1.00,1.00,2.00,1.00,1.00,1.00
2025-12-20T00:09:00Z,8.67,4.00,3.00,16.97,67.00,6.00,1.00,1.00,2.00,1.00,1.00,1.00
2025-12-20T00:29:00Z,8.67,4.00,3.00,17.00,67.00,6.00,1.00,1.00,2.00,1.00,1.00,1.00
2025-12-20T00:33:00Z,4.05,4.00,3.00,17.00,67.00,6.00,1.00,1.00,2.00,1.00,1.00,1.00
2025-12-20T00:34:00Z,4.05,3.00,3.00,17.00,67.00,6.00,1.00,1.00,2.00,1.00,1.00,1.00
2025-12-20T00:36:00Z,4.05,3.00,3.00,17.00,67.00,6.00,1.00,1.00,2.00,1.00,1.00,1.00
2025-12-20T00:37:00Z,4.05,3.00,3.00,17.00,71.87,6.00,1.00,1.00,2.00,1.00,1.00,1.00
2025-12-20T00:38:00Z,4.05,3.00,3.54,17.00,71.87,6.00,1.00,1.00,2.00,1.00,1.00,1.00
2025-12-20T00:39:00Z,4.05,3.00,3.54,17.00,71.87,8.00,1.00,1.00,2.00,1.00,1.00,1.00
2025-12-20T00:40:00Z,4.05,3.00,4.00,17.00,71.87,8.00,1.00,1.00,2.00,1.00,1.00,1.00
2025-12-20T00:42:00Z,7.00,3.00,4.00,17.00,71.87,8.00,1.00,1.00,2.00,1.00,1.00,1.00
2025-12-20T00:53:00Z,7.00,3.00,4.00,17.99,71.87,8.00,1.00,1.00,2.00,1.00,1.00,1.00
2025-12-20T00:56:00Z,7.00,3.00,4.00,17.99,71.87,8.00,1.00,1.00,2.00,1.00,1.00,1.00
2025-12-20T01:10:00Z,7.00,3.00,3.00,17.99,71.87,8.00,1.00,1.00,2.00,1.00,1.00,1.00
2025-12-20T01:14:00Z,7.00,3.00,3.01,17.99,71.87,8.00,1.00,1.00,2.00,1.00,1.00,1.00
2025-12-20T01:22:00Z,7.00,3.00,3.01,16.50,71.87,8.00,1.00,1.00,2.00,1.00,1.00,1.00
2025-12-20T01:40:00Z,5.00,3.00,3.01,16.50,71.87,8.00,1.00,1.00,2.00,1.00,1.00,1.00
2025-12-20T02:15:00Z,5.00,3.00,3.01,16.00,71.87,8.00,1.00,1.00,2.00,1.00,1.00,1.00
2025-12-20T02:19:00Z,5.00,3.00,3.01,16.00,71.87,8.00,1.00,1.00,2.00,1.00,1.00,1.00
2025-12-20T02:28:00Z,5.00,3.00,3.01,16.00,71.87,8.00,1.00,1.00,2.00,1.00,1.00,1.00
2025-12-20T02:37:00Z,5.00,3.00,3.01,16.00,71.87,8.00,1.00,1.00,2.00,1.00,1.00,1.00
2025-12-20T03:05:00Z,5.00,3.00,3.01,16.00,71.87,8.00,1.00,1.00,2.00,1.00,1.00,1.00
2025-12-20T03:08:00Z,5.00,3.00,3.01,16.00,71.87,8.00,1.00,1.00,2.00,1.00,1.00,1.00
2025-12-20T03:24:00Z,5.00,3.00,3.01,16.00,71.87,8.00,1.00,1.00,2.00,1.00,1.00,1.00
2025-12-20T03:33:00Z,5.00,3.00,3.01,16.00,71.87,8.00,1.00,1.00,2.00,1.00,1.00,1.00
2025-12-20T03:54:00Z,5.00,3.00,3.01,16.00,70.00,8.00,1.00,1.00,2.00,1.00,1.00,1.00
2025-12-20T04:02:00Z,5.00,3.00,3.01,18.00,70.00,8.00,1.00,1.00,2.00,1.00,1.00,1.00
2025-12-20T04:15:00Z,5.00,3.00,3.01,18.00,70.00,8.00,1.00,1.00,2.00,1.00,1.00,1.00
2025-12-20T04:17:00Z,5.00,3.00,3.01,18.00,70.00,9.00,1.00,1.00,2.00,1.00,1.00,1.00
2025-12-20T04:27:00Z,5.00,3.00,3.01,19.00,70.00,9.00,1.00,1.00,2.00,1.00,1.00,1.00
2025-12-20T04:32:00Z,5.00,3.00,3.01,19.00,70.00,9.00,1.00,1.00,2.00,1.00,1.00,1.00
2025-12-20T04:35:00Z,5.00,3.00,3.01,19.00,70.00,9.00,1.00,1.00,2.00,1.00,1.00,1.00
2025-12-20T05:01:00Z,5.00,3.00,3.01,19.00,70.00,9.00,1.00,1.00,2.00,1.00,1.00,1.00
2025-12-20T05:22:00Z,5.00,3.00,3.01,19.00,70.00,9.00,1.00,1.00,2.00,1.00,1.00,1.00
2025-12-20T05:47:00Z,4.00,3.00,3.01,19.00,70.00,9.00,1.00,1.00,2.00,1.00,1.00,1.00
2025-12-20T06:49:00Z,4.00,3.00,3.01,19.00,70.00,7.00,1.00,1.00,2.00,1.00,1.00,1.00
2025-12-20T06:50:00Z,4.00,3.00,3.01,17.00,71.00,7.00,1.00,1.00,2.00,1.00,1.00,1.00
2025-12-20T07:02:00Z,4.00,3.00,3.01,19.00,71.00,7.00,1.00,1.00,2.00,1.00,1.00,1.00
2025-12-20T07:20:00Z,4.00,3.00,3.01,20.00,71.00,7.00,1.00,1.00,2.00,1.00,1.00,1.00
2025-12-20T08:04:00Z,4.00,3.00,3.01,20.00,71.00,9.00,1.00,1.00,2.00,1.00,1.00,1.00
2025-12-20T08:25:00Z,4.00,3.00,3.01,19.20,71.00,9.00,1.00,1.00,2.00,1.00,1.00,1.00
2025-12-20T10:01:00Z,4.00,3.00,3.01,19.00,71.00,9.00,1.00,1.00,2.00,1.00,1.00,1.00
2025-12-20T10:57:00Z,4.00,3.00,3.00,19.00,71.00,9.00,1.00,1.00,2.00,1.00,1.00,1.00
2025-12-20T12:54:00Z,5.00,3.00,3.00,19.00,71.00,9.00,1.00,1.00,2.00,1.00,1.00,1.00
2025-12-20T13:05:00Z,3.37,3.00,3.00,19.00,71.00,9.00,1.00,1.00,2.00,1.00,1.00,1.00
2025-12-20T13:25:00Z,3.37,3.00,3.00,19.00,71.00,9.00,1.00,1.00,2.00,1.00,1.00,1.00
2025-12-20T13:41:00Z,3.37,3.00,3.00,18.83,71.00,9.00,1.00,1.00,2.00,1.00,1.00,1.00
2025-12-20T14:03:00Z,3.37,3.00,3.00,18.83,69.00,9.00,1.00,1.00,2.00,1.00,1.00,1.00
2025-12-20T14:16:00Z,3.37,3.00,3.00,18.83,69.00,9.95,1.00,1.00,2.00,1.00,1.00,1.00
2025-12-20T14:17:00Z,3.37,3.00,3.00,18.83,69.00,9.95,2.00,1.00,2.00,1.00,1.00,1.00
2025-12-20T14:18:00Z,3.37,3.00,3.00,18.83,69.00,10.00,2.00,1.00,2.00,1.00,1.00,1.00
2025-12-20T14:36:00Z,3.37,2.00,3.00,18.83,69.00,10.00,2.00,1.00,2.00,1.00,1.00,1.00
2025-12-20T14:43:00Z,3.37,2.00,3.00,20.00,69.00,10.00,2.00,1.00,2.00,1.00,1.00,1.00
2025-12-20T15:05:00Z,3.37,2.00,3.00,20.00,69.00,7.00,2.00,1.00,2.00,1.00,1.00,1.00
2025-12-20T15:56:00Z,5.00,2.00,3.00,20.00,69.00,7.00,2.00,1.00,2.00,1.00,1.00,1.00
2025-12-20T16:02:00Z,5.00,2.00,3.00,20.00,69.00,7.00,2.00,1.00,2.00,1.00,1.00,1.00
2025-12-20T16:07:00Z,5.00,2.00,3.00,20.00,69.00,7.00,2.00,1.00,2.00,1.00,1.00,1.00
2025-12-20T16:11:00Z,6.00,2.00,3.00,21.00,69.00,8.00,2.00,1.00,2.00,1.00,1.00,1.00
2025-12-20T16:15:00Z,6.00,2.00,3.00,21.00,69.00,8.00,2.00,1.00,2.00,1.00,1.00,1.00
2025-12-20T16:34:00Z,6.00,2.00,3.00,21.00,69.00,8.00,2.00,1.00,2.00,1.00,1.00,1.00
2025-12-20T16:42:00Z,5.00,2.00,3.00,21.00,69.00,8.00,2.00,1.00,2.00,1.00,1.00,1.00
2025-12-20T16:43:00Z,4.00,2.00,3.00,21.00,69.00,8.00,2.00,1.00,2.00,1.00,1.00,1.00
2025-12-20T16:44:00Z,3.00,2.00,3.00,21.00,69.00,8.00,2.00,1.00,2.00,1.00,1.00,1.00
2025-12-20T16:57:00Z,3.00,2.00,3.00,21.00,69.00,8.00,2.00,1.00,2.00,1.00,1.00,1.00
2025-12-20T16:58:00Z,3.00,2.00,3.00,21.00,69.00,8.00,2.00,1.00,2.00,1.00,1.00,1.00
2025-12-20T17:11:00Z,3.00,2.00,3.00,21.00,70.00,8.00,2.00,1.00,2.00,1.00,1.00,1.00
2025-12-20T17:13:00Z,3.00,2.00,3.00,21.00,70.00,8.00,2.00,1.00,2.00,1.00,1.00,1.00
2025-12-20T17:25:00Z,3.00,2.00,3.00,21.00,69.00,8.00,2.00,1.00,2.00,1.00,1.00,1.00
2025-12-20T17:26:00Z,3.00,2.00,3.00,22.00,69.00,8.00,2.00,1.00,2.00,1.00,1.00,1.00
2025-12-20T17:37:00Z,3.00,2.00,3.00,22.00,69.00,8.00,2.00,1.00,2.00,1.00,1.00,1.00
2025-12-20T17:41:00Z,3.00,2.00,3.00,22.00,69.00,8.00,2.00,1.00,2.00,1.00,1.00,1.00
2025-12-20T17:42:00Z,2.00,2.00,3.00,22.00,69.00,8.00,2.00,1.00,2.00,1.00,1.00,1.00
2025-12-20T17:57:00Z,2.00,2.00,3.00,23.00,69.00,8.00,2.00,1.00,2.00,1.00,1.00,1.00
2025-12-20T18:52:00Z,2.00,2.00,3.00,23.00,70.00,8.00,2.00,1.00,2.00,1.00,1.00,1.00
2025-12-20T19:22:00Z,3.00,2.00,3.00,23.00,70.00,8.00,2.00,1.00,2.00,1.00,1.00,1.00
2025-12-20T19:23:00Z,3.00,2.00,3.00,23.00,70.00,8.00,2.00,1.00,2.00,1.00,1.00,1.00
2025-12-20T20:09:00Z,3.00,2.00,3.00,23.00,70.00,8.00,2.00,1.00,2.00,1.00,1.00,1.00
2025-12-20T20:39:00Z,3.00,2.00,3.00,23.00,71.00,8.00,2.00,1.00,2.00,1.00,1.00,1.00
2025-12-20T21:34:00Z,3.00,2.00,3.00,23.00,71.58,8.00,2.00,1.00,2.00,1.00,1.00,1.00
2025-12-20T21:39:00Z,3.00,2.00,3.00,23.00,71.00,8.00,2.00,1.00,2.00,1.00,1.00,1.00
2025-12-20T21:41:00Z,3.00,2.00,2.00,23.00,71.00,8.00,2.00,1.00,2.00,1.00,1.00,1.00
2025-12-20T22:21:00Z,2.00,2.00,2.00,23.00,71.00,8.00,2.00,1.00,2.00,1.00,1.00,1.00
2025-12-20T22:36:00Z,3.00,2.00,2.00,23.00,71.00,8.00,2.00,1.00,2.00,1.00,1.00,1.00
2025-12-20T22:51:00Z,3.00,2.00,2.00,23.00,68.28,8.00,2.00,1.00,2.00,1.00,1.00,1.00
2025-12-20T23:21:00Z,3.00,2.00,2.00,23.00,68.28,9.93,2.00,1.00,2.00,1.00,1.00,1.00
2025-12-21T00:17:00Z,3.00,2.00,2.00,20.00,68.28,9.93,2.00,1.00,2.00,1.00,1.00,1.00
2025-12-21T01:08:00Z,3.00,2.00,2.00,20.00,68.28,9.93,2.00,1.00,2.00,1.00,1.00,1.00
2025-12-21T01:09:00Z,3.00,2.00,2.00,20.00,68.28,9.93,2.00,1.00,2.00,1.00,1.00,1.00
2025-12-21T01:13:00Z,3.00,2.00,2.00,22.00,68.28,9.93,2.00,1.00,2.00,1.00,1.00,1.00
2025-12-21T01:19:00Z,3.00,3.00,2.00,22.00,68.28,9.93,2.00,1.00,2.00,1.00,1.00,1.00
2025-12-21T01:26:00Z,3.00,3.00,2.00,22.00,68.28,9.93,2.00,1.00,2.00,1.00,1.00,1.00
2025-12-21T01:31:00Z,4.66,3.00,2.00,22.00,68.28,9.93,2.00,1.00,2.00,1.00,1.00,1.00
2025-12-21T02:29:00Z,4.66,3.00,2.00,22.00,69.00,9.93,2.00,1.00,2.00,1.00,1.00,1.00
2025-12-21T02:38:00Z,4.66,3.00,2.00,22.00,69.00,9.00,2.00,1.00,2.00,1.00,1.00,1.00
2025-12-21T02:53:00Z,5.00,3.00,2.00,22.00,69.00,9.00,2.00,1.00,2.00,1.00,1.00,1.00
2025-12-21T02:54:00Z,5.00,3.00,2.00,22.00,69.00,9.00,2.00,1.00,2.00,1.00,1.00,1.00
2025-12-21T03:42:00Z,5.00,3.00,2.00,22.00,69.00,9.00,2.00,1.00,2.00,1.00,1.00,1.00
2025-12-21T04:05:00Z,5.00,3.00,2.00,22.00,69.00,9.00,2.00,1.00,2.00,1.00,1.00,1.00
2025-12-21T04:18:00Z,5.00,3.00,2.00,22.00,69.00,9.00,2.00,1.00,2.00,1.00,1.00,1.00
2025-12-21T04:21:00Z,5.94,3.00,2.00,22.00,69.00,9.00,2.00,1.00,2.00,1.00,1.00,1.00
2025-12-21T04:47:00Z,6.00,3.00,2.00,22.00,69.00,9.00,2.00,1.00,2.00,1.00,1.00,1.00
2025-12-21T04:48:00Z,6.00,3.00,2.00,22.00,69.00,9.00,2.00,1.00,2.00,1.00,1.00,1.00
2025-12-21T04:49:00Z,7.00,3.00,2.00,22.00,69.00,9.00,2.00,1.00,2.00,1.00,1.00,1.00
2025-12-21T04:50:00Z,7.00,3.00,2.00,22.00,69.00,9.00,2.00,1.00,2.00,1.00,1.00,1.00
2025-12-21T04:54:00Z,7.00,3.00,2.00,22.00,68.00,9.00,2.00,1.00,2.00,1.00,1.00,1.00
2025-12-21T05:10:00Z,6.00,3.00,2.00,22.00,68.00,9.00,2.00,1.00,2.00,1.00,1.00,1.00
2025-12-21T05:11:00Z,6.26,3.00,2.00,22.00,68.00,9.00,2.00,1.00,2.00,1.00,1.00,1.00
2025-12-21T05:20:00Z,6.26,3.00,2.00,22.00,68.00,9.00,2.00,1.00,2.00,1.00,1.00,1.00
2025-12-21T05:21:00Z,4.00,3.00,2.00,22.00,68.00,9.00,2.00,1.00,2.00,1.00,1.00,1.00
2025-12-21T06:07:00Z,4.00,3.00,3.00,22.00,68.00,9.00,2.00,1.00,2.00,1.00,1.00,1.00
2025-12-21T06:26:00Z,4.00,3.00,3.00,22.00,69.00,9.00,2.00,1.00,2.00,1.00,1.00,1.00
2025-12-21T06:41:00Z,4.00,3.00,3.00,22.00,69.00,9.00,2.00,1.00,2.00,1.00,1.00,1.00
2025-12-21T06:58:00Z,4.00,3.00,3.00,22.00,69.00,9.00,2.00,1.00,2.00,1.00,1.00,1.00
2025-12-21T07:00:00Z,4.16,3.00,2.00,20.00,68.00,9.00,1.00,1.00,2.00,1.00,1.00,1.00
2025-12-21T07:02:00Z,5.00,3.00,2.00,20.00,68.00,9.00,1.00,1.00,2.00,1.00,1.00,1.00
2025-12-21T07:36:00Z,5.00,3.00,2.00,20.00,69.00,9.00,1.00,1.00,2.00,1.00,1.00,1.00
2025-12-21T07:37:00Z,5.00,3.00,2.00,22.00,69.00,9.00,1.00,1.00,2.00,1.00,1.00,1.00
2025-12-21T07:42:00Z,6.00,3.00,2.00,22.00,69.00,9.00,1.00,1.00,2.00,1.00,1.00,1.00
2025-12-21T08:49:00Z,6.00,3.00,2.00,22.00,69.00,10.00,1.00,1.00,2.00,1.00,1.00,1.00
2025-12-21T10:54:00Z,6.00,3.00,2.00,22.00,69.00,10.00,1.00,1.00,2.00,1.00,1.00,1.00
2025-12-21T12:19:00Z,6.00,3.00,2.00,22.00,69.00,10.00,1.00,1.00,2.00,1.00,1.00,1.00
2025-12-21T13:35:00Z,6.00,3.00,2.00,22.00,69.00,11.47,1.00,1.00,2.00,1.00,1.00,1.00
2025-12-21T13:36:00Z,6.00,3.00,2.00,22.00,69.00,12.00,1.00,1.00,2.00,1.00,1.00,1.00
2025-12-21T13:48:00Z,6.00,3.00,2.00,22.00,69.00,8.08,1.00,1.00,2.00,1.00,1.00,1.00
2025-12-21T14:08:00Z,6.00,3.00,2.00,22.00,69.00,8.08,1.00,1.00,2.00,1.00,1.00,1.00
2025-12-21T14:24:00Z,6.00,3.00,2.00,22.00,69.00,8.08,1.00,1.00,2.00,1.00,1.00,1.00
2025-12-21T14:25:00Z,6.00,3.00,2.00,22.00,69.00,8.08,1.00,1.00,2.00,1.00,1.00,1.00
2025-12-21T14:31:00Z,6.00,3.00,2.00,22.00,69.00,8.08,1.00,1.00,2.00,1.00,1.00,1.00
2025-12-21T15:00:00Z,6.00,3.00,2.00,22.00,67.00,8.08,1.00,1.00,2.00,1.00,1.00,1.00
2025-12-21T15:04:00Z,6.00,3.00,2.00,22.00,67.00,8.08,1.00,1.00,2.00,1.00,1.00,1.00
2025-12-21T15:17:00Z,6.00,3.00,2.00,22.00,67.00,8.08,1.00,1.00,2.00,1.00,1.00,1.00
2025-12-21T15:42:00Z,6.00,3.00,2.00,22.00,67.00,11.57,1.00,1.00,2.00,1.00,1.00,1.00
2025-12-21T16:09:00Z,6.00,3.00,2.00,22.00,67.00,11.57,1.00,1.00,2.00,1.00,1.00,1.00
2025-12-21T16:10:00Z,6.00,3.00,2.00,22.00,67.00,11.57,1.00,1.00,2.00,1.00,1.00,1.00
2025-12-21T16:42:00Z,6.00,3.00,3.00,22.00,67.00,11.57,1.00,1.00,2.00,1.00,1.00,1.00
2025-12-21T17:24:00Z,6.00,3.00,3.00,22.00,69.00,11.57,1.00,1.00,2.00,1.00,1.00,1.00
2025-12-21T17:48:00Z,6.00,3.00,3.00,22.00,69.00,11.57,1.00,1.00,2.00,1.00,1.00,1.00
2025-12-21T17:53:00Z,6.00,3.00,3.00,23.00,69.00,11.57,1.00,1.00,2.00,1.00,1.00,1.00
2025-12-21T18:06:00Z,6.00,3.00,3.00,23.00,69.00,11.57,1.00,1.00,2.00,1.00,1.00,1.00
2025-12-21T18:34:00Z,6.00,3.00,3.00,23.00,69.00,10.00,1.00,1.00,2.00,1.00,1.00,1.00
2025-12-21T19:04:00Z,6.00,3.00,3.00,23.00,69.00,10.00,1.00,1.00,2.00,1.00,1.00,1.00
2025-12-21T19:06:00Z,6.00,3.00,3.00,23.00,69.00,10.00,1.00,1.00,2.00,1.00,1.00,1.00
2025-12-21T19:08:00Z,6.00,3.00,3.00,23.00,69.00,10.00,2.00,1.00,2.00,1.00,1.00,1.00
2025-12-21T19:18:00Z,4.14,2.00,2.00,21.00,67.00,7.00,1.00,1.00,2.00,1.00,1.00,1.00
2025-12-21T19:20:00Z,5.00,2.00,2.00,20.00,67.00,7.00,1.00,1.00,2.00,1.00,1.00,1.00
2025-12-21T19:27:00Z,5.00,2.00,2.00,20.00,67.00,10.90,1.00,1.00,2.00,1.00,1.00,1.00
2025-12-21T21:21:00Z,5.00,2.00,2.00,20.00,67.00,10.90,1.00,1.00,2.00,1.00,1.00,1.00
2025-12-21T21:22:00Z,5.00,3.00,2.00,20.00,67.00,10.90,1.00,1.00,2.00,1.00,1.00,1.00
2025-12-21T21:36:00Z,5.00,3.00,2.00,20.00,67.00,10.90,1.00,1.00,2.00,1.00,1.00,1.00
2025-12-21T21:39:00Z,5.00,3.00,2.00,20.00,67.00,10.90,1.00,1.00,2.00,1.00,1.00,1.00
2025-12-21T21:40:00Z,5.00,3.00,2.00,20.00,68.00,10.90,1.00,1.00,2.00,1.00,1.00,1.00
2025-12-21T22:02:00Z,5.00,3.00,2.00,20.00,68.00,7.00,1.00,1.00,2.00,1.00,1.00,1.00
2025-12-21T22:05:00Z,5.00,3.00,2.00,23.00,67.00,7.00,1.00,1.00,2.00,1.00,1.00,1.00
2025-12-21T22:24:00Z,5.00,3.00,2.00,23.00,67.00,7.00,1.00,1.00,2.00,1.00,1.00,1.00
2025-12-21T22:44:00Z,4.00,3.00,2.00,23.00,67.00,7.00,1.00,1.00,2.00,1.00,1.00,1.00
2025-12-21T22:49:00Z,4.00,3.00,2.00,23.00,67.00,7.00,1.00,1.00,2.00,1.00,1.00,1.00
2025-12-21T23:08:00Z,4.00,3.00,2.00,20.15,67.00,7.00,1.00,1.00,2.00,1.00,1.00,1.00
2025-12-21T23:59:00Z,5.00,3.00,2.00,20.15,67.00,7.00,1.00,1.00,2.00,1.00,1.00,1.00
2025-12-22T00:01:00Z,5.00,3.00,2.00,20.15,67.00,7.00,1.00,1.00,2.00,1.00,1.00,1.00
2025-12-22T00:03:00Z,5.00,3.00,3.00,20.15,67.00,7.00,1.00,1.00,2.00,1.00,1.00,1.00
2025-12-22T00:04:00Z,5.00,3.00,3.00,20.15,67.00,7.00,1.00,1.00,2.00,1.00,1.00,1.00
2025-12-22T00:18:00Z,4.00,2.00,2.00,22.00,67.00,7.00,1.00,1.00,2.00,1.00,1.00,1.00
2025-12-22T00:19:00Z,4.00,2.00,2.00,23.00,67.00,7.00,1.00,1.00,2.00,1.00,1.00,1.00
2025-12-22T00:20:00Z,4.00,2.00,2.00,23.00,67.00,7.00,1.00,1.00,2.00,1.00,1.00,1.00
2025-12-22T00:32:00Z,4.00,2.00,2.00,22.74,67.00,7.00,1.00,1.00,2.00,1.00,1.00,1.00
2025-12-22T00:51:00Z,4.00,2.00,2.00,22.74,67.00,7.00,1.00,1.00,2.00,1.00,1.00,1.00
2025-12-22T01:13:00Z,4.00,3.00,2.00,22.74,67.00,7.00,1.00,1.00,2.00,1.00,1.00,1.00
2025-12-22T01:40:00Z,4.00,3.00,2.00,22.74,67.00,7.00,1.00,1.00,2.00,1.00,1.00,1.00
2025-12-22T02:22:00Z,4.00,3.00,2.00,22.74,65.00,7.00,1.00,1.00,2.00,1.00,1.00,1.00
2025-12-22T02:24:00Z,4.00,3.00,2.00,21.00,65.00,7.00,1.00,1.00,2.00,1.00,1.00,1.00
2025-12-22T02:27:00Z,5.00,3.00,2.00,21.00,65.00,7.00,1.00,1.00,2.00,1.00,1.00,1.00
2025-12-22T03:10:00Z,3.14,3.00,2.00,21.00,65.00,7.00,1.00,1.00,2.00,1.00,1.00,1.00
2025-12-22T03:11:00Z,3.00,3.00,1.85,21.00,65.00,7.00,1.00,1.00,2.00,1.00,1.00,1.00
2025-12-22T04:08:00Z,3.00,3.00,1.85,17.14,65.00,7.00,1.00,1.00,2.00,1.00,1.00,1.00
2025-12-22T04:11:00Z,3.00,3.00,1.85,17.14,65.00,7.00,1.00,1.00,2.00,1.00,1.00,1.00
2025-12-22T04:22:00Z,3.00,3.00,1.85,14.14,65.00,8.00,1.00,1.00,2.00,1.00,1.00,1.00
2025-12-22T04:23:00Z,2.00,3.00,1.85,14.14,65.00,8.00,1.00,1.00,2.00,1.00,1.00,1.00
2025-12-22T04:28:00Z,2.00,3.00,1.85,19.00,65.00,8.00,1.00,1.00,2.00,1.00,1.00,1.00
2025-12-22T04:36:00Z,3.00,3.00,1.85,19.00,65.00,8.00,1.00,1.00,2.00,1.00,1.00,1.00
2025-12-22T04:41:00Z,3.00,3.00,1.85,19.00,68.00,8.00,1.00,1.00,2.00,1.00,1.00,1.00
2025-12-22T05:13:00Z,3.00,3.00,2.00,19.00,68.00,8.00,1.00,1.00,2.00,1.00,1.00,1.00
2025-12-22T05:28:00Z,3.00,3.00,2.00,19.00,68.00,8.96,1.00,1.00,2.00,1.00,1.00,1.00
2025-12-22T05:29:00Z,3.00,3.00,2.00,19.00,68.00,12.60,1.00,1.00,2.00,1.00,1.00,1.00
2025-12-22T05:33:00Z,3.00,3.00,2.00,19.00,68.00,12.60,1.00,1.00,2.00,1.00,1.00,1.00
2025-12-22T05:35:00Z,3.00,3.00,2.00,19.00,68.00,12.60,1.00,1.00,2.00,1.00,1.00,1.00
2025-12-22T06:02:00Z,3.00,3.00,2.00,19.00,68.00,13.00,1.00,1.00,2.00,1.00,1.00,1.00
2025-12-22T06:03:00Z,3.00,3.00,2.00,19.00,68.00,13.00,1.00,1.00,2.00,1.00,1.00,1.00
2025-12-22T06:35:00Z,3.00,3.00,2.00,19.00,68.00,13.00,1.00,1.00,2.00,1.00,1.00,1.00
2025-12-22T07:47:00Z,3.00,3.00,2.00,19.00,69.34,13.00,1.00,1.00,2.00,1.00,1.00,1.00
2025-12-22T07:48:00Z,3.00,3.00,2.00,16.00,69.34,13.00,1.00,1.00,2.00,1.00,1.00,1.00
2025-12-22T07:50:00Z,3.00,3.00,2.00,16.00,71.00,13.00,1.00,1.00,2.00,1.00,1.00,1.00
2025-12-22T07:51:00Z,3.00,3.00,2.00,16.00,71.00,13.00,1.00,1.00,2.00,1.00,1.00,1.00
2025-12-22T08:17:00Z,3.00,3.00,2.00,16.00,70.54,14.21,1.00,1.00,2.00,1.00,1.00,1.00
2025-12-22T08:18:00Z,3.00,3.00,2.00,15.00,70.54,14.21,1.00,1.00,2.00,1.00,1.00,1.00
2025-12-22T09:47:00Z,3.00,3.00,2.00,15.00,70.54,17.00,1.00,1.00,2.00,1.00,1.00,1.00
2025-12-22T09:48:00Z,3.00,3.00,2.00,15.00,70.54,17.00,1.00,1.00,2.00,1.00,1.00,1.00
2025-12-22T09:49:00Z,3.00,3.00,2.00,15.00,70.54,17.00,1.00,1.00,2.00,1.00,1.00,1.00
2025-12-22T10:36:00Z,3.00,3.00,2.00,15.00,70.54,17.00,1.00,1.00,2.00,1.00,1.00,1.00
2025-12-22T11:05:00Z,3.00,3.00,2.00,15.00,70.54,17.00,1.00,1.00,2.00,1.00,1.00,1.00
2025-12-22T11:30:00Z,3.00,3.00,2.00,15.00,70.54,17.00,1.00,1.00,2.00,1.00,1.00,1.00
2025-12-22T12:00:00Z,3.00,3.00,2.00,15.00,73.00,17.00,1.00,1.00,2.00,1.00,1.00,1.00
2025-12-22T12:37:00Z,3.00,3.00,2.00,15.00,73.00,17.00,1.00,1.00,2.00,1.00,1.00,1.00
2025-12-22T12:49:00Z,3.00,3.00,2.00,15.00,73.00,17.00,1.00,1.00,2.00,1.00,1.00,1.00
2025-12-22T13:09:00Z,3.00,3.00,2.00,15.00,73.00,18.53,1.00,1.00,2.00,1.00,1.00,1.00
2025-12-22T13:10:00Z,3.00,3.00,2.00,15.00,73.00,18.53,1.00,1.00,2.00,1.00,1.00,1.00
2025-12-22T13:11:00Z,3.00,3.00,1.00,15.00,73.00,18.53,1.00,1.00,2.00,1.00,1.00,1.00
2025-12-22T13:14:00Z,3.00,3.00,1.00,15.00,73.00,14.00,1.00,1.00,2.00,1.00,1.00,1.00
2025-12-22T13:15:00Z,2.00,3.00,1.00,12.83,73.00,14.00,1.00,1.00,2.00,1.00,1.00,1.00
2025-12-22T13:19:00Z,3.00,3.00,1.00,12.83,73.00,14.00,1.00,1.00,2.00,1.00,1.00,1.00
2025-12-22T13:26:00Z,3.00,3.00,1.00,12.83,73.00,15.03,1.00,1.00,2.00,1.00,1.00,1.00
2025-12-22T13:30:00Z,3.00,3.00,1.00,12.83,73.09,15.03,1.00,1.00,2.00,1.00,1.00,1.00
2025-12-22T13:54:00Z,3.00,3.00,1.00,14.00,73.09,15.03,1.00,1.00,2.00,1.00,1.00,1.00
2025-12-22T14:33:00Z,3.00,3.00,1.00,14.00,74.00,15.03,1.00,1.00,2.00,1.00,1.00,1.00
2025-12-22T14:40:00Z,3.00,3.00,1.00,14.00,74.00,14.96,1.00,1.00,2.00,1.00,1.00,1.00
2025-12-22T14:41:00Z,3.00,3.00,1.00,14.00,73.00,14.96,1.00,1.00,2.00,1.00,1.00,1.00
2025-12-22T14:48:00Z,3.00,3.00,1.00,14.85,73.00,14.96,1.00,1.00,2.00,1.00,1.00,1.00
2025-12-22T14:52:00Z,3.00,3.00,1.00,14.85,70.24,14.96,1.00,1.00,2.00,1.00,1.00,1.00
2025-12-22T14:59:00Z,3.00,3.00,1.00,14.00,70.24,14.96,1.00,1.00,2.00,1.00,1.00,1.00
2025-12-22T15:13:00Z,3.00,3.00,1.00,14.00,69.00,14.96,1.00,1.00,2.00,1.00,1.00,1.00
2025-12-22T15:15:00Z,3.00,3.00,1.00,14.00,69.00,14.96,1.00,1.00,2.00,1.00,1.00,1.00
2025-12-22T15:41:00Z,3.00,3.00,1.00,13.00,69.00,14.96,1.00,1.00,2.00,1.00,1.00,1.00
2025-12-22T15:47:00Z,3.00,3.00,1.00,13.00,69.00,14.96,2.00,1.00,2.00,1.00,1.00,1.00
2025-12-22T15:54:00Z,3.00,3.00,1.00,13.00,69.00,14.96,2.00,1.00,2.00,1.00,1.00,1.00
2025-12-22T15:57:00Z,3.00,1.00,1.00,13.00,69.00,14.96,2.00,1.00,2.00,1.00,1.00,1.00
2025-12-22T16:01:00Z,3.00,1.00,1.00,13.00,69.00,14.96,2.00,1.00,2.00,1.00,1.00,1.00
2025-12-22T16:44:00Z,2.00,1.00,1.00,13.00,69.00,14.96,2.00,1.00,2.00,1.00,1.00,1.00
2025-12-22T16:46:00Z,2.00,1.00,1.00,13.00,69.00,14.96,2.00,1.00,2.00,1.00,1.00,1.00
2025-12-22T16:50:00Z,2.00,1.00,1.00,10.46,69.00,14.96,2.00,1.00,2.00,1.00,1.00,1.00
2025-12-22T16:51:00Z,2.00,1.00,1.00,10.46,69.00,20.00,2.00,1.00,2.00,1.00,1.00,1.00
2025-12-22T16:55:00Z,2.00,1.00,1.00,10.46,69.00,18.00,1.00,1.00,2.00,1.00,1.00,1.00
2025-12-22T16:56:00Z,2.00,1.00,1.00,10.46,69.00,17.04,1.00,1.00,2.00,1.00,1.00,1.00
2025-12-22T17:04:00Z,2.00,1.00,1.00,10.46,69.00,17.04,1.00,1.00,2.00,1.00,1.00,1.00
2025-12-22T17:05:00Z,2.00,1.00,1.00,13.00,69.00,17.04,1.00,1.00,2.00,1.00,1.00,1.00
2025-12-22T17:19:00Z,2.00,1.00,1.00,13.00,69.18,17.04,1.00,1.00,2.00,1.00,1.00,1.00
2025-12-22T17:25:00Z,2.00,1.00,1.00,13.00,69.18,20.00,1.00,1.00,2.00,1.00,1.00,1.00
2025-12-22T17:33:00Z,2.00,1.00,1.00,13.00,69.18,20.00,1.00,1.00,2.00,1.00,1.00,1.00
2025-12-22T17:38:00Z,2.00,1.00,1.00,13.00,69.18,20.00,1.00,1.00,2.00,1.00,1.00,1.00
2025-12-22T17:39:00Z,2.00,1.00,1.00,13.00,69.18,20.00,1.00,1.00,2.00,1.00,1.00,1.00
2025-12-22T17:48:00Z,2.00,1.00,1.00,13.00,69.18,20.00,1.00,1.00,2.00,1.00,1.00,1.00
2025-12-22T17:59:00Z,2.00,1.00,1.00,13.00,65.09,20.00,1.00,1.00,2.00,1.00,1.00,1.00
2025-12-22T18:00:00Z,2.00,1.00,1.00,13.00,64.10,20.00,1.00,1.00,2.00,1.00,1.00,1.00
2025-12-22T18:51:00Z,2.00,1.00,1.00,13.00,64.10,20.00,1.00,1.00,2.00,1.00,1.00,1.00
2025-12-22T18:57:00Z,2.00,1.00,1.00,13.00,64.10,20.00,1.00,1.00,2.00,1.00,1.00,1.00
2025-12-22T19:06:00Z,2.00,1.00,1.00,13.00,65.15,20.00,1.00,1.00,2.00,1.00,1.00,1.00
2025-12-22T19:07:00Z,2.00,1.00,1.00,11.08,65.15,20.00,1.00,1.00,2.00,1.00,1.00,1.00
2025-12-22T19:08:00Z,2.00,1.00,1.00,10.36,65.15,20.00,1.00,1.00,2.00,1.00,1.00,1.00
2025-12-22T19:09:00Z,2.00,1.00,1.00,12.81,65.15,20.00,1.00,1.00,2.00,1.00,1.00,1.00
2025-12-22T19:10:00Z,2.00,1.00,1.00,12.81,65.15,20.00,1.00,1.00,2.00,1.00,1.00,1.00
2025-12-22T19:57:00Z,2.00,1.00,1.00,13.00,65.15,20.00,1.00,1.00,2.00,1.00,1.00,1.00
2025-12-22T20:36:00Z,2.00,1.00,1.00,11.54,65.40,18.00,1.00,1.00,2.00,1.00,1.00,1.00
2025-12-22T20:38:00Z,2.00,1.00,1.00,13.79,65.40,18.00,1.00,1.00,2.00,1.00,1.00,1.00
2025-12-22T20:39:00Z,2.00,1.00,1.00,13.79,65.40,20.00,1.00,1.00,2.00,1.00,1.00,1.00
2025-12-22T20:40:00Z,3.00,1.00,1.00,13.79,65.40,20.00,1.00,1.00,2.00,1.00,1.00,1.00
2025-12-22T20:46:00Z,3.00,1.00,1.00,14.98,65.40,20.00,1.00,1.00,2.00,1.00,1.00,1.00
2025-12-22T20:48:00Z,3.00,1.00,1.00,14.98,67.00,20.00,1.00,1.00,2.00,1.00,1.00,1.00
2025-12-22T21:08:00Z,3.00,1.00,1.00,14.98,67.90,20.00,1.00,1.00,2.00,1.00,1.00,1.00
2025-12-22T21:13:00Z,3.00,1.00,1.00,14.98,67.90,18.00,1.00,1.00,2.00,1.00,1.00,1.00
2025-12-22T21:17:00Z,3.00,1.00,1.00,14.98,67.90,18.00,1.00,1.00,2.00,1.00,1.00,1.00
2025-12-22T21:18:00Z,3.00,1.00,1.00,14.98,67.90,18.00,2.00,1.00,2.00,1.00,1.00,1.00
2025-12-22T21:19:00Z,3.00,1.00,1.00,14.98,67.90,18.00,2.00,1.00,2.00,1.00,1.00,1.00
2025-12-22T21:37:00Z,3.00,1.00,1.00,15.00,67.90,18.00,2.00,1.00,2.00,1.00,1.00,1.00
2025-12-22T21:44:00Z,3.00,1.00,1.00,16.00,67.90,18.00,2.00,1.00,2.00,1.00,1.00,1.00
2025-12-22T22:03:00Z,3.00,1.00,1.00,16.00,69.00,18.00,2.00,1.00,2.00,1.00,1.00,1.00
2025-12-22T22:28:00Z,3.00,1.00,1.00,17.73,69.00,16.82,2.00,1.00,2.00,1.00,1.00,1.00
2025-12-22T22:30:00Z,3.00,1.00,1.00,17.73,69.00,13.08,2.00,1.00,2.00,1.00,1.00,1.00
2025-12-22T22:44:00Z,3.00,1.00,1.00,17.73,66.62,13.08,2.00,1.00,2.00,1.00,1.00,1.00
2025-12-22T22:45:00Z,3.00,1.00,1.00,17.73,66.00,13.08,2.00,1.00,2.00,1.00,1.00,1.00
2025-12-22T22:51:00Z,3.00,1.00,1.00,17.73,65.00,13.08,2.00,1.00,2.00,1.00,1.00,1.00
2025-12-22T22:53:00Z,3.00,1.00,1.00,17.73,69.00,13.08,2.00,1.00,2.00,1.00,1.00,1.00
2025-12-22T22:57:00Z,3.00,1.00,1.00,17.73,65.00,13.08,2.00,1.00,2.00,1.00,1.00,1.00
2025-12-22T22:58:00Z,3.00,1.00,1.00,17.73,65.00,13.08,2.00,1.00,2.00,1.00,1.00,1.00
2025-12-22T23:03:00Z,3.00,1.00,1.00,17.73,64.23,13.08,2.00,1.00,2.00,1.00,1.00,1.00
2025-12-22T23:09:00Z,3.00,1.00,1.00,17.73,67.00,13.08,2.00,1.00,2.00,1.00,1.00,1.00
2025-12-22T23:11:00Z,3.00,1.00,1.00,15.00,67.00,13.08,2.00,1.00,2.00,1.00,1.00,1.00
2025-12-22T23:36:00Z,3.00,1.00,1.00,15.00,67.00,13.08,1.00,1.00,2.00,1.00,1.00,1.00
2025-12-22T23:38:00Z,3.00,1.00,1.00,15.00,67.00,13.08,1.00,1.00,2.00,1.00,1.00,1.00
2025-12-23T00:10:00Z,3.00,1.00,1.00,15.00,67.00,13.08,1.00,1.00,2.00,1.00,1.00,1.00
2025-12-23T01:04:00Z,3.00,1.00,1.00,15.00,67.00,13.08,1.00,1.00,2.00,1.00,1.00,1.00
2025-12-23T01:57:00Z,3.00,1.00,1.00,16.00,67.00,13.08,1.00,1.00,2.00,1.00,1.00,1.00
2025-12-23T02:03:00Z,3.00,1.00,1.00,16.00,67.00,13.08,1.00,1.00,2.00,1.00,1.00,1.00
2025-12-23T02:32:00Z,3.00,1.00,1.00,16.00,67.00,13.08,1.00,1.00,2.00,1.00,1.00,1.00
2025-12-23T02:42:00Z,3.00,1.00,1.00,16.00,67.00,14.08,1.00,1.00,2.00,1.00,1.00,1.00
2025-12-23T02:46:00Z,3.00,1.00,1.00,16.00,67.00,14.08,1.00,1.00,2.00,1.00,1.00,1.00
2025-12-23T03:01:00Z,3.00,1.00,1.00,16.00,67.00,14.08,1.00,1.00,2.00,1.00,1.00,1.00
2025-12-23T03:22:00Z,3.00,1.00,1.00,16.00,67.00,14.08,1.00,1.00,2.00,1.00,1.00,1.00
2025-12-23T03:23:00Z,3.00,1.00,1.00,16.70,67.00,14.08,1.00,1.00,2.00,1.00,1.00,1.00
2025-12-23T03:26:00Z,3.00,1.00,1.00,16.70,67.00,14.08,1.00,1.00,2.00,1.00,1.00,1.00
2025-12-23T03:32:00Z,3.00,1.00,1.00,16.70,66.00,14.08,1.00,1.00,2.00,1.00,1.00,1.00
2025-12-23T03:33:00Z,3.00,1.00,1.00,16.70,66.00,14.08,1.00,1.00,2.00,1.00,1.00,1.00
2025-12-23T04:24:00Z,3.00,1.00,1.00,16.70,66.00,14.00,1.00,1.00,2.00,1.00,1.00,1.00
2025-12-23T04:28:00Z,3.00,1.00,1.00,19.57,66.00,14.00,1.00,1.00,2.00,1.00,1.00,1.00
2025-12-23T04:29:00Z,3.00,1.00,1.00,24.64,66.00,11.66,1.00,1.00,2.00,1.00,1.00,1.00
2025-12-23T04:30:00Z,2.00,1.00,1.00,27.00,66.00,8.49,1.00,1.00,2.00,1.00,1.00,1.00
2025-12-23T04:31:00Z,2.00,1.00,1.00,27.00,66.00,8.00,1.00,1.00,2.00,1.00,1.00,1.00
2025-12-23T04:52:00Z,2.00,1.00,1.00,27.00,66.00,8.00,1.00,1.00,2.00,1.00,1.00,1.00
2025-12-23T05:14:00Z,2.00,1.00,1.00,27.00,66.00,8.00,1.00,1.00,2.00,1.00,1.00,1.00
2025-12-23T05:52:00Z,2.00,1.00,1.00,27.00,66.00,8.00,1.00,1.00,2.00,1.00,1.00,1.00
2025-12-23T05:54:00Z,2.00,1.00,1.00,26.23,66.00,8.00,1.00,1.00,2.00,1.00,1.00,1.00
2025-12-23T06:03:00Z,2.00,1.00,1.00,29.80,66.00,8.00,1.00,1.00,2.00,1.00,1.00,1.00
2025-12-23T07:17:00Z,2.00,1.00,1.00,29.80,66.00,8.91,1.00,1.00,2.00,1.00,1.00,1.00
2025-12-23T07:18:00Z,2.00,1.00,1.00,27.08,66.00,8.91,1.00,1.00,2.00,1.00,1.00,1.00
2025-12-23T07:28:00Z,3.00,1.00,1.00,27.08,66.00,8.91,1.00,1.00,2.00,1.00,1.00,1.00
2025-12-23T07:29:00Z,3.00,1.00,1.00,27.08,66.00,8.91,1.00,1.00,2.00,1.00,1.00,1.00
2025-12-23T07:58:00Z,3.00,1.00,1.00,27.08,66.00,8.91,1.00,1.00,2.00,1.00,1.00,1.00
2025-12-23T07:59:00Z,3.00,1.00,1.00,27.08,66.00,8.91,1.00,1.00,2.00,1.00,1.00,1.00
2025-12-23T08:19:00Z,3.00,1.00,1.00,27.08,66.00,8.91,1.00,1.00,2.00,1.00,1.00,1.00
2025-12-23T08:32:00Z,3.00,1.00,1.00,27.08,66.02,8.91,1.00,1.00,2.00,1.00,1.00,1.00
2025-12-23T09:01:00Z,3.00,1.00,1.00,26.00,66.02,8.00,1.00,1.00,2.00,1.00,1.00,1.00
2025-12-23T09:48:00Z,3.00,1.00,1.00,27.00,66.02,8.00,1.00,1.00,2.00,1.00,1.00,1.00
2025-12-23T10:04:00Z,3.00,1.00,1.00,27.00,66.02,8.00,1.00,1.00,2.00,1.00,1.00,1.00
2025-12-23T12:19:00Z,3.00,1.00,1.00,27.00,64.00,8.00,1.00,1.00,2.00,1.00,1.00,1.00
2025-12-23T12:20:00Z,3.00,1.00,1.00,27.00,65.00,8.00,1.00,1.00,2.00,1.00,1.00,1.00
2025-12-23T12:21:00Z,3.00,1.00,1.00,27.85,65.00,8.00,1.00,1.00,2.00,1.00,1.00,1.00
2025-12-23T12:46:00Z,3.00,1.00,1.00,25.84,65.00,8.00,1.00,1.00,2.00,1.00,1.00,1.00
2025-12-23T12:57:00Z,3.00,1.00,1.00,24.96,65.00,8.00,1.00,1.00,2.00,1.00,1.00,1.00
2025-12-23T13:11:00Z,3.00,1.00,1.00,24.96,65.00,7.00,1.00,1.00,2.00,1.00,1.00,1.00
2025-12-23T13:21:00Z,3.00,1.00,1.00,24.96,65.00,7.00,1.00,1.00,2.00,1.00,1.00,1.00
2025-12-23T13:31:00Z,3.00,1.00,1.00,24.96,65.00,7.00,1.00,1.00,2.00,1.00,1.00,1.00
2025-12-23T13:32:00Z,3.00,1.00,1.00,28.00,65.00,8.00,1.00,1.00,2.00,1.00,1.00,1.00
2025-12-23T13:40:00Z,3.00,1.00,1.00,28.00,65.00,7.00,1.00,1.00,2.00,1.00,1.00,1.00
2025-12-23T13:50:00Z,2.00,1.00,1.00,28.00,65.00,7.00,1.00,1.00,2.00,1.00,1.00,1.00
2025-12-23T13:54:00Z,2.00,1.00,1.00,28.76,65.00,7.00,1.00,1.00,2.00,1.00,1.00,1.00
2025-12-23T14:02:00Z,2.00,1.00,1.00,26.00,65.00,7.00,1.00,1.00,2.00,1.00,1.00,1.00
2025-12-23T14:03:00Z,2.00,1.00,1.00,26.00,65.00,8.00,1.00,1.00,2.00,1.00,1.00,1.00
2025-12-23T14:28:00Z,2.00,1.00,1.00,24.00,65.00,8.00,1.00,1.00,2.00,1.00,1.00,1.00
2025-12-23T14:29:00Z,2.00,1.00,1.00,24.00,65.00,8.00,1.00,1.00,2.00,1.00,1.00,1.00
2025-12-23T14:39:00Z,2.00,1.00,1.00,24.00,65.00,8.00,1.00,1.00,2.00,1.00,1.00,1.00
2025-12-23T14:59:00Z,2.00,1.00,1.00,24.00,65.00,8.00,1.00,1.00,2.00,1.00,1.00,1.00
2025-12-23T15:00:00Z,3.00,1.00,1.00,24.00,65.00,8.00,1.00,1.00,2.00,1.00,1.00,1.00
2025-12-23T15:02:00Z,3.00,1.00,1.00,26.00,65.00,8.00,1.00,1.00,2.00,1.00,1.00,1.00
2025-12-23T15:43:00Z,2.36,1.00,1.00,26.00,65.00,8.00,1.00,1.00,2.00,1.00,1.00,1.00
2025-12-23T15:45:00Z,2.36,1.00,1.00,26.00,65.00,8.00,1.00,1.00,2.00,1.00,1.00,1.00
2025-12-23T15:46:00Z,2.36,1.00,1.00,26.00,65.00,8.00,1.00,1.00,2.00,1.00,1.00,1.00
2025-12-23T15:47:00Z,2.36,1.00,1.00,26.00,65.00,8.00,1.00,1.00,2.00,1.00,1.00,1.00
2025-12-23T15:49:00Z,2.36,1.00,1.00,26.00,65.00,7.00,1.00,1.00,2.00,1.00,1.00,1.00
2025-12-23T15:55:00Z,2.87,1.00,1.00,26.00,65.00,7.00,1.00,1.00,2.00,1.00,1.00,1.00
2025-12-23T15:56:00Z,2.87,1.00,1.00,26.00,66.00,7.00,1.00,1.00,2.00,1.00,1.00,1.00
2025-12-23T15:59:00Z,2.87,1.00,1.00,26.00,66.00,7.00,1.00,1.00,2.00,1.00,1.00,1.00
2025-12-23T16:08:00Z,2.87,1.00,1.00,26.00,66.00,7.00,1.00,1.00,2.00,1.00,1.00,1.00
2025-12-23T16:10:00Z,2.00,1.00,1.00,26.00,66.00,7.00,1.00,1.00,2.00,1.00,1.00,1.00
2025-12-23T16:27:00Z,2.00,1.00,1.00,25.00,66.00,7.00,1.00,1.00,2.00,1.00,1.00,1.00
2025-12-23T16:43:00Z,2.00,1.00,1.00,25.68,66.00,7.00,1.00,1.00,2.00,1.00,1.00,1.00
2025-12-23T16:51:00Z,2.00,1.00,1.00,25.68,66.00,7.00,1.00,1.00,2.00,1.00,1.00,1.00
2025-12-23T16:57:00Z,2.00,1.00,1.00,29.00,66.00,7.00,1.00,1.00,2.00,1.00,1.00,1.00
2025-12-23T16:59:00Z,2.00,1.00,1.00,29.00,64.00,7.00,1.00,1.00,2.00,1.00,1.00,1.00
2025-12-23T17:16:00Z,2.00,1.00,1.00,30.00,64.00,7.00,1.00,1.00,2.00,1.00,1.00,1.00
2025-12-23T17:17:00Z,2.00,1.00,1.00,30.00,64.00,7.00,1.00,1.00,2.00,1.00,1.00,1.00
2025-12-23T17:40:00Z,2.00,1.00,1.00,30.00,64.00,7.00,1.00,1.00,2.00,1.00,1.00,1.00
2025-12-23T17:48:00Z,2.00,1.00,1.00,30.00,64.00,7.00,1.00,1.00,2.00,1.00,1.00,1.00
2025-12-23T17:58:00Z,2.00,1.00,1.00,30.82,64.00,5.75,1.00,1.00,2.00,1.00,1.00,1.00
2025-12-23T18:04:00Z,2.00,1.00,1.00,30.82,64.00,7.00,1.00,1.00,2.00,1.00,1.00,1.00
2025-12-23T18:05:00Z,2.00,1.00,1.00,30.82,64.00,7.00,1.00,1.00,2.00,1.00,1.00,1.00
2025-12-23T18:07:00Z,2.00,1.00,1.00,31.00,64.00,7.00,1.00,1.00,2.00,1.00,1.00,1.00
2025-12-23T18:24:00Z,2.00,1.00,1.00,31.00,64.00,7.00,1.00,1.00,2.00,1.00,1.00,1.00
2025-12-23T18:40:00Z,2.00,1.00,1.00,31.00,63.04,7.00,1.00,1.00,2.00,1.00,1.00,1.00
2025-12-23T18:41:00Z,2.00,1.00,1.00,31.00,63.00,7.00,1.00,1.00,2.00,1.00,1.00,1.00
2025-12-23T19:04:00Z,2.00,1.00,1.00,30.00,63.00,7.00,1.00,1.00,2.00,1.00,1.00,1.00
2025-12-23T19:05:00Z,2.00,1.00,1.00,30.00,63.00,7.00,1.00,1.00,2.00,1.00,1.00,1.00
2025-12-23T19:10:00Z,2.00,1.00,1.00,30.00,63.00,7.00,1.00,1.00,2.00,1.00,1.00,1.00
2025-12-23T19:11:00Z,2.00,1.00,1.00,30.00,63.00,7.00,1.00,1.00,2.00,1.00,1.00,1.00
2025-12-23T19:24:00Z,2.00,1.00,1.00,30.00,63.00,7.00,1.00,1.00,2.00,1.00,1.00,1.00
2025-12-23T19:31:00Z,2.00,1.00,1.00,30.00,63.00,6.00,1.00,1.00,2.00,1.00,1.00,1.00
2025-12-23T19:33:00Z,2.00,1.00,1.00,30.00,63.00,6.00,1.00,1.00,2.00,1.00,1.00,1.00
2025-12-23T19:59:00Z,2.00,1.00,1.00,30.00,63.00,7.00,1.00,1.00,2.00,1.00,1.00,1.00
2025-12-23T20:20:00Z,2.00,1.00,1.00,30.00,63.00,7.00,1.00,1.00,2.00,1.00,1.00,1.00
2025-12-23T20:21:00Z,2.00,1.00,1.00,30.00,63.00,7.00,1.00,1.00,2.00,1.00,1.00,1.00
2025-12-23T20:39:00Z,2.00,1.00,1.00,30.00,63.00,7.00,1.00,1.00,2.00,1.00,1.00,1.00
2025-12-23T21:03:00Z,2.00,1.00,1.00,30.00,63.00,7.00,1.00,1.00,2.00,1.00,1.00,1.00
2025-12-23T21:06:00Z,2.00,1.00,1.00,30.00,63.00,7.00,1.00,1.00,2.00,1.00,1.00,1.00
2025-12-23T21:07:00Z,2.00,1.00,1.00,30.00,63.00,7.00,1.00,1.00,2.00,1.00,1.00,1.00
2025-12-23T21:08:00Z,2.00,1.00,1.00,30.00,63.00,7.00,1.00,1.00,2.00,1.00,1.00,1.00
2025-12-23T21:09:00Z,2.00,1.00,1.00,30.00,63.00,7.00,1.00,1.00,2.00,1.00,1.00,1.00
2025-12-23T21:22:00Z,2.00,1.00,1.00,30.00,63.00,7.00,1.00,1.00,2.00,1.00,1.00,1.00
2025-12-23T21:25:00Z,2.11,1.00,1.00,30.00,63.00,7.00,1.00,1.00,2.00,1.00,1.00,1.00
2025-12-23T21:26:00Z,2.00,1.00,1.00,30.00,63.00,7.00,1.00,1.00,2.00,1.00,1.00,1.00
2025-12-23T21:28:00Z,2.00,1.00,1.00,30.00,63.00,7.00,1.00,1.00,2.00,1.00,1.00,1.00
2025-12-23T21:30:00Z,3.00,1.00,1.00,30.00,63.00,7.00,1.00,1.00,2.00,1.00,1.00,1.00
2025-12-23T21:31:00Z,3.00,1.00,1.00,30.00,63.00,7.00,1.00,1.00,2.00,1.00,1.00,1.00
2025-12-23T21:33:00Z,3.00,1.00,1.00,30.00,63.00,7.00,1.00,1.00,2.00,1.00,1.00,1.00
2025-12-23T21:41:00Z,3.00,1.00,1.00,30.00,63.00,7.00,1.00,1.00,2.00,1.00,1.00,1.00
2025-12-23T21:43:00Z,3.00,1.00,1.23,30.00,63.00,7.00,1.00,1.00,2.00,1.00,1.00,1.00
2025-12-23T22:16:00Z,2.00,1.00,1.23,30.00,63.00,7.00,1.00,1.00,2.00,1.00,1.00,1.00
2025-12-23T22:23:00Z,2.00,1.00,1.23,30.00,63.00,7.00,1.00,1.00,2.00,1.00,1.00,1.00
2025-12-23T22:59:00Z,3.00,1.00,1.23,30.00,63.00,7.00,1.00,1.00,2.00,1.00,1.00,1.00
2025-12-23T23:03:00Z,3.00,1.00,1.23,30.00,63.00,7.00,1.00,1.00,2.00,1.00,1.00,1.00
2025-12-23T23:04:00Z,3.00,1.00,1.23,30.00,63.00,7.00,1.00,1.00,2.00,1.00,1.00,1.00
2025-12-23T23:06:00Z,4.00,1.00,1.23,30.00,63.00,7.00,1.00,1.00,2.00,1.00,1.00,1.00
2025-12-23T23:07:00Z,4.00,1.00,1.23,30.00,63.00,7.00,1.00,1.00,2.00,1.00,1.00,1.00
2025-12-23T23:09:00Z,4.96,1.00,1.23,30.00,63.00,7.00,1.00,1.00,2.00,1.00,1.00,1.00
2025-12-23T23:20:00Z,4.96,1.00,1.23,30.00,63.00,7.00,1.00,1.00,2.00,1.00,1.00,1.00
2025-12-23T23:21:00Z,4.96,1.00,1.23,30.00,63.00,7.00,1.00,1.00,2.00,1.00,1.00,1.00
2025-12-23T23:51:00Z,2.00,1.00,1.23,30.00,63.00,7.00,1.00,1.00,2.00,1.00,1.00,1.00
2025-12-24T00:19:00Z,2.00,1.00,1.23,30.00,62.00,7.00,1.00,1.00,2.00,1.00,1.00,1.00
2025-12-24T00:20:00Z,2.00,1.00,1.23,30.00,61.00,7.00,1.00,1.00,2.00,1.00,1.00,1.00
2025-12-24T00:21:00Z,2.00,1.00,2.00,30.00,61.00,7.00,1.00,1.00,2.00,1.00,1.00,1.00
2025-12-24T00:30:00Z,2.00,1.00,2.00,31.00,61.00,7.00,1.00,1.00,2.00,1.00,1.00,1.00
2025-12-24T01:08:00Z,2.00,1.00,2.00,31.00,60.00,7.00,1.00,1.00,2.00,1.00,1.00,1.00
2025-12-24T01:35:00Z,2.00,1.00,2.00,31.00,60.00,7.00,1.00,1.00,2.00,1.00,1.00,1.00
2025-12-24T01:37:00Z,2.00,1.00,2.00,31.00,61.00,7.00,1.00,1.00,2.00,1.00,1.00,1.00
2025-12-24T01:39:00Z,2.00,1.00,2.00,32.00,61.00,7.00,1.00,1.00,2.00,1.00,1.00,1.00
2025-12-24T01:50:00Z,2.00,1.00,2.00,32.41,61.00,7.00,1.00,1.00,2.00,1.00,1.00,1.00
2025-12-24T02:24:00Z,2.00,1.00,2.00,32.41,61.00,7.00,1.00,1.00,2.00,1.00,1.00,1.00
2025-12-24T02:53:00Z,2.00,1.00,2.00,32.41,62.00,7.00,1.00,1.00,2.00,1.00,1.00,1.00
2025-12-24T03:18:00Z,2.00,1.00,2.00,32.41,62.00,7.00,1.00,1.00,2.00,1.00,1.00,1.00
2025-12-24T03:19:00Z,2.00,1.00,2.00,32.00,62.00,7.00,1.00,1.00,2.00,1.00,1.00,1.00
2025-12-24T03:21:00Z,2.00,1.00,2.00,32.00,62.00,7.00,1.00,1.00,2.00,1.00,1.00,1.00
2025-12-24T03:35:00Z,2.00,1.00,2.00,32.00,62.00,7.00,1.00,1.00,2.00,1.00,1.00,1.00
2025-12-24T03:36:00Z,2.00,1.00,2.00,32.00,61.00,7.00,1.00,1.00,2.00,1.00,1.00,1.00
2025-12-24T03:37:00Z,2.00,1.00,2.00,32.00,61.00,7.00,1.00,1.00,2.00,1.00,1.00,1.00
2025-12-24T04:14:00Z,4.00,1.00,2.00,32.00,61.00,7.00,1.00,1.00,2.00,1.00,1.00,1.00
2025-12-24T04:50:00Z,4.00,1.00,2.00,32.00,60.00,7.00,1.00,1.00,2.00,1.00,1.00,1.00
2025-12-24T04:55:00Z,4.00,1.00,2.00,32.00,60.00,7.00,1.00,1.00,2.00,1.00,1.00,1.00
2025-12-24T05:27:00Z,4.00,1.00,2.00,32.00,60.00,7.00,1.00,1.00,2.00,1.00,1.00,1.00
2025-12-24T05:29:00Z,4.00,1.00,2.00,32.00,60.00,7.00,1.00,1.00,2.00,1.00,1.00,1.00
2025-12-24T05:32:00Z,4.00,1.00,2.00,32.00,60.00,7.00,1.00,1.00,2.00,1.00,1.00,1.00
2025-12-24T05:41:00Z,4.00,1.00,2.00,32.00,60.00,7.00,1.00,1.00,2.00,1.00,1.00,1.00
2025-12-24T05:46:00Z,4.00,1.00,2.00,32.00,60.00,7.00,1.00,1.00,2.00,1.00,1.00,1.00
2025-12-24T05:57:00Z,4.00,1.00,2.00,32.00,60.00,7.00,1.00,1.00,2.00,1.00,1.00,1.00
2025-12-24T05:59:00Z,4.00,1.00,2.00,32.00,60.00,7.00,1.00,1.00,2.00,1.00,1.00,1.00
2025-12-24T06:02:00Z,4.00,1.00,2.00,32.00,60.00,7.00,1.00,1.00,2.00,1.00,1.00,1.00
2025-12-24T06:39:00Z,4.00,1.00,2.00,32.00,60.00,7.00,1.00,1.00,2.00,1.00,1.00,1.00
2025-12-24T06:40:00Z,4.00,1.00,2.00,32.00,60.00,7.00,1.00,1.00,2.00,1.00,1.00,1.00
2025-12-24T06:50:00Z,4.00,1.00,2.00,32.00,60.00,7.00,1.00,1.00,2.00,1.00,1.00,1.00
2025-12-24T06:51:00Z,4.00,1.00,2.00,32.00,60.00,7.00,1.00,1.00,2.00,1.00,1.00,1.00
2025-12-24T06:53:00Z,3.00,1.00,2.00,32.00,60.00,6.00,1.00,1.00,2.00,1.00,1.00,1.00
2025-12-24T07:40:00Z,3.00,1.00,2.00,33.00,60.00,6.00,1.00,1.00,2.00,1.00,1.00,1.00
2025-12-24T09:23:00Z,3.00,1.00,2.00,33.00,60.00,6.00,1.00,1.00,2.00,1.00,1.00,1.00
2025-12-24T09:24:00Z,3.00,1.00,2.00,33.00,61.00,6.00,1.00,1.00,2.00,1.00,1.00,1.00
2025-12-24T09:31:00Z,3.00,1.00,2.00,33.00,61.00,6.00,1.00,1.00,2.00,1.00,1.00,1.00
2025-12-24T09:32:00Z,3.00,1.00,3.00,33.00,61.00,6.00,1.00,1.00,2.00,1.00,1.00,1.00
2025-12-24T09:36:00Z,2.00,1.00,3.00,33.00,61.00,6.00,1.00,1.00,2.00,1.00,1.00,1.00
2025-12-24T11:20:00Z,2.00,1.00,3.00,33.00,61.00,7.00,1.00,1.00,2.00,1.00,1.00,1.00
2025-12-24T11:35:00Z,2.00,1.00,3.00,33.00,60.00,7.00,1.00,1.00,2.00,1.00,1.00,1.00
2025-12-24T11:43:00Z,2.00,1.00,3.00,33.00,60.00,7.00,1.00,1.00,2.00,1.00,1.00,1.00
2025-12-24T12:32:00Z,2.00,1.00,3.00,33.00,61.00,7.00,1.00,1.00,2.00,1.00,1.00,1.00
2025-12-24T12:33:00Z,2.00,1.00,3.00,33.00,61.00,7.00,1.00,1.00,2.00,1.00,1.00,1.00
2025-12-24T12:48:00Z,2.00,1.00,3.00,33.00,61.00,7.00,1.00,1.00,2.00,1.00,1.00,1.00
2025-12-24T12:53:00Z,2.00,1.00,3.00,33.00,61.00,5.22,1.00,1.00,2.00,1.00,1.00,1.00
2025-12-24T12:54:00Z,2.00,1.00,3.00,32.00,61.00,5.22,1.00,1.00,2.00,1.00,1.00,1.00
2025-12-24T12:55:00Z,2.00,1.00,3.00,32.94,61.00,5.22,1.00,1.00,2.00,1.00,1.00,1.00
2025-12-24T13:00:00Z,2.00,1.00,3.24,32.94,61.00,5.22,1.00,1.00,2.00,1.00,1.00,1.00
2025-12-24T13:28:00Z,2.00,1.00,3.24,33.00,61.00,5.22,1.00,1.00,2.00,1.00,1.00,1.00
2025-12-24T13:30:00Z,2.00,1.00,3.24,33.00,61.00,5.00,1.00,1.00,2.00,1.00,1.00,1.00
2025-12-24T13:48:00Z,2.00,1.00,4.00,33.00,61.00,5.00,1.00,1.00,2.00,1.00,1.00,1.00
2025-12-24T13:50:00Z,2.00,1.00,4.00,33.00,61.00,4.00,1.00,1.00,2.00,1.00,1.00,1.00
2025-12-24T13:57:00Z,2.00,1.00,4.00,34.00,61.00,4.00,1.00,1.00,2.00,1.00,1.00,1.00
2025-12-24T14:13:00Z,2.00,1.00,4.00,34.00,61.00,4.00,1.00,1.00,2.00,1.00,1.00,1.00
2025-12-24T14:16:00Z,4.00,1.00,4.00,34.00,61.00,4.00,1.00,1.00,2.00,1.00,1.00,1.00
2025-12-24T15:24:00Z,4.00,1.00,4.00,34.00,61.00,4.00,1.00,1.00,2.00,1.00,1.00,1.00
2025-12-24T15:37:00Z,4.00,1.00,4.00,34.00,61.00,4.00,1.00,1.00,2.00,1.00,1.00,1.00
2025-12-24T15:39:00Z,3.90,1.00,4.00,34.00,61.00,4.00,1.00,1.00,2.00,1.00,1.00,1.00
2025-12-24T15:43:00Z,2.07,1.00,4.00,34.00,61.00,4.00,1.00,1.00,2.00,1.00,1.00,1.00
2025-12-24T16:24:00Z,2.07,1.00,4.00,34.00,61.00,4.00,1.00,1.00,2.00,1.00,1.00,1.00
2025-12-24T16:51:00Z,2.07,1.00,4.00,34.00,59.85,4.00,1.00,1.00,2.00,1.00,1.00,1.00
2025-12-24T17:16:00Z,2.07,1.00,4.00,34.00,59.85,4.00,1.00,1.00,2.00,1.00,1.00,1.00
2025-12-24T17:25:00Z,2.07,1.00,4.00,34.00,59.85,4.00,1.00,1.00,2.00,1.00,1.00,1.00
2025-12-24T17:34:00Z,2.07,1.00,4.00,34.00,59.85,4.00,1.00,1.00,2.00,1.00,1.00,1.00
2025-12-24T17:41:00Z,2.07,1.00,4.00,34.00,60.00,4.00,1.00,1.00,2.00,1.00,1.00,1.00
2025-12-24T17:49:00Z,2.07,1.00,2.81,33.70,60.00,4.00,1.00,1.00,2.00,1.00,1.00,1.00
2025-12-24T17:58:00Z,2.07,1.00,2.81,33.70,60.00,3.42,1.00,1.00,2.00,1.00,1.00,1.00
2025-12-24T18:09:00Z,2.07,1.00,2.81,33.70,60.00,3.42,1.00,1.00,2.00,1.00,1.00,1.00
2025-12-24T18:18:00Z,2.07,1.00,2.00,33.70,60.00,3.42,1.00,1.00,2.00,1.00,1.00,1.00
2025-12-24T19:23:00Z,2.07,1.00,2.00,33.70,60.00,3.42,1.00,1.00,2.00,1.00,1.00,1.00
2025-12-24T19:43:00Z,2.07,1.00,2.00,34.00,60.00,3.42,1.00,1.00,2.00,1.00,1.00,1.00
2025-12-24T20:14:00Z,2.07,1.00,3.00,34.00,60.00,3.42,1.00,1.00,2.00,1.00,1.00,1.00
2025-12-24T21:03:00Z,2.07,1.00,3.00,35.00,60.00,3.42,1.00,1.00,2.00,1.00,1.00,1.00
2025-12-24T21:18:00Z,3.00,1.00,3.00,35.00,60.00,3.42,1.00,1.00,2.00,1.00,1.00,1.00
2025-12-24T21:29:00Z,3.00,1.00,3.00,35.00,61.00,3.42,1.00,1.00,2.00,1.00,1.00,1.00
2025-12-24T21:45:00Z,3.00,1.00,3.00,35.00,62.00,3.42,1.00,1.00,2.00,1.00,1.00,1.00
2025-12-24T21:46:00Z,3.00,1.00,3.00,36.00,62.00,3.42,1.00,1.00,2.00,1.00,1.00,1.00
2025-12-24T21:52:00Z,3.00,1.00,3.00,37.00,62.00,3.42,1.00,1.00,2.00,1.00,1.00,1.00
2025-12-24T21:55:00Z,3.00,1.00,3.00,37.00,62.00,3.42,1.00,1.00,2.00,1.00,1.00,1.00
2025-12-24T21:56:00Z,3.00,1.00,3.00,37.00,62.00,3.42,1.00,1.00,2.00,1.00,1.00,1.00
2025-12-24T21:57:00Z,3.00,1.00,3.00,37.00,62.00,3.42,1.00,1.00,2.00,1.00,1.00,1.00
2025-12-24T22:11:00Z,3.00,1.00,3.00,38.00,62.00,3.42,1.00,1.00,2.00,1.00,1.00,1.00
2025-12-24T22:15:00Z,3.00,1.00,3.00,38.00,62.00,3.42,1.00,1.00,2.00,1.00,1.00,1.00
2025-12-24T22:25:00Z,3.00,1.00,3.00,35.10,62.00,3.42,1.00,1.00,2.00,1.00,1.00,1.00
2025-12-24T22:36:00Z,3.00,1.00,3.00,34.00,62.00,3.42,1.00,1.00,2.00,1.00,1.00,1.00
2025-12-24T22:44:00Z,3.00,1.00,3.85,34.00,62.00,3.42,1.00,1.00,2.00,1.00,1.00,1.00
2025-12-24T22:54:00Z,3.00,1.00,3.85,34.00,62.00,3.42,1.00,1.00,2.00,1.00,1.00,1.00
2025-12-24T23:12:00Z,3.00,1.00,3.85,34.00,61.00,3.42,1.00,1.00,2.00,1.00,1.00,1.00
2025-12-24T23:17:00Z,3.00,1.00,3.85,34.00,61.00,3.42,1.00,1.00,2.00,1.00,1.00,1.00
2025-12-24T23:21:00Z,3.00,1.00,4.33,34.00,61.00,3.42,1.00,1.00,2.00,1.00,1.00,1.00
2025-12-24T23:25:00Z,3.00,1.00,4.33,34.00,61.00,3.42,1.00,1.00,2.00,1.00,1.00,1.00
2025-12-24T23:41:00Z,3.00,1.00,3.00,36.00,60.00,3.00,1.00,1.00,2.00,1.00,1.00,1.00
2025-12-24T23:47:00Z,4.00,1.00,3.00,36.00,60.00,3.00,1.00,1.00,2.00,1.00,1.00,1.00
2025-12-24T23:49:00Z,4.00,1.00,3.00,35.00,60.00,3.00,1.00,1.00,2.00,1.00,1.00,1.00
2025-12-25T00:02:00Z,4.00,1.00,3.00,38.00,60.00,3.00,1.00,1.00,2.00,1.00,1.00,1.00
2025-12-25T00:04:00Z,3.00,1.00,3.00,37.88,60.00,3.00,1.00,1.00,2.00,1.00,1.00,1.00
2025-12-25T00:42:00Z,3.00,1.00,3.00,34.51,60.00,3.00,1.00,1.00,2.00,1.00,1.00,1.00
2025-12-25T00:50:00Z,3.00,1.00,3.00,34.51,60.00,3.00,1.00,1.00,2.00,1.00,1.00,1.00
2025-12-25T03:48:00Z,3.00,1.00,3.00,35.96,60.00,3.00,1.00,1.00,2.00,1.00,1.00,1.00
2025-12-25T04:04:00Z,3.00,1.00,3.00,35.96,60.00,3.00,1.00,1.00,2.00,1.00,1.00,1.00
2025-12-25T05:50:00Z,3.00,1.00,3.00,35.96,61.00,3.00,1.00,1.00,2.00,1.00,1.00,1.00
2025-12-25T06:47:00Z,3.00,1.00,3.00,35.96,61.00,3.00,1.00,1.00,2.00,1.00,1.00,1.00
2025-12-25T10:24:00Z,3.00,1.00,4.92,35.96,61.00,3.00,1.00,1.00,2.00,1.00,1.00,1.00
2025-12-25T10:31:00Z,3.00,1.00,4.92,35.96,61.00,3.00,1.00,1.00,2.00,1.00,1.00,1.00
2025-12-25T10:58:00Z,3.00,1.00,4.92,35.96,60.00,3.00,1.00,1.00,2.00,1.00,1.00,1.00
2025-12-25T11:15:00Z,3.00,1.00,4.92,35.96,60.00,3.00,1.00,1.00,2.00,1.00,1.00,1.00
2025-12-25T12:01:00Z,3.00,1.00,4.92,35.00,60.00,3.00,1.00,1.00,2.00,1.00,1.00,1.00
2025-12-25T12:03:00Z,3.00,1.00,4.92,35.00,60.00,4.00,1.00,1.00,2.00,1.00,1.00,1.00
2025-12-25T12:10:00Z,3.00,1.00,4.00,35.00,60.00,4.00,1.00,1.00,2.00,1.00,1.00,1.00
2025-12-25T13:27:00Z,3.00,1.00,4.00,35.00,60.00,4.00,1.00,1.00,2.00,1.00,1.00,1.00
2025-12-25T14:23:00Z,3.00,1.00,4.00,35.00,60.00,4.00,1.00,1.00,2.00,1.00,1.00,1.00
2025-12-25T15:51:00Z,3.00,1.00,4.00,35.00,60.00,4.00,1.00,1.00,2.00,1.00,1.00,1.00
2025-12-25T16:25:00Z,3.00,1.00,4.00,33.00,60.00,4.00,1.00,1.00,2.00,1.00,1.00,1.00
2025-12-25T16:26:00Z,3.00,1.00,4.00,33.00,60.00,4.00,1.00,1.00,2.00,1.00,1.00,1.00
2025-12-25T16:27:00Z,3.00,1.00,4.00,33.00,61.00,4.00,1.00,1.00,2.00,1.00,1.00,1.00
2025-12-25T17:45:00Z,3.00,1.00,4.00,33.00,61.00,4.00,1.00,1.00,2.00,1.00,1.00,1.00
2025-12-25T18:02:00Z,3.00,1.00,4.00,35.00,61.00,4.00,1.00,1.00,2.00,1.00,1.00,1.00
2025-12-25T18:58:00Z,3.00,1.00,4.00,34.00,61.00,4.00,1.00,1.00,2.00,1.00,1.00,1.00
2025-12-25T19:16:00Z,3.00,1.00,4.00,34.00,61.00,4.00,1.00,1.00,2.00,1.00,1.00,1.00
2025-12-25T20:00:00Z,3.00,1.00,4.00,35.00,61.00,4.00,1.00,1.00,2.00,1.00,1.00,1.00
2025-12-25T20:10:00Z,3.00,1.00,4.00,35.00,61.00,4.00,1.00,1.00,2.00,1.00,1.00,1.00
2025-12-25T20:11:00Z,3.00,1.00,4.00,35.00,64.88,4.00,1.00,1.00,2.00,1.00,1.00,1.00
2025-12-25T20:12:00Z,2.00,1.00,3.00,34.00,65.00,3.00,1.00,1.00,2.00,1.00,1.00,1.00
2025-12-25T20:13:00Z,2.00,1.00,3.00,34.00,65.00,3.00,1.00,1.00,2.00,1.00,1.00,1.00
2025-12-25T20:22:00Z,2.00,1.00,3.00,34.00,65.00,3.00,1.00,1.00,2.00,1.00,1.00,1.00
2025-12-25T22:00:00Z,3.49,1.00,3.00,34.00,65.00,3.00,1.00,1.00,2.00,1.00,1.00,1.00
2025-12-25T22:11:00Z,4.00,1.00,3.00,34.00,65.00,3.00,1.00,1.00,2.00,1.00,1.00,1.00
2025-12-25T22:29:00Z,4.00,1.00,5.00,34.00,65.00,3.00,1.00,1.00,2.00,1.00,1.00,1.00
2025-12-25T22:30:00Z,4.00,1.00,5.00,35.00,65.00,3.00,1.00,1.00,2.00,1.00,1.00,1.00
2025-12-25T22:45:00Z,5.00,1.00,5.00,35.00,65.00,3.00,1.00,1.00,2.00,1.00,1.00,1.00
2025-12-25T22:57:00Z,2.00,1.00,5.00,35.00,65.00,3.00,1.00,1.00,2.00,1.00,1.00,1.00
2025-12-25T22:59:00Z,2.00,1.00,5.00,35.00,65.00,3.00,1.00,1.00,2.00,1.00,1.00,1.00
2025-12-25T23:19:00Z,2.00,1.00,5.00,35.00,65.00,3.00,1.00,1.00,2.00,1.00,1.00,1.00
2025-12-25T23:38:00Z,2.00,1.00,5.00,35.00,65.00,3.00,1.00,1.00,2.00,1.00,1.00,1.00
2025-12-26T00:25:00Z,2.00,1.00,5.00,35.00,65.00,3.00,1.00,1.00,2.00,1.00,1.00,1.00
2025-12-26T00:36:00Z,2.00,1.00,2.43,35.00,65.00,3.00,1.00,1.00,2.00,1.00,1.00,1.00
2025-12-26T00:53:00Z,2.00,1.00,2.43,35.00,64.00,3.00,1.00,1.00,2.00,1.00,1.00,1.00
2025-12-26T01:05:00Z,2.00,1.00,5.00,35.00,64.00,3.00,1.00,1.00,2.00,1.00,1.00,1.00
2025-12-26T01:06:00Z,2.00,1.00,5.00,35.00,64.00,3.00,1.00,1.00,2.00,1.00,1.00,1.00
2025-12-26T01:19:00Z,3.00,1.00,4.00,34.00,61.00,3.00,1.00,1.00,2.00,1.00,1.00,1.00
2025-12-26T01:20:00Z,3.00,1.00,4.00,34.00,61.00,3.00,1.00,1.00,2.00,1.00,1.00,1.00
2025-12-26T01:33:00Z,3.00,1.00,4.00,34.00,61.00,3.00,1.00,1.00,2.00,1.00,1.00,1.00
2025-12-26T01:48:00Z,3.00,1.00,4.00,35.00,61.00,3.00,1.00,1.00,2.00,1.00,1.00,1.00
2025-12-26T02:50:00Z,3.00,1.00,4.00,35.00,63.00,3.00,1.00,1.00,2.00,1.00,1.00,1.00
2025-12-26T02:51:00Z,3.00,1.00,4.00,35.00,63.00,5.00,1.00,1.00,2.00,1.00,1.00,1.00
2025-12-26T02:52:00Z,3.00,1.00,5.00,35.00,63.00,5.00,1.00,1.00,2.00,1.00,1.00,1.00
2025-12-26T02:53:00Z,3.00,1.00,5.00,35.00,63.00,5.00,1.00,1.00,2.00,1.00,1.00,1.00
2025-12-26T04:10:00Z,3.00,1.00,5.00,35.00,63.00,5.00,1.00,1.00,2.00,1.00,1.00,1.00
2025-12-26T04:25:00Z,3.00,1.00,5.00,34.00,63.00,5.00,1.00,1.00,2.00,1.00,1.00,1.00
2025-12-26T04:28:00Z,3.00,1.00,5.00,34.00,63.00,3.00,1.00,1.00,2.00,1.00,1.00,1.00
2025-12-26T04:44:00Z,3.00,1.00,5.00,31.44,63.00,3.00,1.00,1.00,2.00,1.00,1.00,1.00
2025-12-26T04:45:00Z,3.00,1.00,5.00,29.32,63.00,3.00,1.00,1.00,2.00,1.00,1.00,1.00
2025-12-26T04:52:00Z,3.00,1.00,5.00,35.00,63.00,3.00,1.00,1.00,2.00,1.00,1.00,1.00
2025-12-26T05:17:00Z,3.00,1.00,5.00,30.00,63.00,3.00,1.00,1.00,2.00,1.00,1.00,1.00
2025-12-26T06:01:00Z,3.00,1.00,5.00,35.00,63.00,3.00,1.00,1.00,2.00,1.00,1.00,1.00
2025-12-26T06:02:00Z,4.00,1.00,5.00,35.00,63.00,3.00,1.00,1.00,2.00,1.00,1.00,1.00
2025-12-26T06:27:00Z,4.00,1.00,5.00,35.00,63.00,4.00,1.00,1.00,2.00,1.00,1.00,1.00
2025-12-26T06:33:00Z,4.00,1.00,3.00,35.00,63.00,4.00,1.00,1.00,2.00,1.00,1.00,1.00
2025-12-26T07:13:00Z,4.00,1.00,3.00,35.00,61.00,4.00,1.00,1.00,2.00,1.00,1.00,1.00
2025-12-26T07:20:00Z,4.00,1.00,3.00,35.00,61.00,4.00,1.00,1.00,2.00,1.00,1.00,1.00
2025-12-26T08:43:00Z,4.00,1.00,3.00,35.00,63.00,4.00,1.00,1.00,2.00,1.00,1.00,1.00
2025-12-26T09:39:00Z,4.93,1.00,3.00,35.00,63.00,4.00,1.00,1.00,2.00,1.00,1.00,1.00
2025-12-26T09:56:00Z,6.00,1.00,3.00,35.00,63.00,4.00,1.00,1.00,2.00,1.00,1.00,1.00
2025-12-26T09:58:00Z,3.92,1.00,6.89,30.00,58.57,3.00,1.00,1.00,2.00,1.00,1.00,1.00
2025-12-26T10:01:00Z,3.92,1.00,6.89,30.00,58.57,3.00,1.00,1.00,2.00,1.00,1.00,1.00
2025-12-26T11:11:00Z,3.92,1.00,16.55,30.00,58.57,3.00,1.00,1.00,2.00,1.00,1.00,1.00
2025-12-26T11:23:00Z,3.92,1.00,16.66,30.00,58.57,3.00,1.00,1.00,2.00,1.00,1.00,1.00
2025-12-26T11:24:00Z,3.92,1.00,14.00,30.00,58.57,3.00,1.00,1.00,2.00,1.00,1.00,1.00
2025-12-26T12:27:00Z,3.92,1.00,12.08,30.00,58.57,3.00,1.00,1.00,2.00,1.00,1.00,1.00
2025-12-26T12:39:00Z,3.92,1.00,10.00,30.00,58.57,3.00,1.00,1.00,2.00,1.00,1.00,1.00
2025-12-26T13:03:00Z,3.92,1.00,10.00,27.00,58.57,3.00,1.00,1.00,2.00,1.00,1.00,1.00
2025-12-26T13:06:00Z,3.92,1.00,10.00,26.00,58.57,3.00,1.00,1.00,2.00,1.00,1.00,1.00
2025-12-26T13:07:00Z,3.92,1.00,10.00,24.00,58.57,3.00,1.00,1.00,2.00,1.00,1.00,1.00
2025-12-26T13:12:00Z,3.92,1.00,10.00,24.00,58.57,3.00,1.00,1.00,2.00,1.00,1.00,1.00
2025-12-26T13:13:00Z,3.92,1.00,10.00,24.00,58.57,3.00,1.00,1.00,2.00,1.00,1.00,1.00
2025-12-26T13:14:00Z,3.92,1.00,10.00,18.00,58.57,3.00,1.00,1.00,2.00,1.00,1.00,1.00
2025-12-26T13:15:00Z,3.92,1.00,10.00,18.00,58.57,3.00,1.00,1.00,2.00,1.00,1.00,1.00
2025-12-26T13:16:00Z,3.92,1.00,10.00,18.00,58.57,3.00,1.00,1.00,2.00,1.00,1.00,1.00
2025-12-26T13:17:00Z,3.92,1.00,10.00,18.00,58.57,3.00,1.00,1.00,2.00,1.00,1.00,1.00
2025-12-26T14:00:00Z,3.92,1.00,9.00,18.00,58.57,3.00,1.00,1.00,2.00,1.00,1.00,1.00
2025-12-26T14:41:00Z,3.92,1.00,9.00,22.00,58.57,3.00,1.00,1.00,2.00,1.00,1.00,1.00
2025-12-26T14:47:00Z,4.00,1.00,9.00,22.00,58.57,3.00,1.00,1.00,2.00,1.00,1.00,1.00
2025-12-26T14:58:00Z,4.00,1.00,9.00,22.00,58.57,3.00,1.00,1.00,2.00,1.00,1.00,1.00
2025-12-26T14:59:00Z,5.00,1.00,13.00,22.00,58.57,3.00,1.00,1.00,2.00,1.00,1.00,1.00
2025-12-26T15:04:00Z,5.00,1.00,7.29,22.00,58.57,3.00,1.00,1.00,2.00,1.00,1.00,1.00
2025-12-26T15:13:00Z,5.00,1.00,7.29,27.00,58.57,3.00,1.00,1.00,2.00,1.00,1.00,1.00
2025-12-26T15:36:00Z,5.00,1.00,7.29,27.00,60.00,3.00,1.00,1.00,2.00,1.00,1.00,1.00
2025-12-26T16:00:00Z,5.00,1.00,7.00,27.00,60.00,3.00,1.00,1.00,2.00,1.00,1.00,1.00
2025-12-26T16:10:00Z,5.00,1.00,7.00,32.92,60.00,3.00,1.00,1.00,2.00,1.00,1.00,1.00
2025-12-26T16:11:00Z,4.00,1.00,7.48,32.92,60.00,3.00,1.00,1.00,2.00,1.00,1.00,1.00
2025-12-26T16:12:00Z,4.00,1.00,7.48,32.92,60.00,3.00,1.00,1.00,2.00,1.00,1.00,1.00
2025-12-26T16:13:00Z,4.00,1.00,7.86,33.00,60.00,3.00,1.00,1.00,2.00,1.00,1.00,1.00
2025-12-26T16:15:00Z,4.00,1.00,7.86,33.00,60.00,3.00,1.00,1.00,2.00,1.00,1.00,1.00
2025-12-26T17:37:00Z,4.00,1.00,7.86,33.00,60.24,3.00,1.00,1.00,2.00,1.00,1.00,1.00
2025-12-26T17:38:00Z,4.00,1.00,7.86,33.00,62.00,2.00,1.00,1.00,2.00,1.00,1.00,1.00
2025-12-26T17:42:00Z,4.00,1.00,7.86,33.00,62.00,2.00,1.00,1.00,2.00,1.00,1.00,1.00
2025-12-26T17:50:00Z,4.00,1.00,5.00,33.00,62.00,2.00,1.00,1.00,2.00,1.00,1.00,1.00
2025-12-26T17:53:00Z,3.00,1.00,5.00,33.00,62.00,2.00,1.00,1.00,2.00,1.00,1.00,1.00
2025-12-26T17:54:00Z,3.00,1.00,5.00,33.00,62.00,2.00,1.00,1.00,2.00,1.00,1.00,1.00
2025-12-26T18:12:00Z,3.00,1.00,5.00,33.00,62.00,3.00,1.00,1.00,2.00,1.00,1.00,1.00
2025-12-26T18:20:00Z,3.00,1.00,5.00,33.00,62.00,3.00,1.00,1.00,2.00,1.00,1.00,1.00
2025-12-26T18:43:00Z,3.00,1.00,4.00,33.00,62.00,3.00,1.00,1.00,2.00,1.00,1.00,1.00
2025-12-26T18:54:00Z,3.00,1.00,4.00,33.00,62.00,3.00,1.00,1.00,2.00,1.00,1.00,1.00
2025-12-26T19:02:00Z,3.00,1.00,4.00,33.00,62.00,3.00,1.00,1.00,2.00,1.00,1.00,1.00
2025-12-26T19:11:00Z,3.00,1.00,4.00,33.00,62.00,3.00,1.00,1.00,2.00,1.00,1.00,1.00
2025-12-26T19:18:00Z,4.10,1.00,4.00,33.00,62.00,3.00,1.00,1.00,2.00,1.00,1.00,1.00
2025-12-26T19:22:00Z,5.00,1.00,4.00,33.00,62.00,3.00,1.00,1.00,2.00,1.00,1.00,1.00
2025-12-26T19:38:00Z,4.00,1.00,4.00,33.00,62.00,3.00,1.00,1.00,2.00,1.00,1.00,1.00
2025-12-26T19:46:00Z,3.00,1.00,4.00,33.00,62.00,3.00,1.00,1.00,2.00,1.00,1.00,1.00
2025-12-26T19:57:00Z,3.00,1.00,3.00,28.28,62.00,3.00,1.00,1.00,2.00,1.00,1.00,1.00
2025-12-26T20:13:00Z,3.00,1.00,3.00,30.00,62.00,3.00,1.00,1.00,2.00,1.00,1.00,1.00
2025-12-26T20:19:00Z,3.00,1.00,3.00,30.00,62.00,3.00,1.00,1.00,2.00,1.00,1.00,1.00
2025-12-26T20:20:00Z,3.00,1.00,3.00,30.00,62.00,3.00,1.00,1.00,2.00,1.00,1.00,1.00
2025-12-26T20:50:00Z,3.00,1.00,3.00,33.00,62.00,3.00,1.00,1.00,2.00,1.00,1.00,1.00
2025-12-26T20:58:00Z,3.00,1.00,3.00,33.00,62.00,3.00,1.00,1.00,2.00,1.00,1.00,1.00
2025-12-26T21:00:00Z,3.00,1.00,2.00,33.00,62.00,3.00,1.00,1.00,2.00,1.00,1.00,1.00
2025-12-26T21:01:00Z,3.00,1.00,2.00,31.00,62.00,3.00,1.00,1.00,2.00,1.00,1.00,1.00
2025-12-26T21:04:00Z,3.00,1.00,2.00,33.00,61.00,3.00,1.00,1.00,2.00,1.00,1.00,1.00
2025-12-26T21:11:00Z,3.00,1.00,2.00,31.00,61.00,3.00,1.00,1.00,2.00,1.00,1.00,1.00
2025-12-26T21:22:00Z,3.00,1.00,2.00,31.00,61.00,3.00,1.00,1.00,2.00,1.00,1.00,1.00
2025-12-26T21:24:00Z,3.00,1.00,2.00,31.00,62.00,3.00,1.00,1.00,2.00,1.00,1.00,1.00
2025-12-26T21:25:00Z,3.00,1.00,2.00,31.00,62.00,3.00,1.00,1.00,2.00,1.00,1.00,1.00
2025-12-26T21:43:00Z,3.00,1.00,2.00,31.00,62.00,3.00,1.00,1.00,2.00,1.00,1.00,1.00
2025-12-26T22:02:00Z,3.00,1.00,2.00,31.00,62.00,3.00,1.00,1.00,2.00,1.00,1.00,1.00
2025-12-26T22:20:00Z,3.00,1.00,2.00,31.00,62.00,3.00,1.00,1.00,2.00,1.00,1.00,1.00
2025-12-26T22:21:00Z,3.00,1.00,2.00,31.00,62.00,3.00,1.00,1.00,2.00,1.00,1.00,1.00
2025-12-26T22:27:00Z,3.00,1.00,2.00,30.00,62.00,3.00,1.00,1.00,2.00,1.00,1.00,1.00
2025-12-26T22:42:00Z,3.00,1.00,3.00,30.00,62.00,3.00,1.00,1.00,2.00,1.00,1.00,1.00
2025-12-26T22:43:00Z,3.00,1.00,3.00,30.00,62.00,3.00,1.00,1.00,2.00,1.00,1.00,1.00
2025-12-26T22:44:00Z,3.00,1.00,3.00,30.00,62.00,3.00,1.00,1.00,2.00,1.00,1.00,1.00
2025-12-26T23:41:00Z,3.00,1.00,3.00,31.00,62.00,3.00,1.00,1.00,2.00,1.00,1.00,1.00
2025-12-26T23:42:00Z,3.00,1.00,3.00,31.00,62.00,3.00,1.00,1.00,2.00,1.00,1.00,1.00
2025-12-26T23:55:00Z,3.00,1.00,1.53,31.00,62.00,3.00,1.00,1.00,2.00,1.00,1.00,1.00
2025-12-27T00:04:00Z,3.00,1.00,1.53,31.00,62.00,3.00,1.00,1.00,2.00,1.00,1.00,1.00
2025-12-27T00:13:00Z,3.00,1.00,1.53,33.00,62.00,3.00,1.00,1.00,2.00,1.00,1.00,1.00
2025-12-27T00:41:00Z,3.00,1.00,3.00,33.00,62.00,3.00,1.00,1.00,2.00,1.00,1.00,1.00
2025-12-27T01:34:00Z,3.00,1.00,3.00,33.00,62.00,3.00,1.00,1.00,2.00,1.00,1.00,1.00
2025-12-27T02:16:00Z,3.00,1.00,3.00,33.00,62.00,3.00,1.00,1.00,2.00,1.00,1.00,1.00
2025-12-27T02:18:00Z,3.00,1.00,3.00,33.00,62.00,3.00,1.00,1.00,2.00,1.00,1.00,1.00
2025-12-27T02:19:00Z,3.00,1.00,3.00,33.00,62.00,3.00,1.00,1.00,2.00,1.00,1.00,1.00
2025-12-27T02:26:00Z,3.00,1.00,3.00,33.00,62.00,3.00,1.00,1.00,2.00,1.00,1.00,1.00
2025-12-27T03:03:00Z,3.00,1.00,3.00,33.00,62.00,2.00,1.00,1.00,2.00,1.00,1.00,1.00
2025-12-27T03:09:00Z,3.00,1.00,3.00,33.00,62.00,2.00,1.00,1.00,2.00,1.00,1.00,1.00
2025-12-27T03:10:00Z,3.00,1.00,3.00,33.00,62.00,2.00,1.00,1.00,2.00,1.00,1.00,1.00
2025-12-27T03:20:00Z,3.00,1.00,3.00,33.00,62.00,2.00,1.00,1.00,2.00,1.00,1.00,1.00
2025-12-27T03:45:00Z,3.00,1.00,3.00,33.00,62.00,3.98,1.00,1.00,2.00,1.00,1.00,1.00
2025-12-27T03:52:00Z,2.00,1.00,3.00,33.00,62.00,3.98,1.00,1.00,2.00,1.00,1.00,1.00
2025-12-27T04:24:00Z,2.00,1.00,4.00,33.00,62.00,3.98,1.00,1.00,2.00,1.00,1.00,1.00
2025-12-27T05:31:00Z,2.00,1.00,4.00,33.00,62.00,3.98,1.00,1.00,2.00,1.00,1.00,1.00
2025-12-27T05:32:00Z,2.00,1.00,4.00,33.00,62.00,3.98,1.00,1.00,2.00,1.00,1.00,1.00
2025-12-27T05:34:00Z,2.00,1.00,4.00,32.00,62.00,3.98,1.00,1.00,2.00,1.00,1.00,1.00
2025-12-27T05:35:00Z,2.00,1.00,4.00,31.00,62.00,3.98,1.00,1.00,2.00,1.00,1.00,1.00
2025-12-27T06:19:00Z,3.00,1.00,4.00,31.00,62.00,3.98,1.00,1.00,2.00,1.00,1.00,1.00
2025-12-27T08:03:00Z,3.00,1.00,4.00,31.00,62.00,3.98,1.00,1.00,2.00,1.00,1.00,1.00
2025-12-27T08:19:00Z,4.00,1.00,4.00,31.00,62.00,3.98,1.00,1.00,2.00,1.00,1.00,1.00
2025-12-27T08:33:00Z,4.00,1.00,4.00,31.00,61.00,3.98,1.00,1.00,2.00,1.00,1.00,1.00
2025-12-27T09:48:00Z,4.00,1.00,4.00,31.00,61.00,3.98,1.00,1.00,2.00,1.00,1.00,1.00
2025-12-27T10:02:00Z,4.00,1.00,4.00,31.00,61.00,3.98,1.00,1.00,2.00,1.00,1.00,1.00
2025-12-27T10:03:00Z,4.00,1.00,4.00,31.00,61.00,3.98,1.00,1.00,2.00,1.00,1.00,1.00
2025-12-27T11:37:00Z,4.00,1.00,4.00,31.00,61.96,3.98,1.00,1.00,2.00,1.00,1.00,1.00
2025-12-27T13:52:00Z,4.00,1.00,4.00,31.00,62.00,3.98,1.00,1.00,2.00,1.00,1.00,1.00
2025-12-27T14:11:00Z,4.00,1.00,4.00,31.00,62.00,3.98,1.00,1.00,2.00,1.00,1.00,1.00
2025-12-27T14:12:00Z,4.00,1.00,4.00,31.00,62.00,4.00,1.00,1.00,2.00,1.00,1.00,1.00
2025-12-27T14:14:00Z,4.00,1.00,4.00,33.00,62.00,4.00,1.00,1.00,2.00,1.00,1.00,1.00
2025-12-27T14:28:00Z,4.00,1.00,4.00,33.00,62.41,4.00,1.00,1.00,2.00,1.00,1.00,1.00
2025-12-27T14:50:00Z,4.00,1.00,4.00,33.00,62.00,4.00,1.00,1.00,2.00,1.00,1.00,1.00
2025-12-27T15:40:00Z,4.00,1.00,4.00,33.00,62.00,4.00,1.00,1.00,2.00,1.00,1.00,1.00
2025-12-27T15:53:00Z,3.00,1.00,4.00,33.00,62.00,4.00,1.00,1.00,2.00,1.00,1.00,1.00
2025-12-27T16:17:00Z,4.00,1.00,4.00,33.00,62.00,4.00,1.00,1.00,2.00,1.00,1.00,1.00
2025-12-27T16:18:00Z,5.00,1.00,4.00,33.00,62.00,4.00,1.00,1.00,2.00,1.00,1.00,1.00
2025-12-27T16:54:00Z,5.00,1.00,4.00,33.00,61.00,4.00,1.00,1.00,2.00,1.00,1.00,1.00
2025-12-27T17:04:00Z,5.00,1.00,4.00,33.00,61.00,4.00,1.00,1.00,2.00,1.00,1.00,1.00
2025-12-27T17:20:00Z,5.00,1.00,4.00,33.00,61.00,4.00,1.00,1.00,2.00,1.00,1.00,1.00
2025-12-27T17:21:00Z,5.00,1.00,4.00,33.00,61.00,4.00,1.00,1.00,2.00,1.00,1.00,1.00
2025-12-27T17:22:00Z,5.00,1.00,5.00,33.00,61.00,4.00,1.00,1.00,2.00,1.00,1.00,1.00
2025-12-27T18:08:00Z,4.00,1.00,5.00,33.00,61.00,4.00,1.00,1.00,2.00,1.00,1.00,1.00
2025-12-27T18:38:00Z,4.00,1.00,5.00,33.00,62.70,4.00,1.00,1.00,2.00,1.00,1.00,1.00
2025-12-27T18:47:00Z,5.00,1.00,5.00,33.00,62.70,4.00,1.00,1.00,2.00,1.00,1.00,1.00
2025-12-27T18:50:00Z,6.00,1.00,5.00,33.00,62.70,4.00,1.00,1.00,2.00,1.00,1.00,1.00
2025-12-27T18:55:00Z,6.00,1.00,5.00,33.00,62.70,4.00,1.00,1.00,2.00,1.00,1.00,1.00
2025-12-27T19:30:00Z,6.00,1.00,5.00,33.00,62.70,4.81,1.00,1.00,2.00,1.00,1.00,1.00
2025-12-27T19:51:00Z,5.00,1.00,5.00,33.00,62.70,4.81,1.00,1.00,2.00,1.00,1.00,1.00
2025-12-27T20:03:00Z,5.00,1.00,5.00,33.00,62.70,3.50,1.00,1.00,2.00,1.00,1.00,1.00
2025-12-27T20:12:00Z,5.00,1.00,5.00,33.00,62.00,3.50,1.00,1.00,2.00,1.00,1.00,1.00
2025-12-27T20:23:00Z,5.00,1.00,5.00,32.00,62.00,3.50,1.00,1.00,2.00,1.00,1.00,1.00
2025-12-27T20:24:00Z,5.00,1.00,5.00,30.96,62.00,3.50,1.00,1.00,2.00,1.00,1.00,1.00
2025-12-27T20:28:00Z,5.00,1.00,5.00,30.96,62.00,3.50,1.00,1.00,2.00,1.00,1.00,1.00
2025-12-27T20:31:00Z,5.00,1.00,5.00,34.36,62.00,3.50,1.00,1.00,2.00,1.00,1.00,1.00
2025-12-27T20:39:00Z,5.00,1.00,5.00,30.00,62.00,3.50,1.00,1.00,2.00,1.00,1.00,1.00
2025-12-27T20:47:00Z,3.00,1.00,5.00,30.00,62.00,3.50,1.00,1.00,2.00,1.00,1.00,1.00
2025-12-27T20:53:00Z,2.00,1.00,5.00,30.00,62.00,3.50,1.00,1.00,2.00,1.00,1.00,1.00
2025-12-27T21:08:00Z,2.00,1.00,5.00,30.00,62.63,3.50,1.00,1.00,2.00,1.00,1.00,1.00
2025-12-27T21:10:00Z,2.00,1.00,5.00,34.92,62.63,3.50,1.00,1.00,2.00,1.00,1.00,1.00
2025-12-27T21:18:00Z,2.00,1.00,5.00,34.92,62.63,3.50,1.00,1.00,2.00,1.00,1.00,1.00
2025-12-27T21:43:00Z,2.00,1.00,5.00,34.92,61.00,3.50,1.00,1.00,2.00,1.00,1.00,1.00
2025-12-27T21:44:00Z,4.00,1.00,5.00,34.92,61.00,3.50,1.00,1.00,2.00,1.00,1.00,1.00
2025-12-27T21:45:00Z,4.00,1.00,5.00,35.00,61.00,3.50,1.00,1.00,2.00,1.00,1.00,1.00
2025-12-27T21:51:00Z,4.00,1.00,5.00,35.00,61.00,3.50,1.00,1.00,2.00,1.00,1.00,1.00
2025-12-27T22:16:00Z,4.00,1.00,5.00,35.00,61.00,2.07,1.00,1.00,2.00,1.00,1.00,1.00
2025-12-27T22:18:00Z,4.00,1.00,4.00,35.00,61.00,4.00,1.00,1.00,2.00,1.00,1.00,1.00
2025-12-27T22:25:00Z,4.00,1.00,4.00,35.00,61.00,4.00,1.00,1.00,2.00,1.00,1.00,1.00
2025-12-27T23:50:00Z,4.00,1.00,5.00,35.00,61.00,4.00,1.00,1.00,2.00,1.00,1.00,1.00
2025-12-27T23:52:00Z,3.00,1.00,5.00,35.00,61.00,4.00,1.00,1.00,2.00,1.00,1.00,1.00
2025-12-27T23:53:00Z,3.00,1.00,5.00,35.00,61.00,3.00,1.00,1.00,2.00,1.00,1.00,1.00
2025-12-27T23:59:00Z,4.00,1.00,5.00,35.00,61.00,3.00,1.00,1.00,2.00,1.00,1.00,1.00
2025-12-28T00:29:00Z,4.00,1.00,5.00,35.00,62.00,3.00,1.00,1.00,2.00,1.00,1.00,1.00
2025-12-28T00:30:00Z,4.00,1.00,5.00,35.00,62.00,3.00,1.00,1.00,2.00,1.00,1.00,1.00
2025-12-28T00:31:00Z,4.00,1.00,5.00,35.00,62.00,3.00,1.00,1.00,2.00,1.00,1.00,1.00
2025-12-28T00:32:00Z,4.00,1.00,5.00,35.00,62.00,3.00,1.00,1.00,2.00,1.00,1.00,1.00
2025-12-28T00:33:00Z,4.00,1.00,5.00,35.00,62.00,3.00,1.00,1.00,2.00,1.00,1.00,1.00
2025-12-28T00:34:00Z,4.00,1.00,5.00,35.00,62.00,3.00,1.00,1.00,2.00,1.00,1.00,1.00
2025-12-28T00:40:00Z,3.00,1.00,5.00,35.00,62.00,3.00,1.00,1.00,2.00,1.00,1.00,1.00
2025-12-28T00:56:00Z,4.00,1.00,5.00,35.00,62.00,3.00,1.00,1.00,2.00,1.00,1.00,1.00
2025-12-28T01:17:00Z,4.00,1.00,5.00,31.00,62.00,3.00,1.00,1.00,2.00,1.00,1.00,1.00
2025-12-28T01:18:00Z,3.00,1.00,5.00,31.00,62.00,3.00,1.00,1.00,2.00,1.00,1.00,1.00
2025-12-28T01:51:00Z,3.00,1.00,5.00,31.00,62.00,3.00,1.00,1.00,2.00,1.00,1.00,1.00
2025-12-28T01:53:00Z,3.00,1.00,5.00,31.00,62.00,3.00,1.00,1.00,2.00,1.00,1.00,1.00
2025-12-28T01:57:00Z,3.00,1.00,5.00,31.00,62.00,3.00,1.00,1.00,2.00,1.00,1.00,1.00
2025-12-28T02:16:00Z,4.00,1.00,5.00,31.00,62.00,3.00,1.00,1.00,2.00,1.00,1.00,1.00
2025-12-28T02:53:00Z,4.00,1.00,5.00,35.00,62.00,3.00,1.00,1.00,2.00,1.00,1.00,1.00
2025-12-28T03:48:00Z,4.00,1.00,5.00,35.00,62.00,3.00,1.00,1.00,2.00,1.00,1.00,1.00
2025-12-28T04:40:00Z,4.00,1.00,5.00,35.00,62.00,3.00,1.00,1.00,2.00,1.00,1.00,1.00
2025-12-28T04:52:00Z,4.00,1.00,5.00,35.00,62.00,3.00,1.00,1.00,2.00,1.00,1.00,1.00
2025-12-28T05:06:00Z,4.00,1.00,5.00,32.00,62.00,3.00,1.00,1.00,2.00,1.00,1.00,1.00
2025-12-28T05:14:00Z,4.00,1.00,5.00,35.00,62.00,3.00,1.00,1.00,2.00,1.00,1.00,1.00
2025-12-28T05:25:00Z,2.77,1.00,5.00,35.00,62.00,3.00,1.00,1.00,2.00,1.00,1.00,1.00
2025-12-28T06:22:00Z,2.77,1.00,5.00,35.00,62.00,3.00,1.00,1.00,2.00,1.00,1.00,1.00
2025-12-28T06:43:00Z,2.77,1.00,4.00,35.00,62.00,3.00,1.00,1.00,2.00,1.00,1.00,1.00
2025-12-28T06:46:00Z,2.77,1.00,4.00,33.00,62.00,3.00,1.00,1.00,2.00,1.00,1.00,1.00
2025-12-28T06:47:00Z,2.77,1.00,4.00,32.00,62.00,3.00,1.00,1.00,2.00,1.00,1.00,1.00
2025-12-28T06:59:00Z,2.77,1.00,4.00,32.00,62.00,3.00,1.00,1.00,2.00,1.00,1.00,1.00
2025-12-28T07:10:00Z,2.77,1.00,5.00,32.00,62.00,3.00,1.00,1.00,2.00,1.00,1.00,1.00
2025-12-28T07:13:00Z,2.77,1.00,5.00,32.00,62.00,3.00,1.00,1.00,2.00,1.00,1.00,1.00
2025-12-28T07:20:00Z,2.77,1.00,5.00,32.00,62.00,3.00,1.00,1.00,2.00,1.00,1.00,1.00
2025-12-28T07:25:00Z,2.77,1.00,4.00,32.00,62.00,3.00,1.00,1.00,2.00,1.00,1.00,1.00
2025-12-28T07:26:00Z,2.77,1.00,4.00,32.00,62.00,3.00,1.00,1.00,2.00,1.00,1.00,1.00
2025-12-28T07:40:00Z,2.77,1.00,4.00,32.00,62.00,3.00,1.00,1.00,2.00,1.00,1.00,1.00
2025-12-28T07:46:00Z,2.77,1.00,5.00,32.00,62.00,3.00,1.00,1.00,2.00,1.00,1.00,1.00
2025-12-28T07:48:00Z,2.77,1.00,5.85,32.00,62.00,3.00,1.00,1.00,2.00,1.00,1.00,1.00
2025-12-28T08:03:00Z,2.77,1.00,5.85,32.00,62.00,4.00,1.00,1.00,2.00,1.00,1.00,1.00
2025-12-28T08:07:00Z,3.00,1.00,5.85,32.00,62.00,4.00,1.00,1.00,2.00,1.00,1.00,1.00
2025-12-28T08:16:00Z,3.00,1.00,5.85,32.00,62.83,4.00,1.00,1.00,2.00,1.00,1.00,1.00
2025-12-28T09:35:00Z,3.00,1.00,5.47,32.00,62.83,4.00,1.00,1.00,2.00,1.00,1.00,1.00
2025-12-28T09:52:00Z,3.00,1.00,5.47,32.00,62.83,4.00,1.00,1.00,2.00,1.00,1.00,1.00
2025-12-28T10:02:00Z,3.00,1.00,4.00,31.32,62.83,4.00,1.00,1.00,2.00,1.00,1.00,1.00
2025-12-28T10:13:00Z,3.00,1.00,5.00,31.32,62.83,4.00,1.00,1.00,2.00,1.00,1.00,1.00
2025-12-28T10:39:00Z,3.00,1.00,5.00,31.32,62.83,4.00,1.00,1.00,2.00,1.00,1.00,1.00
2025-12-28T11:32:00Z,3.00,1.00,5.00,31.32,62.94,4.00,1.00,1.00,2.00,1.00,1.00,1.00
2025-12-28T11:38:00Z,3.00,1.00,5.00,31.32,62.94,4.80,1.00,1.00,2.00,1.00,1.00,1.00
2025-12-28T11:50:00Z,3.00,1.00,4.00,31.32,62.94,4.00,1.00,1.00,2.00,1.00,1.00,1.00
2025-12-28T11:57:00Z,3.00,1.00,4.00,31.32,62.94,4.00,1.00,1.00,2.00,1.00,1.00,1.00
2025-12-28T12:04:00Z,3.00,1.00,4.00,31.32,63.00,4.00,1.00,1.00,2.00,1.00,1.00,1.00
2025-12-28T12:05:00Z,3.00,1.00,4.00,31.32,63.00,4.00,1.00,1.00,2.00,1.00,1.00,1.00
2025-12-28T12:14:00Z,3.00,1.00,4.00,31.32,62.00,4.00,1.00,1.00,2.00,1.00,1.00,1.00
2025-12-28T12:16:00Z,3.00,1.00,4.00,31.32,62.00,4.00,1.00,1.00,2.00,1.00,1.00,1.00
2025-12-28T12:52:00Z,3.00,1.00,4.00,34.00,62.00,4.00,1.00,1.00,2.00,1.00,1.00,1.00
2025-12-28T12:56:00Z,3.00,1.00,4.00,34.00,62.00,4.00,1.00,1.00,2.00,1.00,1.00,1.00
2025-12-28T14:03:00Z,3.00,1.00,4.00,34.00,62.00,4.00,1.00,1.00,2.00,1.00,1.00,1.00
2025-12-28T15:33:00Z,3.00,1.00,4.00,34.00,61.00,4.00,1.00,1.00,2.00,1.00,1.00,1.00
2025-12-28T17:08:00Z,3.00,1.00,4.00,34.00,61.00,4.00,1.00,1.00,2.00,1.00,1.00,1.00
2025-12-28T17:23:00Z,3.00,1.00,4.00,34.00,65.00,4.00,1.00,1.00,2.00,1.00,1.00,1.00
2025-12-28T17:24:00Z,3.00,1.00,4.00,34.00,65.00,4.00,1.00,1.00,2.00,1.00,1.00,1.00
2025-12-28T18:08:00Z,2.00,1.00,4.00,34.00,65.00,4.00,1.00,1.00,2.00,1.00,1.00,1.00
2025-12-28T18:29:00Z,2.00,1.00,3.00,34.00,65.00,4.00,1.00,1.00,2.00,1.00,1.00,1.00
2025-12-28T18:38:00Z,2.00,1.00,3.00,34.00,65.00,4.00,1.00,1.00,2.00,1.00,1.00,1.00
2025-12-28T18:42:00Z,2.00,1.00,3.00,34.00,65.00,4.00,1.00,1.00,2.00,1.00,1.00,1.00
2025-12-28T18:43:00Z,2.00,1.00,3.00,34.00,65.00,4.00,1.00,1.00,2.00,1.00,1.00,1.00
2025-12-28T18:57:00Z,2.00,1.00,3.00,34.00,65.00,2.00,1.00,1.00,2.00,1.00,1.00,1.00
2025-12-28T19:05:00Z,2.00,1.00,3.00,34.00,65.00,2.00,1.00,1.00,2.00,1.00,1.00,1.00
2025-12-28T19:10:00Z,2.00,1.00,3.00,30.17,65.00,2.00,1.00,1.00,2.00,1.00,1.00,1.00
2025-12-28T19:52:00Z,2.00,1.00,3.00,30.17,63.00,2.00,1.00,1.00,2.00,1.00,1.00,1.00
2025-12-28T20:00:00Z,2.00,1.00,4.00,30.17,63.00,2.00,1.00,1.00,2.00,1.00,1.00,1.00
2025-12-28T20:01:00Z,2.00,1.00,4.00,30.17,63.00,2.00,1.00,1.00,2.00,1.00,1.00,1.00
2025-12-28T20:34:00Z,2.00,1.00,4.00,30.17,63.00,2.00,1.00,1.00,2.00,1.00,1.00,1.00
2025-12-28T20:38:00Z,2.00,1.00,4.00,31.00,63.00,2.00,1.00,1.00,2.00,1.00,1.00,1.00
2025-12-28T20:46:00Z,2.00,1.00,4.00,31.00,63.00,2.00,1.00,1.00,2.00,1.00,1.00,1.00
2025-12-28T21:27:00Z,2.00,1.00,4.00,31.00,64.00,2.00,1.00,1.00,2.00,1.00,1.00,1.00
2025-12-28T21:39:00Z,2.00,1.00,4.00,31.00,63.00,2.00,1.00,1.00,2.00,1.00,1.00,1.00
2025-12-28T21:45:00Z,2.00,1.00,4.00,31.00,63.63,2.00,1.00,1.00,2.00,1.00,1.00,1.00
2025-12-28T22:04:00Z,2.00,1.00,3.00,29.10,63.63,2.00,1.00,1.00,2.00,1.00,1.00,1.00
2025-12-28T22:05:00Z,2.00,1.00,3.00,29.10,63.00,2.00,1.00,1.00,2.00,1.00,1.00,1.00
2025-12-28T22:06:00Z,2.00,1.00,3.00,29.10,63.00,2.00,1.00,1.00,2.00,1.00,1.00,1.00
2025-12-28T22:08:00Z,2.00,1.00,3.00,29.10,63.00,2.00,1.00,1.00,2.00,1.00,1.00,1.00
2025-12-28T22:09:00Z,2.00,1.00,3.00,29.10,64.00,2.00,1.00,1.00,2.00,1.00,1.00,1.00
2025-12-28T22:12:00Z,2.00,1.00,3.00,29.00,64.00,2.00,1.00,1.00,2.00,1.00,1.00,1.00
2025-12-28T22:21:00Z,2.00,1.00,3.00,29.00,63.00,2.00,1.00,1.00,2.00,1.00,1.00,1.00
2025-12-28T22:22:00Z,2.00,1.00,3.00,29.00,64.00,2.00,1.00,1.00,2.00,1.00,1.00,1.00
2025-12-28T22:26:00Z,2.00,1.00,3.00,29.00,61.61,2.00,1.00,1.00,2.00,1.00,1.00,1.00
2025-12-28T22:52:00Z,2.00,1.00,3.00,32.00,61.61,2.00,1.00,1.00,2.00,1.00,1.00,1.00
2025-12-28T23:02:00Z,2.00,1.00,3.00,32.00,61.61,2.00,1.00,1.00,2.00,1.00,1.00,1.00
2025-12-28T23:19:00Z,3.00,1.00,3.00,32.00,61.61,2.00,1.00,1.00,2.00,1.00,1.00,1.00
2025-12-28T23:30:00Z,3.00,1.00,3.00,32.00,61.61,3.00,1.00,1.00,2.00,1.00,1.00,1.00
2025-12-28T23:31:00Z,3.00,1.00,3.00,32.00,64.00,3.00,1.00,1.00,2.00,1.00,1.00,1.00
2025-12-28T23:45:00Z,3.00,1.00,3.00,32.00,64.00,3.00,1.00,1.00,2.00,1.00,1.00,1.00
2025-12-28T23:47:00Z,3.00,1.00,3.00,32.00,64.00,3.00,1.00,1.00,2.00,1.00,1.00,1.00
2025-12-29T00:18:00Z,3.07,1.00,3.00,32.00,64.00,3.00,1.00,1.00,2.00,1.00,1.00,1.00
2025-12-29T00:28:00Z,3.07,1.00,3.00,32.00,64.00,3.00,1.00,1.00,2.00,1.00,1.00,1.00
2025-12-29T00:32:00Z,3.07,1.00,3.00,32.00,64.00,3.00,1.00,1.00,2.00,1.00,1.00,1.00
2025-12-29T00:33:00Z,3.07,1.00,3.00,32.00,64.00,4.78,1.00,1.00,2.00,1.00,1.00,1.00
2025-12-29T00:37:00Z,3.07,1.00,4.83,32.00,64.00,4.78,1.00,1.00,2.00,1.00,1.00,1.00
2025-12-29T00:39:00Z,3.07,1.00,4.83,29.00,64.00,4.78,1.00,1.00,2.00,1.00,1.00,1.00
2025-12-29T00:40:00Z,3.07,1.00,5.99,28.00,64.00,4.78,1.00,1.00,2.00,1.00,1.00,1.00
2025-12-29T00:44:00Z,3.07,1.00,5.99,32.00,64.00,4.78,1.00,1.00,2.00,1.00,1.00,1.00
2025-12-29T01:02:00Z,4.00,1.00,5.99,32.00,64.00,4.78,1.00,1.00,2.00,1.00,1.00,1.00
2025-12-29T01:12:00Z,4.00,1.00,5.99,32.00,64.00,4.78,1.00,1.00,2.00,1.00,1.00,1.00
2025-12-29T01:45:00Z,4.00,1.00,5.00,32.00,64.00,4.78,1.00,1.00,2.00,1.00,1.00,1.00
2025-12-29T02:07:00Z,4.00,1.00,5.00,32.00,64.00,4.78,1.00,1.00,2.00,1.00,1.00,1.00
2025-12-29T02:14:00Z,4.00,1.00,6.00,32.00,64.00,5.00,1.00,1.00,2.00,1.00,1.00,1.00
2025-12-29T02:15:00Z,5.00,1.00,6.00,32.00,64.00,5.00,1.00,1.00,2.00,1.00,1.00,1.00
2025-12-29T02:16:00Z,5.00,1.00,6.00,32.00,64.00,5.00,1.00,1.00,2.00,1.00,1.00,1.00
2025-12-29T02:53:00Z,5.00,1.00,6.00,32.00,61.56,5.00,1.00,1.00,2.00,1.00,1.00,1.00
2025-12-29T02:59:00Z,5.00,1.00,6.00,32.00,61.56,5.00,1.00,1.00,2.00,1.00,1.00,1.00
2025-12-29T03:03:00Z,5.00,1.00,6.00,32.00,61.56,5.00,1.00,1.00,2.00,1.00,1.00,1.00
2025-12-29T03:13:00Z,5.00,1.00,6.00,32.00,61.56,5.00,1.00,1.00,2.00,1.00,1.00,1.00
2025-12-29T03:15:00Z,5.00,1.00,6.00,32.00,61.56,5.00,1.00,1.00,2.00,1.00,1.00,1.00
2025-12-29T03:18:00Z,5.00,1.00,6.00,32.00,61.56,5.00,1.00,1.00,2.00,1.00,1.00,1.00
2025-12-29T03:41:00Z,5.00,1.00,6.00,31.00,61.56,5.00,1.00,1.00,2.00,1.00,1.00,1.00
2025-12-29T04:40:00Z,4.00,1.00,6.00,31.00,61.56,5.00,1.00,1.00,2.00,1.00,1.00,1.00
2025-12-29T04:41:00Z,4.00,1.00,6.00,32.82,61.56,5.00,1.00,1.00,2.00,1.00,1.00,1.00
2025-12-29T04:43:00Z,3.00,1.00,6.00,32.82,61.56,5.00,1.00,1.00,2.00,1.00,1.00,1.00
2025-12-29T04:44:00Z,3.00,1.00,6.00,32.82,61.56,6.00,1.00,1.00,2.00,1.00,1.00,1.00
2025-12-29T04:45:00Z,3.00,1.00,6.00,33.00,61.56,6.00,1.00,1.00,2.00,1.00,1.00,1.00
2025-12-29T04:56:00Z,3.00,1.00,6.00,33.00,63.00,6.00,1.00,1.00,2.00,1.00,1.00,1.00
2025-12-29T05:05:00Z,5.00,1.00,6.00,33.00,63.00,6.00,1.00,1.00,2.00,1.00,1.00,1.00
2025-12-29T05:06:00Z,5.00,1.00,6.00,33.00,48.00,6.00,1.00,1.00,2.00,1.00,1.00,1.00
2025-12-29T05:19:00Z,6.00,1.00,6.00,33.00,48.00,6.00,1.00,1.00,2.00,1.00,1.00,1.00
2025-12-29T05:39:00Z,6.00,1.00,6.00,32.83,48.00,6.00,1.00,1.00,2.00,1.00,1.00,1.00
2025-12-29T05:52:00Z,6.00,1.00,6.00,32.83,48.00,6.00,1.00,1.00,2.00,1.00,1.00,1.00
2025-12-29T06:36:00Z,6.00,1.00,6.00,32.83,48.00,3.71,1.00,1.00,2.00,1.00,1.00,1.00
2025-12-29T06:37:00Z,7.00,1.00,6.00,33.00,48.00,3.71,1.00,1.00,2.00,1.00,1.00,1.00
2025-12-29T06:45:00Z,7.00,1.00,6.00,33.00,48.00,3.71,1.00,1.00,2.00,1.00,1.00,1.00
2025-12-29T07:42:00Z,7.00,1.00,6.00,33.00,48.00,3.71,1.00,1.00,2.00,1.00,1.00,1.00
2025-12-29T08:25:00Z,5.00,1.00,6.00,33.00,48.00,3.71,1.00,1.00,2.00,1.00,1.00,1.00
2025-12-29T08:33:00Z,5.00,1.00,6.00,33.00,48.00,3.71,1.00,1.00,2.00,1.00,1.00,1.00
2025-12-29T08:39:00Z,5.00,1.00,6.00,33.00,48.00,3.71,1.00,1.00,2.00,1.00,1.00,1.00
2025-12-29T08:56:00Z,5.00,1.00,6.00,33.00,50.00,3.71,1.00,1.00,2.00,1.00,1.00,1.00
2025-12-29T10:39:00Z,8.00,1.00,6.00,33.00,50.00,3.71,1.00,1.00,2.00,1.00,1.00,1.00
2025-12-29T10:49:00Z,8.00,1.00,6.00,29.00,50.00,3.71,1.00,1.00,2.00,1.00,1.00,1.00
2025-12-29T11:47:00Z,8.00,1.00,6.00,29.00,54.00,3.71,1.00,1.00,2.00,1.00,1.00,1.00
2025-12-29T12:20:00Z,6.00,1.00,6.00,29.00,54.00,3.71,1.00,1.00,2.00,1.00,1.00,1.00
2025-12-29T12:23:00Z,1.22,1.00,6.00,29.00,54.00,3.71,1.00,1.00,2.00,1.00,1.00,1.00
2025-12-29T12:28:00Z,1.22,1.00,6.00,28.00,54.00,3.71,1.00,1.00,2.00,1.00,1.00,1.00
2025-12-29T12:44:00Z,6.00,1.00,6.00,28.00,54.00,3.71,1.00,1.00,2.00,1.00,1.00,1.00
2025-12-29T12:45:00Z,6.00,1.00,5.00,28.00,54.00,3.71,1.00,1.00,2.00,1.00,1.00,1.00
2025-12-29T12:46:00Z,6.00,1.00,5.00,28.00,54.00,3.71,1.00,1.00,2.00,1.00,1.00,1.00
2025-12-29T12:47:00Z,6.00,1.00,5.00,28.00,54.00,3.71,1.00,1.00,2.00,1.00,1.00,1.00
2025-12-29T12:48:00Z,6.00,1.00,5.00,28.00,54.00,3.71,1.00,1.00,2.00,1.00,1.00,1.00
2025-12-29T12:50:00Z,6.00,1.00,6.00,28.00,54.00,3.71,1.00,1.00,2.00,1.00,1.00,1.00
2025-12-29T12:51:00Z,6.00,1.00,6.00,28.00,54.00,3.71,1.00,1.00,2.00,1.00,1.00,1.00
2025-12-29T13:02:00Z,6.00,1.00,6.00,28.00,54.00,3.71,1.00,1.00,2.00,1.00,1.00,1.00
2025-12-29T13:18:00Z,6.00,1.00,6.00,31.00,54.00,3.71,1.00,1.00,2.00,1.00,1.00,1.00
2025-12-29T13:28:00Z,6.00,1.00,6.00,32.97,54.00,3.71,1.00,1.00,2.00,1.00,1.00,1.00
2025-12-29T13:32:00Z,3.00,1.00,6.00,32.97,54.00,3.71,1.00,1.00,2.00,1.00,1.00,1.00
2025-12-29T13:33:00Z,3.00,1.00,4.00,32.97,53.00,3.71,1.00,1.00,2.00,1.00,1.00,1.00
2025-12-29T13:34:00Z,3.00,1.00,4.00,32.97,54.93,3.71,1.00,1.00,2.00,1.00,1.00,1.00
2025-12-29T13:35:00Z,3.00,1.00,4.00,32.97,55.00,3.71,1.00,1.00,2.00,1.00,1.00,1.00
2025-12-29T13:38:00Z,3.00,1.00,4.00,32.97,56.00,3.71,1.00,1.00,2.00,1.00,1.00,1.00
2025-12-29T13:46:00Z,3.00,1.00,4.00,32.97,56.00,4.00,1.00,1.00,2.00,1.00,1.00,1.00
2025-12-29T13:47:00Z,3.00,1.00,4.00,32.97,56.00,4.00,1.00,1.00,2.00,1.00,1.00,1.00
2025-12-29T13:50:00Z,3.00,1.00,4.00,32.97,59.87,4.00,1.00,1.00,2.00,1.00,1.00,1.00
2025-12-29T13:51:00Z,3.00,1.00,4.00,32.97,70.00,4.00,1.00,1.00,2.00,1.00,1.00,1.00
2025-12-29T14:18:00Z,3.00,1.00,4.00,32.97,70.00,3.00,1.00,1.00,2.00,1.00,1.00,1.00
2025-12-29T14:45:00Z,3.00,1.00,4.00,32.97,70.00,3.00,1.00,1.00,2.00,1.00,1.00,1.00
2025-12-29T14:46:00Z,3.00,1.00,4.00,32.00,70.00,3.00,1.00,1.00,2.00,1.00,1.00,1.00
2025-12-29T14:47:00Z,3.00,1.00,4.00,32.00,61.00,3.00,1.00,1.00,2.00,1.00,1.00,1.00
2025-12-29T14:48:00Z,3.00,1.00,4.00,31.00,61.00,3.00,1.00,1.00,2.00,1.00,1.00,1.00
2025-12-29T14:49:00Z,3.00,1.00,4.00,30.00,61.00,3.00,1.00,1.00,2.00,1.00,1.00,1.00
2025-12-29T14:52:00Z,3.00,1.00,4.00,30.00,58.00,3.00,1.00,1.00,2.00,1.00,1.00,1.00
2025-12-29T15:02:00Z,2.00,1.00,4.00,30.00,58.00,3.00,1.00,1.00,2.00,1.00,1.00,1.00
2025-12-29T15:04:00Z,2.00,1.00,4.00,30.00,58.00,3.00,1.00,1.00,2.00,1.00,1.00,1.00
2025-12-29T15:06:00Z,2.00,1.00,4.00,33.00,58.00,3.00,1.00,1.00,2.00,1.00,1.00,1.00
2025-12-29T15:43:00Z,3.00,1.00,4.00,33.00,58.00,3.00,1.00,1.00,2.00,1.00,1.00,1.00
2025-12-29T15:49:00Z,3.00,1.00,4.00,30.14,58.00,3.00,1.00,1.00,2.00,1.00,1.00,1.00
2025-12-29T16:07:00Z,3.00,1.00,4.00,30.14,58.00,3.00,1.00,1.00,2.00,1.00,1.00,1.00
2025-12-29T16:20:00Z,3.00,1.00,4.00,31.00,58.00,3.00,1.00,1.00,2.00,1.00,1.00,1.00
2025-12-29T16:26:00Z,3.00,1.00,4.00,31.00,58.00,3.00,1.00,1.00,2.00,1.00,1.00,1.00
2025-12-29T16:29:00Z,3.00,1.00,4.00,32.00,58.00,3.00,1.00,1.00,2.00,1.00,1.00,1.00
2025-12-29T16:33:00Z,3.00,1.00,4.00,33.00,58.00,3.00,1.00,1.00,2.00,1.00,1.00,1.00
2025-12-29T16:49:00Z,3.00,1.00,4.00,33.00,58.00,3.00,1.00,1.00,2.00,1.00,1.00,1.00
2025-12-29T17:19:00Z,3.00,1.00,4.00,33.00,58.00,3.00,1.00,1.00,2.00,1.00,1.00,1.00
2025-12-29T17:32:00Z,3.00,1.00,3.00,33.00,58.00,3.00,1.00,1.00,2.00,1.00,1.00,1.00
2025-12-29T17:46:00Z,3.00,1.00,3.00,33.00,58.00,3.00,1.00,1.00,2.00,1.00,1.00,1.00
2025-12-29T18:14:00Z,3.00,1.00,3.00,33.00,58.00,3.00,1.00,1.00,2.00,1.00,1.00,1.00
2025-12-29T18:19:00Z,3.00,1.00,3.00,33.00,58.00,3.00,1.00,1.00,2.00,1.00,1.00,1.00
2025-12-29T18:22:00Z,3.00,1.00,3.00,33.00,68.00,3.00,1.00,1.00,2.00,1.00,1.00,1.00
2025-12-29T18:23:00Z,2.00,1.00,3.00,29.92,68.00,2.00,1.00,1.00,2.00,1.00,1.00,1.00
2025-12-29T18:46:00Z,2.00,1.00,3.00,28.00,70.00,2.00,1.00,1.00,2.00,1.00,1.00,1.00
2025-12-29T18:52:00Z,2.00,1.00,3.00,33.00,70.00,2.00,1.00,1.00,2.00,1.00,1.00,1.00
2025-12-29T18:53:00Z,2.00,1.00,3.00,28.00,70.00,2.00,1.00,1.00,2.00,1.00,1.00,1.00
2025-12-29T19:12:00Z,3.05,1.00,3.00,28.00,70.00,2.00,1.00,1.00,2.00,1.00,1.00,1.00
2025-12-29T19:14:00Z,3.00,1.00,3.00,28.00,70.00,2.00,1.00,1.00,2.00,1.00,1.00,1.00
2025-12-29T19:21:00Z,3.00,1.00,2.05,28.00,70.00,2.00,1.00,1.00,2.00,1.00,1.00,1.00
2025-12-29T19:34:00Z,3.00,1.00,2.05,32.00,70.00,2.00,1.00,1.00,2.00,1.00,1.00,1.00
2025-12-29T19:35:00Z,3.00,1.00,2.05,32.00,70.00,3.00,1.00,1.00,2.00,1.00,1.00,1.00
2025-12-29T20:19:00Z,4.00,1.00,2.05,32.00,70.00,3.00,1.00,1.00,2.00,1.00,1.00,1.00
2025-12-29T20:28:00Z,4.00,1.00,2.05,32.00,74.00,3.00,1.00,1.00,2.00,1.00,1.00,1.00
2025-12-29T20:29:00Z,4.00,1.00,2.05,32.00,75.00,3.00,1.00,1.00,2.00,1.00,1.00,1.00
2025-12-29T20:38:00Z,4.00,1.00,2.05,32.92,75.00,3.00,1.00,1.00,2.00,1.00,1.00,1.00
2025-12-29T21:08:00Z,4.00,1.00,4.00,32.92,75.00,3.00,1.00,1.00,2.00,1.00,1.00,1.00
2025-12-29T21:11:00Z,4.00,1.00,4.00,33.00,75.00,3.00,1.00,1.00,2.00,1.00,1.00,1.00
2025-12-29T21:18:00Z,4.00,1.00,4.00,30.00,75.00,3.00,1.00,1.00,2.00,1.00,1.00,1.00
2025-12-29T21:19:00Z,4.00,1.00,4.00,22.46,75.00,3.00,1.00,1.00,2.00,1.00,1.00,1.00
2025-12-29T21:22:00Z,4.00,1.00,4.00,22.46,64.00,3.00,1.00,1.00,2.00,1.00,1.00,1.00
2025-12-29T21:23:00Z,4.00,1.00,4.00,22.46,64.00,3.00,1.00,1.00,2.00,1.00,1.00,1.00
2025-12-29T21:29:00Z,4.00,1.00,4.00,28.00,64.00,3.00,1.00,1.00,2.00,1.00,1.00,1.00
2025-12-29T21:53:00Z,4.00,1.00,4.00,30.00,64.00,3.00,1.00,1.00,2.00,1.00,1.00,1.00
2025-12-29T22:16:00Z,4.00,1.00,4.00,29.00,64.00,3.00,1.00,1.00,2.00,1.00,1.00,1.00
2025-12-29T22:24:00Z,5.00,1.00,4.00,29.00,64.00,3.00,1.00,1.00,2.00,1.00,1.00,1.00
2025-12-29T22:33:00Z,3.00,1.00,4.00,29.00,64.00,3.00,1.00,1.00,2.00,1.00,1.00,1.00
2025-12-29T22:34:00Z,2.00,1.00,4.00,29.00,64.00,3.00,1.00,1.00,2.00,1.00,1.00,1.00
2025-12-29T22:41:00Z,2.00,1.00,4.00,30.58,64.00,3.00,1.00,1.00,2.00,1.00,1.00,1.00
2025-12-29T23:01:00Z,5.00,1.00,4.00,30.58,64.00,3.00,1.00,1.00,2.00,1.00,1.00,1.00
2025-12-29T23:14:00Z,5.00,1.00,4.00,31.00,64.00,3.00,1.00,1.00,2.00,1.00,1.00,1.00
2025-12-29T23:31:00Z,5.00,1.00,4.00,31.00,64.00,3.00,1.00,1.00,2.00,1.00,1.00,1.00
2025-12-29T23:33:00Z,5.00,1.00,4.00,31.00,64.00,3.00,1.00,1.00,2.00,1.00,1.00,1.00
2025-12-29T23:40:00Z,5.00,1.00,4.00,31.00,64.00,3.00,1.00,1.00,2.00,1.00,1.00,1.00
2025-12-29T23:41:00Z,5.00,1.00,4.00,31.00,64.00,3.00,1.00,1.00,2.00,1.00,1.00,1.00
2025-12-29T23:45:00Z,5.00,1.00,4.00,31.00,70.00,3.00,1.00,1.00,2.00,1.00,1.00,1.00
2025-12-29T23:53:00Z,5.00,1.00,4.00,31.00,80.00,3.00,1.00,1.00,2.00,1.00,1.00,1.00
2025-12-29T23:57:00Z,5.00,1.00,4.00,31.00,80.00,2.00,1.00,1.00,2.00,1.00,1.00,1.00
2025-12-29T23:59:00Z,5.00,1.00,4.00,31.00,79.00,2.00,1.00,1.00,2.00,1.00,1.00,1.00
2025-12-30T00:06:00Z,5.00,1.00,4.00,30.00,79.00,2.00,1.00,1.00,2.00,1.00,1.00,1.00
2025-12-30T00:08:00Z,5.00,1.00,4.00,30.00,81.00,2.00,1.00,1.00,2.00,1.00,1.00,1.00
2025-12-30T00:11:00Z,5.00,1.00,4.00,30.00,80.00,2.00,1.00,1.00,2.00,1.00,1.00,1.00
2025-12-30T00:16:00Z,2.00,1.00,4.00,25.77,81.00,2.00,1.00,1.00,2.00,1.00,1.00,1.00
2025-12-30T00:19:00Z,2.00,1.00,4.00,23.00,81.00,2.00,1.00,1.00,2.00,1.00,1.00,1.00
2025-12-30T00:21:00Z,2.00,1.00,4.00,23.00,81.00,3.00,1.00,1.00,2.00,1.00,1.00,1.00
2025-12-30T00:38:00Z,2.00,1.00,4.00,26.00,74.00,2.00,1.00,1.00,2.00,1.00,1.00,1.00
2025-12-30T00:40:00Z,2.00,1.00,4.00,26.00,68.20,2.00,1.00,1.00,2.00,1.00,1.00,1.00
2025-12-30T00:47:00Z,2.00,1.00,4.00,26.00,68.20,2.00,1.00,1.00,1.00,1.00,1.00,1.00
2025-12-30T01:03:00Z,2.00,1.00,4.00,26.00,68.20,2.00,1.00,1.00,1.00,1.00,1.00,1.00
2025-12-30T01:05:00Z,2.00,1.00,4.00,26.00,68.20,2.00,1.00,1.00,1.00,1.00,1.00,1.00
2025-12-30T01:06:00Z,2.00,1.00,4.00,28.00,68.20,2.00,1.00,1.00,1.00,1.00,1.00,1.00
2025-12-30T01:09:00Z,2.00,1.00,4.00,28.00,68.20,2.00,1.00,1.00,1.00,1.00,1.00,1.00
2025-12-30T01:10:00Z,2.00,1.00,4.00,29.05,68.20,2.00,1.00,1.00,1.00,1.00,1.00,1.00
2025-12-30T01:12:00Z,2.00,1.00,4.00,31.00,68.20,2.00,1.00,1.00,1.00,1.00,1.00,1.00
2025-12-30T01:31:00Z,2.00,1.00,4.00,31.00,68.20,2.00,1.00,1.00,1.00,1.00,1.00,1.00
2025-12-30T01:35:00Z,2.00,1.00,4.00,31.00,68.20,2.00,1.00,1.00,1.00,1.00,1.00,1.00
2025-12-30T01:41:00Z,2.00,1.00,4.00,31.00,68.20,2.00,1.00,1.00,1.00,1.00,1.00,1.00
2025-12-30T01:45:00Z,2.00,1.00,4.00,31.00,68.20,3.00,1.00,1.00,1.00,1.00,1.00,1.00
2025-12-30T01:54:00Z,2.00,1.00,4.00,31.00,66.00,3.00,1.00,1.00,1.00,1.00,1.00,1.00
2025-12-30T02:06:00Z,2.00,1.00,4.00,31.00,62.91,3.00,1.00,1.00,1.00,1.00,1.00,1.00
2025-12-30T02:11:00Z,2.00,1.00,4.00,26.00,62.91,3.00,1.00,1.00,1.00,1.00,1.00,1.00
2025-12-30T02:19:00Z,2.00,1.00,4.00,31.00,62.91,3.00,1.00,1.00,1.00,1.00,1.00,1.00
2025-12-30T02:22:00Z,2.00,1.00,4.00,31.00,73.00,3.00,1.00,1.00,1.00,1.00,1.00,1.00
2025-12-30T02:23:00Z,2.00,1.00,4.00,31.00,73.00,3.00,1.00,1.00,1.00,1.00,1.00,1.00
2025-12-30T02:51:00Z,3.00,1.00,4.00,31.00,73.00,3.00,1.00,1.00,1.00,1.00,1.00,1.00
2025-12-30T02:56:00Z,3.00,1.00,4.00,31.00,73.00,3.00,1.00,1.00,1.00,1.00,1.00,1.00
2025-12-30T03:26:00Z,1.00,1.00,4.00,31.00,73.00,3.00,1.00,1.00,1.00,1.00,1.00,1.00
2025-12-30T03:43:00Z,1.00,1.00,4.00,31.00,73.00,3.00,1.00,1.00,1.00,1.00,1.00,1.00
2025-12-30T03:50:00Z,1.00,1.00,4.00,31.00,73.00,3.00,1.00,1.00,1.00,1.00,1.00,1.00
2025-12-30T04:01:00Z,1.00,1.00,4.00,31.00,71.00,3.00,1.00,1.00,1.00,1.00,1.00,1.00
2025-12-30T04:36:00Z,1.00,1.00,4.00,31.00,71.00,3.00,1.00,1.00,1.00,1.00,1.00,1.00
2025-12-30T04:47:00Z,1.00,1.00,4.00,31.00,71.00,3.00,1.00,1.00,1.00,1.00,1.00,1.00
2025-12-30T04:53:00Z,1.00,1.00,4.00,30.96,71.00,2.00,1.00,1.00,1.00,1.00,1.00,1.00
2025-12-30T05:01:00Z,1.00,1.00,4.00,31.00,70.00,2.00,1.00,1.00,1.00,1.00,1.00,1.00
2025-12-30T05:14:00Z,3.00,1.00,4.00,31.00,70.00,2.00,1.00,1.00,1.00,1.00,1.00,1.00
2025-12-30T05:25:00Z,3.00,1.00,4.00,31.00,70.00,2.00,1.00,1.00,1.00,1.00,1.00,1.00
2025-12-30T05:26:00Z,3.00,1.00,4.00,31.00,70.00,2.00,1.00,1.00,1.00,1.00,1.00,1.00
2025-12-30T05:28:00Z,2.99,1.00,4.00,30.00,70.00,2.00,1.00,1.00,1.00,1.00,1.00,1.00
2025-12-30T05:53:00Z,3.00,1.00,4.00,30.00,70.00,2.00,1.00,1.00,1.00,1.00,1.00,1.00
2025-12-30T06:41:00Z,3.00,1.00,4.00,30.00,70.00,3.00,1.00,1.00,1.00,1.00,1.00,1.00
2025-12-30T06:46:00Z,3.00,1.00,4.00,30.00,70.00,3.00,1.00,1.00,1.00,1.00,1.00,1.00
2025-12-30T07:54:00Z,3.00,1.00,4.00,32.00,70.00,3.00,1.00,1.00,1.00,1.00,1.00,1.00
2025-12-30T07:55:00Z,3.00,1.00,4.00,32.00,70.00,3.00,1.00,1.00,1.00,1.00,1.00,1.00
2025-12-30T08:34:00Z,3.00,1.00,4.00,32.00,73.51,3.00,1.00,1.00,1.00,1.00,1.00,1.00
2025-12-30T09:32:00Z,3.00,1.00,4.00,32.00,73.51,3.72,1.00,1.00,1.00,1.00,1.00,1.00
2025-12-30T09:34:00Z,3.00,1.00,4.00,32.00,73.51,3.72,1.17,1.00,1.00,1.00,1.00,1.00
2025-12-30T09:35:00Z,3.00,1.00,4.00,32.00,73.51,3.72,1.17,1.00,1.00,1.00,1.00,1.00
2025-12-30T09:43:00Z,3.00,1.00,4.00,32.00,64.00,3.72,1.17,1.00,1.00,1.00,1.00,1.00
2025-12-30T10:04:00Z,3.00,1.00,3.00,32.00,64.00,3.72,1.17,1.00,1.00,1.00,1.00,1.00
2025-12-30T10:47:00Z,3.00,1.00,3.00,32.00,64.00,6.06,2.00,1.00,1.00,1.00,1.00,1.00
2025-12-30T10:48:00Z,3.00,1.00,3.00,32.00,71.68,6.06,2.00,1.00,1.00,1.00,1.00,1.00
2025-12-30T10:50:00Z,3.00,1.00,3.00,32.00,71.68,6.06,2.00,1.00,1.00,1.00,1.00,1.00
2025-12-30T10:51:00Z,3.00,1.00,3.00,32.00,71.68,7.00,2.00,1.00,1.00,1.00,1.00,1.00
2025-12-30T10:52:00Z,3.00,1.00,3.00,32.00,71.68,7.00,2.00,1.00,1.00,1.00,1.00,1.00
2025-12-30T10:53:00Z,3.00,1.00,3.00,32.00,63.00,6.94,2.00,1.00,1.00,1.00,1.00,1.00
2025-12-30T12:29:00Z,3.00,1.00,3.00,29.00,63.00,6.94,2.00,1.00,1.00,1.00,1.00,1.00
2025-12-30T12:39:00Z,3.00,1.00,3.00,29.00,70.00,6.94,2.00,1.00,1.00,1.00,1.00,1.00
2025-12-30T12:43:00Z,3.00,1.00,3.00,29.00,70.00,4.04,2.00,1.00,1.00,1.00,1.00,1.00
2025-12-30T12:44:00Z,3.00,1.00,3.00,28.00,70.00,4.04,2.00,1.00,1.00,1.00,1.00,1.00
2025-12-30T12:57:00Z,3.00,1.00,2.00,28.00,70.00,4.04,2.00,1.00,1.00,1.00,1.00,1.00
2025-12-30T13:00:00Z,3.00,1.00,2.00,27.00,70.00,4.04,2.00,1.00,1.00,1.00,1.00,1.00
2025-12-30T13:22:00Z,3.00,1.00,2.00,27.00,70.00,4.04,2.00,1.00,1.00,1.00,1.00,1.00
2025-12-30T13:24:00Z,3.00,1.00,2.00,27.00,70.00,4.00,2.00,1.00,1.00,1.00,1.00,1.00
2025-12-30T14:40:00Z,2.00,1.00,2.00,29.00,70.00,4.00,2.00,1.00,1.00,1.00,1.00,1.00
2025-12-30T14:52:00Z,2.00,1.00,2.00,29.00,70.00,4.00,2.00,1.00,1.00,1.00,1.00,1.00
2025-12-30T14:54:00Z,2.00,1.00,2.00,29.00,70.00,4.00,2.00,1.00,1.00,1.00,1.00,1.00
2025-12-30T15:01:00Z,2.00,1.00,2.00,29.00,71.00,4.00,2.00,1.00,1.00,1.00,1.00,1.00
2025-12-30T15:03:00Z,2.00,1.00,2.00,29.00,71.00,4.00,2.00,1.00,1.00,1.00,1.00,1.00
2025-12-30T15:06:00Z,2.00,1.00,2.00,29.00,71.00,4.00,2.00,1.00,1.00,1.00,1.00,1.00
2025-12-30T15:07:00Z,2.00,1.00,2.00,29.00,71.00,4.00,2.00,1.00,1.00,1.00,1.00,1.00
2025-12-30T15:08:00Z,2.00,1.00,2.00,29.00,71.00,3.04,2.00,1.00,1.00,1.00,1.00,1.00
2025-12-30T15:09:00Z,2.00,1.00,2.00,29.00,71.00,3.63,2.00,1.00,1.00,1.00,1.00,1.00
2025-12-30T15:15:00Z,2.00,1.00,2.00,29.00,71.00,3.63,2.00,1.00,1.00,1.00,1.00,1.00
2025-12-30T15:17:00Z,2.00,1.00,2.00,29.00,71.00,3.00,2.00,1.00,1.00,1.00,1.00,1.00
2025-12-30T15:24:00Z,2.00,1.00,2.00,29.00,71.00,3.00,2.00,1.00,1.00,1.00,1.00,1.00
2025-12-30T15:34:00Z,2.00,1.00,2.00,29.00,71.00,2.00,2.00,1.00,1.00,1.00,1.00,1.00
2025-12-30T15:47:00Z,2.00,1.00,2.00,29.00,71.00,2.00,2.00,1.00,1.00,1.00,1.00,1.00
2025-12-30T15:48:00Z,2.00,1.00,2.00,29.00,71.00,2.00,2.00,1.00,1.00,1.00,1.00,1.00
2025-12-30T15:53:00Z,2.00,1.00,2.00,29.00,71.00,2.00,2.00,1.00,1.00,1.00,1.00,1.00
2025-12-30T16:09:00Z,2.00,1.00,2.00,27.00,71.00,2.00,2.00,1.00,1.00,1.00,1.00,1.00
2025-12-30T16:12:00Z,2.00,1.00,2.00,27.00,71.00,2.00,2.00,1.00,1.00,1.00,1.00,1.00
2025-12-30T16:16:00Z,2.00,1.00,2.00,27.00,66.00,2.00,2.00,1.00,1.00,1.00,1.00,1.00
2025-12-30T16:18:00Z,2.00,1.00,2.00,27.00,64.00,2.00,2.00,1.00,1.00,1.00,1.00,1.00
2025-12-30T16:27:00Z,2.00,1.00,2.00,27.00,72.00,2.00,2.00,1.00,1.00,1.00,1.00,1.00
2025-12-30T16:29:00Z,2.00,1.00,2.00,27.00,71.00,2.00,2.00,1.00,1.00,1.00,1.00,1.00
2025-12-30T16:30:00Z,2.00,1.00,2.00,29.00,71.00,2.00,2.00,1.00,1.00,1.00,1.00,1.00
2025-12-30T16:42:00Z,2.00,1.00,2.00,29.00,71.00,2.00,2.00,1.00,1.00,1.00,1.00,1.00
2025-12-30T16:51:00Z,2.00,1.00,2.00,29.00,71.00,2.00,2.00,1.00,1.00,1.00,1.00,1.00
2025-12-30T17:04:00Z,2.00,1.00,2.00,16.10,76.88,2.91,2.00,1.00,1.00,1.00,1.00,1.00
2025-12-30T17:06:00Z,2.00,1.00,2.00,16.10,76.88,4.66,2.00,1.00,1.00,1.00,1.00,1.00
2025-12-30T17:08:00Z,2.00,1.00,2.00,16.10,85.00,4.66,2.00,1.00,1.00,1.00,1.00,1.00
2025-12-30T17:15:00Z,2.00,1.00,2.00,16.10,85.00,3.07,2.00,1.00,1.00,1.00,1.00,1.00
2025-12-30T17:31:00Z,2.00,1.00,2.00,16.10,85.00,3.07,2.00,1.00,1.00,1.00,1.00,1.00
2025-12-30T17:33:00Z,1.00,1.00,1.00,8.61,89.00,2.38,2.00,1.00,1.00,1.00,1.00,1.00
2025-12-30T17:39:00Z,1.00,1.00,1.00,16.00,89.00,8.84,2.00,1.00,1.00,1.00,1.00,1.00
2025-12-30T17:40:00Z,1.00,1.00,1.00,16.00,89.00,5.00,2.00,1.00,1.00,1.00,1.00,1.00
2025-12-30T17:41:00Z,1.00,1.00,1.00,16.00,89.00,4.00,2.00,1.00,1.00,1.00,1.00,1.00
2025-12-30T17:42:00Z,1.00,1.00,1.00,16.00,81.62,4.00,2.00,1.00,1.00,1.00,1.00,1.00
2025-12-30T17:43:00Z,2.00,1.00,1.00,16.00,81.62,4.00,2.00,1.00,1.00,1.00,1.00,1.00
2025-12-30T17:45:00Z,2.00,1.00,2.00,16.00,81.62,4.00,2.00,1.00,1.00,1.00,1.00,1.00
2025-12-30T17:55:00Z,2.00,1.00,2.00,16.00,81.62,5.50,2.00,1.00,1.00,1.00,1.00,1.00
2025-12-30T17:56:00Z,2.00,1.00,2.00,16.00,81.62,4.06,2.00,1.00,1.00,1.00,1.00,1.00
2025-12-30T18:00:00Z,2.00,1.00,2.00,8.29,81.62,4.06,2.00,1.00,1.00,1.00,1.00,1.00
2025-12-30T18:01:00Z,2.00,1.00,2.00,8.29,81.62,5.07,2.00,1.00,1.00,1.00,1.00,1.00
2025-12-30T18:05:00Z,2.00,1.00,2.00,8.29,81.62,4.97,2.00,1.00,1.00,1.00,1.00,1.00
2025-12-30T18:06:00Z,2.00,1.00,2.00,10.70,81.62,4.97,2.00,1.00,1.00,1.00,1.00,1.00
2025-12-30T18:08:00Z,2.00,1.00,2.00,10.70,86.00,4.97,2.00,1.00,1.00,1.00,1.00,1.00
2025-12-30T18:10:00Z,2.00,1.00,2.00,10.70,88.00,4.97,2.00,1.00,1.00,1.00,1.00,1.00
2025-12-30T18:14:00Z,2.00,1.00,2.00,8.09,87.50,4.97,2.00,1.00,1.00,1.00,1.00,1.00
2025-12-30T18:15:00Z,2.00,1.00,2.00,13.00,87.50,4.97,2.00,1.00,1.00,1.00,1.00,1.00
2025-12-30T18:16:00Z,2.00,1.00,2.00,13.00,87.50,4.82,2.00,1.00,1.00,1.00,1.00,1.00
2025-12-30T18:27:00Z,2.00,1.00,2.00,14.65,87.50,4.82,2.00,1.00,1.00,1.00,1.00,1.00
2025-12-30T18:30:00Z,1.00,1.00,2.00,14.65,87.50,4.82,2.00,1.00,1.00,1.00,1.00,1.00
2025-12-30T18:34:00Z,1.00,1.00,1.00,14.65,87.50,4.82,2.00,1.00,1.00,1.00,1.00,1.00
2025-12-30T18:36:00Z,1.00,1.00,1.00,14.00,87.50,4.82,2.00,1.00,1.00,1.00,1.00,1.00
2025-12-30T18:41:00Z,1.00,1.00,1.00,16.42,87.50,4.82,2.00,1.00,1.00,1.00,1.00,1.00
2025-12-30T18:44:00Z,1.00,1.00,1.00,16.42,88.00,4.82,2.00,1.00,1.00,1.00,1.00,1.00
2025-12-30T18:46:00Z,1.00,1.00,1.00,16.42,89.00,4.82,2.00,1.00,1.00,1.00,1.00,1.00
2025-12-30T18:47:00Z,1.00,1.00,1.00,11.94,90.00,4.82,2.00,1.00,1.00,1.00,1.00,1.00
2025-12-30T18:48:00Z,1.00,1.00,1.00,11.94,90.00,5.66,2.00,1.00,1.00,1.00,1.00,1.00
2025-12-30T18:50:00Z,1.00,1.00,1.00,16.00,91.00,5.66,2.00,1.00,1.00,1.00,1.00,1.00
2025-12-30T18:52:00Z,1.00,1.00,1.00,9.00,89.00,5.00,2.00,1.00,1.00,1.00,1.00,1.00
2025-12-30T18:58:00Z,1.00,1.00,1.00,8.00,89.00,5.00,2.00,1.00,1.00,1.00,1.00,1.00
2025-12-30T19:06:00Z,1.00,1.00,1.00,14.00,89.00,5.00,2.00,1.00,1.00,1.00,1.00,1.00
2025-12-30T19:12:00Z,1.00,1.00,1.00,14.00,89.00,5.00,2.00,1.00,1.00,1.00,1.00,1.00
2025-12-30T19:21:00Z,1.00,1.00,1.00,14.00,89.00,5.93,2.00,1.00,1.00,1.00,1.00,1.00
2025-12-30T19:22:00Z,1.00,1.00,1.00,14.00,89.00,5.93,1.00,1.00,1.00,1.00,1.00,1.00
2025-12-30T19:24:00Z,1.00,1.00,1.00,14.00,89.00,6.00,1.00,1.00,1.00,1.00,1.00,1.00
2025-12-30T19:25:00Z,1.00,1.00,1.00,14.00,88.00,6.00,1.00,1.00,1.00,1.00,1.00,1.00
2025-12-30T19:37:00Z,1.00,1.00,1.00,14.00,89.00,6.00,1.00,1.00,1.00,1.00,1.00,1.00
2025-12-30T19:38:00Z,1.00,1.00,1.00,14.00,89.00,6.00,1.00,1.00,1.00,1.00,1.00,1.00
2025-12-30T20:00:00Z,1.00,1.00,1.00,14.00,89.00,5.00,1.00,1.00,1.00,1.00,1.00,1.00
2025-12-30T20:07:00Z,1.00,1.00,1.00,14.00,89.00,5.00,1.00,1.00,1.00,1.00,1.00,1.00
2025-12-30T20:08:00Z,1.00,1.00,1.00,14.00,89.00,5.00,1.00,1.00,1.00,1.00,1.00,1.00
2025-12-30T20:15:00Z,1.00,1.00,1.00,14.00,89.00,5.00,1.00,1.00,1.00,1.00,1.00,1.00
2025-12-30T20:23:00Z,1.00,1.00,1.00,14.00,91.00,5.00,1.00,1.00,1.00,1.00,1.00,1.00
2025-12-30T20:31:00Z,1.00,1.00,1.00,10.00,91.00,5.00,1.00,1.00,1.00,1.00,1.00,1.00
2025-12-30T20:35:00Z,1.00,1.00,1.00,6.14,91.00,5.00,1.00,1.00,1.00,1.00,1.00,1.00
2025-12-30T20:36:00Z,1.00,1.00,1.00,6.14,91.00,5.00,1.00,1.00,1.00,1.00,1.00,1.00
2025-12-30T21:21:00Z,1.00,1.00,1.00,6.04,90.02,6.00,1.00,1.00,1.00,1.00,1.00,1.00
2025-12-30T21:32:00Z,1.00,1.00,1.00,6.00,90.12,6.03,1.00,1.00,1.00,1.00,1.00,1.00
2025-12-30T21:34:00Z,1.00,1.00,1.00,8.00,90.00,6.03,1.00,1.00,1.00,1.00,1.00,1.00
2025-12-30T21:51:00Z,1.00,1.00,1.00,8.65,90.00,6.03,1.00,1.00,1.00,1.00,1.00,1.00
2025-12-30T22:00:00Z,1.00,1.00,1.00,9.02,90.00,6.03,1.00,1.00,1.00,1.00,1.00,1.00
2025-12-30T22:13:00Z,1.00,1.00,1.00,9.00,90.00,6.03,1.00,1.00,1.00,1.00,1.00,1.00
2025-12-30T22:23:00Z,1.00,1.00,1.00,2.68,94.93,6.03,1.00,1.00,1.00,1.00,1.00,1.00
2025-12-30T22:46:00Z,1.00,1.00,1.00,2.68,94.93,6.03,1.00,1.00,1.00,1.00,1.00,1.00
2025-12-30T22:47:00Z,1.00,1.00,1.00,2.68,94.93,6.03,1.00,1.00,1.00,1.00,1.00,1.00
2025-12-30T22:56:00Z,1.00,1.00,1.00,8.45,94.93,6.03,1.00,1.00,1.00,1.00,1.00,1.00
2025-12-30T22:59:00Z,1.00,1.00,1.00,8.45,92.00,6.03,1.00,1.00,1.00,1.00,1.00,1.00
2025-12-30T23:14:00Z,1.00,1.00,1.00,4.00,89.00,10.00,1.00,1.00,1.00,1.00,1.00,1.00
2025-12-30T23:15:00Z,1.00,1.00,1.00,4.00,88.00,10.00,1.00,1.00,1.00,1.00,1.00,1.00
2025-12-30T23:17:00Z,1.00,1.00,1.00,4.00,88.00,14.00,1.00,1.00,1.00,1.00,1.00,1.00
2025-12-30T23:24:00Z,1.00,1.00,1.00,4.00,93.00,14.00,1.00,1.00,1.00,1.00,1.00,1.00
2025-12-30T23:42:00Z,1.00,1.00,1.00,4.00,93.00,14.00,1.00,1.00,1.00,1.00,1.00,1.00
2025-12-30T23:43:00Z,1.00,1.00,1.00,4.00,88.00,14.00,1.00,1.00,1.00,1.00,1.00,1.00
2025-12-30T23:51:00Z,1.00,1.00,1.00,4.00,88.00,14.00,1.00,1.00,1.00,1.00,1.00,1.00
2025-12-31T00:02:00Z,1.00,1.00,1.00,4.00,88.00,14.00,1.00,1.00,1.00,1.00,1.00,1.00
2025-12-31T00:08:00Z,1.00,1.00,1.00,4.00,88.00,14.00,1.00,1.00,1.00,1.00,1.00,1.00
2025-12-31T00:47:00Z,1.00,1.00,1.00,4.00,88.00,10.21,1.00,1.00,1.00,1.00,1.00,1.00
2025-12-31T00:54:00Z,1.00,1.00,1.00,6.00,88.00,10.21,1.00,1.00,1.00,1.00,1.00,1.00
2025-12-31T00:55:00Z,1.00,1.00,1.00,6.00,88.00,10.21,1.00,1.00,1.00,1.00,1.00,1.00
2025-12-31T00:57:00Z,1.00,1.00,1.00,6.00,88.00,10.21,1.00,1.00,1.00,1.00,1.00,1.00
2025-12-31T01:09:00Z,1.00,1.00,1.00,6.00,88.00,5.00,1.00,1.00,1.00,1.00,1.00,1.00
2025-12-31T01:13:00Z,1.00,1.00,1.00,6.00,88.00,5.00,1.00,1.00,1.00,1.00,1.00,1.00
2025-12-31T01:18:00Z,1.00,1.00,1.00,5.00,88.00,5.00,1.00,1.00,1.00,1.00,1.00,1.00
2025-12-31T01:22:00Z,1.00,1.00,1.00,5.33,88.00,5.00,1.00,1.00,1.00,1.00,1.00,1.00
2025-12-31T01:29:00Z,1.00,1.00,1.00,5.33,92.00,5.00,1.00,1.00,1.00,1.00,1.00,1.00
2025-12-31T01:33:00Z,1.00,1.00,1.00,5.33,92.00,5.00,1.00,1.00,1.00,1.00,1.00,1.00
2025-12-31T01:34:00Z,1.00,1.00,1.00,5.33,89.00,9.00,1.00,1.00,1.00,1.00,1.00,1.00
2025-12-31T01:36:00Z,1.00,1.00,1.00,4.00,89.00,9.00,1.00,1.00,1.00,1.00,1.00,1.00
2025-12-31T01:37:00Z,1.00,1.00,1.00,4.02,89.00,9.00,1.00,1.00,1.00,1.00,1.00,1.00
2025-12-31T01:41:00Z,1.00,1.00,1.00,4.02,89.00,10.00,1.00,1.00,1.00,1.00,1.00,1.00
2025-12-31T01:43:00Z,1.00,1.00,1.00,3.00,88.64,10.00,1.00,1.00,1.00,1.00,1.00,1.00
2025-12-31T01:44:00Z,1.00,1.00,1.00,3.00,88.64,9.28,1.00,1.00,1.00,1.00,1.00,1.00
2025-12-31T01:45:00Z,1.00,1.00,1.00,3.00,88.64,9.28,1.00,1.00,1.00,1.00,1.00,1.00
2025-12-31T01:51:00Z,1.00,1.00,1.00,4.87,88.64,10.00,1.00,1.00,1.00,1.00,1.00,1.00
2025-12-31T01:52:00Z,1.00,1.00,1.00,4.87,88.64,10.00,1.00,1.00,1.00,1.00,1.00,1.00
2025-12-31T01:53:00Z,1.00,1.00,1.00,4.87,88.64,10.00,1.00,1.00,1.00,1.00,1.00,1.00
2025-12-31T02:14:00Z,1.00,1.00,1.00,5.00,88.64,10.00,1.00,1.00,1.00,1.00,1.00,1.00
2025-12-31T02:15:00Z,1.00,1.00,1.00,5.00,88.64,10.00,1.00,1.00,1.00,1.00,1.00,1.00
2025-12-31T02:33:00Z,1.00,1.00,1.00,5.00,88.64,10.00,1.00,1.00,1.00,1.00,1.00,1.00
2025-12-31T02:54:00Z,1.00,1.00,1.00,5.00,88.64,10.00,1.00,1.00,1.00,1.00,1.00,1.00
2025-12-31T03:03:00Z,1.00,1.00,1.00,5.00,88.64,10.00,1.00,1.00,1.00,1.00,1.00,1.00
2025-12-31T03:07:00Z,1.00,1.00,1.00,5.00,88.64,10.00,1.00,1.00,1.00,1.00,1.00,1.00
2025-12-31T03:11:00Z,1.00,1.00,1.00,3.00,88.64,10.00,1.00,1.00,1.00,1.00,1.00,1.00
2025-12-31T03:32:00Z,1.00,1.00,1.00,3.00,88.00,10.00,1.00,1.00,1.00,1.00,1.00,1.00
2025-12-31T03:34:00Z,1.00,1.00,1.00,3.32,88.00,10.00,1.00,1.00,1.00,1.00,1.00,1.00
2025-12-31T03:35:00Z,1.00,1.00,1.00,3.00,88.00,10.00,1.00,1.00,1.00,1.00,1.00,1.00
2025-12-31T03:41:00Z,1.00,1.00,1.00,3.00,88.00,10.00,1.00,1.00,1.00,1.00,1.00,1.00
2025-12-31T03:48:00Z,1.00,1.00,1.00,2.00,88.00,10.00,1.00,1.00,1.00,1.00,1.00,1.00
2025-12-31T03:56:00Z,1.00,1.00,1.00,3.94,88.00,10.00,1.00,1.00,1.00,1.00,1.00,1.00
2025-12-31T04:09:00Z,1.00,1.00,1.00,4.81,88.00,10.00,1.85,1.00,1.00,1.00,1.00,1.00
2025-12-31T04:11:00Z,1.00,1.00,1.00,4.95,88.00,10.00,1.85,1.00,1.00,1.00,1.00,1.00
2025-12-31T04:18:00Z,1.00,1.00,1.00,2.10,88.00,10.00,1.85,1.00,1.00,1.00,1.00,1.00
2025-12-31T04:19:00Z,1.00,1.00,1.00,3.00,85.05,10.00,1.85,1.00,1.00,1.00,1.00,1.00
2025-12-31T04:20:00Z,1.00,1.00,1.00,4.64,85.05,10.00,1.85,1.00,1.00,1.00,1.00,1.00
2025-12-31T04:21:00Z,1.00,1.00,1.00,4.64,85.05,9.00,1.85,1.00,1.00,1.00,1.00,1.00
2025-12-31T04:24:00Z,1.00,1.00,1.00,4.64,85.00,9.00,1.85,1.00,1.00,1.00,1.00,1.00
2025-12-31T04:25:00Z,1.00,1.00,1.00,3.00,85.00,9.00,2.00,1.00,1.00,1.00,1.00,1.00
2025-12-31T04:26:00Z,1.00,1.00,1.00,1.12,85.00,9.00,2.00,1.00,1.00,1.00,1.00,1.00
2025-12-31T04:33:00Z,1.00,1.00,1.00,1.12,85.00,9.00,2.00,1.00,1.00,1.00,1.00,1.00
2025-12-31T04:38:00Z,1.00,1.00,1.00,1.12,83.00,9.98,1.00,1.00,1.00,1.00,1.00,1.00
2025-12-31T04:49:00Z,1.00,1.00,1.00,1.12,83.00,9.00,1.00,1.00,1.00,1.00,1.00,1.00
2025-12-31T04:50:00Z,1.00,1.00,1.00,1.12,81.00,7.64,1.00,1.00,1.00,1.00,1.00,1.00
2025-12-31T04:57:00Z,1.00,1.00,1.00,1.12,81.00,7.64,4.42,1.00,1.00,1.00,1.00,1.00
2025-12-31T05:05:00Z,1.00,1.00,1.00,1.12,81.00,10.82,4.42,1.00,1.00,1.00,1.00,1.00
2025-12-31T05:16:00Z,1.00,1.00,1.00,2.00,81.00,10.82,4.42,1.00,1.00,1.00,1.00,1.00
2025-12-31T05:17:00Z,1.00,1.00,1.00,3.00,81.00,10.82,4.42,1.00,1.00,1.00,1.00,1.00
2025-12-31T05:18:00Z,1.00,1.00,1.00,3.00,81.00,11.00,4.42,1.00,1.00,1.00,1.00,1.00
2025-12-31T05:27:00Z,1.00,1.00,1.00,3.00,78.00,11.00,4.42,1.00,1.00,1.00,1.00,1.00
2025-12-31T05:30:00Z,1.00,1.00,1.00,3.00,78.00,12.82,4.42,1.00,1.00,1.00,1.00,1.00
2025-12-31T05:45:00Z,1.00,1.00,1.00,3.00,78.00,12.82,4.69,1.00,1.00,1.00,1.00,1.00
2025-12-31T05:58:00Z,1.00,1.00,1.00,3.00,78.00,14.00,4.69,1.00,1.00,1.00,1.00,1.00
2025-12-31T06:00:00Z,1.00,1.00,1.00,3.00,78.00,14.00,4.69,1.00,1.00,1.00,1.00,1.00
2025-12-31T06:11:00Z,1.00,1.00,1.00,3.00,78.00,14.00,4.69,1.00,1.00,1.00,1.00,1.00
2025-12-31T06:15:00Z,1.00,1.00,1.00,4.67,78.00,7.21,4.69,1.00,1.00,1.00,1.00,1.00
2025-12-31T06:20:00Z,1.00,1.00,1.00,4.67,78.00,7.21,4.69,1.00,1.00,1.00,1.00,1.00
2025-12-31T06:22:00Z,1.00,1.00,1.00,4.67,78.00,17.79,4.69,1.00,1.00,1.00,1.00,1.00
2025-12-31T06:28:00Z,1.00,1.00,1.00,5.00,78.00,14.00,4.69,1.00,1.00,1.00,1.00,1.00
2025-12-31T06:33:00Z,1.00,1.00,1.00,6.44,88.00,14.00,4.69,1.00,1.00,1.00,1.00,1.00
2025-12-31T06:48:00Z,1.00,1.00,1.00,6.44,88.00,13.69,4.69,1.00,1.00,1.00,1.00,1.00
2025-12-31T06:50:00Z,1.00,1.00,1.00,6.00,88.00,13.69,4.69,1.00,1.00,1.00,1.00,1.00
2025-12-31T06:52:00Z,1.00,1.00,1.00,6.00,88.00,14.00,4.69,1.00,1.00,1.00,1.00,1.00
2025-12-31T06:53:00Z,1.00,1.00,1.00,6.00,88.00,14.00,4.69,1.00,1.00,1.00,1.00,1.00
2025-12-31T06:55:00Z,1.00,1.00,1.00,6.00,88.00,14.00,4.69,1.00,1.00,1.00,1.00,1.00
2025-12-31T06:59:00Z,1.00,1.00,1.00,6.96,88.00,14.00,4.69,1.00,1.00,1.00,1.00,1.00
2025-12-31T07:10:00Z,1.00,1.00,1.00,6.96,81.00,14.00,4.69,1.00,1.00,1.00,1.00,1.00
2025-12-31T07:16:00Z,1.00,1.00,1.00,6.96,87.90,14.00,4.69,1.00,1.00,1.00,1.00,1.00
2025-12-31T07:22:00Z,1.00,1.00,1.00,6.96,87.90,14.00,4.69,1.00,1.00,1.00,1.00,1.00
2025-12-31T07:23:00Z,1.00,1.00,1.00,6.96,87.90,14.00,4.69,1.00,1.00,1.00,1.00,1.00
2025-12-31T07:31:00Z,1.00,1.00,1.00,6.96,87.90,14.00,4.69,1.00,1.00,1.00,1.00,1.00
2025-12-31T07:32:00Z,1.00,1.00,1.00,6.96,87.90,14.74,4.69,1.00,1.00,1.00,1.00,1.00
2025-12-31T07:41:00Z,1.00,1.00,1.00,6.96,87.90,15.00,4.69,1.00,1.00,1.00,1.00,1.00
2025-12-31T07:56:00Z,1.00,1.00,1.00,3.00,87.90,15.00,4.69,1.00,1.00,1.00,1.00,1.00
2025-12-31T08:12:00Z,1.00,1.00,1.00,3.00,87.90,14.00,4.69,1.00,1.00,1.00,1.00,1.00
2025-12-31T08:13:00Z,1.00,1.00,1.00,3.00,87.90,14.00,4.69,1.00,1.00,1.00,1.00,1.00
2025-12-31T08:17:00Z,1.00,1.00,1.00,3.00,87.90,14.00,4.69,1.00,1.00,1.00,1.00,1.00
2025-12-31T08:18:00Z,1.00,1.00,1.00,3.00,71.25,14.00,4.69,1.00,1.00,1.00,1.00,1.00
2025-12-31T08:44:00Z,1.00,1.00,1.00,3.00,71.25,9.00,4.69,1.00,1.00,1.00,1.00,1.00
2025-12-31T09:47:00Z,1.00,1.00,1.00,3.00,71.25,13.85,4.69,1.00,1.00,1.00,1.00,1.00
2025-12-31T10:30:00Z,1.00,1.00,1.00,3.00,77.50,13.85,4.69,1.00,1.00,1.00,1.00,1.00
2025-12-31T10:55:00Z,1.00,1.00,1.00,3.00,77.50,13.92,4.69,1.00,1.00,1.00,1.00,1.00
2025-12-31T11:18:00Z,1.00,1.00,1.00,3.00,81.00,13.92,4.69,1.00,1.00,1.00,1.00,1.00
2025-12-31T11:21:00Z,1.00,1.00,1.00,3.00,81.00,7.95,4.69,1.00,1.00,1.00,1.00,1.00
2025-12-31T11:49:00Z,1.00,1.00,1.00,2.02,81.00,7.95,4.69,1.00,1.00,1.00,1.00,1.00
2025-12-31T12:03:00Z,1.00,1.00,1.00,2.02,81.97,7.95,3.00,1.00,1.00,1.00,1.00,1.00
2025-12-31T12:09:00Z,1.00,1.00,1.00,2.00,81.97,7.95,3.00,1.00,1.00,1.00,1.00,1.00
2025-12-31T12:14:00Z,1.00,1.00,1.00,2.00,81.97,7.95,3.00,1.00,1.00,1.00,1.00,1.00
2025-12-31T12:19:00Z,1.00,1.00,1.00,3.12,81.97,7.95,3.00,1.00,1.00,1.00,1.00,1.00
2025-12-31T12:21:00Z,1.00,1.00,1.00,4.45,81.97,7.95,3.00,1.00,1.00,1.00,1.00,1.00
2025-12-31T12:29:00Z,1.00,1.00,1.00,5.56,81.97,7.95,3.00,1.00,1.00,1.00,1.00,1.00
2025-12-31T12:33:00Z,1.00,1.00,1.00,5.56,81.97,7.95,3.00,1.00,1.00,1.00,1.00,1.00
2025-12-31T12:47:00Z,1.00,1.00,1.00,5.56,81.97,7.95,3.00,1.00,1.00,1.00,1.00,1.00
2025-12-31T12:48:00Z,1.00,1.00,1.00,5.56,81.97,7.95,3.00,1.00,1.00,1.00,1.00,1.00
2025-12-31T12:49:00Z,1.00,1.00,1.00,5.56,81.97,8.95,3.00,1.00,1.00,1.00,1.00,1.00
2025-12-31T12:59:00Z,1.00,1.00,1.00,5.56,93.00,8.95,3.00,1.00,1.00,1.00,1.00,1.00
2025-12-31T13:00:00Z,1.00,1.00,1.00,5.56,93.00,8.95,2.00,1.00,1.00,1.00,1.00,1.00
2025-12-31T13:11:00Z,1.00,1.00,1.00,4.99,93.00,8.95,2.00,1.00,1.00,1.00,1.00,1.00
2025-12-31T13:22:00Z,1.00,1.00,1.00,3.00,93.00,8.95,2.00,1.00,1.00,1.00,1.00,1.00
2025-12-31T13:25:00Z,1.00,1.00,1.00,3.00,93.00,8.95,2.00,1.00,1.00,1.00,1.00,1.00
2025-12-31T13:33:00Z,1.00,1.00,1.00,2.10,76.73,8.95,2.00,1.00,1.00,1.00,1.00,1.00
2025-12-31T13:35:00Z,1.00,1.00,1.00,1.19,76.73,8.95,2.00,1.00,1.00,1.00,1.00,1.00
2025-12-31T13:37:00Z,1.00,1.00,1.00,1.19,76.73,9.00,2.00,1.00,1.00,1.00,1.00,1.00
2025-12-31T13:46:00Z,1.00,1.00,1.00,1.19,76.73,9.00,2.00,1.00,1.00,1.00,1.00,1.00
2025-12-31T14:16:00Z,1.00,1.00,1.00,1.19,90.03,9.00,2.00,1.00,1.00,1.00,1.00,1.00
2025-12-31T14:17:00Z,1.00,1.00,1.00,3.00,90.03,10.00,2.00,1.00,1.00,1.00,1.00,1.00
2025-12-31T14:18:00Z,1.00,1.00,1.00,3.00,87.00,10.00,2.00,1.00,1.00,1.00,1.00,1.00
2025-12-31T14:19:00Z,1.00,1.00,1.00,3.00,91.00,10.00,2.00,1.00,1.00,1.00,1.00,1.00
2025-12-31T14:26:00Z,1.00,1.00,1.00,3.00,91.00,10.00,2.00,1.00,1.00,1.00,1.00,1.00
2025-12-31T14:29:00Z,1.00,1.00,1.00,3.21,91.00,10.00,2.00,1.00,1.00,1.00,1.00,1.00
2025-12-31T14:31:00Z,1.00,1.00,1.00,3.21,91.00,10.00,2.00,1.00,1.00,1.00,1.00,1.00
2025-12-31T14:32:00Z,1.00,1.00,1.00,3.21,91.00,10.00,2.00,1.00,1.00,1.00,1.00,1.00
2025-12-31T14:36:00Z,1.00,1.00,1.00,3.21,91.00,9.00,2.00,1.00,1.00,1.00,1.00,1.00
2025-12-31T14:40:00Z,1.00,1.00,1.00,3.21,91.00,9.00,2.00,1.00,1.00,1.00,1.00,1.00
2025-12-31T14:44:00Z,1.00,1.00,1.00,3.21,91.96,9.00,2.00,1.00,1.00,1.00,1.00,1.00
2025-12-31T14:52:00Z,1.00,1.00,1.00,3.21,91.96,9.00,2.00,1.00,1.00,1.00,1.00,1.00
2025-12-31T14:56:00Z,1.00,1.00,1.00,3.21,92.00,5.93,2.00,1.00,1.00,1.00,1.00,1.00
2025-12-31T14:58:00Z,1.00,1.00,1.00,3.21,92.00,5.00,2.00,1.00,1.00,1.00,1.00,1.00
2025-12-31T15:10:00Z,1.00,1.00,1.00,3.21,92.00,5.00,2.00,1.00,1.00,1.00,1.00,1.00
2025-12-31T15:30:00Z,1.00,1.00,1.00,3.21,92.00,5.00,2.00,1.00,1.00,1.00,1.00,1.00
2025-12-31T15:35:00Z,1.00,1.00,1.00,3.21,92.00,5.00,2.00,1.00,1.00,1.00,1.00,1.00
2025-12-31T15:37:00Z,1.00,1.00,1.00,3.21,92.00,5.00,3.87,1.00,1.00,1.00,1.00,1.00
2025-12-31T15:42:00Z,1.00,1.00,1.00,3.21,92.00,5.00,3.87,1.00,1.00,1.00,1.00,1.00
2025-12-31T15:43:00Z,1.00,1.00,1.00,3.21,92.00,5.00,3.87,1.00,1.00,1.00,1.00,1.00
2025-12-31T15:56:00Z,1.00,1.00,1.00,3.21,92.00,5.00,3.87,1.00,1.00,1.00,1.00,1.00
2025-12-31T15:59:00Z,1.00,1.00,1.00,3.21,90.04,8.00,3.87,1.00,1.00,1.00,1.00,1.00
2025-12-31T16:00:00Z,1.00,1.00,1.00,3.21,90.04,8.00,3.87,1.00,1.00,1.00,1.00,1.00
2025-12-31T16:06:00Z,1.00,1.00,1.00,3.21,91.40,8.00,3.87,1.00,1.00,1.00,1.00,1.00
2025-12-31T16:15:00Z,1.00,1.00,1.00,2.00,91.40,8.00,3.87,1.00,1.00,1.00,1.00,1.00
2025-12-31T16:17:00Z,1.00,1.00,1.00,2.00,91.40,8.00,3.87,1.00,1.00,1.00,1.00,1.00
2025-12-31T16:18:00Z,1.00,1.00,1.00,2.00,91.40,7.00,3.87,1.00,1.00,1.00,1.00,1.00
2025-12-31T16:32:00Z,1.00,1.00,1.00,2.00,89.00,7.00,3.87,1.00,1.00,1.00,1.00,1.00
2025-12-31T16:34:00Z,1.00,1.00,1.00,2.00,89.00,7.00,3.87,1.00,1.00,1.00,1.00,1.00
2025-12-31T16:35:00Z,1.00,1.00,1.00,2.00,91.84,7.00,3.87,1.00,1.00,1.00,1.00,1.00
2025-12-31T16:37:00Z,1.00,1.00,1.00,2.00,91.84,7.00,3.87,1.00,1.00,1.00,1.00,1.00
2025-12-31T16:39:00Z,1.00,1.00,1.00,2.00,93.00,7.00,3.87,1.00,1.00,1.00,1.00,1.00
2025-12-31T16:40:00Z,1.00,1.00,1.00,2.00,93.00,5.07,3.87,1.00,1.00,1.00,1.00,1.00
2025-12-31T16:41:00Z,1.00,1.00,1.00,2.00,93.30,5.07,3.87,1.00,1.00,1.00,1.00,1.00
2025-12-31T16:45:00Z,1.00,1.00,1.00,3.04,93.30,5.07,3.87,1.00,1.00,1.00,1.00,1.00
2025-12-31T16:46:00Z,1.00,1.00,1.00,3.04,87.93,9.00,3.87,1.00,1.00,1.00,1.00,1.00
2025-12-31T16:58:00Z,1.00,1.00,1.00,3.00,87.93,9.00,3.87,1.00,1.00,1.00,1.00,1.00
2025-12-31T17:08:00Z,1.00,1.00,1.00,3.00,87.93,9.00,3.87,1.00,1.00,1.00,1.00,1.00
2025-12-31T17:10:00Z,1.00,1.00,1.00,3.00,87.93,9.00,2.00,1.00,1.00,1.00,1.00,1.00
2025-12-31T17:14:00Z,1.00,1.00,1.00,3.00,93.00,9.00,2.00,1.00,1.00,1.00,1.00,1.00
2025-12-31T17:26:00Z,1.00,1.00,1.00,4.00,93.00,9.00,2.00,1.00,1.00,1.00,1.00,1.00
2025-12-31T17:35:00Z,1.00,1.00,1.00,3.00,93.00,9.00,2.00,1.00,1.00,1.00,1.00,1.00
2025-12-31T17:38:00Z,1.00,1.00,1.00,3.00,93.00,9.00,2.00,1.00,1.00,1.00,1.00,1.00
2025-12-31T17:39:00Z,1.00,1.00,1.00,4.00,93.00,9.00,2.00,1.00,1.00,1.00,1.00,1.00
2025-12-31T17:40:00Z,1.00,1.00,1.00,4.00,93.00,8.00,2.00,1.00,1.00,1.00,1.00,1.00
2025-12-31T17:45:00Z,1.00,1.00,1.00,4.00,93.00,8.00,2.00,1.00,1.00,1.00,1.00,1.00
2025-12-31T17:47:00Z,1.00,1.00,1.00,4.00,93.00,8.00,2.00,1.00,1.00,1.00,1.00,1.00
2025-12-31T17:49:00Z,1.00,1.00,1.00,4.00,93.00,8.00,2.00,1.00,1.00,1.00,1.00,1.00
2025-12-31T18:00:00Z,1.00,1.00,1.00,4.00,93.00,8.00,2.00,1.00,1.00,1.00,1.00,1.00
2025-12-31T18:01:00Z,1.00,1.00,1.00,4.00,93.00,8.00,2.00,1.00,1.00,1.00,1.00,1.00
2025-12-31T18:05:00Z,1.00,1.00,1.00,4.00,92.00,8.00,2.00,1.00,1.00,1.00,1.00,1.00
2025-12-31T18:16:00Z,1.00,1.00,1.00,4.00,92.00,8.00,2.00,1.00,1.00,1.00,1.00,1.00
2025-12-31T18:17:00Z,1.00,1.00,1.00,4.00,92.00,8.00,2.00,1.00,1.00,1.00,1.00,1.00
2025-12-31T18:22:00Z,1.00,1.00,1.00,3.00,92.00,8.00,2.00,1.00,1.00,1.00,1.00,1.00
2025-12-31T18:23:00Z,1.00,1.00,1.00,3.00,92.00,8.00,2.00,1.00,1.00,1.00,1.00,1.00
2025-12-31T18:28:00Z,1.00,1.00,1.00,3.00,91.00,8.00,2.00,1.00,1.00,1.00,1.00,1.00
2025-12-31T18:43:00Z,1.00,1.00,1.00,3.00,91.00,8.00,2.00,1.00,1.00,1.00,1.00,1.00
2025-12-31T18:44:00Z,1.00,1.00,1.00,4.00,91.00,8.00,2.00,1.00,1.00,1.00,1.00,1.00
2025-12-31T18:45:00Z,1.00,1.00,1.00,4.00,91.00,8.00,2.00,1.00,1.00,1.00,1.00,1.00
2025-12-31T18:46:00Z,1.00,1.00,1.00,4.00,92.00,8.00,2.00,1.00,1.00,1.00,1.00,1.00
2025-12-31T18:47:00Z,1.00,1.00,1.00,3.00,92.00,8.00,2.00,1.00,1.00,1.00,1.00,1.00
2025-12-31T18:48:00Z,1.00,1.00,1.00,3.00,92.00,8.00,2.00,1.00,1.00,1.00,1.00,1.00
2025-12-31T18:50:00Z,1.00,1.00,1.00,3.00,92.00,8.00,2.00,1.00,1.00,1.00,1.00,1.00
2025-12-31T18:51:00Z,1.00,1.00,1.00,3.00,92.00,6.00,2.00,1.00,1.00,1.00,1.00,1.00
2025-12-31T18:54:00Z,1.00,1.00,1.00,3.00,92.00,6.00,3.87,1.00,1.00,1.00,1.00,1.00
2025-12-31T18:56:00Z,1.00,1.00,1.00,3.00,92.50,6.00,3.87,1.00,1.00,1.00,1.00,1.00
2025-12-31T18:57:00Z,1.00,1.00,1.00,3.00,93.00,6.00,3.87,1.00,1.00,1.00,1.00,1.00
2025-12-31T19:01:00Z,1.00,1.00,1.00,3.00,94.00,6.00,3.87,1.00,1.00,1.00,1.00,1.00
2025-12-31T19:04:00Z,1.00,1.00,1.00,3.00,94.00,8.00,3.87,1.00,1.00,1.00,1.00,1.00
2025-12-31T19:07:00Z,1.00,1.00,1.00,2.16,92.00,6.00,2.00,1.00,1.00,1.00,1.00,1.00
2025-12-31T19:13:00Z,1.00,1.00,1.00,2.16,92.00,6.00,3.87,1.00,1.00,1.00,1.00,1.00
2025-12-31T19:14:00Z,1.00,1.00,1.00,2.16,92.00,8.00,3.87,1.00,1.00,1.00,1.00,1.00
2025-12-31T19:26:00Z,1.00,1.00,1.00,4.00,92.00,8.00,3.87,1.00,1.00,1.00,1.00,1.00
2025-12-31T19:28:00Z,1.00,1.00,1.00,4.00,92.00,8.00,3.87,1.00,1.00,1.00,1.00,1.00
2025-12-31T19:31:00Z,1.00,1.00,1.00,4.00,92.00,8.00,3.87,1.00,1.00,1.00,1.00,1.00
2025-12-31T19:32:00Z,1.00,1.00,1.00,2.15,92.00,5.00,3.00,1.00,1.00,1.00,1.00,1.00
2025-12-31T19:34:00Z,1.00,1.00,1.00,2.15,92.00,7.00,3.00,1.00,1.00,1.00,1.00,1.00
2025-12-31T19:43:00Z,1.00,1.00,1.00,2.15,93.00,7.00,3.00,1.00,1.00,1.00,1.00,1.00
2025-12-31T19:46:00Z,1.00,1.00,1.00,2.03,93.00,5.60,3.00,1.00,1.00,1.00,1.00,1.00
2025-12-31T19:55:00Z,1.00,1.00,1.00,2.00,91.00,6.89,3.00,1.00,1.00,1.00,1.00,1.00
2025-12-31T20:01:00Z,1.00,1.00,1.00,2.00,94.00,6.89,3.00,1.00,1.00,1.00,1.00,1.00
2025-12-31T20:02:00Z,1.00,1.00,1.00,2.00,94.00,6.89,3.00,1.00,1.00,1.00,1.00,1.00
2025-12-31T20:05:00Z,1.00,1.00,1.00,2.00,94.00,7.00,3.00,1.00,1.00,1.00,1.00,1.00
2025-12-31T20:09:00Z,1.00,1.00,1.00,2.00,93.00,7.00,3.00,1.00,1.00,1.00,1.00,1.00
2025-12-31T20:10:00Z,1.00,1.00,1.00,2.00,92.64,5.00,3.00,1.00,1.00,1.00,1.00,1.00
2025-12-31T20:13:00Z,1.00,1.00,1.00,4.00,92.64,5.00,3.00,1.00,1.00,1.00,1.00,1.00
2025-12-31T20:15:00Z,1.00,1.00,1.00,4.38,92.64,5.00,3.00,1.00,1.00,1.00,1.00,1.00
2025-12-31T20:18:00Z,1.00,1.00,1.00,4.38,92.64,5.00,3.00,1.00,1.00,1.00,1.00,1.00
2025-12-31T20:29:00Z,1.00,1.00,1.00,2.00,93.00,5.00,3.00,1.00,1.00,1.00,1.00,1.00
2025-12-31T20:35:00Z,1.00,1.00,1.00,2.00,93.00,5.00,3.00,1.00,1.00,1.00,1.00,1.00
2025-12-31T20:46:00Z,1.00,1.00,1.00,2.00,93.00,6.00,3.00,1.00,1.00,1.00,1.00,1.00
2025-12-31T20:47:00Z,1.00,1.00,1.00,2.00,93.25,6.00,3.00,1.00,1.00,1.00,1.00,1.00
2025-12-31T20:49:00Z,1.00,1.00,1.00,2.00,93.25,4.35,3.00,1.00,1.00,1.00,1.00,1.00
2025-12-31T20:50:00Z,1.00,1.00,1.00,4.93,93.25,4.35,3.00,1.00,1.00,1.00,1.00,1.00
2025-12-31T20:57:00Z,1.00,1.00,1.00,4.93,93.25,6.00,3.00,1.00,1.00,1.00,1.00,1.00
2025-12-31T21:01:00Z,1.00,1.00,1.00,4.93,94.00,6.00,3.00,1.00,1.00,1.00,1.00,1.00
2025-12-31T21:07:00Z,1.00,1.00,1.00,4.93,94.00,4.00,3.00,1.00,1.00,1.00,1.00,1.00
2025-12-31T21:16:00Z,1.00,1.00,1.00,4.93,94.00,4.64,3.00,1.00,1.00,1.00,1.00,1.00
2025-12-31T21:22:00Z,1.00,1.00,1.00,5.00,94.00,4.64,3.00,1.00,1.00,1.00,1.00,1.00
2025-12-31T21:31:00Z,1.00,1.00,1.00,5.00,94.00,6.47,3.00,1.00,1.00,1.00,1.00,1.00
2025-12-31T21:36:00Z,1.00,1.00,1.00,5.00,94.00,6.47,3.00,1.00,1.00,1.00,1.00,1.00
2025-12-31T21:38:00Z,1.00,1.00,1.00,5.00,94.00,6.47,3.00,1.00,1.00,1.00,1.00,1.00
2025-12-31T21:39:00Z,1.00,1.00,1.00,5.00,94.00,6.47,3.00,1.00,1.00,1.00,1.00,1.00
2025-12-31T21:42:00Z,1.00,1.00,1.00,2.00,93.00,5.00,2.00,1.00,1.00,1.00,1.00,1.00
2025-12-31T21:56:00Z,1.00,1.00,1.00,2.00,93.00,6.00,2.00,1.00,1.00,1.00,1.00,1.00
2025-12-31T22:06:00Z,1.00,1.00,1.00,2.00,93.00,6.00,2.00,1.00,1.00,1.00,1.00,1.00
2025-12-31T22:20:00Z,1.00,1.00,1.00,2.00,94.00,6.00,2.00,1.00,1.00,1.00,1.00,1.00
2025-12-31T22:22:00Z,1.00,1.00,1.00,2.00,94.00,6.00,2.00,1.00,1.00,1.00,1.00,1.00
2025-12-31T22:23:00Z,1.00,1.00,1.00,2.00,93.00,6.00,2.00,1.00,1.00,1.00,1.00,1.00
2025-12-31T22:24:00Z,1.00,1.00,1.00,2.00,93.00,6.01,2.00,1.00,1.00,1.00,1.00,1.00
2025-12-31T22:25:00Z,1.00,1.00,1.00,2.18,92.00,5.00,3.00,1.00,1.00,1.00,1.00,1.00
2025-12-31T22:28:00Z,2.00,1.00,1.00,2.18,92.00,5.00,3.00,1.00,1.00,1.00,1.00,1.00
2025-12-31T22:41:00Z,2.00,1.00,1.00,2.08,92.00,6.00,2.00,1.00,1.00,1.00,1.00,1.00
2025-12-31T22:51:00Z,2.00,1.00,1.00,3.00,92.00,6.00,2.00,1.00,1.00,1.00,1.00,1.00
2025-12-31T23:04:00Z,2.00,1.00,1.00,3.00,92.00,6.00,2.00,1.00,1.00,1.00,1.00,1.00
2025-12-31T23:13:00Z,2.00,1.00,1.00,3.00,92.00,6.00,2.00,1.00,1.00,1.00,1.00,1.00
2025-12-31T23:23:00Z,2.00,1.00,1.00,3.00,92.00,6.00,2.00,1.00,1.00,1.00,1.00,1.00
2025-12-31T23:24:00Z,2.00,1.00,1.00,3.00,93.80,6.00,2.00,1.00,1.00,1.00,1.00,1.00
2025-12-31T23:30:00Z,2.00,1.00,1.00,3.00,93.80,6.00,2.00,1.00,1.00,1.00,1.00,1.00
2025-12-31T23:46:00Z,2.00,1.00,1.00,3.00,93.80,4.00,2.00,1.00,1.00,1.00,1.00,1.00
2025-12-31T23:47:00Z,2.00,1.00,1.00,3.00,93.80,2.40,2.00,1.00,1.00,1.00,1.00,1.00
2025-12-31T23:57:00Z,2.00,1.00,1.00,3.00,93.80,2.40,2.00,1.00,1.00,1.00,1.00,1.00
2026-01-01T00:01:00Z,2.00,1.00,1.00,2.03,93.00,2.40,2.00,1.00,1.00,1.00,1.00,1.00
2026-01-01T00:07:00Z,2.00,1.00,1.00,2.03,93.00,2.00,2.00,1.00,1.00,1.00,1.00,1.00
2026-01-01T00:09:00Z,2.00,1.00,1.00,2.00,93.00,2.00,2.00,1.00,1.00,1.00,1.00,1.00
2026-01-01T00:10:00Z,2.00,1.00,1.00,2.00,93.00,2.00,2.00,1.00,1.00,1.00,1.00,1.00
2026-01-01T00:11:00Z,2.00,1.00,1.00,2.00,93.00,2.00,2.00,1.00,1.00,1.00,1.00,1.00
2026-01-01T00:21:00Z,2.00,1.00,1.00,5.00,93.00,2.00,2.00,1.00,1.00,1.00,1.00,1.00
2026-01-01T00:25:00Z,2.00,1.00,1.00,5.00,93.00,2.00,2.00,1.00,1.00,1.00,1.00,1.00
2026-01-01T00:45:00Z,2.00,1.00,1.00,5.00,94.00,2.00,2.00,1.00,1.00,1.00,1.00,1.00
2026-01-01T00:46:00Z,2.00,1.00,1.00,5.00,95.00,2.00,2.00,1.00,1.00,1.00,1.00,1.00
2026-01-01T00:51:00Z,2.00,1.00,1.00,5.00,95.00,2.00,2.00,1.00,1.00,1.00,1.00,1.00
2026-01-01T00:52:00Z,2.00,1.00,1.00,5.00,95.00,3.00,2.00,1.00,1.00,1.00,1.00,1.00
2026-01-01T00:53:00Z,2.00,1.00,1.00,5.00,95.00,3.00,2.00,1.00,1.00,1.00,1.00,1.00
2026-01-01T01:01:00Z,2.00,1.00,1.00,5.00,95.00,3.00,2.00,1.00,1.00,1.00,1.00,1.00
2026-01-01T01:03:00Z,2.00,1.00,1.00,5.00,94.00,3.00,2.00,1.00,1.00,1.00,1.00,1.00
2026-01-01T01:04:00Z,2.00,1.00,1.00,5.00,94.00,3.43,2.00,1.00,1.00,1.00,1.00,1.00
2026-01-01T01:06:00Z,2.00,1.00,1.00,5.00,93.35,3.43,2.00,1.00,1.00,1.00,1.00,1.00
2026-01-01T01:12:00Z,2.00,1.00,1.00,5.00,95.00,3.43,2.00,1.00,1.00,1.00,1.00,1.00
2026-01-01T01:13:00Z,2.00,1.00,1.00,5.00,95.00,3.83,2.00,1.00,1.00,1.00,1.00,1.00
2026-01-01T01:23:00Z,2.00,1.00,1.00,5.00,92.14,3.83,2.00,1.00,1.00,1.00,1.00,1.00
2026-01-01T01:25:00Z,2.00,1.00,1.00,5.00,92.14,3.83,2.00,1.00,1.00,1.00,1.00,1.00
2026-01-01T01:52:00Z,2.00,1.00,1.00,5.00,95.00,3.83,2.00,1.00,1.00,1.00,1.00,1.00
2026-01-01T01:55:00Z,2.00,1.00,1.00,5.00,95.00,3.83,2.00,1.00,1.00,1.00,1.00,1.00
2026-01-01T02:02:00Z,2.00,1.00,1.00,5.00,95.00,3.83,2.00,1.00,1.00,1.00,1.00,1.00
2026-01-01T02:04:00Z,2.00,1.00,1.00,5.00,95.00,3.83,2.00,1.00,1.00,1.00,1.00,1.00
2026-01-01T02:06:00Z,2.00,1.00,1.00,5.00,95.00,3.83,2.00,1.00,1.00,1.00,1.00,1.00
2026-01-01T02:08:00Z,2.00,1.00,1.00,5.00,95.00,3.83,2.00,1.00,1.00,1.00,1.00,1.00
2026-01-01T02:09:00Z,2.00,1.00,1.00,5.00,95.00,3.83,2.00,1.00,1.00,1.00,1.00,1.00
2026-01-01T02:10:00Z,2.00,1.00,1.00,5.00,95.00,3.83,2.00,1.00,1.00,1.00,1.00,1.00
2026-01-01T02:12:00Z,2.00,1.00,1.00,5.00,95.00,3.83,2.00,1.00,1.00,1.00,1.00,1.00
2026-01-01T02:20:00Z,2.00,1.00,1.00,5.00,95.00,3.99,2.00,1.00,1.00,1.00,1.00,1.00
2026-01-01T02:22:00Z,1.00,1.00,1.00,5.00,95.00,4.00,2.00,1.00,1.00,1.00,1.00,1.00
2026-01-01T02:32:00Z,1.00,1.00,1.00,5.00,96.00,4.00,2.00,1.00,1.00,1.00,1.00,1.00
2026-01-01T02:34:00Z,1.00,1.00,1.00,5.00,96.00,4.00,2.00,1.00,1.00,1.00,1.00,1.00
2026-01-01T02:42:00Z,1.00,1.00,1.00,5.00,96.00,4.00,2.00,1.00,1.00,1.00,1.00,1.00
2026-01-01T02:43:00Z,1.00,1.00,1.00,5.00,96.00,4.00,2.00,1.00,1.00,1.00,1.00,1.00
2026-01-01T02:58:00Z,1.00,1.00,1.00,5.00,93.00,4.00,2.00,1.00,1.00,1.00,1.00,1.00
2026-01-01T03:01:00Z,1.00,1.00,1.00,5.00,93.00,4.00,2.00,1.00,1.00,1.00,1.00,1.00
2026-01-01T03:02:00Z,1.00,1.00,1.00,5.00,93.00,4.00,2.00,1.00,1.00,1.00,1.00,1.00
2026-01-01T03:04:00Z,1.00,1.00,1.00,5.00,93.00,4.00,2.00,1.00,1.00,1.00,1.00,1.00
2026-01-01T03:16:00Z,1.00,1.00,1.00,5.00,98.47,4.00,2.00,1.00,1.00,1.00,1.00,1.00
2026-01-01T03:17:00Z,1.00,1.00,1.00,5.00,98.47,1.06,2.00,1.00,1.00,1.00,1.00,1.00
2026-01-01T03:40:00Z,1.00,1.00,1.00,5.00,98.47,1.06,2.00,1.00,1.00,1.00,1.00,1.00
2026-01-01T03:41:00Z,1.00,1.00,1.00,5.00,98.47,1.06,2.00,1.00,1.00,1.00,1.00,1.00
2026-01-01T03:43:00Z,1.00,1.00,1.00,5.00,98.47,4.03,2.00,1.00,1.00,1.00,1.00,1.00
2026-01-01T03:51:00Z,1.00,1.00,1.00,5.00,98.47,5.00,2.00,1.00,1.00,1.00,1.00,1.00
2026-01-01T03:52:00Z,1.00,1.00,1.00,1.03,98.47,5.00,2.00,1.00,1.00,1.00,1.00,1.00
2026-01-01T03:53:00Z,1.00,1.00,1.00,5.00,98.47,5.00,2.00,1.00,1.00,1.00,1.00,1.00
2026-01-01T04:00:00Z,1.00,1.00,1.00,5.00,94.00,5.00,2.00,1.00,1.00,1.00,1.00,1.00
2026-01-01T04:01:00Z,1.00,1.00,1.00,5.00,94.00,5.00,2.00,1.00,1.00,1.00,1.00,1.00
2026-01-01T04:05:00Z,1.00,1.00,1.00,5.00,94.00,5.00,2.00,1.00,1.00,1.00,1.00,1.00
2026-01-01T04:13:00Z,1.00,1.00,1.00,5.00,94.00,5.00,2.00,1.00,1.00,1.00,1.00,1.00
2026-01-01T04:22:00Z,1.00,1.00,1.00,5.00,94.00,5.65,2.00,1.00,1.00,1.00,1.00,1.00
2026-01-01T04:27:00Z,1.00,1.00,1.00,5.00,92.12,5.65,2.00,1.00,1.00,1.00,1.00,1.00
2026-01-01T04:30:00Z,1.00,1.00,1.00,5.00,98.24,3.13,1.00,1.00,1.00,1.00,1.00,1.00
2026-01-01T04:31:00Z,1.00,1.00,1.00,5.00,98.99,3.13,1.00,1.00,1.00,1.00,1.00,1.00
2026-01-01T04:46:00Z,1.00,1.00,1.00,2.00,98.99,3.13,2.00,1.00,1.00,1.00,1.00,1.00
2026-01-01T04:47:00Z,1.00,1.00,1.00,2.00,94.00,3.13,2.00,1.00,1.00,1.00,1.00,1.00
2026-01-01T04:57:00Z,1.00,1.00,1.00,2.00,94.00,6.00,2.00,1.00,1.00,1.00,1.00,1.00
2026-01-01T05:04:00Z,1.00,1.00,1.00,2.00,94.00,4.00,2.00,1.00,1.00,1.00,1.00,1.00
2026-01-01T05:05:00Z,1.00,1.00,1.00,2.00,94.00,3.00,2.00,1.00,1.00,1.00,1.00,1.00
2026-01-01T05:10:00Z,1.00,1.00,1.00,2.00,94.00,3.00,2.00,1.00,1.00,1.00,1.00,1.00
2026-01-01T05:11:00Z,1.00,1.00,1.00,6.00,94.00,3.00,2.00,1.00,1.00,1.00,1.00,1.00
2026-01-01T05:37:00Z,1.00,1.00,1.00,6.00,94.00,3.00,2.00,1.00,1.00,1.00,1.00,1.00
2026-01-01T05:52:00Z,1.00,1.00,1.00,6.00,94.00,3.00,1.00,1.00,1.00,1.00,1.00,1.00
2026-01-01T06:04:00Z,1.00,1.00,1.00,6.00,94.00,3.00,1.00,1.00,1.00,1.00,1.00,1.00
2026-01-01T06:06:00Z,1.00,1.00,1.00,6.00,94.00,4.00,1.00,1.00,1.00,1.00,1.00,1.00
2026-01-01T06:07:00Z,1.00,1.00,1.00,6.00,94.00,4.00,1.00,1.00,1.00,1.00,1.00,1.00
2026-01-01T06:10:00Z,1.00,1.00,1.00,6.00,94.00,4.00,1.00,1.00,1.00,1.00,1.00,1.00
2026-01-01T06:11:00Z,1.00,1.00,1.00,6.00,94.00,3.00,1.00,1.00,1.00,1.00,1.00,1.00
2026-01-01T06:13:00Z,1.00,1.00,1.00,6.00,94.00,3.00,1.00,1.00,1.00,1.00,1.00,1.00
2026-01-01T06:14:00Z,1.00,1.00,1.00,6.00,94.00,3.00,1.00,1.00,1.00,1.00,1.00,1.00
2026-01-01T06:21:00Z,1.00,1.00,1.00,5.00,94.00,3.00,1.00,1.00,1.00,1.00,1.00,1.00
2026-01-01T06:30:00Z,1.00,1.00,1.00,5.00,94.00,4.00,1.00,1.00,1.00,1.00,1.00,1.00
2026-01-01T06:45:00Z,1.00,1.00,1.00,5.00,94.00,5.16,1.00,1.00,1.00,1.00,1.00,1.00
2026-01-01T07:02:00Z,1.00,1.00,1.00,3.66,94.00,5.16,2.00,1.00,1.00,1.00,1.00,1.00
2026-01-01T07:04:00Z,1.00,1.00,1.00,4.00,94.00,5.16,2.00,1.00,1.00,1.00,1.00,1.00
2026-01-01T07:05:00Z,1.00,1.00,1.00,4.00,94.00,5.16,2.00,1.00,1.00,1.00,1.00,1.00
2026-01-01T07:06:00Z,1.00,1.00,1.00,4.00,94.00,5.16,2.00,1.00,1.00,1.00,1.00,1.00
2026-01-01T07:07:00Z,1.00,1.00,1.00,4.87,94.00,5.16,2.00,1.00,1.00,1.00,1.00,1.00
2026-01-01T07:08:00Z,1.00,1.00,1.00,4.87,94.00,6.00,2.00,1.00,1.00,1.00,1.00,1.00
2026-01-01T07:14:00Z,1.00,1.00,1.00,5.00,94.00,6.00,2.00,1.00,1.00,1.00,1.00,1.00
2026-01-01T07:37:00Z,1.00,1.00,1.00,5.00,97.00,6.00,2.00,1.00,1.00,1.00,1.00,1.00
2026-01-01T07:44:00Z,1.00,1.00,1.00,5.00,92.04,6.00,2.00,1.00,1.00,1.00,1.00,1.00
2026-01-01T07:50:00Z,1.00,1.00,1.00,5.00,92.04,6.00,2.00,1.00,1.00,1.00,1.00,1.00
2026-01-01T07:51:00Z,1.00,1.00,1.00,5.00,92.04,6.00,2.00,1.00,1.00,1.00,1.00,1.00
2026-01-01T10:12:00Z,1.00,1.00,1.00,5.00,92.04,4.00,2.00,1.00,1.00,1.00,1.00,1.00
2026-01-01T10:18:00Z,1.00,1.00,1.00,5.00,92.04,3.00,2.00,1.00,1.00,1.00,1.00,1.00
2026-01-01T10:28:00Z,1.00,1.00,1.00,5.00,92.04,3.00,2.00,1.00,1.00,1.00,1.00,1.00
2026-01-01T10:29:00Z,1.00,1.00,1.00,1.00,97.00,3.00,2.00,1.00,1.00,1.00,1.00,1.00
2026-01-01T10:47:00Z,1.00,1.00,1.00,4.48,97.00,3.00,2.00,1.00,1.00,1.00,1.00,1.00
2026-01-01T11:09:00Z,1.00,1.00,1.00,4.48,97.00,3.00,2.00,1.00,1.00,1.00,1.00,1.00
2026-01-01T11:33:00Z,1.00,1.00,1.00,4.48,97.00,6.42,2.00,1.00,1.00,1.00,1.00,1.00
2026-01-01T11:36:00Z,1.00,1.00,1.00,5.00,97.00,6.42,2.00,1.00,1.00,1.00,1.00,1.00
2026-01-01T11:49:00Z,1.00,1.00,1.00,5.00,98.00,3.00,2.00,1.00,1.00,1.00,1.00,1.00
2026-01-01T12:19:00Z,1.00,1.00,1.00,6.00,98.00,3.00,2.00,1.00,1.00,1.00,1.00,1.00
2026-01-01T12:42:00Z,1.00,1.00,1.00,6.00,98.00,3.00,2.00,1.00,1.00,1.00,1.00,1.00
2026-01-01T12:48:00Z,1.00,1.00,1.00,6.00,99.00,2.00,2.00,1.00,1.00,1.00,1.00,1.00
2026-01-01T12:57:00Z,1.00,1.00,1.00,6.00,99.00,3.00,2.00,1.00,1.00,1.00,1.00,1.00
2026-01-01T12:58:00Z,1.00,1.00,1.00,1.59,99.00,3.00,2.00,1.00,1.00,1.00,1.00,1.00
2026-01-01T13:00:00Z,1.00,1.00,1.00,2.50,99.00,3.00,2.00,1.00,1.00,1.00,1.00,1.00
2026-01-01T13:26:00Z,1.00,1.00,1.00,2.50,99.00,2.00,2.00,1.00,1.00,1.00,1.00,1.00
2026-01-01T13:27:00Z,1.00,1.00,1.00,2.50,99.00,2.00,2.00,1.00,1.00,1.00,1.00,1.00
2026-01-01T13:41:00Z,1.00,1.00,1.00,2.50,97.00,2.00,2.00,1.00,1.00,1.00,1.00,1.00
2026-01-01T13:48:00Z,1.00,1.00,1.00,3.42,97.00,2.00,2.00,1.00,1.00,1.00,1.00,1.00
2026-01-01T13:52:00Z,1.00,1.00,1.00,3.42,97.00,2.00,2.00,1.00,1.00,1.00,1.00,1.00
2026-01-01T13:55:00Z,1.00,1.00,1.00,3.42,97.00,2.00,2.00,1.00,1.00,1.00,1.00,1.00
2026-01-01T13:57:00Z,1.00,1.00,1.00,3.42,98.00,2.00,2.00,1.00,1.00,1.00,1.00,1.00
2026-01-01T13:58:00Z,1.00,1.00,1.00,3.42,98.00,2.00,2.00,1.00,1.00,1.00,1.00,1.00
2026-01-01T14:03:00Z,1.00,1.00,1.00,4.00,96.61,1.00,2.00,1.00,1.00,1.00,1.00,1.00
2026-01-01T14:06:00Z,1.00,1.00,1.00,4.00,94.00,1.00,2.00,1.00,1.00,1.00,1.00,1.00
2026-01-01T14:11:00Z,1.00,1.00,1.00,4.00,94.00,1.00,2.00,1.00,1.00,1.00,1.00,1.00
2026-01-01T14:13:00Z,1.00,1.00,1.00,4.09,96.00,1.00,2.00,1.00,1.00,1.00,1.00,1.00
2026-01-01T14:14:00Z,1.00,1.00,1.00,4.09,96.00,1.00,2.00,1.00,1.00,1.00,1.00,1.00
2026-01-01T14:15:00Z,1.00,1.00,1.00,4.09,96.00,1.00,2.00,1.00,1.00,1.00,1.00,1.00
2026-01-01T14:18:00Z,1.00,1.00,1.00,4.09,98.00,1.00,2.00,1.00,1.00,1.00,1.00,1.00
2026-01-01T14:21:00Z,1.00,1.00,1.00,3.32,98.00,1.00,2.00,1.00,1.00,1.00,1.00,1.00
2026-01-01T14:22:00Z,1.00,1.00,1.00,3.32,98.00,1.00,2.00,1.00,1.00,1.00,1.00,1.00
2026-01-01T14:23:00Z,1.00,1.00,1.00,3.32,97.00,1.00,2.00,1.00,1.00,1.00,1.00,1.00
2026-01-01T14:28:00Z,1.00,1.00,1.00,3.32,95.11,1.00,2.00,1.00,1.00,1.00,1.00,1.00
2026-01-01T14:31:00Z,1.00,1.00,1.00,3.32,96.50,1.00,2.00,1.00,1.00,1.00,1.00,1.00
2026-01-01T14:35:00Z,1.00,1.00,1.00,3.32,96.00,1.00,2.00,1.00,1.00,1.00,1.00,1.00
2026-01-01T14:47:00Z,1.00,1.00,1.00,3.32,97.00,2.68,2.00,1.00,1.00,1.00,1.00,1.00
2026-01-01T14:49:00Z,1.00,1.00,1.00,3.32,97.00,2.68,2.00,1.00,1.00,1.00,1.00,1.00
2026-01-01T14:50:00Z,1.00,1.00,1.00,3.32,97.00,2.68,2.00,1.00,1.00,1.00,1.00,1.00
2026-01-01T14:58:00Z,1.00,1.00,1.00,3.32,97.00,2.68,2.00,1.00,1.00,1.00,1.00,1.00
2026-01-01T15:00:00Z,1.00,1.00,1.00,4.00,97.00,2.68,2.00,1.00,1.00,1.00,1.00,1.00
2026-01-01T15:01:00Z,1.00,1.00,1.00,4.00,98.00,1.00,2.00,1.00,1.00,1.00,1.00,1.00
2026-01-01T15:04:00Z,1.00,1.00,1.00,4.00,98.00,1.00,2.00,1.00,1.00,1.00,1.00,1.00
2026-01-01T15:06:00Z,1.00,1.00,1.00,4.00,98.00,1.00,2.00,1.00,1.00,1.00,1.00,1.00
2026-01-01T15:12:00Z,1.00,1.00,1.00,4.00,97.50,1.00,2.00,1.00,1.00,1.00,1.00,1.00
2026-01-01T15:13:00Z,1.00,1.00,1.00,4.00,97.41,1.00,2.00,1.00,1.00,1.00,1.00,1.00
2026-01-01T15:14:00Z,1.00,1.00,1.00,4.00,96.15,1.00,2.00,1.00,1.00,1.00,1.00,1.00
2026-01-01T15:15:00Z,1.00,1.00,1.00,4.00,97.33,1.00,2.00,1.00,1.00,1.00,1.00,1.00
2026-01-01T15:16:00Z,1.00,1.00,1.00,4.00,97.81,1.00,2.00,1.00,1.00,1.00,1.00,1.00
2026-01-01T15:19:00Z,1.00,1.00,1.00,3.00,97.81,1.00,2.00,1.00,1.00,1.00,1.00,1.00
2026-01-01T15:27:00Z,1.00,1.00,1.00,3.00,97.20,1.00,2.00,1.00,1.00,1.00,1.00,1.00
2026-01-01T15:28:00Z,1.00,1.00,1.00,3.00,96.93,1.00,2.00,1.00,1.00,1.00,1.00,1.00
2026-01-01T15:32:00Z,1.00,1.00,1.00,3.00,98.00,1.00,2.00,1.00,1.00,1.00,1.00,1.00
2026-01-01T15:43:00Z,1.00,1.00,1.00,3.00,98.00,3.27,2.00,1.00,1.00,1.00,1.00,1.00
2026-01-01T15:50:00Z,1.00,1.00,1.00,3.00,98.00,3.27,2.00,1.00,1.00,1.00,1.00,1.00
2026-01-01T15:51:00Z,1.00,1.00,1.00,3.00,98.00,2.00,2.00,1.00,1.00,1.00,1.00,1.00
2026-01-01T15:52:00Z,1.00,1.00,1.00,3.00,98.00,2.00,2.00,1.00,1.00,1.00,1.00,1.00
2026-01-01T15:55:00Z,1.00,1.00,1.00,3.00,98.00,1.00,2.00,1.00,1.00,1.00,1.00,1.00
2026-01-01T16:00:00Z,1.00,1.00,1.00,3.00,98.00,1.00,2.00,1.00,1.00,1.00,1.00,1.00