timestamp,41.9 or below,42.0 to 42.3,42.4 to 42.7,42.8 to 43.1,43.2 to 43.5,43.6 to 43.9,44.0 to 44.3,44.4 or above
2026-01-02T19:42:00Z,,,,34.00,,,,
2026-01-02T19:50:00Z,,,,34.00,,33.00,6.00,
2026-01-02T20:34:00Z,,,,34.00,,24.00,6.00,
2026-01-02T20:59:00Z,7.35,,,34.00,,24.00,6.00,
2026-01-02T21:21:00Z,14.00,,,34.00,,24.00,6.00,
2026-01-02T21:29:00Z,15.00,,,34.00,,24.00,6.00,
2026-01-02T21:55:00Z,16.00,,,34.00,,24.00,6.00,
2026-01-02T22:10:00Z,16.00,,,34.00,,24.00,6.87,5.00
2026-01-02T22:56:00Z,16.00,,,29.00,,24.00,6.87,5.00
2026-01-02T23:01:00Z,16.00,,,29.00,,28.00,6.87,5.00
2026-01-02T23:13:00Z,15.00,,,29.00,,28.00,6.87,5.00
2026-01-03T00:27:00Z,15.00,,8.00,29.00,,28.00,6.87,5.00
2026-01-03T00:54:00Z,15.00,,8.00,29.00,32.00,29.00,6.87,5.00
2026-01-03T00:55:00Z,15.00,,8.00,29.00,32.00,29.00,6.87,5.00
2026-01-03T01:11:00Z,15.00,,8.00,28.00,32.00,29.00,6.87,5.00
2026-01-03T01:58:00Z,14.00,,8.00,28.00,32.00,29.00,6.87,5.00
2026-01-03T01:59:00Z,14.00,,8.00,28.00,32.00,29.00,6.87,5.00
2026-01-03T02:04:00Z,14.00,,8.00,28.00,31.88,29.00,6.87,5.00
2026-01-03T02:06:00Z,3.00,,8.00,28.00,31.88,29.00,6.87,5.37
2026-01-03T02:18:00Z,14.01,,8.00,28.00,31.88,29.00,6.87,5.37
2026-01-03T02:27:00Z,14.01,,8.00,28.00,32.64,29.00,6.87,5.37
2026-01-03T02:32:00Z,14.01,,8.00,28.00,32.64,29.00,12.95,5.37
2026-01-03T02:35:00Z,18.93,,8.00,28.00,32.64,29.00,12.95,5.37
2026-01-03T02:40:00Z,19.84,27.73,1.00,15.47,23.01,14.94,9.73,12.89
2026-01-03T02:41:00Z,17.91,30.65,1.00,13.39,16.56,12.60,9.00,11.04
2026-01-03T02:48:00Z,29.98,29.57,1.00,11.76,14.73,10.61,10.34,9.53
2026-01-03T02:55:00Z,17.18,33.00,1.00,13.75,14.75,10.50,10.00,8.00
2026-01-03T02:59:00Z,9.00,33.00,1.00,13.75,14.75,10.50,17.00,9.95
2026-01-03T03:13:00Z,9.00,7.00,1.00,13.75,14.75,10.50,17.00,9.95
2026-01-03T03:22:00Z,9.00,7.00,1.00,24.60,14.75,10.50,17.00,9.95
2026-01-03T03:36:00Z,9.00,7.00,1.00,26.00,14.75,10.50,17.00,9.95
2026-01-03T03:58:00Z,9.00,7.00,1.00,25.92,14.75,10.50,17.00,9.95
2026-01-03T03:59:00Z,9.00,7.00,8.00,25.92,14.75,10.50,17.00,9.95
2026-01-03T04:05:00Z,9.00,7.00,8.00,28.00,14.75,10.50,17.00,9.95
2026-01-03T04:09:00Z,8.50,7.00,8.00,28.00,14.75,10.50,17.00,9.95
2026-01-03T04:10:00Z,8.50,7.00,8.00,27.94,14.75,10.50,17.00,9.95
2026-01-03T04:12:00Z,8.50,7.00,8.00,27.94,14.75,10.50,21.00,9.95
2026-01-03T04:16:00Z,8.50,7.00,8.00,27.94,14.75,10.50,21.00,9.95
2026-01-03T04:21:00Z,8.93,7.00,8.00,27.94,14.75,10.50,21.00,9.95
2026-01-03T04:28:00Z,5.00,7.00,8.00,27.94,14.75,10.50,21.00,9.95
2026-01-03T04:32:00Z,5.00,7.00,8.00,31.57,14.75,10.50,21.00,9.95
2026-01-03T04:36:00Z,5.00,7.00,8.00,32.00,14.75,10.50,21.00,9.95
2026-01-03T04:42:00Z,9.91,7.00,8.00,32.00,14.75,10.50,21.00,9.95
2026-01-03T04:46:00Z,9.91,7.00,8.00,32.00,27.00,10.50,21.00,9.95
2026-01-03T04:49:00Z,9.91,7.00,8.00,31.00,27.00,22.00,21.00,9.95
2026-01-03T05:09:00Z,9.91,7.00,8.00,31.00,31.00,22.00,21.00,9.95
2026-01-03T05:13:00Z,10.00,7.00,8.00,31.00,31.00,22.00,21.00,9.95
2026-01-03T05:18:00Z,10.00,7.00,8.00,31.00,31.00,22.00,21.00,9.00
2026-01-03T05:40:00Z,10.00,7.00,8.00,31.00,31.00,22.00,22.88,9.00
2026-01-03T05:47:00Z,10.00,7.00,7.00,31.00,31.00,21.45,22.88,9.00
2026-01-03T05:55:00Z,10.98,7.00,7.00,31.00,31.00,21.45,22.88,9.00
2026-01-03T05:56:00Z,10.98,7.00,7.00,31.00,31.00,21.45,22.88,8.10
2026-01-03T06:03:00Z,15.93,7.00,7.00,31.00,31.00,39.37,22.88,8.10
2026-01-03T06:21:00Z,15.86,7.00,7.00,31.00,31.00,39.37,22.88,8.10
2026-01-03T06:23:00Z,15.86,7.00,7.00,31.00,31.00,24.00,22.88,8.10
2026-01-03T06:32:00Z,15.86,7.00,7.00,29.00,31.00,24.00,22.88,8.10
2026-01-03T06:40:00Z,15.86,7.00,7.00,29.00,31.00,24.00,22.88,8.10
2026-01-03T06:42:00Z,15.86,7.00,7.00,29.00,31.00,24.00,22.88,10.76
2026-01-03T06:55:00Z,15.86,7.00,7.00,29.00,31.00,24.00,22.88,10.76
2026-01-03T06:56:00Z,15.86,7.00,7.00,29.00,31.00,24.00,22.88,10.50
2026-01-03T07:09:00Z,15.86,7.00,7.00,29.00,31.00,24.00,22.88,10.50
2026-01-03T07:35:00Z,15.86,7.00,7.00,29.00,31.00,24.00,22.88,10.50
2026-01-03T07:58:00Z,6.04,7.00,7.00,29.00,31.00,24.00,22.88,10.50
2026-01-03T08:06:00Z,6.04,7.00,7.00,29.00,31.00,24.00,22.88,10.92
2026-01-03T08:07:00Z,6.04,7.00,7.00,29.22,31.00,24.00,22.88,10.92
2026-01-03T08:08:00Z,3.04,7.00,7.00,29.22,31.00,24.00,22.88,10.92
2026-01-03T08:11:00Z,3.04,10.00,7.00,29.22,31.00,24.00,22.88,10.92
2026-01-03T08:46:00Z,3.04,10.00,9.81,29.22,31.00,24.00,22.88,10.92
2026-01-03T09:01:00Z,3.20,4.00,5.00,22.00,25.00,28.00,15.00,9.76
2026-01-03T10:07:00Z,3.20,4.00,17.78,24.00,24.00,23.00,15.00,8.00
2026-01-03T10:08:00Z,6.15,4.00,17.78,24.00,24.00,23.00,15.00,8.00
2026-01-03T10:18:00Z,4.00,4.00,7.00,23.00,23.35,30.58,15.00,8.00
2026-01-03T10:19:00Z,4.00,4.00,7.00,23.00,23.35,30.58,20.84,12.90
2026-01-03T11:07:00Z,4.00,4.00,7.00,23.00,23.35,54.82,20.84,12.90
2026-01-03T11:12:00Z,3.50,4.00,5.00,24.00,6.00,46.50,14.16,8.00
2026-01-03T11:16:00Z,7.89,4.00,5.00,24.00,6.00,46.50,14.16,8.00
2026-01-03T11:40:00Z,8.84,4.00,5.00,24.00,6.00,46.50,14.16,8.00
2026-01-03T11:42:00Z,8.84,4.00,5.00,19.96,6.00,46.50,14.16,8.00
2026-01-03T12:17:00Z,8.84,4.00,5.00,19.96,6.00,46.50,14.16,12.94
2026-01-03T13:06:00Z,8.84,4.00,27.95,19.96,6.00,46.50,14.16,12.94
2026-01-03T13:08:00Z,4.00,4.00,12.00,34.02,10.00,34.00,14.00,9.00
2026-01-03T13:32:00Z,4.00,4.00,13.00,32.00,10.00,26.28,14.00,8.00
2026-01-03T13:38:00Z,9.00,4.00,13.00,32.00,10.00,26.28,14.00,8.00
2026-01-03T13:42:00Z,12.40,4.00,13.00,32.00,10.00,26.28,14.00,8.00
2026-01-03T13:50:00Z,12.40,4.00,13.00,32.00,10.00,26.28,14.00,14.43
2026-01-03T14:35:00Z,6.00,3.20,13.00,25.00,10.00,23.00,14.00,20.77
2026-01-03T14:38:00Z,6.00,3.20,13.00,33.28,10.00,23.00,14.00,20.77
2026-01-03T14:41:00Z,6.00,3.20,13.00,35.00,10.00,23.00,14.00,20.77
2026-01-03T14:52:00Z,6.00,3.00,10.00,26.00,10.00,25.00,14.00,17.00
2026-01-03T15:27:00Z,6.00,3.00,14.00,25.00,3.00,22.00,14.00,29.00
2026-01-03T15:30:00Z,5.44,3.00,14.00,25.50,4.00,23.27,13.05,24.05
2026-01-03T15:48:00Z,5.55,3.00,5.00,18.00,4.00,25.00,14.00,54.94
2026-01-03T15:59:00Z,5.55,3.00,5.00,18.00,4.00,25.00,14.00,61.00
2026-01-03T16:01:00Z,11.00,3.00,5.00,18.00,4.00,25.00,14.00,61.00
2026-01-03T16:05:00Z,3.60,3.00,4.00,17.00,21.83,22.00,13.00,25.00
2026-01-03T16:06:00Z,3.60,3.00,4.00,17.00,18.00,18.01,13.00,12.16
2026-01-03T16:08:00Z,3.60,3.00,4.00,17.00,18.00,18.01,13.00,12.16
2026-01-03T16:09:00Z,3.60,3.00,4.00,17.00,18.00,23.00,13.00,12.16
2026-01-03T16:14:00Z,3.60,3.00,4.00,17.00,18.00,23.00,13.00,13.67
2026-01-03T16:33:00Z,10.31,3.00,4.00,17.00,18.00,23.00,13.00,13.67
2026-01-03T16:34:00Z,10.31,3.00,4.00,17.00,18.00,23.00,13.00,14.00
2026-01-03T16:39:00Z,13.60,3.00,4.00,17.00,18.00,23.00,13.00,14.00
2026-01-03T16:53:00Z,7.23,3.00,4.00,17.00,18.00,23.00,13.00,14.00
2026-01-03T16:54:00Z,7.52,2.52,4.65,24.00,11.86,17.52,26.11,62.08
2026-01-03T16:55:00Z,12.00,2.52,4.65,24.00,11.86,17.52,26.11,62.08
2026-01-03T16:57:00Z,12.00,2.52,4.65,24.00,30.00,17.52,26.11,62.08
2026-01-03T17:12:00Z,12.00,7.00,4.65,24.00,30.00,17.52,26.11,62.08
2026-01-03T17:13:00Z,12.00,7.00,4.65,24.00,30.00,17.52,26.11,14.00
2026-01-03T17:19:00Z,12.00,7.00,4.65,24.00,30.00,17.52,26.11,14.00
2026-01-03T17:22:00Z,12.70,7.00,4.65,24.00,30.00,17.52,26.11,14.00
2026-01-03T17:26:00Z,12.70,7.00,4.65,24.00,30.00,17.52,26.11,14.00
2026-01-03T17:31:00Z,12.70,7.00,4.65,24.00,30.00,17.52,26.11,18.00
2026-01-03T17:35:00Z,11.87,7.00,4.65,24.00,30.00,17.52,26.11,18.00
2026-01-03T17:36:00Z,11.87,7.00,4.65,24.00,30.00,17.52,18.52,18.00
2026-01-03T17:40:00Z,11.87,7.00,4.65,25.00,30.00,17.52,18.52,18.00
2026-01-03T17:42:00Z,11.87,7.00,4.65,25.00,29.37,17.52,18.52,18.00
2026-01-03T17:45:00Z,11.15,7.00,4.65,25.00,29.37,17.52,18.52,18.00
2026-01-03T18:03:00Z,11.15,7.00,4.65,25.00,29.37,12.00,18.52,18.00
2026-01-03T18:11:00Z,14.83,7.00,4.65,25.00,29.37,22.90,18.52,18.00
2026-01-03T18:12:00Z,9.00,2.00,4.00,18.00,20.00,27.52,14.00,13.06
2026-01-03T18:43:00Z,9.00,2.00,4.00,18.00,29.62,27.52,14.00,13.06
2026-01-03T18:44:00Z,9.00,8.94,4.00,18.00,29.62,27.52,14.00,13.06
2026-01-03T18:45:00Z,9.00,8.94,4.00,18.00,25.17,27.52,14.00,13.06
2026-01-03T18:47:00Z,9.00,8.94,4.00,18.00,25.17,27.52,16.92,13.06
2026-01-03T18:54:00Z,9.00,8.94,4.00,18.00,25.17,27.52,16.92,13.00
2026-01-03T18:56:00Z,11.62,8.94,4.00,18.00,25.17,27.52,16.92,13.00
2026-01-03T19:29:00Z,11.62,8.94,4.00,18.00,25.17,27.52,16.92,17.00
2026-01-03T19:44:00Z,11.62,8.94,4.00,24.37,25.17,27.52,16.92,17.00
2026-01-03T19:48:00Z,11.62,8.94,7.97,24.37,25.17,27.52,16.92,17.00
2026-01-03T19:49:00Z,11.62,8.94,7.97,24.37,25.17,27.52,16.00,17.00
2026-01-03T19:50:00Z,10.00,2.00,4.00,20.00,21.00,22.42,15.00,13.00
2026-01-03T20:00:00Z,10.99,2.00,4.00,20.00,21.00,22.42,15.00,13.00
2026-01-03T20:10:00Z,14.00,8.00,4.00,20.00,21.00,22.42,15.00,13.00
2026-01-03T20:14:00Z,14.00,8.00,4.00,20.00,21.00,22.42,16.00,13.00
2026-01-03T20:15:00Z,14.00,8.00,4.00,20.00,21.00,22.42,16.00,14.00
2026-01-03T20:20:00Z,14.00,8.00,4.00,20.00,34.00,22.42,16.00,14.00
2026-01-03T20:26:00Z,14.00,8.00,4.00,20.00,34.00,22.42,16.00,14.00
2026-01-03T20:43:00Z,14.00,8.00,4.00,25.00,34.00,22.42,16.00,14.00
2026-01-03T20:47:00Z,14.00,8.00,4.00,25.00,34.00,22.42,16.00,14.00
2026-01-03T21:01:00Z,13.25,2.00,10.46,20.00,19.00,15.00,20.00,15.00
2026-01-03T21:03:00Z,10.00,6.77,4.00,20.00,19.00,15.00,20.00,15.00
2026-01-03T21:17:00Z,10.00,6.77,4.00,20.00,19.00,15.00,21.12,15.00
2026-01-03T21:21:00Z,10.00,2.00,4.00,25.89,19.00,15.00,20.00,13.00
2026-01-03T21:24:00Z,10.00,2.00,4.00,25.16,19.00,14.00,20.00,14.00
2026-01-03T21:39:00Z,11.00,3.00,5.00,27.80,18.00,13.00,19.00,13.00
2026-01-03T21:40:00Z,11.00,3.00,5.00,27.80,22.00,13.00,19.00,13.00
2026-01-03T21:42:00Z,11.00,3.00,5.00,27.80,30.40,13.00,19.00,13.00
2026-01-03T21:43:00Z,11.00,3.00,5.00,24.00,23.00,13.00,17.58,13.00
2026-01-03T21:47:00Z,10.09,3.00,5.00,28.09,19.47,13.00,16.41,15.14
2026-01-03T21:48:00Z,10.51,3.00,5.00,28.09,19.47,22.48,16.41,15.14
2026-01-03T21:50:00Z,10.00,3.00,5.00,24.47,24.00,13.00,16.00,13.00
2026-01-03T22:02:00Z,9.00,3.00,5.00,25.00,27.00,12.00,16.00,12.00
2026-01-03T22:07:00Z,10.84,3.00,5.00,28.33,27.00,12.00,16.00,12.00
2026-01-03T22:25:00Z,10.00,3.00,5.00,28.33,27.00,12.00,16.00,12.00
2026-01-03T22:34:00Z,10.00,3.00,5.00,28.33,27.00,12.00,16.00,12.00
2026-01-03T22:38:00Z,10.00,3.00,5.00,28.33,27.00,12.00,16.00,28.85
2026-01-03T22:39:00Z,9.00,3.00,4.00,25.00,32.13,11.00,16.00,13.71
2026-01-03T22:42:00Z,9.00,3.00,4.00,25.00,32.13,11.00,16.00,13.00
2026-01-03T22:50:00Z,9.00,3.00,3.00,25.00,37.00,11.00,16.00,12.00
2026-01-03T22:51:00Z,9.00,2.00,3.00,25.00,37.00,10.20,15.60,12.00
2026-01-03T23:07:00Z,9.00,2.00,3.00,25.00,37.00,10.20,15.60,13.95
2026-01-03T23:08:00Z,9.00,2.00,3.00,25.00,26.00,14.16,16.00,13.00
2026-01-03T23:09:00Z,9.00,5.25,3.00,25.00,26.00,14.62,16.00,13.00
2026-01-03T23:16:00Z,10.00,2.00,3.00,25.00,23.00,13.00,17.00,15.00
2026-01-03T23:17:00Z,10.00,2.00,4.00,25.00,23.00,13.00,17.00,15.00
2026-01-03T23:30:00Z,10.00,2.00,4.00,25.00,23.00,13.00,17.00,15.00
2026-01-03T23:31:00Z,10.00,2.00,4.00,25.00,23.00,13.00,17.00,15.00
2026-01-03T23:33:00Z,10.00,2.00,4.00,25.00,23.00,13.00,17.00,15.00
2026-01-03T23:35:00Z,10.00,2.00,4.00,28.00,23.00,13.00,17.00,15.00
2026-01-03T23:40:00Z,10.00,4.00,4.00,28.00,23.00,13.00,17.00,15.00
2026-01-03T23:43:00Z,9.00,4.00,4.00,28.00,23.00,13.00,17.00,15.00
2026-01-03T23:46:00Z,9.00,4.00,4.00,28.00,27.00,13.00,17.00,15.00
2026-01-03T23:48:00Z,9.00,4.00,4.00,28.00,27.00,15.87,17.00,15.00
2026-01-03T23:49:00Z,9.00,4.00,4.00,28.00,27.00,15.87,17.00,15.00
2026-01-03T23:55:00Z,9.00,2.00,4.00,25.00,27.47,13.00,16.00,13.00
2026-01-03T23:58:00Z,9.00,2.00,4.00,25.00,27.47,13.00,17.00,13.00
2026-01-04T00:01:00Z,9.00,2.00,4.00,27.00,22.00,14.00,16.00,12.20
2026-01-04T00:03:00Z,9.00,2.00,4.00,27.00,22.00,14.00,16.00,12.20
2026-01-04T00:07:00Z,9.00,2.00,4.00,27.00,22.00,14.00,16.00,12.20
2026-01-04T00:10:00Z,10.00,2.00,4.00,27.00,22.00,14.00,16.00,12.20
2026-01-04T00:18:00Z,10.00,2.00,4.00,27.00,22.00,14.00,16.00,14.00
2026-01-04T00:19:00Z,10.00,2.00,4.00,27.00,22.00,14.00,17.00,14.00
2026-01-04T00:20:00Z,10.00,2.00,4.00,27.00,22.00,14.00,17.00,14.00
2026-01-04T00:21:00Z,10.00,2.00,4.00,27.00,22.00,14.00,17.00,14.00
2026-01-04T00:24:00Z,10.00,2.00,4.00,27.00,22.00,14.00,17.00,14.00
2026-01-04T00:25:00Z,10.00,2.00,4.00,27.00,22.00,15.00,17.00,14.00
2026-01-04T00:36:00Z,10.00,2.00,4.00,27.00,22.00,15.00,17.00,14.84
2026-01-04T00:39:00Z,10.00,2.00,4.00,26.39,22.00,15.00,17.00,14.84
2026-01-04T00:49:00Z,10.00,2.00,6.57,26.39,22.00,15.00,17.00,14.84
2026-01-04T00:53:00Z,10.00,2.00,6.57,26.39,28.00,15.00,17.00,14.84
2026-01-04T00:58:00Z,9.00,2.00,6.57,26.39,28.00,15.00,17.00,14.84
2026-01-04T01:07:00Z,10.00,2.00,6.57,26.39,28.00,15.00,17.00,14.84
2026-01-04T01:13:00Z,10.00,2.00,6.57,26.39,28.00,16.00,17.00,14.84
2026-01-04T01:14:00Z,10.00,2.00,6.57,26.39,28.00,17.00,17.00,14.84
2026-01-04T01:15:00Z,10.00,2.00,6.57,26.39,28.00,17.00,17.00,14.00
2026-01-04T01:18:00Z,10.72,2.00,6.57,26.39,28.00,17.00,17.00,14.00
2026-01-04T01:20:00Z,13.00,2.00,6.57,26.39,28.00,17.00,17.00,14.00
2026-01-04T01:38:00Z,10.00,2.00,1.33,26.14,23.00,17.00,17.00,13.00
2026-01-04T01:40:00Z,10.00,2.00,1.33,26.14,23.00,17.00,17.00,13.00
2026-01-04T01:41:00Z,9.00,2.00,6.91,23.00,23.00,17.00,17.00,13.00
2026-01-04T01:45:00Z,10.00,2.00,6.91,23.00,23.00,17.00,17.00,13.00
2026-01-04T01:52:00Z,10.00,2.00,6.91,23.00,23.00,21.16,17.00,13.00
2026-01-04T01:53:00Z,9.23,2.00,2.03,22.11,26.00,17.00,17.00,13.00
2026-01-04T02:00:00Z,13.00,2.00,2.03,22.11,26.00,17.00,17.00,14.61
2026-01-04T02:06:00Z,13.00,2.00,2.03,22.11,26.00,21.26,17.00,14.61
2026-01-04T02:07:00Z,10.00,2.00,1.00,22.00,30.49,16.00,16.00,13.00
2026-01-04T02:09:00Z,13.00,2.00,1.00,22.00,30.49,16.00,16.00,13.00
2026-01-04T02:14:00Z,13.00,2.00,1.00,22.00,30.49,16.00,16.00,13.00
2026-01-04T02:21:00Z,10.00,2.00,1.00,19.60,33.28,16.00,16.00,13.00
2026-01-04T02:23:00Z,10.00,2.00,1.00,19.00,30.81,16.00,16.00,13.00
2026-01-04T02:27:00Z,10.00,2.00,1.00,19.00,31.00,16.00,16.00,13.00
2026-01-04T02:28:00Z,10.00,2.00,1.00,19.00,31.00,16.00,16.00,14.87
2026-01-04T02:35:00Z,10.00,2.00,8.50,19.00,31.00,16.00,16.00,14.87
2026-01-04T02:37:00Z,10.00,2.00,1.60,19.00,31.66,15.40,16.00,13.00
2026-01-04T02:44:00Z,10.00,2.00,1.00,19.00,33.89,16.00,16.00,13.00
2026-01-04T02:48:00Z,10.00,2.00,2.00,26.00,24.00,17.00,16.00,13.00
2026-01-04T02:53:00Z,10.00,4.18,2.00,26.00,24.00,17.00,16.00,13.00
2026-01-04T02:59:00Z,10.00,4.18,2.00,26.00,24.00,17.00,20.92,13.00
2026-01-04T03:03:00Z,10.00,3.00,2.00,24.00,25.00,17.00,16.00,13.00
2026-01-04T03:05:00Z,10.00,6.00,2.00,24.00,25.00,17.00,16.00,13.00
2026-01-04T03:16:00Z,9.38,2.69,1.00,19.00,33.78,17.00,16.00,13.00
2026-01-04T03:17:00Z,10.00,3.00,1.00,24.78,25.00,17.00,16.00,13.00
2026-01-04T03:21:00Z,10.00,3.00,1.00,24.78,25.00,20.00,16.00,13.00
2026-01-04T03:26:00Z,10.00,3.00,1.00,24.78,25.00,20.00,16.00,14.90
2026-01-04T03:27:00Z,11.00,2.14,2.00,16.00,32.00,16.00,16.00,13.00
2026-01-04T03:31:00Z,11.00,2.14,2.00,16.00,32.00,16.00,16.00,14.95
2026-01-04T03:48:00Z,13.83,2.14,2.00,16.00,32.00,16.00,16.00,14.95
2026-01-04T03:50:00Z,13.23,2.14,2.00,16.00,32.00,16.00,16.00,14.95
2026-01-04T03:59:00Z,14.00,2.14,2.00,16.00,32.00,16.00,16.00,14.95
2026-01-04T04:04:00Z,14.00,5.00,2.00,16.00,32.00,16.00,16.00,14.95
2026-01-04T04:05:00Z,10.40,5.00,9.00,17.08,23.64,16.00,16.00,13.04
2026-01-04T04:06:00Z,10.08,5.00,9.00,20.00,23.00,15.00,15.53,12.44
2026-01-04T04:07:00Z,10.08,6.00,9.00,20.00,23.00,15.00,15.53,12.44
2026-01-04T04:10:00Z,10.03,5.00,9.00,20.03,22.62,14.27,15.20,12.31
2026-01-04T04:11:00Z,10.00,4.62,9.00,22.18,22.64,14.02,15.00,12.10
2026-01-04T04:12:00Z,9.00,5.00,9.59,17.13,30.27,13.24,15.00,12.00
2026-01-04T04:19:00Z,9.00,5.00,9.59,23.00,30.00,13.24,15.00,12.00
2026-01-04T04:22:00Z,13.69,5.00,9.59,23.00,30.00,13.24,15.00,12.00
2026-01-04T04:24:00Z,13.69,7.91,9.59,23.00,30.00,13.24,15.00,12.00
2026-01-04T04:31:00Z,13.69,7.91,9.59,23.00,30.00,13.24,20.86,12.00
2026-01-04T04:33:00Z,14.00,7.91,9.59,23.00,30.00,16.00,20.86,12.00
2026-01-04T04:34:00Z,14.00,7.91,9.59,23.00,30.00,16.00,20.86,12.00
2026-01-04T04:37:00Z,14.00,7.91,9.59,23.00,29.00,16.00,20.86,15.94
2026-01-04T04:38:00Z,14.00,7.91,9.59,23.00,29.00,16.00,20.86,15.94
2026-01-04T04:39:00Z,14.00,7.91,9.59,23.00,29.00,16.00,20.86,15.94
2026-01-04T04:43:00Z,14.00,7.91,9.59,23.00,29.00,16.00,20.86,15.94
2026-01-04T04:51:00Z,13.91,7.91,9.59,23.00,29.00,16.00,20.86,15.94
2026-01-04T04:55:00Z,13.91,7.91,9.59,23.00,29.00,16.00,19.37,15.94
2026-01-04T04:59:00Z,13.00,7.91,9.59,23.00,29.00,16.00,19.37,15.94
2026-01-04T05:00:00Z,13.00,7.91,9.59,23.00,29.00,16.00,19.37,15.94
2026-01-04T05:01:00Z,13.00,7.91,9.59,23.00,29.00,16.00,19.37,15.94
2026-01-04T05:05:00Z,13.00,7.91,9.59,23.00,29.00,16.00,19.37,15.94
2026-01-04T05:06:00Z,13.00,7.91,9.59,23.00,29.00,16.00,19.37,23.09
2026-01-04T05:07:00Z,13.00,7.91,8.52,23.00,29.00,15.00,19.37,23.09
2026-01-04T05:09:00Z,13.00,7.91,8.52,23.00,29.00,15.00,19.37,23.09
2026-01-04T05:18:00Z,13.57,7.91,8.52,23.00,25.24,15.00,19.37,23.09
2026-01-04T05:23:00Z,13.57,7.91,9.00,23.00,25.24,15.00,19.37,23.09
2026-01-04T05:25:00Z,14.00,7.91,9.00,23.00,25.24,15.00,19.37,23.09
2026-01-04T05:27:00Z,14.00,7.91,9.00,23.00,25.24,15.00,19.37,23.09
2026-01-04T05:28:00Z,14.00,7.91,9.00,23.00,25.24,15.00,19.37,25.38
2026-01-04T05:32:00Z,14.00,7.91,9.00,23.00,25.24,15.00,19.37,25.86
2026-01-04T05:33:00Z,14.00,7.91,9.00,23.00,25.24,15.00,19.37,26.00
2026-01-04T05:46:00Z,14.00,7.91,9.00,23.00,25.24,15.00,19.37,25.00
2026-01-04T05:54:00Z,14.00,7.91,9.00,23.00,25.24,15.00,19.37,25.00
2026-01-04T05:56:00Z,14.00,7.91,9.00,23.00,25.00,15.00,19.37,25.00
2026-01-04T05:58:00Z,14.00,7.91,9.00,23.00,25.00,15.00,19.37,25.00
2026-01-04T06:07:00Z,14.00,7.91,9.00,23.00,25.87,16.00,19.37,25.00
2026-01-04T06:09:00Z,14.00,7.91,9.00,23.00,25.87,16.00,19.37,25.00
2026-01-04T06:10:00Z,11.00,4.00,3.00,14.00,28.00,14.00,16.00,22.00
2026-01-04T06:17:00Z,13.93,4.00,3.00,14.00,28.00,14.00,16.00,22.00
2026-01-04T06:18:00Z,13.93,6.64,3.00,14.00,28.00,14.00,16.00,22.00
2026-01-04T06:19:00Z,13.93,6.64,9.00,14.00,28.00,14.00,16.00,25.00
2026-01-04T06:22:00Z,17.74,6.64,9.00,14.00,28.00,14.00,16.00,25.00
2026-01-04T06:24:00Z,12.00,4.00,3.00,15.90,21.00,14.00,16.00,24.00
2026-01-04T06:43:00Z,14.00,4.00,2.06,14.00,23.63,14.00,16.00,22.06
2026-01-04T06:47:00Z,14.00,4.00,2.06,14.00,23.63,14.00,16.00,22.06
2026-01-04T06:56:00Z,14.00,4.00,2.06,14.00,23.63,14.00,16.00,22.06
2026-01-04T07:13:00Z,14.00,4.00,2.06,14.00,23.63,16.00,16.00,22.06
2026-01-04T07:17:00Z,14.33,4.00,3.00,14.00,24.00,14.00,15.00,22.33
2026-01-04T07:18:00Z,14.33,4.00,3.00,14.00,25.00,14.00,15.00,22.33
2026-01-04T07:21:00Z,14.33,4.00,3.00,14.00,25.00,16.00,16.00,22.33
2026-01-04T07:22:00Z,14.33,4.00,3.00,14.00,25.00,16.00,16.00,22.33
2026-01-04T07:38:00Z,14.33,4.00,3.00,17.00,25.00,18.00,16.00,22.33
2026-01-04T07:39:00Z,14.33,4.00,9.00,17.00,25.00,18.00,16.00,22.33
2026-01-04T07:42:00Z,14.33,4.00,9.00,17.00,25.00,18.00,16.00,24.00
2026-01-04T07:43:00Z,19.00,4.00,9.00,17.00,25.00,18.00,16.00,24.00
2026-01-04T07:59:00Z,20.00,4.00,9.00,17.00,25.00,18.00,16.00,24.00
2026-01-04T08:04:00Z,20.00,4.00,9.00,17.00,25.00,18.00,16.00,24.00
2026-01-04T08:05:00Z,20.00,4.00,9.00,17.00,25.00,18.00,16.00,24.42
2026-01-04T08:08:00Z,20.00,4.00,9.00,17.00,25.00,18.00,16.00,24.42
2026-01-04T08:12:00Z,20.00,4.00,9.00,17.00,23.27,18.00,16.00,24.42
2026-01-04T08:22:00Z,17.00,4.00,9.00,17.00,23.27,18.00,16.00,24.42
2026-01-04T08:24:00Z,6.03,4.00,9.00,17.00,23.27,18.00,16.00,24.42
2026-01-04T08:29:00Z,6.03,4.00,9.00,17.00,23.27,18.00,21.95,24.42
2026-01-04T08:50:00Z,6.03,4.00,9.00,17.00,23.27,18.00,21.95,25.90
2026-01-04T09:01:00Z,6.03,4.00,9.00,17.00,23.27,18.00,21.95,25.90
2026-01-04T09:17:00Z,6.03,4.00,9.00,17.00,23.27,18.00,21.95,22.00
2026-01-04T09:28:00Z,11.00,4.00,9.00,17.00,23.27,18.00,21.95,22.00
2026-01-04T09:37:00Z,11.00,4.00,9.00,17.00,23.27,18.00,21.95,25.61
2026-01-04T09:38:00Z,11.00,4.00,9.00,17.00,23.27,18.00,21.95,25.97
2026-01-04T11:09:00Z,11.00,4.00,9.00,17.00,23.27,18.00,21.95,26.00
2026-01-04T12:27:00Z,13.96,4.00,9.00,17.00,23.27,18.00,21.95,26.00
2026-01-04T12:46:00Z,13.96,4.00,9.00,17.00,23.27,18.00,21.95,25.57
2026-01-04T12:48:00Z,13.96,4.00,9.00,17.00,25.00,18.00,21.95,25.57
2026-01-04T12:57:00Z,13.96,4.00,9.00,17.00,25.00,18.00,21.95,25.57
2026-01-04T13:00:00Z,13.96,4.00,9.00,17.00,25.00,18.00,21.95,25.57
2026-01-04T13:03:00Z,13.96,4.00,9.00,17.00,25.00,17.00,21.95,25.57
2026-01-04T13:19:00Z,15.19,4.00,9.00,17.00,25.00,17.00,21.95,25.57
2026-01-04T13:35:00Z,15.19,4.00,9.00,17.00,21.45,17.00,21.95,25.57
2026-01-04T13:36:00Z,15.19,4.00,9.00,17.00,21.45,17.00,21.95,24.73
2026-01-04T13:55:00Z,15.19,4.00,9.00,17.00,21.45,17.00,21.95,23.00
2026-01-04T14:23:00Z,15.19,4.00,9.00,17.00,21.45,17.00,21.95,24.00
2026-01-04T14:25:00Z,15.19,4.00,9.00,13.00,21.45,17.00,21.95,24.00
2026-01-04T14:30:00Z,15.19,4.00,9.00,13.00,21.45,17.00,21.95,25.19
2026-01-04T14:50:00Z,15.19,4.00,9.00,13.00,21.45,17.00,21.95,23.00
2026-01-04T15:01:00Z,15.19,4.00,9.00,13.00,21.45,17.00,21.95,25.06
2026-01-04T15:02:00Z,12.00,6.00,8.00,11.00,18.00,13.00,15.00,25.67
2026-01-04T15:03:00Z,12.00,6.00,8.00,11.00,19.00,13.00,15.00,25.67
2026-01-04T15:08:00Z,12.00,6.00,8.00,11.00,19.00,13.00,15.00,26.34
2026-01-04T15:11:00Z,12.87,6.00,8.00,10.00,18.00,13.00,15.00,26.00
2026-01-04T15:25:00Z,12.00,6.00,8.00,10.00,18.00,12.33,15.00,27.43
2026-01-04T15:33:00Z,12.00,6.00,8.00,10.00,17.00,12.00,15.00,28.00
2026-01-04T15:35:00Z,12.00,6.00,8.00,10.00,19.00,12.00,15.00,28.00
2026-01-04T15:41:00Z,12.00,6.00,8.00,13.00,19.00,12.00,15.00,28.00
2026-01-04T15:46:00Z,12.00,6.00,8.00,13.00,19.00,12.00,15.00,28.00
2026-01-04T15:47:00Z,12.00,7.00,8.00,13.00,19.00,12.00,15.00,28.00
2026-01-04T15:48:00Z,12.00,7.00,8.00,13.00,19.00,12.00,15.00,28.00
2026-01-04T15:50:00Z,13.00,7.00,8.00,13.00,19.00,12.00,15.00,28.00
2026-01-04T15:51:00Z,12.00,7.00,8.00,13.00,19.00,12.00,15.00,28.00
2026-01-04T15:53:00Z,12.00,7.00,8.00,13.00,19.00,12.00,16.78,28.00
2026-01-04T15:59:00Z,12.00,7.00,8.00,13.00,19.00,17.00,16.78,28.00
2026-01-04T16:08:00Z,11.89,7.00,8.00,13.00,19.00,17.00,16.78,28.00
2026-01-04T16:14:00Z,11.89,7.00,9.00,13.00,19.00,17.00,16.78,28.00
2026-01-04T16:15:00Z,11.97,7.00,9.00,13.00,19.00,17.00,16.78,28.00
2026-01-04T16:16:00Z,12.00,7.00,9.00,13.00,19.00,17.00,16.78,28.00
2026-01-04T16:19:00Z,12.00,7.00,9.00,13.00,19.00,17.00,17.00,27.00
2026-01-04T16:23:00Z,12.00,7.00,9.00,13.00,19.00,17.00,17.00,29.00
2026-01-04T16:25:00Z,12.00,7.00,9.00,13.00,19.00,17.00,17.00,30.00
2026-01-04T16:30:00Z,12.00,7.00,9.00,13.00,19.00,17.00,17.00,30.00
2026-01-04T16:31:00Z,12.00,7.00,9.00,13.00,19.00,17.00,17.02,29.00
2026-01-04T16:33:00Z,12.02,7.00,9.00,13.00,19.00,17.00,17.02,29.00
2026-01-04T16:36:00Z,12.02,7.00,9.00,13.00,19.00,16.00,17.02,29.00
2026-01-04T16:41:00Z,13.00,7.00,9.00,13.00,19.00,16.00,17.02,29.00
2026-01-04T16:43:00Z,13.00,7.00,9.00,13.00,19.00,16.00,17.02,29.00
2026-01-04T16:45:00Z,13.00,7.00,9.00,13.00,19.00,16.00,17.88,29.00
2026-01-04T16:46:00Z,13.00,7.00,9.00,13.00,19.00,16.00,19.00,29.00
2026-01-04T16:54:00Z,13.00,7.00,10.00,13.00,19.00,16.00,19.00,29.00
2026-01-04T16:55:00Z,13.00,7.00,10.00,13.00,19.00,16.00,19.00,29.00
2026-01-04T17:01:00Z,13.00,7.00,10.00,13.00,19.00,16.00,19.00,26.00
2026-01-04T17:02:00Z,13.00,7.00,10.00,13.00,19.00,16.00,19.00,26.00
2026-01-04T17:07:00Z,13.00,7.00,10.00,13.00,19.00,16.00,19.91,26.00
2026-01-04T17:08:00Z,13.00,7.00,10.00,13.00,19.00,16.00,19.91,23.50
2026-01-04T17:12:00Z,13.00,7.00,10.00,13.00,19.00,16.00,19.91,27.09
2026-01-04T17:13:00Z,13.00,7.00,10.00,13.00,19.00,16.00,19.91,28.00
2026-01-04T17:14:00Z,12.00,7.00,10.00,4.00,13.00,13.00,18.00,34.76
2026-01-04T17:15:00Z,12.41,7.00,10.00,4.00,13.00,13.00,18.00,34.92
2026-01-04T17:16:00Z,12.41,7.00,10.00,4.00,12.44,11.49,18.00,35.44
2026-01-04T17:17:00Z,10.94,7.00,10.00,9.00,12.44,11.49,18.00,35.44
2026-01-04T17:26:00Z,10.94,7.00,10.00,9.00,12.44,11.49,18.00,51.00
2026-01-04T17:29:00Z,10.00,7.00,10.00,9.00,12.44,11.49,18.00,51.00
2026-01-04T17:30:00Z,11.00,7.00,10.00,9.00,12.44,11.49,18.00,51.00
2026-01-04T17:36:00Z,11.00,7.00,10.00,9.00,12.44,11.49,18.00,51.00
2026-01-04T17:38:00Z,12.00,7.00,10.00,9.00,12.44,11.49,18.00,51.00
2026-01-04T17:46:00Z,12.00,7.00,10.00,9.00,12.44,11.49,18.00,51.00
2026-01-04T17:49:00Z,12.00,7.00,10.00,9.00,7.00,11.00,18.00,51.00
2026-01-04T17:52:00Z,12.00,7.00,10.00,9.00,12.00,9.00,18.00,51.00
2026-01-04T17:53:00Z,12.00,7.00,10.00,9.00,12.00,12.14,18.00,51.00
2026-01-04T17:54:00Z,12.00,7.00,10.00,9.00,12.00,12.14,20.32,51.00
2026-01-04T17:57:00Z,11.82,7.00,10.00,9.00,12.00,12.14,20.32,51.00
2026-01-04T18:00:00Z,12.00,7.00,10.00,9.00,12.00,12.14,20.32,51.00
2026-01-04T18:03:00Z,12.00,11.42,10.00,9.00,12.00,12.14,20.32,51.00
2026-01-04T18:10:00Z,12.00,11.42,10.00,9.00,12.00,12.14,20.32,51.00
2026-01-04T18:12:00Z,12.00,11.42,10.00,9.00,12.00,12.14,20.32,51.00
2026-01-04T18:15:00Z,12.00,11.42,10.00,9.00,12.00,12.14,20.32,51.25
2026-01-04T18:18:00Z,12.00,11.42,10.00,9.00,12.00,12.14,17.00,52.00
2026-01-04T18:20:00Z,12.00,11.42,10.00,9.00,12.00,12.14,17.00,52.00
2026-01-04T18:21:00Z,12.00,11.42,10.00,9.00,12.00,12.14,17.33,47.44
2026-01-04T18:22:00Z,12.00,11.42,10.00,9.00,12.00,12.14,17.33,52.00
2026-01-04T18:24:00Z,12.00,11.42,10.00,9.00,12.00,12.14,17.33,52.00
2026-01-04T18:25:00Z,12.86,11.42,10.00,9.00,8.00,12.14,17.33,52.00
2026-01-04T18:26:00Z,12.86,11.42,10.00,9.00,8.00,12.14,19.00,52.00
2026-01-04T18:27:00Z,12.86,11.42,10.00,9.00,8.00,12.14,19.00,46.30
2026-01-04T18:30:00Z,12.86,11.42,10.00,9.00,11.00,12.14,19.00,46.30
2026-01-04T18:31:00Z,12.86,11.42,10.00,9.00,7.44,10.00,19.00,46.30
2026-01-04T18:32:00Z,12.86,11.42,10.00,9.00,7.44,10.96,19.00,46.30
2026-01-04T18:33:00Z,10.00,11.42,10.00,9.00,7.44,10.96,19.00,46.30
2026-01-04T18:35:00Z,10.00,11.42,10.00,8.79,7.44,10.96,19.00,46.30
2026-01-04T18:37:00Z,10.25,11.42,10.00,8.79,7.44,10.96,19.00,46.30
2026-01-04T18:40:00Z,10.25,11.42,7.00,8.79,7.44,10.96,19.00,46.30
2026-01-04T18:41:00Z,11.25,12.00,7.00,8.79,7.44,10.96,19.00,46.30
2026-01-04T18:47:00Z,7.00,12.00,7.00,8.79,7.44,10.96,19.55,46.30
2026-01-04T18:49:00Z,7.00,12.00,7.00,12.00,7.44,10.96,19.55,49.00
2026-01-04T18:51:00Z,7.29,12.00,7.00,12.00,7.44,10.96,19.55,49.00
2026-01-04T18:52:00Z,7.29,12.00,7.00,12.00,12.00,10.96,19.55,49.00
2026-01-04T18:55:00Z,7.29,12.00,7.00,12.00,12.00,10.96,20.81,48.00
2026-01-04T18:56:00Z,8.00,12.00,7.00,12.00,12.00,10.96,20.81,48.00
2026-01-04T19:00:00Z,8.00,12.00,7.00,12.00,12.00,10.96,20.81,51.90
2026-01-04T19:01:00Z,8.00,12.00,7.00,12.00,12.00,10.96,20.81,40.33
2026-01-04T19:04:00Z,8.00,12.00,7.00,12.00,12.00,10.96,20.81,40.33
2026-01-04T19:05:00Z,8.00,12.00,7.00,12.00,12.00,10.96,20.81,52.87
2026-01-04T19:10:00Z,8.00,12.00,7.00,12.00,12.00,10.96,20.81,54.00
2026-01-04T19:12:00Z,8.00,12.00,7.00,12.00,12.00,10.96,20.81,54.00
2026-01-04T19:21:00Z,8.00,12.00,7.00,12.00,12.00,10.96,20.81,53.00
2026-01-04T19:25:00Z,8.00,12.00,7.00,12.00,12.00,10.96,24.00,53.00
2026-01-04T19:26:00Z,9.00,12.00,7.00,12.00,12.00,10.96,24.00,53.00
2026-01-04T19:32:00Z,9.00,12.00,7.00,12.00,12.00,10.96,24.00,52.00
2026-01-04T19:47:00Z,9.91,12.00,7.00,12.00,12.00,10.96,24.00,52.00
2026-01-04T19:48:00Z,11.00,12.00,7.00,12.00,12.00,10.96,24.00,52.00
2026-01-04T19:49:00Z,11.00,12.00,7.00,12.00,12.00,10.96,24.00,51.00
2026-01-04T19:54:00Z,11.00,12.00,7.00,12.00,13.58,10.96,24.00,51.00
2026-01-04T19:56:00Z,11.00,12.00,7.00,12.00,13.58,10.96,24.00,49.81
2026-01-04T20:02:00Z,11.00,12.00,7.00,12.00,13.58,14.00,22.00,49.00
2026-01-04T20:13:00Z,11.00,12.00,7.00,12.00,13.58,14.00,22.00,49.89
2026-01-04T20:15:00Z,11.00,12.00,7.00,12.00,13.58,14.00,22.00,49.89
2026-01-04T20:18:00Z,11.00,12.00,7.00,12.00,13.58,14.00,22.86,49.89
2026-01-04T20:19:00Z,11.00,12.00,7.00,12.00,13.58,14.60,22.86,50.00
2026-01-04T20:26:00Z,8.00,4.00,3.00,5.00,10.00,9.00,15.00,52.55
2026-01-04T20:28:00Z,8.00,4.00,3.00,5.00,10.00,9.00,15.00,53.00
2026-01-04T20:29:00Z,8.00,4.00,3.00,5.00,10.00,9.00,15.00,54.00
2026-01-04T20:32:00Z,11.12,4.00,3.00,5.00,10.00,9.00,15.00,54.00
2026-01-04T20:36:00Z,12.48,4.00,3.00,5.00,10.00,9.00,15.00,54.00
2026-01-04T20:38:00Z,12.00,4.00,3.00,5.00,10.00,9.00,15.00,54.00
2026-01-04T20:39:00Z,12.00,4.00,3.00,5.00,10.00,9.00,23.37,54.00
2026-01-04T20:44:00Z,6.68,4.00,3.00,5.00,10.00,9.00,23.37,54.00
2026-01-04T20:46:00Z,6.68,4.00,3.00,5.00,10.00,9.00,23.98,54.00
2026-01-04T20:49:00Z,5.00,4.00,2.14,5.00,12.00,10.00,26.16,49.50
2026-01-04T20:52:00Z,11.34,4.00,3.00,5.00,12.00,10.00,18.00,48.00
2026-01-04T20:59:00Z,8.00,5.00,2.25,5.00,11.00,10.00,23.52,48.00
2026-01-04T21:03:00Z,8.00,5.00,2.25,5.00,11.00,10.00,25.78,48.00
2026-01-04T21:05:00Z,8.00,5.00,2.25,11.00,11.00,10.00,25.78,48.00
2026-01-04T21:15:00Z,11.00,5.00,2.25,11.00,11.00,10.00,25.78,48.00
2026-01-04T21:18:00Z,11.00,5.00,2.25,11.00,11.00,10.00,25.78,50.47
2026-01-04T21:19:00Z,10.55,6.00,2.42,5.00,12.00,9.28,20.00,48.19
2026-01-04T21:20:00Z,10.55,6.00,2.42,5.00,15.00,9.28,20.00,48.19
2026-01-04T21:29:00Z,10.55,6.00,2.42,5.00,15.72,9.28,20.00,51.56
2026-01-04T21:32:00Z,10.55,6.00,2.42,5.00,16.00,9.28,20.00,51.56
2026-01-04T21:33:00Z,10.55,6.00,2.42,5.00,16.00,9.28,25.53,51.56
2026-01-04T21:35:00Z,10.74,6.00,2.42,5.00,16.00,9.28,25.53,51.56
2026-01-04T21:36:00Z,10.74,9.61,6.00,11.00,16.00,9.28,25.53,51.56
2026-01-04T21:40:00Z,7.83,6.00,2.00,4.05,11.00,8.72,18.00,52.32
2026-01-04T21:41:00Z,7.83,6.00,7.00,4.05,11.00,8.72,18.00,52.32
2026-01-04T21:43:00Z,7.83,6.00,7.00,4.05,11.00,8.72,25.00,52.32
2026-01-04T21:47:00Z,7.83,6.00,7.00,4.05,11.00,8.72,25.00,44.00
2026-01-04T21:49:00Z,7.83,6.00,7.00,4.05,11.00,8.72,25.70,52.00
2026-01-04T22:04:00Z,11.00,6.00,7.00,4.05,16.00,8.72,25.70,52.00
2026-01-04T22:05:00Z,11.00,6.00,7.00,4.05,16.00,8.72,25.70,52.00
2026-01-04T22:11:00Z,10.00,6.00,2.00,3.00,11.00,9.00,18.00,40.40
2026-01-04T22:14:00Z,12.00,6.00,2.00,3.00,11.00,9.00,18.00,40.40
2026-01-04T22:22:00Z,12.00,6.00,2.00,3.00,11.00,9.00,18.00,48.11
2026-01-04T22:24:00Z,12.00,6.00,2.00,3.00,11.00,9.00,18.00,47.00
2026-01-04T22:36:00Z,12.00,10.00,2.00,3.00,11.00,9.00,18.00,47.00
2026-01-04T22:37:00Z,11.67,10.00,2.00,3.00,11.00,9.00,18.00,47.00
2026-01-04T22:47:00Z,11.67,10.00,2.00,3.00,11.00,9.00,23.07,47.00
2026-01-04T22:53:00Z,11.67,10.00,2.00,3.00,11.00,9.00,23.07,51.77
2026-01-04T22:57:00Z,12.00,10.00,2.00,3.00,11.00,9.00,23.00,51.77
2026-01-04T23:01:00Z,12.78,10.00,2.00,3.00,11.00,9.00,23.00,51.77
2026-01-04T23:03:00Z,12.88,10.00,2.00,3.00,11.00,9.00,23.00,51.77
2026-01-04T23:05:00Z,12.88,10.00,2.00,9.00,11.00,9.00,23.00,51.77
2026-01-04T23:12:00Z,10.33,9.90,2.00,2.33,11.00,10.00,16.00,49.00
2026-01-04T23:13:00Z,10.33,9.90,2.00,2.33,16.00,10.00,16.00,49.00
2026-01-04T23:15:00Z,13.00,9.90,2.00,2.33,16.00,10.00,16.00,49.00
2026-01-04T23:25:00Z,13.00,9.90,2.00,2.33,15.00,14.00,16.00,49.00
2026-01-04T23:26:00Z,13.00,9.90,2.00,2.33,15.00,14.00,21.00,49.00
2026-01-04T23:30:00Z,13.00,9.90,2.00,2.33,15.00,14.00,21.00,50.00
2026-01-04T23:39:00Z,13.00,9.90,2.00,2.33,15.00,14.00,21.00,43.93
2026-01-04T23:41:00Z,14.00,9.90,2.00,2.33,15.00,14.00,21.00,43.93
2026-01-04T23:42:00Z,14.00,9.90,2.00,2.33,15.00,14.00,21.00,48.00
2026-01-04T23:43:00Z,14.00,9.90,2.00,2.33,15.00,14.00,22.00,48.00
2026-01-04T23:45:00Z,14.00,9.90,2.00,2.33,15.00,14.00,22.00,48.00
2026-01-04T23:46:00Z,14.00,9.90,2.00,2.33,15.00,14.00,22.00,42.71
2026-01-04T23:50:00Z,14.85,9.90,2.00,2.33,15.00,14.00,22.00,42.71
2026-01-04T23:54:00Z,14.16,9.90,2.00,2.33,15.00,14.00,22.00,42.71
2026-01-05T00:05:00Z,14.16,9.90,2.00,2.33,15.00,14.00,22.00,46.30
2026-01-05T00:07:00Z,14.16,9.90,2.00,2.33,15.00,14.00,22.00,47.00
2026-01-05T00:11:00Z,14.16,9.90,2.00,2.33,15.00,14.00,22.00,42.94
2026-01-05T00:12:00Z,7.29,9.90,2.00,2.33,15.00,14.00,22.00,42.94
2026-01-05T00:14:00Z,7.29,9.90,2.00,2.33,15.00,14.00,22.00,46.00
2026-01-05T00:18:00Z,7.29,9.90,2.00,2.33,15.00,12.00,22.00,46.00
2026-01-05T00:19:00Z,7.29,9.90,2.00,2.33,15.00,12.00,17.74,43.36
2026-01-05T00:25:00Z,7.29,9.90,2.00,2.33,15.00,12.00,21.00,44.00
2026-01-05T00:27:00Z,7.29,9.90,2.00,2.33,15.00,12.00,21.00,44.00
2026-01-05T00:31:00Z,7.29,9.90,2.00,2.33,15.00,12.00,21.00,44.00
2026-01-05T00:32:00Z,7.29,9.90,2.00,2.33,15.00,12.00,21.00,44.00
2026-01-05T00:35:00Z,7.29,9.90,2.00,2.33,15.00,12.00,21.00,44.00
2026-01-05T00:39:00Z,7.29,9.90,2.00,9.00,15.00,12.00,21.00,44.00
2026-01-05T00:41:00Z,7.29,9.90,2.00,9.00,15.00,12.00,21.00,43.97
2026-01-05T00:42:00Z,7.29,9.90,2.00,9.00,15.00,12.00,21.50,43.97
2026-01-05T00:47:00Z,12.85,9.90,2.00,9.00,12.00,12.00,21.50,43.97
2026-01-05T00:48:00Z,12.85,9.90,2.00,9.00,12.00,11.96,21.50,43.97
2026-01-05T00:51:00Z,12.85,9.90,2.00,9.00,12.00,11.96,21.50,44.00
2026-01-05T00:52:00Z,12.85,9.90,2.00,9.00,12.00,12.00,21.50,44.00
2026-01-05T00:53:00Z,12.85,9.90,7.00,9.00,12.00,12.00,21.50,44.00
2026-01-05T00:57:00Z,12.85,9.90,7.00,9.00,12.00,12.00,21.50,44.00
2026-01-05T00:58:00Z,12.85,9.90,7.00,9.00,12.00,12.00,21.50,42.00
2026-01-05T01:04:00Z,12.85,9.90,7.00,9.00,12.00,12.00,21.62,42.00
2026-01-05T01:05:00Z,12.85,9.90,7.00,9.00,12.00,11.37,21.62,44.00
2026-01-05T01:08:00Z,13.00,9.90,7.00,9.00,12.00,11.37,21.62,44.00
2026-01-05T01:09:00Z,13.00,9.90,7.00,9.00,11.00,11.37,21.62,44.00
2026-01-05T01:12:00Z,13.00,9.90,7.00,9.00,11.00,12.00,21.62,44.00
2026-01-05T01:13:00Z,13.00,9.90,7.00,9.00,11.00,12.00,21.62,44.00
2026-01-05T01:15:00Z,13.00,9.90,7.00,9.00,11.00,12.00,21.62,44.00
2026-01-05T01:18:00Z,13.00,9.90,7.00,9.00,11.00,12.00,21.62,43.00
2026-01-05T01:23:00Z,13.00,9.90,7.00,9.00,11.00,12.00,21.00,43.54
2026-01-05T01:25:00Z,13.00,9.90,7.00,9.00,11.00,12.00,21.00,43.54
2026-01-05T01:35:00Z,13.00,9.90,7.00,9.00,11.00,12.00,21.00,43.54
2026-01-05T01:39:00Z,13.00,9.90,7.00,9.00,11.00,12.00,21.00,43.54
2026-01-05T01:40:00Z,13.00,9.90,7.00,9.00,11.00,14.48,21.00,43.54
2026-01-05T01:43:00Z,11.00,9.90,7.00,9.00,11.00,14.48,21.00,43.54
2026-01-05T01:46:00Z,11.00,9.90,7.00,9.00,11.00,14.48,21.00,43.54
2026-01-05T01:51:00Z,11.00,9.90,7.00,9.00,11.00,13.73,21.00,43.54
2026-01-05T01:53:00Z,11.00,9.90,7.00,9.00,11.00,13.73,20.00,43.54
2026-01-05T01:55:00Z,11.00,9.90,7.00,9.00,11.00,13.73,20.00,43.00
2026-01-05T01:57:00Z,11.00,9.90,7.00,9.00,11.00,13.73,20.00,43.00
2026-01-05T01:58:00Z,11.00,9.90,7.00,9.00,11.00,13.73,20.00,43.00
2026-01-05T02:01:00Z,11.00,9.90,7.00,9.00,11.00,13.73,20.63,43.00
2026-01-05T02:03:00Z,11.00,9.90,7.00,9.00,11.00,13.73,20.74,43.00
2026-01-05T02:04:00Z,11.00,9.90,7.00,9.00,11.00,13.73,20.74,43.00
2026-01-05T02:07:00Z,10.98,9.90,7.00,9.00,11.00,13.73,20.74,43.00
2026-01-05T02:10:00Z,10.98,9.90,7.00,9.00,11.00,13.73,20.98,43.00
2026-01-05T02:12:00Z,11.00,9.90,7.00,9.00,11.00,13.73,20.98,43.00
2026-01-05T02:14:00Z,11.00,9.90,7.00,9.00,11.00,13.73,20.00,43.00
2026-01-05T02:18:00Z,11.00,9.90,7.00,9.00,11.00,13.73,20.00,43.00
2026-01-05T02:24:00Z,11.00,9.90,7.00,9.00,11.00,13.73,20.00,43.00
2026-01-05T02:25:00Z,11.00,9.90,7.00,9.00,12.97,13.73,20.00,43.00
2026-01-05T02:32:00Z,11.00,9.90,7.00,9.00,12.97,13.73,20.00,43.00
2026-01-05T02:38:00Z,11.00,9.90,7.02,9.00,12.97,13.73,20.00,43.00
2026-01-05T02:40:00Z,11.00,9.90,7.02,9.00,12.97,13.73,20.00,43.00
2026-01-05T02:43:00Z,11.00,9.90,7.02,9.00,12.64,13.73,20.00,43.00
2026-01-05T02:44:00Z,11.00,9.90,7.02,8.00,12.64,13.73,20.00,43.00
2026-01-05T02:46:00Z,11.00,9.90,7.02,8.00,12.64,13.73,20.00,43.00
2026-01-05T02:47:00Z,11.00,9.90,7.02,8.00,12.64,13.73,20.00,44.55
2026-01-05T02:51:00Z,11.00,9.90,12.77,8.00,12.64,13.73,20.00,49.55
2026-01-05T02:54:00Z,11.00,9.90,12.77,8.00,12.64,13.73,20.00,49.55
2026-01-05T02:55:00Z,9.00,9.90,12.77,8.00,12.64,13.73,20.00,49.55
2026-01-05T02:56:00Z,9.24,9.90,12.77,8.00,12.64,13.73,20.00,49.55
2026-01-05T02:57:00Z,10.00,9.90,12.77,8.00,12.64,13.73,20.00,49.55
2026-01-05T02:58:00Z,10.00,9.90,12.77,8.00,12.64,14.88,20.00,49.55
2026-01-05T03:01:00Z,10.00,9.90,12.77,8.00,12.64,14.88,20.00,49.00
2026-01-05T03:07:00Z,10.00,9.90,12.77,8.00,12.64,14.88,20.00,49.00
2026-01-05T03:08:00Z,10.00,9.90,12.77,8.00,11.00,14.88,20.00,49.00
2026-01-05T03:09:00Z,10.00,9.90,12.77,8.00,11.00,16.35,20.00,49.00
2026-01-05T03:11:00Z,10.00,10.00,12.77,8.00,11.00,16.35,20.00,49.00
2026-01-05T03:13:00Z,10.00,10.00,12.77,8.00,11.00,16.35,20.00,49.00
2026-01-05T03:22:00Z,10.00,10.00,12.77,8.00,11.00,16.35,20.00,49.00
2026-01-05T03:23:00Z,10.00,10.00,12.77,8.00,11.00,16.35,20.00,49.00
2026-01-05T03:25:00Z,10.00,10.00,12.77,8.00,11.00,16.35,20.00,49.00
2026-01-05T03:29:00Z,10.00,10.00,12.77,8.00,11.00,16.35,20.00,48.00
2026-01-05T03:30:00Z,10.00,9.03,12.77,8.00,11.00,16.35,20.00,48.00
2026-01-05T03:32:00Z,10.00,9.03,12.77,8.00,11.00,16.35,20.00,46.63
2026-01-05T03:33:00Z,10.00,9.03,12.77,8.00,11.00,16.35,20.00,47.00
2026-01-05T03:35:00Z,6.94,9.03,12.77,8.00,11.00,16.35,20.00,48.00
2026-01-05T03:37:00Z,9.95,9.03,12.77,8.00,11.00,16.35,20.00,48.00
2026-01-05T03:40:00Z,9.95,9.03,12.77,8.00,11.00,16.35,20.00,40.01
2026-01-05T03:43:00Z,9.95,9.03,12.77,8.00,11.00,16.35,20.00,40.01
2026-01-05T03:46:00Z,9.95,9.03,13.00,8.00,11.00,16.35,20.00,40.01
2026-01-05T03:50:00Z,9.95,9.03,13.00,8.00,11.00,16.00,20.00,40.01
2026-01-05T03:51:00Z,10.00,9.03,13.00,8.00,11.00,16.00,20.00,40.01
2026-01-05T03:53:00Z,10.00,9.03,13.00,8.00,10.00,16.00,20.00,40.01
2026-01-05T03:55:00Z,10.00,9.03,13.00,8.00,10.00,16.00,20.00,40.01
2026-01-05T03:59:00Z,10.00,9.03,13.00,8.00,10.00,16.00,20.00,46.00
2026-01-05T04:02:00Z,10.00,9.03,13.00,8.00,10.00,16.00,20.00,46.00
2026-01-05T04:04:00Z,10.00,9.03,13.00,8.00,10.00,16.00,20.00,46.00
2026-01-05T04:10:00Z,10.70,9.03,13.00,7.00,10.00,16.00,20.00,46.00
2026-01-05T04:11:00Z,12.00,9.03,13.00,7.00,10.00,16.00,20.00,46.00
2026-01-05T04:13:00Z,12.00,9.03,12.56,7.00,10.00,16.00,20.00,46.00
2026-01-05T04:16:00Z,12.00,9.03,12.56,7.00,10.00,16.00,19.00,46.00
2026-01-05T04:21:00Z,12.00,9.03,12.56,7.00,10.00,16.00,19.00,46.00
2026-01-05T04:34:00Z,12.00,9.03,12.56,7.00,10.00,16.00,19.00,46.00
2026-01-05T04:41:00Z,12.00,9.03,12.56,7.00,10.00,16.00,19.00,38.00
2026-01-05T04:42:00Z,12.00,9.03,12.56,7.00,10.00,16.00,19.00,38.00
2026-01-05T04:45:00Z,12.00,9.03,12.56,7.00,10.00,16.00,20.00,38.00
2026-01-05T04:48:00Z,12.00,9.03,12.56,7.00,10.00,16.00,20.00,38.00
2026-01-05T04:49:00Z,13.00,9.03,12.56,7.00,10.00,16.00,20.00,38.00
2026-01-05T04:50:00Z,13.00,9.03,12.56,7.00,10.00,16.00,20.00,38.00
2026-01-05T04:54:00Z,13.00,9.03,12.56,7.00,10.00,16.00,20.00,37.47
2026-01-05T05:00:00Z,13.00,9.03,12.56,7.00,10.00,16.00,20.00,40.85
2026-01-05T05:01:00Z,13.00,9.03,12.56,7.00,10.00,16.00,20.00,40.85
2026-01-05T05:05:00Z,13.00,9.03,12.56,7.00,10.00,16.00,17.00,40.85
2026-01-05T05:12:00Z,13.00,9.03,12.56,7.00,10.00,16.00,17.00,43.38
2026-01-05T05:14:00Z,11.61,9.03,12.56,7.00,10.00,16.00,17.00,43.38
2026-01-05T05:19:00Z,13.00,9.03,12.56,7.00,11.00,14.94,17.00,43.38
2026-01-05T05:20:00Z,13.00,9.03,12.56,7.00,11.00,14.94,20.00,43.00
2026-01-05T05:26:00Z,13.00,9.03,12.56,7.00,11.00,14.94,20.00,43.00
2026-01-05T05:27:00Z,13.00,9.03,12.56,7.00,11.00,14.94,20.00,43.00
2026-01-05T05:37:00Z,13.00,9.03,12.56,7.00,11.00,14.94,20.00,43.00
2026-01-05T05:39:00Z,13.00,9.03,12.56,7.00,11.00,14.94,20.00,43.00
2026-01-05T05:43:00Z,13.00,9.03,12.56,7.00,11.00,14.94,20.00,44.00
2026-01-05T05:44:00Z,13.00,9.03,12.56,7.00,11.00,14.94,20.00,44.00
2026-01-05T05:54:00Z,13.00,9.03,12.56,7.00,10.97,14.94,20.00,44.00
2026-01-05T06:02:00Z,13.00,9.03,12.56,7.00,10.97,14.94,20.00,44.00
2026-01-05T06:10:00Z,12.00,9.03,12.56,7.00,10.97,14.94,20.00,44.00
2026-01-05T06:27:00Z,12.00,8.00,12.56,7.00,10.97,14.94,20.00,44.00
2026-01-05T06:33:00Z,12.00,8.00,12.56,7.00,10.97,14.94,20.00,44.00
2026-01-05T06:46:00Z,12.00,8.00,12.56,7.00,10.97,14.94,20.00,44.00
2026-01-05T06:55:00Z,12.00,8.00,12.56,7.00,10.97,14.94,20.00,38.15
2026-01-05T06:56:00Z,12.00,8.00,12.56,7.00,10.97,14.94,20.00,38.15
2026-01-05T07:03:00Z,12.00,8.00,12.56,7.00,10.97,14.94,20.00,38.15
2026-01-05T07:05:00Z,12.00,8.00,9.00,7.00,10.97,14.94,20.00,38.15
2026-01-05T07:16:00Z,12.00,8.00,9.00,7.00,10.97,14.94,20.00,44.00
2026-01-05T07:19:00Z,12.00,8.00,9.00,7.00,10.97,14.94,20.00,43.90
2026-01-05T07:21:00Z,12.00,6.00,9.00,7.00,10.97,14.94,20.00,43.90
2026-01-05T07:31:00Z,12.00,6.00,9.00,7.00,10.97,14.94,18.00,43.90
2026-01-05T07:58:00Z,12.00,6.00,9.00,7.00,10.97,14.94,18.00,43.90
2026-01-05T08:01:00Z,12.00,6.00,9.00,7.00,10.97,14.94,18.00,44.00
2026-01-05T08:21:00Z,12.00,8.00,9.00,7.00,10.97,14.94,18.00,44.00
2026-01-05T08:50:00Z,12.00,8.00,9.00,6.00,10.97,14.94,18.00,44.00
2026-01-05T09:13:00Z,12.00,8.00,9.00,6.00,10.97,14.94,20.00,44.00
2026-01-05T09:25:00Z,12.00,8.00,9.00,6.00,10.97,14.94,20.00,44.00
2026-01-05T09:38:00Z,12.00,8.00,3.46,6.00,10.97,14.94,20.00,44.00
2026-01-05T09:40:00Z,12.00,8.00,3.46,6.00,10.97,14.94,20.00,44.00
2026-01-05T10:01:00Z,12.00,8.00,3.46,6.00,10.97,14.94,20.00,44.00
2026-01-05T10:13:00Z,12.00,8.00,3.46,6.00,10.97,16.57,20.00,44.00
2026-01-05T10:33:00Z,12.00,8.00,3.46,6.00,11.00,16.57,20.00,44.00
2026-01-05T10:40:00Z,12.00,8.00,3.46,6.00,11.00,16.57,20.00,44.00
2026-01-05T10:56:00Z,12.00,8.00,3.46,6.00,11.00,16.57,20.00,44.00
2026-01-05T10:58:00Z,12.00,8.00,3.46,6.00,11.00,17.00,20.00,44.00
2026-01-05T11:07:00Z,12.00,8.00,3.46,6.00,11.00,17.00,20.00,44.00
2026-01-05T11:11:00Z,12.00,8.00,3.46,6.00,11.00,17.00,20.00,44.00
2026-01-05T11:15:00Z,12.00,8.00,3.46,6.00,11.00,17.00,20.00,43.00
2026-01-05T11:33:00Z,12.00,8.00,3.46,6.00,11.00,17.00,20.00,43.00
2026-01-05T11:50:00Z,12.00,8.00,3.46,6.00,11.00,17.00,20.00,43.00
2026-01-05T12:04:00Z,12.00,8.00,3.46,6.00,11.00,17.00,20.00,43.00
2026-01-05T12:21:00Z,12.00,8.00,3.46,6.00,11.00,17.00,20.00,43.00
2026-01-05T12:25:00Z,12.00,8.00,3.46,6.00,11.00,17.00,20.00,43.00
2026-01-05T12:43:00Z,12.00,6.00,3.46,6.00,11.00,17.00,20.00,43.00
2026-01-05T13:10:00Z,12.00,6.00,3.46,6.00,11.00,17.00,20.00,43.00
2026-01-05T13:13:00Z,12.00,6.00,3.46,6.00,11.00,17.00,20.00,40.37
2026-01-05T13:41:00Z,12.00,6.00,3.46,6.00,11.00,17.00,20.00,40.37
2026-01-05T13:43:00Z,12.00,6.00,3.46,6.00,11.00,17.00,20.00,40.37
2026-01-05T13:44:00Z,12.00,6.00,3.46,6.00,11.00,17.00,20.00,43.84
2026-01-05T14:23:00Z,12.00,6.00,3.46,6.00,11.00,17.00,20.00,43.84
2026-01-05T14:24:00Z,12.00,6.00,3.46,6.00,11.00,17.00,20.00,43.84
2026-01-05T14:46:00Z,12.00,6.00,3.46,6.00,11.00,17.00,20.00,43.84
2026-01-05T14:57:00Z,12.00,6.00,3.46,6.00,11.00,17.00,20.00,43.00
2026-01-05T15:00:00Z,12.00,6.00,3.46,6.00,11.00,17.00,20.00,43.00
2026-01-05T15:03:00Z,12.00,6.00,3.46,6.00,11.00,17.00,20.00,43.00
2026-01-05T15:05:00Z,12.00,6.00,3.46,6.00,11.00,17.00,20.00,40.00
2026-01-05T15:15:00Z,10.00,6.00,3.46,6.00,11.00,17.00,20.00,40.00
2026-01-05T15:16:00Z,10.00,6.00,3.46,6.00,11.00,18.59,18.00,39.14
2026-01-05T15:17:00Z,7.26,6.00,3.46,6.00,11.00,18.59,18.00,39.14
2026-01-05T15:18:00Z,7.26,6.00,3.46,6.00,11.00,18.59,17.00,34.64
2026-01-05T15:19:00Z,7.26,6.00,3.46,6.00,11.00,25.23,17.00,31.03
2026-01-05T15:20:00Z,7.26,6.00,3.46,6.00,11.00,31.44,17.00,26.24
2026-01-05T15:22:00Z,7.26,6.00,3.46,6.00,13.14,31.44,17.00,26.24
2026-01-05T15:23:00Z,7.26,5.98,3.46,6.00,13.14,31.44,17.00,26.24
2026-01-05T15:26:00Z,6.00,5.98,3.46,6.00,13.14,31.44,17.00,26.24
2026-01-05T15:29:00Z,6.00,5.98,3.46,6.00,13.14,25.00,19.00,26.24
2026-01-05T15:34:00Z,6.00,5.98,3.46,6.00,13.14,25.00,19.00,38.80
2026-01-05T15:35:00Z,6.00,3.74,3.46,6.00,13.14,25.00,19.00,40.18
2026-01-05T15:36:00Z,3.10,3.74,3.46,6.00,13.14,25.00,19.00,40.18
2026-01-05T15:37:00Z,3.10,3.01,3.46,6.00,13.14,25.00,19.00,40.18
2026-01-05T15:43:00Z,3.10,3.01,3.46,6.00,13.14,25.00,19.00,25.55
2026-01-05T15:46:00Z,6.00,3.01,3.46,6.00,13.14,25.00,19.00,37.62
2026-01-05T15:47:00Z,6.00,3.01,3.46,6.00,13.14,25.03,19.00,37.62
2026-01-05T15:48:00Z,6.00,3.01,3.46,7.80,14.21,25.03,19.00,37.62
2026-01-05T15:49:00Z,2.12,3.01,3.46,7.80,14.21,25.03,19.00,37.62
2026-01-05T15:52:00Z,2.12,2.01,3.46,7.80,14.21,25.03,19.00,35.96
2026-01-05T15:54:00Z,2.12,2.01,3.46,7.80,15.98,25.03,19.00,35.96
2026-01-05T15:55:00Z,2.12,2.01,3.46,7.80,15.98,25.03,19.00,38.09
2026-01-05T16:00:00Z,2.12,2.01,3.46,7.80,15.98,25.03,19.00,37.88
2026-01-05T16:01:00Z,2.12,2.01,3.46,7.80,15.98,25.03,19.00,38.00
2026-01-05T16:02:00Z,2.12,2.01,3.46,7.80,15.98,25.03,19.00,38.00
2026-01-05T16:09:00Z,4.00,2.01,3.46,7.80,15.98,25.03,19.00,38.00
2026-01-05T16:10:00Z,4.00,2.01,3.46,7.80,15.98,25.03,19.00,38.00
2026-01-05T16:11:00Z,4.00,2.01,5.28,7.80,15.98,25.03,19.00,38.00
2026-01-05T16:12:00Z,4.00,2.01,5.28,7.80,15.98,25.03,19.00,41.00
2026-01-05T16:26:00Z,4.00,2.01,5.28,7.80,15.98,25.03,19.00,41.00
2026-01-05T16:31:00Z,4.00,2.01,5.28,7.80,15.98,25.03,19.00,41.18
2026-01-05T16:38:00Z,4.00,2.01,5.28,7.80,15.98,25.03,19.00,41.18
2026-01-05T16:41:00Z,4.00,2.01,5.28,7.80,15.98,24.00,19.00,41.18
2026-01-05T16:46:00Z,4.00,2.01,5.28,7.80,15.98,24.00,19.00,36.00
2026-01-05T16:51:00Z,4.00,3.00,5.28,7.80,15.98,24.00,19.00,36.00
2026-01-05T16:52:00Z,3.00,3.00,5.28,7.80,15.98,24.00,19.00,36.00
2026-01-05T17:04:00Z,3.00,3.00,5.28,7.80,15.98,21.59,19.00,36.00
2026-01-05T17:09:00Z,3.00,3.00,5.28,7.80,15.98,21.59,19.00,31.53
2026-01-05T17:20:00Z,3.00,3.00,5.28,11.00,15.98,21.59,19.00,31.53
2026-01-05T17:23:00Z,3.00,3.00,5.28,11.00,18.40,21.59,19.00,28.19
2026-01-05T17:24:00Z,3.00,3.00,5.28,12.00,18.40,21.59,19.00,28.19
2026-01-05T17:31:00Z,3.00,3.00,5.28,12.00,18.40,21.59,19.00,28.19
2026-01-05T17:34:00Z,3.00,3.00,5.28,12.00,19.00,21.59,19.00,28.19
2026-01-05T17:42:00Z,3.00,3.00,5.28,12.00,19.00,21.59,19.00,28.19
2026-01-05T17:44:00Z,3.00,3.00,5.28,12.00,19.00,21.59,19.00,35.80
2026-01-05T17:48:00Z,3.00,3.00,5.28,12.00,19.00,21.59,19.00,37.00
2026-01-05T18:00:00Z,3.00,3.00,5.28,12.00,19.00,24.00,19.00,37.00
2026-01-05T18:01:00Z,3.00,3.00,5.28,12.00,19.28,24.00,19.00,37.00
2026-01-05T18:08:00Z,3.00,3.00,5.28,12.00,19.28,24.00,19.00,37.00
2026-01-05T18:17:00Z,3.00,3.00,5.28,12.00,19.28,24.00,19.00,36.41
2026-01-05T18:21:00Z,3.00,3.00,5.28,12.00,19.28,24.00,19.00,36.41
2026-01-05T18:30:00Z,3.75,3.00,6.00,11.88,19.28,24.00,19.00,36.41
2026-01-05T18:32:00Z,3.75,3.00,6.00,11.88,19.28,24.00,19.00,37.00
2026-01-05T18:41:00Z,4.00,3.00,6.00,11.88,19.28,24.00,19.00,37.00
2026-01-05T18:46:00Z,4.00,3.00,6.00,7.00,19.28,24.00,19.00,37.00
2026-01-05T18:47:00Z,4.00,3.00,6.00,7.00,13.55,24.00,19.00,37.00
2026-01-05T18:48:00Z,1.44,3.00,6.00,7.00,13.55,24.00,19.00,37.00
2026-01-05T18:51:00Z,1.44,1.06,6.00,7.00,13.55,24.00,19.00,37.00
2026-01-05T18:53:00Z,1.44,1.06,6.00,7.00,13.55,22.91,19.00,37.00
2026-01-05T18:54:00Z,1.44,1.06,6.00,7.00,9.00,22.91,19.00,37.00
2026-01-05T18:58:00Z,1.44,1.06,6.00,7.00,9.00,22.91,19.00,36.96
2026-01-05T18:59:00Z,1.44,1.06,2.15,7.00,9.00,22.91,19.00,37.00
2026-01-05T19:00:00Z,1.44,1.06,2.15,7.00,9.00,22.91,19.00,34.00
2026-01-05T19:01:00Z,1.44,1.06,2.07,8.00,9.00,23.00,19.00,34.00
2026-01-05T19:08:00Z,3.00,1.06,2.07,8.00,9.00,23.00,19.00,34.00
2026-01-05T19:09:00Z,3.00,1.06,2.07,8.00,9.00,23.00,19.00,37.72
2026-01-05T19:10:00Z,3.00,1.06,2.07,8.00,9.00,23.00,19.00,37.72
2026-01-05T19:18:00Z,3.00,1.06,2.07,8.00,9.00,23.00,19.00,37.72
2026-01-05T19:22:00Z,3.00,1.06,2.07,8.00,9.00,26.00,19.00,37.72
2026-01-05T19:23:00Z,3.00,1.06,5.00,8.00,9.00,26.00,19.00,37.72
2026-01-05T19:25:00Z,3.00,1.06,5.00,8.00,9.00,26.00,19.00,37.75
2026-01-05T19:26:00Z,3.00,1.06,5.00,8.00,9.00,26.00,19.00,37.75
2026-01-05T19:31:00Z,3.00,1.06,5.00,8.00,9.00,24.28,19.00,37.75
2026-01-05T19:32:00Z,3.00,1.06,5.00,8.00,9.00,24.28,19.00,38.00
2026-01-05T19:39:00Z,3.00,1.06,5.00,8.00,9.00,25.00,19.00,38.00
2026-01-05T19:40:00Z,3.00,1.06,5.00,8.00,9.00,25.00,19.00,38.00
2026-01-05T19:54:00Z,3.00,1.06,5.00,8.00,9.00,26.11,19.00,38.00
2026-01-05T19:59:00Z,2.77,1.06,5.00,8.00,9.00,26.11,19.00,38.00
2026-01-05T20:17:00Z,2.77,2.00,5.00,8.00,9.00,26.11,19.00,38.00
2026-01-05T20:23:00Z,2.81,2.00,5.00,8.00,9.00,26.11,19.00,38.00
2026-01-05T20:24:00Z,2.81,2.00,5.00,8.00,9.00,26.11,19.00,37.00
2026-01-05T20:28:00Z,2.81,2.00,5.00,8.00,9.00,26.11,20.75,37.00
2026-01-05T20:35:00Z,2.81,2.00,5.00,8.00,9.00,26.11,20.75,37.73
2026-01-05T20:39:00Z,2.81,2.00,5.00,8.00,9.00,26.11,20.75,39.00
2026-01-05T20:47:00Z,5.32,2.00,5.00,8.00,9.00,26.11,20.75,39.00
2026-01-05T20:49:00Z,5.32,2.00,5.00,8.00,9.00,26.11,20.75,38.00
2026-01-05T20:51:00Z,6.00,2.00,5.00,8.00,9.00,37.65,18.00,34.60
2026-01-05T20:52:00Z,6.00,2.00,5.00,8.00,9.00,37.65,18.00,36.00
2026-01-05T20:53:00Z,6.00,2.00,5.00,8.00,9.00,37.65,18.00,36.00
2026-01-05T20:58:00Z,5.72,2.00,5.00,8.00,9.00,37.65,18.00,36.00
2026-01-05T21:05:00Z,5.72,2.00,5.00,8.00,12.05,46.11,18.00,36.00
2026-01-05T21:08:00Z,3.50,1.00,2.00,4.00,6.00,47.00,18.00,33.00
2026-01-05T21:10:00Z,3.00,1.00,2.00,4.00,6.00,45.60,18.00,34.00
2026-01-05T21:11:00Z,3.00,1.00,2.00,4.00,6.00,45.60,19.00,34.00
2026-01-05T21:12:00Z,3.00,1.00,2.00,4.00,6.00,42.36,17.36,33.18
2026-01-05T21:14:00Z,3.00,1.00,2.00,4.00,6.00,42.36,19.00,33.18
2026-01-05T21:15:00Z,2.60,1.00,1.30,4.00,6.00,43.15,17.20,35.23
2026-01-05T21:21:00Z,2.60,2.00,1.30,4.00,6.00,43.15,17.20,36.00
2026-01-05T21:22:00Z,2.00,1.00,4.84,4.00,6.00,45.50,18.00,34.00
2026-01-05T21:26:00Z,2.00,1.00,4.84,4.00,6.00,45.50,18.00,36.00
2026-01-05T21:30:00Z,2.00,1.00,4.84,4.00,6.00,45.50,18.00,36.00
2026-01-05T21:40:00Z,2.00,1.00,4.84,4.00,6.00,45.50,18.00,36.00
2026-01-05T21:43:00Z,2.00,2.00,4.84,4.00,6.00,45.50,18.00,36.00
2026-01-05T21:48:00Z,6.00,2.00,4.84,4.00,6.00,45.50,18.00,36.00
2026-01-05T21:54:00Z,2.40,1.00,1.04,4.00,7.00,43.00,17.28,32.96
2026-01-05T21:55:00Z,2.00,1.00,1.04,4.00,7.00,43.00,17.28,32.96
2026-01-05T22:01:00Z,2.00,1.00,1.04,4.00,12.59,43.00,17.28,32.96
2026-01-05T22:02:00Z,5.93,1.00,1.04,4.00,12.59,43.00,17.28,32.96
2026-01-05T22:03:00Z,5.93,1.00,1.04,4.00,12.59,43.00,17.28,36.00
2026-01-05T22:07:00Z,5.93,1.00,1.04,4.00,12.59,41.08,17.28,36.00
2026-01-05T22:19:00Z,5.93,1.00,1.04,4.00,12.59,28.25,17.28,36.00
2026-01-05T22:20:00Z,6.00,1.00,1.04,4.00,12.59,28.25,17.28,36.00
2026-01-05T22:21:00Z,6.00,2.00,1.04,4.00,12.59,28.25,17.28,36.00
2026-01-05T22:25:00Z,6.00,2.00,1.04,4.00,12.59,43.36,17.28,36.00
2026-01-05T22:26:00Z,6.00,2.00,1.04,4.00,12.59,43.36,17.28,37.16
2026-01-05T22:28:00Z,6.00,2.00,1.04,4.00,12.59,42.00,17.28,37.16
2026-01-05T22:34:00Z,5.96,2.00,1.04,4.00,12.59,42.00,17.28,37.16
2026-01-05T22:35:00Z,5.96,2.00,5.00,7.00,12.59,42.00,17.28,37.00
2026-01-05T22:37:00Z,6.00,2.00,5.00,7.00,12.59,42.00,17.28,37.00
2026-01-05T22:38:00Z,6.00,2.00,5.00,7.00,12.59,42.00,17.28,37.00
2026-01-05T22:40:00Z,6.00,2.00,5.00,7.00,12.59,42.00,18.00,37.00
2026-01-05T22:45:00Z,6.00,2.88,5.00,7.00,12.59,42.00,18.00,37.00
2026-01-05T22:50:00Z,6.00,2.88,5.00,7.00,12.59,42.00,18.00,37.00
2026-01-05T22:51:00Z,6.73,2.88,5.00,7.00,12.59,42.00,18.00,37.00
2026-01-05T22:53:00Z,6.73,2.88,5.00,7.00,12.59,42.00,18.00,35.00
2026-01-05T22:54:00Z,6.73,2.88,5.00,7.00,13.00,42.00,18.00,35.00
2026-01-05T22:55:00Z,7.21,2.88,5.00,7.00,13.00,42.00,18.00,35.00
2026-01-05T22:57:00Z,7.21,2.88,5.00,7.00,14.04,42.00,18.00,35.00
2026-01-05T23:05:00Z,3.00,2.00,2.00,3.00,9.00,43.68,17.00,35.83
2026-01-05T23:16:00Z,8.00,2.00,2.00,3.00,9.00,43.68,17.00,35.83
2026-01-05T23:17:00Z,6.00,2.00,2.00,3.00,9.00,43.68,17.00,35.83
2026-01-05T23:24:00Z,6.00,2.00,2.00,3.00,9.00,40.00,17.00,35.83
2026-01-05T23:28:00Z,6.00,2.00,2.00,3.00,9.00,40.00,17.00,36.00
2026-01-05T23:29:00Z,6.00,2.00,2.00,3.00,9.00,40.00,17.00,36.50
2026-01-05T23:39:00Z,6.00,2.00,2.00,3.00,9.00,40.00,18.00,36.50
2026-01-05T23:40:00Z,6.00,2.00,2.00,3.00,9.00,40.00,18.00,36.50
2026-01-05T23:43:00Z,6.00,2.00,2.00,3.00,9.00,40.00,18.00,36.50
2026-01-05T23:44:00Z,6.00,2.00,2.00,3.00,9.00,40.00,17.72,36.50
2026-01-05T23:46:00Z,6.00,3.00,2.00,3.00,9.00,40.00,17.72,36.50
2026-01-05T23:48:00Z,6.00,3.00,2.00,3.00,9.00,40.00,17.72,36.50
2026-01-05T23:49:00Z,6.00,3.00,2.00,3.00,9.00,40.00,17.72,36.50
2026-01-05T23:52:00Z,5.00,3.00,2.00,3.00,9.00,40.00,18.30,36.50
2026-01-06T00:00:00Z,3.00,3.00,2.00,2.00,10.00,40.00,18.30,36.50
2026-01-06T00:04:00Z,5.00,3.00,2.00,8.00,15.00,40.00,18.30,36.50
2026-01-06T00:11:00Z,5.00,3.00,2.00,8.00,15.00,40.00,18.30,35.00
2026-01-06T00:17:00Z,5.00,3.00,2.00,8.00,15.00,31.38,18.30,35.00
2026-01-06T00:23:00Z,5.00,3.00,2.00,8.00,15.00,31.38,18.30,35.00
2026-01-06T00:25:00Z,5.00,3.00,2.00,8.00,15.00,31.38,18.30,35.00
2026-01-06T00:37:00Z,5.00,3.00,2.00,8.00,15.00,36.80,18.30,35.00
2026-01-06T00:51:00Z,5.00,3.00,2.00,8.00,15.00,36.80,18.30,35.52
2026-01-06T00:53:00Z,5.00,3.00,2.00,8.00,15.00,36.80,18.30,35.50
2026-01-06T00:57:00Z,5.25,3.00,2.00,8.00,15.00,34.00,18.30,35.50
2026-01-06T01:00:00Z,5.25,3.00,2.00,8.00,15.00,31.00,17.60,35.50
2026-01-06T01:01:00Z,5.25,3.00,2.00,8.00,15.00,34.00,15.00,32.18
2026-01-06T01:09:00Z,6.00,3.00,2.00,8.00,15.00,34.00,15.00,32.18
2026-01-06T01:12:00Z,6.00,3.00,2.00,8.00,15.00,33.00,15.00,32.18
2026-01-06T01:14:00Z,6.00,3.00,2.00,8.00,15.00,33.00,15.00,32.18
2026-01-06T01:22:00Z,6.00,3.00,2.00,8.00,15.00,34.00,17.96,32.18
2026-01-06T01:23:00Z,6.00,3.00,2.00,8.00,13.00,34.00,17.96,32.18
2026-01-06T01:28:00Z,6.00,3.00,2.00,8.00,13.00,34.00,17.96,32.18
2026-01-06T01:30:00Z,6.00,3.00,2.00,8.00,13.00,34.00,17.96,33.00
2026-01-06T01:36:00Z,6.00,3.00,2.00,8.00,13.00,34.00,17.96,33.00
2026-01-06T01:37:00Z,6.00,3.00,2.00,8.00,13.00,34.00,17.96,33.00
2026-01-06T01:40:00Z,6.00,3.00,2.00,8.00,13.00,34.00,17.96,33.00
2026-01-06T01:46:00Z,6.00,3.00,2.00,8.00,13.00,33.20,17.96,33.00
2026-01-06T01:50:00Z,6.00,3.00,2.00,8.00,13.00,33.20,17.28,33.00
2026-01-06T01:53:00Z,6.00,3.00,2.00,8.00,8.00,33.00,17.28,30.95
2026-01-06T01:55:00Z,6.00,3.00,2.00,8.00,8.00,33.00,17.61,30.95
2026-01-06T01:58:00Z,6.00,3.00,2.00,8.00,8.00,33.00,16.00,30.95
2026-01-06T01:59:00Z,6.00,3.00,5.00,8.00,8.00,33.00,16.00,30.95
2026-01-06T02:00:00Z,6.00,3.00,5.00,8.00,8.00,33.00,16.00,30.95
2026-01-06T02:01:00Z,6.00,3.00,5.00,8.00,8.00,32.00,16.00,30.95
2026-01-06T02:02:00Z,6.00,3.00,5.00,8.00,8.00,32.00,16.00,33.00
2026-01-06T02:07:00Z,6.00,3.00,5.00,8.00,8.00,32.00,16.00,33.00
2026-01-06T02:09:00Z,6.00,3.00,5.00,8.00,8.00,31.00,16.00,33.00
2026-01-06T02:11:00Z,6.00,3.00,5.00,8.00,8.00,31.40,16.50,33.00
2026-01-06T02:18:00Z,3.33,3.00,5.00,8.00,8.00,31.40,16.50,33.00
2026-01-06T02:19:00Z,3.33,3.00,5.00,8.00,8.00,31.40,16.50,34.43
2026-01-06T02:22:00Z,3.33,3.00,5.00,8.00,8.00,31.40,16.50,34.43
2026-01-06T02:29:00Z,3.33,3.00,5.00,8.00,8.00,31.40,17.00,34.43
2026-01-06T02:31:00Z,3.33,3.00,5.00,8.00,8.00,31.40,17.00,34.96
2026-01-06T02:35:00Z,3.33,3.00,5.00,8.00,8.00,31.40,17.84,34.96
2026-01-06T02:36:00Z,6.00,3.00,5.00,8.00,8.00,31.40,17.84,34.96
2026-01-06T02:40:00Z,6.45,3.00,5.00,8.00,8.00,33.00,17.84,35.00
2026-01-06T02:45:00Z,6.45,3.00,5.00,8.00,13.76,33.00,17.84,35.00
2026-01-06T02:48:00Z,6.45,3.00,5.00,8.00,13.76,33.00,17.84,35.00
2026-01-06T02:50:00Z,6.45,3.00,5.00,8.00,13.76,33.00,17.84,35.00
2026-01-06T02:51:00Z,6.45,3.00,5.00,8.00,13.76,33.78,17.84,35.00
2026-01-06T02:54:00Z,6.45,3.00,5.00,8.00,14.00,34.00,17.84,35.00
2026-01-06T02:59:00Z,6.00,3.00,5.00,8.00,14.00,34.00,17.84,35.00
2026-01-06T03:01:00Z,6.00,3.00,5.00,8.00,14.00,34.00,17.86,35.00
2026-01-06T03:03:00Z,6.00,3.00,5.00,8.00,13.10,34.00,17.86,35.00
2026-01-06T03:06:00Z,6.00,3.00,5.00,8.00,13.10,34.00,17.86,35.00
2026-01-06T03:09:00Z,6.00,3.00,5.00,8.00,13.10,34.00,16.33,35.00
2026-01-06T03:10:00Z,6.00,3.00,5.00,8.00,13.10,34.00,16.33,34.00
2026-01-06T03:13:00Z,6.00,3.00,5.00,8.00,13.10,34.00,16.33,34.00
2026-01-06T03:16:00Z,6.00,3.00,5.00,8.00,13.10,34.00,16.33,34.00
2026-01-06T03:19:00Z,6.00,3.00,5.00,8.00,14.00,34.00,18.00,34.00
2026-01-06T03:20:00Z,6.00,3.00,5.00,8.00,13.00,34.00,18.00,34.00
2026-01-06T03:23:00Z,6.00,3.00,5.00,8.00,13.00,34.00,18.00,34.00
2026-01-06T03:24:00Z,6.00,3.00,5.00,8.00,13.00,34.00,18.00,34.00
2026-01-06T03:25:00Z,6.00,3.00,5.00,8.00,13.00,34.00,18.00,34.00
2026-01-06T03:26:00Z,6.00,3.00,5.00,8.00,13.00,34.00,18.00,34.00
2026-01-06T03:31:00Z,6.00,3.00,5.00,8.00,13.46,34.00,18.00,34.00
2026-01-06T03:35:00Z,6.74,3.00,5.00,8.00,13.46,34.00,18.00,34.00
2026-01-06T03:38:00Z,6.00,3.00,5.00,8.00,13.46,34.00,18.00,34.00
2026-01-06T03:39:00Z,6.00,3.00,5.00,8.00,13.46,34.00,18.00,32.00
2026-01-06T03:45:00Z,6.00,3.00,5.00,8.00,13.46,34.00,18.00,32.00
2026-01-06T03:46:00Z,6.00,3.00,5.00,8.00,13.46,33.92,18.00,32.00
2026-01-06T03:47:00Z,6.00,3.00,5.00,8.00,13.46,33.92,18.00,33.62
2026-01-06T03:54:00Z,6.00,3.00,5.00,8.00,13.46,33.92,18.00,33.62
2026-01-06T03:56:00Z,6.00,3.00,5.00,8.00,13.46,33.92,18.00,35.00
2026-01-06T03:59:00Z,6.00,3.00,5.00,8.00,13.46,33.92,18.00,35.00
2026-01-06T04:00:00Z,7.40,3.00,5.00,8.00,13.46,33.92,18.00,35.00
2026-01-06T04:03:00Z,7.40,3.00,5.00,8.00,14.60,34.00,18.00,35.00
2026-01-06T04:04:00Z,8.60,3.00,5.00,8.00,14.60,34.00,18.00,35.00
2026-01-06T04:06:00Z,9.00,3.00,5.00,8.00,14.60,34.00,18.00,35.00
2026-01-06T04:11:00Z,9.00,3.00,5.00,8.00,15.82,34.00,18.00,35.00
2026-01-06T04:15:00Z,9.00,3.00,5.00,8.00,15.82,34.00,17.00,34.00
2026-01-06T04:20:00Z,8.00,3.00,5.00,8.00,15.82,34.00,17.00,34.00
2026-01-06T04:22:00Z,8.00,3.00,5.00,8.00,15.82,34.00,17.00,34.00
2026-01-06T04:25:00Z,8.00,3.00,5.00,8.00,15.82,34.00,18.00,34.00
2026-01-06T04:27:00Z,8.00,3.00,5.00,8.00,15.82,34.00,18.00,34.00
2026-01-06T04:29:00Z,8.00,3.00,5.00,8.00,15.82,28.12,18.00,34.00
2026-01-06T04:30:00Z,8.00,3.00,5.00,7.00,15.82,28.12,18.00,34.00
2026-01-06T04:31:00Z,8.00,3.00,5.00,7.00,15.82,28.12,18.00,34.00
2026-01-06T04:33:00Z,8.00,3.00,5.00,7.00,15.82,28.12,18.00,34.00
2026-01-06T04:34:00Z,8.00,3.00,5.00,7.00,15.82,28.12,18.00,34.00
2026-01-06T04:37:00Z,8.00,3.00,5.00,7.00,15.82,33.00,18.00,34.00
2026-01-06T04:39:00Z,8.02,3.00,5.00,7.00,15.82,33.00,18.00,34.00
2026-01-06T04:40:00Z,8.02,3.00,5.00,7.00,15.82,33.00,18.00,33.00
2026-01-06T04:44:00Z,8.02,3.00,5.00,7.00,15.82,33.00,18.00,33.00
2026-01-06T04:46:00Z,8.02,3.00,5.00,7.00,15.82,33.00,18.00,33.00
2026-01-06T04:52:00Z,8.02,3.00,5.00,7.00,15.82,33.00,18.00,33.00
2026-01-06T04:56:00Z,8.00,3.01,5.00,7.00,17.71,33.39,18.00,33.00
2026-01-06T04:57:00Z,8.00,3.01,5.00,7.00,17.71,33.39,18.00,33.00
2026-01-06T04:58:00Z,8.00,3.01,5.00,7.00,17.71,33.39,18.00,33.00
2026-01-06T05:07:00Z,8.00,3.01,5.00,7.00,17.71,33.39,18.00,33.00
2026-01-06T05:08:00Z,8.00,3.01,5.00,7.00,17.71,34.00,18.00,33.00
2026-01-06T05:13:00Z,8.00,3.01,5.00,7.00,17.71,34.00,23.00,33.00
2026-01-06T05:15:00Z,8.00,3.01,5.00,7.00,17.71,26.00,18.00,31.00
2026-01-06T05:21:00Z,8.00,3.01,5.00,7.00,17.71,33.96,18.00,33.00
2026-01-06T05:23:00Z,8.00,4.00,5.00,7.00,17.71,33.96,18.00,33.00
2026-01-06T05:38:00Z,8.00,4.00,5.00,7.00,17.71,34.81,18.00,33.00
2026-01-06T05:40:00Z,8.00,4.00,5.00,7.00,17.71,40.00,18.00,30.00
2026-01-06T05:45:00Z,8.00,4.00,5.00,7.00,17.00,40.00,18.00,30.00
2026-01-06T05:46:00Z,8.00,4.00,5.00,7.00,17.00,39.79,18.00,30.00
2026-01-06T05:48:00Z,8.00,4.00,5.00,7.00,17.00,39.79,18.00,30.00
2026-01-06T05:55:00Z,8.00,4.00,5.00,7.00,17.00,38.50,22.00,30.00
2026-01-06T05:57:00Z,8.00,4.00,5.00,7.00,17.00,38.50,22.00,30.00
2026-01-06T05:59:00Z,8.10,4.00,5.00,7.00,17.00,38.50,22.00,30.00
2026-01-06T06:00:00Z,8.10,4.00,5.00,7.00,15.19,38.50,22.00,30.00
2026-01-06T06:05:00Z,8.10,4.00,5.00,7.00,15.19,38.50,22.00,31.00
2026-01-06T06:08:00Z,8.10,4.00,5.00,7.00,15.19,38.50,22.00,31.00
2026-01-06T06:14:00Z,9.00,4.00,5.00,7.00,15.19,38.50,22.00,31.00
2026-01-06T06:17:00Z,9.00,4.00,5.00,7.00,15.19,38.00,22.00,31.00
2026-01-06T06:23:00Z,9.00,4.00,5.00,7.00,15.19,38.00,22.00,31.00
2026-01-06T06:24:00Z,9.00,4.00,5.00,7.00,15.19,38.00,22.00,31.00
2026-01-06T06:26:00Z,9.00,4.00,5.00,7.00,16.94,38.00,22.00,31.00
2026-01-06T06:32:00Z,9.00,4.00,5.00,7.00,16.94,38.00,22.00,31.00
2026-01-06T06:40:00Z,9.31,4.00,5.00,7.00,18.00,38.00,22.00,31.00
2026-01-06T06:41:00Z,9.31,4.00,5.00,7.00,18.00,38.00,22.00,31.85
2026-01-06T06:44:00Z,10.00,4.00,5.00,7.00,18.00,38.00,22.00,31.85
2026-01-06T06:47:00Z,10.00,4.00,5.00,7.00,18.00,38.00,22.00,31.85
2026-01-06T06:49:00Z,10.00,4.00,5.00,7.00,18.00,38.00,22.00,31.85
2026-01-06T07:04:00Z,10.00,4.00,5.00,7.00,18.00,38.00,22.00,32.00
2026-01-06T07:07:00Z,10.00,4.00,5.00,7.00,18.00,37.00,22.00,32.00
2026-01-06T07:14:00Z,10.00,4.00,5.00,6.98,18.00,37.00,22.00,32.00
2026-01-06T07:15:00Z,10.00,4.00,4.98,6.98,18.00,37.00,22.00,32.00
2026-01-06T07:16:00Z,7.98,4.00,4.98,6.98,18.00,37.00,22.00,32.00
2026-01-06T07:19:00Z,7.98,4.00,4.98,7.00,18.00,37.00,22.00,32.00
2026-01-06T07:32:00Z,7.98,4.00,4.98,7.00,18.00,37.49,22.00,32.00
2026-01-06T07:38:00Z,7.98,4.00,4.98,7.00,18.00,38.00,22.00,31.00
2026-01-06T07:56:00Z,7.98,4.00,4.98,7.00,18.00,38.00,22.00,32.00
2026-01-06T08:07:00Z,7.98,4.00,4.98,7.00,18.00,38.00,20.75,32.00
2026-01-06T08:14:00Z,7.98,4.00,4.98,7.00,18.00,38.00,21.00,32.00
2026-01-06T09:04:00Z,7.98,4.00,4.98,7.00,14.00,38.00,21.00,32.00
2026-01-06T09:11:00Z,7.98,4.00,4.98,7.00,14.00,38.00,21.00,29.09
2026-01-06T09:21:00Z,7.98,2.00,4.98,7.00,14.00,38.00,21.00,29.09
2026-01-06T09:29:00Z,7.98,2.00,4.98,7.00,16.20,38.00,21.00,29.09
2026-01-06T09:48:00Z,7.98,2.00,4.98,7.00,16.20,38.00,21.00,26.66
2026-01-06T09:49:00Z,7.98,2.00,4.98,7.00,16.20,38.00,21.00,30.03
2026-01-06T10:02:00Z,7.98,2.00,4.98,7.00,18.00,38.00,21.00,30.03
2026-01-06T10:10:00Z,7.98,2.00,3.00,7.00,18.00,38.00,21.00,30.03
2026-01-06T10:11:00Z,7.98,2.00,3.00,7.00,18.00,38.00,21.00,31.93
2026-01-06T10:38:00Z,6.99,2.00,3.00,7.00,18.00,38.00,21.00,31.93
2026-01-06T10:42:00Z,6.99,1.01,3.00,7.00,18.00,38.00,21.00,31.93
2026-01-06T10:43:00Z,6.99,1.00,3.00,7.00,18.00,38.00,21.00,31.93
2026-01-06T10:53:00Z,6.99,1.00,3.00,3.61,18.00,38.00,21.00,31.93
2026-01-06T11:11:00Z,3.35,1.00,3.00,3.61,18.00,38.00,21.00,31.93
2026-01-06T11:14:00Z,4.00,1.00,3.00,3.61,18.00,38.00,21.00,31.93
2026-01-06T11:15:00Z,4.00,1.00,3.00,3.61,18.00,38.00,21.00,31.93
2026-01-06T11:16:00Z,4.00,1.00,3.00,3.61,18.00,38.00,21.00,31.93
2026-01-06T11:17:00Z,4.00,1.00,3.00,3.61,18.00,38.00,21.00,31.93
2026-01-06T11:18:00Z,4.00,1.00,3.00,3.61,18.00,38.00,21.00,31.93
2026-01-06T11:20:00Z,4.00,1.00,3.00,3.61,18.00,38.00,21.00,34.00
2026-01-06T11:37:00Z,4.00,1.00,3.00,3.61,18.00,38.00,21.00,34.00
2026-01-06T11:50:00Z,4.00,1.00,3.00,3.61,18.00,38.00,21.00,34.00
2026-01-06T11:58:00Z,4.65,1.00,3.00,3.61,18.00,38.00,21.00,34.00
2026-01-06T11:59:00Z,4.65,1.00,3.00,3.61,18.00,38.00,21.00,33.00
2026-01-06T12:03:00Z,4.65,1.00,3.00,3.61,17.00,38.00,21.00,33.00
2026-01-06T12:04:00Z,4.00,1.05,1.00,2.00,14.00,36.13,20.27,29.00
2026-01-06T12:07:00Z,4.00,1.05,1.00,5.20,14.00,36.13,20.27,29.00
2026-01-06T12:08:00Z,4.00,1.00,1.00,2.00,14.00,35.00,21.00,29.00
2026-01-06T12:09:00Z,4.00,1.00,1.00,2.00,14.00,35.00,21.00,29.00
2026-01-06T12:13:00Z,4.00,1.00,1.00,3.00,14.00,35.00,21.00,28.00
2026-01-06T12:20:00Z,5.00,1.00,1.00,3.00,14.00,35.00,21.00,28.00
2026-01-06T12:21:00Z,5.00,1.00,1.00,3.00,14.00,35.00,21.00,28.00
2026-01-06T12:29:00Z,5.87,1.00,1.00,3.00,14.00,35.00,21.00,28.00
2026-01-06T12:30:00Z,5.87,1.00,1.00,3.00,14.00,35.00,21.00,32.33
2026-01-06T13:05:00Z,4.89,1.00,1.00,3.00,17.00,35.00,21.00,32.33
2026-01-06T13:06:00Z,4.89,1.00,1.00,6.00,17.00,35.00,21.00,32.33
2026-01-06T13:13:00Z,4.89,1.00,1.00,6.00,17.00,35.00,21.00,32.33
2026-01-06T13:16:00Z,3.00,1.00,1.00,2.00,14.00,33.00,25.00,29.00
2026-01-06T13:21:00Z,4.73,1.00,1.00,2.00,14.00,33.00,25.00,29.00
2026-01-06T13:25:00Z,4.73,1.00,1.00,2.00,18.00,33.00,25.00,29.00
2026-01-06T13:26:00Z,4.73,1.00,1.00,2.00,18.00,33.00,25.00,29.00
2026-01-06T13:29:00Z,4.21,1.00,1.00,2.00,18.00,33.00,25.00,29.00
2026-01-06T13:31:00Z,4.21,1.00,1.00,2.00,18.00,36.02,25.00,28.33
2026-01-06T13:33:00Z,3.00,1.00,1.00,2.84,13.23,33.00,23.00,29.00
2026-01-06T13:36:00Z,3.00,1.00,1.00,2.84,13.23,33.00,24.00,29.00
2026-01-06T13:38:00Z,4.21,1.00,1.00,2.84,13.33,33.00,24.00,29.00
2026-01-06T13:40:00Z,4.21,1.00,3.00,2.84,13.33,33.00,24.00,29.00
2026-01-06T13:43:00Z,4.21,1.00,3.00,2.84,13.33,33.00,24.00,31.63
2026-01-06T13:45:00Z,3.00,1.00,1.00,2.00,14.00,37.34,21.00,29.00
2026-01-06T13:49:00Z,3.00,1.00,1.00,2.00,13.00,37.56,22.00,29.00
2026-01-06T13:52:00Z,6.26,1.00,1.00,2.00,13.00,37.56,22.00,29.00
2026-01-06T13:58:00Z,6.26,1.00,1.00,2.00,13.00,37.00,22.00,29.00
2026-01-06T14:01:00Z,6.26,1.00,1.00,2.00,13.00,37.00,22.00,30.51
2026-01-06T14:02:00Z,6.26,1.00,1.00,2.00,13.00,37.00,22.00,30.51
2026-01-06T14:05:00Z,5.00,1.00,1.00,2.00,13.00,37.00,22.00,30.51
2026-01-06T14:06:00Z,4.00,1.00,1.00,2.00,13.00,35.66,21.00,29.85
2026-01-06T14:07:00Z,4.00,2.00,1.00,2.00,13.00,35.66,21.00,29.85
2026-01-06T14:08:00Z,4.00,1.00,1.00,2.00,13.00,34.00,24.73,29.00
2026-01-06T14:10:00Z,4.00,2.00,1.00,2.00,13.00,34.00,24.73,29.00
2026-01-06T14:11:00Z,4.00,2.00,3.00,2.00,17.00,37.00,24.73,29.00
2026-01-06T14:14:00Z,4.00,2.00,3.00,2.00,17.00,37.00,24.73,29.00
2026-01-06T14:15:00Z,4.00,1.00,3.00,2.00,18.00,37.00,24.73,29.00
2026-01-06T14:17:00Z,4.54,1.00,3.00,2.00,18.00,37.00,24.73,29.00
2026-01-06T14:18:00Z,4.54,1.00,3.00,2.00,18.00,37.00,24.73,27.88
2026-01-06T14:19:00Z,4.54,1.00,3.00,2.00,18.00,33.00,24.73,27.88
2026-01-06T14:22:00Z,4.54,1.00,3.00,2.00,18.00,33.00,24.73,30.00
2026-01-06T14:31:00Z,4.54,1.00,3.00,2.00,18.00,33.00,24.73,24.35
2026-01-06T14:33:00Z,4.54,1.00,3.00,2.00,18.00,36.00,24.73,24.35
2026-01-06T14:35:00Z,4.54,1.00,3.00,2.00,18.00,36.00,24.73,24.35
2026-01-06T14:39:00Z,4.54,1.00,3.00,2.00,18.00,35.97,24.73,28.75
2026-01-06T14:40:00Z,5.00,1.00,3.00,2.00,18.00,35.97,24.73,28.75
2026-01-06T14:42:00Z,5.00,1.00,3.00,2.00,18.00,35.97,24.73,29.00
2026-01-06T14:43:00Z,5.00,1.00,3.00,2.00,18.00,35.97,22.00,29.00
2026-01-06T14:44:00Z,4.00,1.00,3.00,2.00,18.00,37.00,22.00,29.02
2026-01-06T14:46:00Z,4.00,1.00,3.00,2.00,18.00,37.00,22.00,28.67
2026-01-06T14:49:00Z,4.00,1.00,3.00,2.00,18.00,37.00,22.00,28.96
2026-01-06T14:51:00Z,4.00,1.00,3.00,2.00,18.00,37.00,22.00,28.96
2026-01-06T14:54:00Z,4.00,2.00,3.00,2.00,16.94,37.00,22.00,28.96
2026-01-06T15:02:00Z,4.00,2.00,3.00,2.00,16.94,37.00,22.00,29.00
2026-01-06T15:04:00Z,4.00,2.00,3.00,2.00,16.94,37.00,22.00,29.00
2026-01-06T15:06:00Z,4.00,2.00,3.00,2.00,16.94,37.00,22.00,29.00
2026-01-06T15:25:00Z,4.00,2.00,3.00,2.00,16.94,37.00,22.00,27.41
2026-01-06T15:27:00Z,4.00,2.00,3.00,2.00,16.94,37.00,22.00,27.94
2026-01-06T15:33:00Z,4.00,2.00,3.00,2.00,16.94,37.00,22.00,23.84
2026-01-06T15:51:00Z,4.00,2.00,3.00,2.00,16.94,36.00,22.00,23.84
2026-01-06T16:14:00Z,4.00,2.00,3.00,4.13,16.94,36.00,22.00,23.84
2026-01-06T16:16:00Z,4.00,2.00,3.00,4.13,16.94,36.00,22.00,23.84
2026-01-06T16:23:00Z,4.00,2.00,3.00,4.13,16.94,36.00,22.00,23.84
2026-01-06T16:24:00Z,4.00,2.00,3.00,5.96,16.94,36.00,22.00,23.84
2026-01-06T16:27:00Z,4.00,2.00,3.00,5.96,16.94,36.00,22.00,23.84
2026-01-06T16:32:00Z,4.00,2.00,1.01,5.96,16.94,36.00,22.00,23.84
2026-01-06T16:34:00Z,2.02,2.00,2.00,5.96,16.94,36.00,22.00,23.84
2026-01-06T16:36:00Z,2.02,2.00,2.00,5.96,16.94,36.00,22.00,23.84
2026-01-06T16:45:00Z,2.02,2.00,2.00,5.96,13.00,36.00,22.00,23.84
2026-01-06T16:46:00Z,2.02,2.00,2.00,5.96,13.00,36.00,22.00,23.84
2026-01-06T16:48:00Z,2.02,2.00,2.00,5.96,13.00,36.00,22.00,27.63
2026-01-06T16:49:00Z,2.02,2.00,2.00,5.96,13.00,35.00,22.00,27.63
2026-01-06T16:53:00Z,2.02,2.00,2.00,5.96,13.00,35.00,22.00,27.63
2026-01-06T16:56:00Z,2.02,2.00,2.00,5.96,13.00,35.00,22.00,28.00
2026-01-06T17:01:00Z,2.02,2.00,2.00,5.96,13.00,35.91,22.00,28.00
2026-01-06T17:02:00Z,3.27,2.00,2.00,5.96,13.00,35.91,22.00,28.00
2026-01-06T17:08:00Z,3.27,2.00,2.00,5.96,13.00,35.91,21.00,28.00
2026-01-06T17:12:00Z,3.27,2.00,2.00,5.96,13.00,35.91,21.00,28.00
2026-01-06T17:14:00Z,3.27,2.00,2.00,5.96,11.87,35.91,21.00,28.00
2026-01-06T17:20:00Z,3.27,1.00,2.00,5.96,11.87,35.91,21.00,28.00
2026-01-06T17:21:00Z,3.27,1.00,1.00,5.96,11.87,35.91,21.00,28.00
2026-01-06T17:22:00Z,3.27,1.00,1.00,5.96,11.87,35.91,21.00,28.00
2026-01-06T17:24:00Z,3.00,1.00,1.00,5.96,11.87,35.91,21.00,28.00
2026-01-06T17:31:00Z,3.00,1.00,1.00,5.96,14.09,35.91,21.00,28.00
2026-01-06T17:32:00Z,3.00,1.00,1.00,5.96,14.09,35.91,20.00,28.00
2026-01-06T17:36:00Z,3.42,1.00,1.00,5.96,14.09,35.91,20.00,28.00
2026-01-06T17:41:00Z,3.42,1.00,1.00,5.96,14.09,35.91,21.00,28.00
2026-01-06T17:45:00Z,3.42,1.00,1.00,5.51,14.09,35.91,21.00,28.00
2026-01-06T17:46:00Z,3.42,1.00,1.00,5.51,15.32,35.91,21.00,28.00
2026-01-06T17:52:00Z,3.42,1.00,1.00,5.51,15.32,35.28,21.00,28.00
2026-01-06T17:56:00Z,3.00,1.00,1.00,5.51,15.32,35.28,21.00,28.00
2026-01-06T17:58:00Z,3.00,1.00,1.00,5.51,15.32,35.28,21.00,28.00
2026-01-06T18:02:00Z,3.00,1.00,1.00,5.51,14.96,36.00,22.00,28.00
2026-01-06T18:07:00Z,3.00,1.00,1.00,5.51,14.96,36.00,22.00,28.00
2026-01-06T18:08:00Z,3.00,1.00,1.00,5.51,14.96,36.00,22.00,28.00
2026-01-06T18:09:00Z,3.00,1.00,1.00,5.51,14.96,36.00,22.00,28.00
2026-01-06T18:13:00Z,3.00,1.00,1.00,5.51,14.96,36.00,22.00,28.00
2026-01-06T18:14:00Z,3.00,1.00,1.00,5.51,11.08,36.00,22.00,28.00
2026-01-06T18:15:00Z,3.00,1.00,1.00,5.51,11.08,36.00,22.00,28.00
2026-01-06T18:16:00Z,3.00,1.00,1.00,5.51,11.08,36.00,22.00,28.00
2026-01-06T18:18:00Z,3.00,1.00,1.00,5.51,11.08,36.00,22.00,28.00
2026-01-06T18:25:00Z,3.00,1.00,1.00,5.51,11.08,36.00,22.00,28.00
2026-01-06T18:27:00Z,3.82,1.00,1.00,5.51,11.08,36.00,22.00,28.00
2026-01-06T18:29:00Z,4.00,1.00,1.00,5.51,11.08,36.00,22.00,28.00
2026-01-06T18:30:00Z,4.00,1.00,1.00,5.51,11.08,36.00,22.00,28.00
2026-01-06T18:34:00Z,4.00,1.00,1.00,5.51,11.08,36.00,22.00,28.00
2026-01-06T18:36:00Z,4.00,1.00,1.00,5.51,11.08,36.00,22.00,28.00
2026-01-06T18:37:00Z,4.00,1.00,1.00,5.51,13.00,36.00,22.00,28.00
2026-01-06T18:48:00Z,4.00,1.00,1.00,5.51,13.00,36.00,22.00,28.00
2026-01-06T18:50:00Z,4.00,1.00,1.00,5.51,13.00,36.00,22.00,28.00
2026-01-06T18:51:00Z,4.00,1.00,1.00,5.51,13.00,36.00,22.00,28.00
2026-01-06T18:52:00Z,4.00,1.00,1.00,5.51,13.00,36.00,22.00,28.00
2026-01-06T19:00:00Z,4.00,1.00,1.00,5.51,13.00,36.00,22.00,28.00
2026-01-06T19:02:00Z,4.00,1.00,1.00,5.51,13.00,36.00,22.00,28.00
2026-01-06T19:03:00Z,4.00,1.00,1.00,5.51,13.00,36.00,22.00,28.00
2026-01-06T19:14:00Z,4.00,1.00,1.00,5.51,13.00,36.00,22.00,28.00
2026-01-06T19:15:00Z,4.00,1.00,1.00,5.51,13.00,36.00,22.00,28.00
2026-01-06T19:16:00Z,4.00,1.00,1.00,5.51,13.00,36.00,22.00,28.00
2026-01-06T19:17:00Z,4.00,1.00,1.00,5.51,13.00,36.00,22.00,28.00
2026-01-06T19:18:00Z,4.00,1.00,1.00,5.51,13.00,36.00,22.00,28.00
2026-01-06T19:19:00Z,4.00,1.00,1.00,5.51,13.00,36.00,22.00,27.00
2026-01-06T19:20:00Z,4.00,1.00,1.00,5.51,13.00,36.00,22.00,27.00
2026-01-06T19:22:00Z,4.00,1.00,1.00,5.51,13.00,36.00,22.00,27.00
2026-01-06T19:23:00Z,4.00,1.00,1.00,5.51,13.00,36.00,22.00,27.00
2026-01-06T19:25:00Z,4.00,1.00,1.00,5.51,13.00,36.00,22.00,27.00
2026-01-06T19:29:00Z,4.00,1.00,1.00,5.51,13.00,36.00,22.00,27.00
2026-01-06T19:44:00Z,4.00,1.00,1.00,5.51,13.00,36.00,22.00,27.00
2026-01-06T19:46:00Z,4.00,1.00,1.00,5.51,13.00,36.00,22.00,27.00
2026-01-06T19:47:00Z,4.00,1.00,1.00,5.51,13.00,36.00,22.00,27.00
2026-01-06T19:53:00Z,4.00,1.00,1.00,5.90,13.00,36.00,22.00,27.00
2026-01-06T19:59:00Z,4.00,1.00,1.00,5.90,13.00,36.00,22.00,27.00
2026-01-06T20:00:00Z,4.00,1.00,1.00,5.90,13.00,36.00,22.00,27.00
2026-01-06T20:07:00Z,4.00,1.00,1.00,5.90,13.00,36.00,22.00,27.00
2026-01-06T20:09:00Z,4.00,1.00,1.00,5.90,13.00,36.00,22.00,27.00
2026-01-06T20:12:00Z,4.00,1.00,1.00,5.90,13.00,36.00,22.00,27.00
2026-01-06T20:19:00Z,4.00,1.00,1.00,5.90,13.00,36.00,22.00,27.00
2026-01-06T20:22:00Z,4.00,1.00,1.00,5.90,13.00,36.00,22.00,28.00
2026-01-06T20:32:00Z,4.00,1.00,1.00,5.90,13.00,36.00,22.00,28.00
2026-01-06T20:34:00Z,4.00,1.00,1.00,5.90,13.00,36.00,22.00,28.00
2026-01-06T20:37:00Z,4.00,1.00,1.00,5.90,13.00,36.00,22.00,28.00
2026-01-06T20:44:00Z,4.00,1.00,1.00,5.90,13.00,36.00,22.00,28.00
2026-01-06T20:45:00Z,4.00,1.00,1.00,5.90,9.29,34.00,22.00,25.50
2026-01-06T20:52:00Z,4.00,1.00,1.00,5.90,9.29,34.00,22.00,27.00
2026-01-06T20:57:00Z,3.53,1.00,1.00,5.90,9.29,34.00,22.00,27.00
2026-01-06T20:59:00Z,3.53,1.00,1.00,5.90,9.29,34.00,22.00,28.00
2026-01-06T21:01:00Z,3.53,1.00,1.00,5.90,9.29,34.00,22.00,28.00
2026-01-06T21:02:00Z,3.53,1.00,1.00,11.00,9.29,34.00,22.00,28.00
2026-01-06T21:06:00Z,3.53,1.00,1.00,11.00,9.00,34.00,22.00,28.00
2026-01-06T21:11:00Z,3.53,1.00,1.00,11.00,9.00,36.00,22.00,28.00
2026-01-06T21:17:00Z,3.68,1.00,1.00,11.00,9.00,36.00,22.00,28.00
2026-01-06T21:20:00Z,3.74,1.00,1.00,11.00,9.00,36.00,22.00,28.00
2026-01-06T21:26:00Z,3.74,1.00,1.00,11.00,9.00,34.00,22.00,28.00
2026-01-06T21:27:00Z,3.74,1.00,1.00,11.00,9.00,34.00,22.00,28.00
2026-01-06T21:28:00Z,3.74,1.00,1.00,11.00,9.00,34.00,22.00,28.00
2026-01-06T21:29:00Z,3.74,1.00,1.00,11.00,9.00,34.00,22.00,28.00
2026-01-06T21:30:00Z,3.74,1.00,1.00,11.00,9.00,36.00,22.00,28.00
2026-01-06T21:32:00Z,3.74,1.00,1.00,11.00,9.00,36.00,22.00,27.00
2026-01-06T21:33:00Z,3.74,1.00,1.00,11.00,9.00,36.00,22.00,27.00
2026-01-06T21:37:00Z,3.74,1.00,1.00,11.00,9.77,36.00,22.00,27.00
2026-01-06T21:38:00Z,3.74,1.00,1.00,11.00,9.00,36.00,22.00,27.00
2026-01-06T21:39:00Z,4.00,1.00,1.00,11.00,9.00,36.00,22.00,27.00
2026-01-06T21:44:00Z,4.00,1.00,1.00,11.00,9.00,36.00,22.00,27.00
2026-01-06T21:45:00Z,4.00,1.00,1.00,11.00,9.00,36.00,22.00,27.00
2026-01-06T21:46:00Z,4.00,1.00,1.00,11.00,9.00,36.00,22.00,27.00
2026-01-06T21:48:00Z,4.00,1.00,1.00,11.00,9.00,36.00,22.00,27.00
2026-01-06T21:49:00Z,4.00,1.00,1.00,11.00,9.89,36.00,22.00,27.00
2026-01-06T21:51:00Z,4.00,1.00,1.00,11.00,9.89,36.00,22.00,27.00
2026-01-06T21:52:00Z,4.00,1.00,1.00,11.00,9.89,36.00,22.00,26.00
2026-01-06T21:57:00Z,4.00,1.00,1.00,11.00,9.89,36.00,22.00,26.00
2026-01-06T21:58:00Z,4.00,1.00,1.00,11.00,9.89,36.00,22.00,26.00
2026-01-06T21:59:00Z,4.00,1.00,1.00,11.00,9.89,36.00,22.00,27.00
2026-01-06T22:02:00Z,4.00,1.00,1.00,9.00,9.89,36.00,22.00,27.00
2026-01-06T22:05:00Z,4.00,1.00,1.00,9.00,9.89,36.00,22.00,27.00
2026-01-06T22:08:00Z,4.00,1.00,1.00,9.00,11.00,36.00,22.00,27.00
2026-01-06T22:09:00Z,4.00,1.00,1.00,9.00,11.00,36.00,22.00,27.00
2026-01-06T22:10:00Z,4.00,1.00,1.00,9.00,11.00,36.00,22.00,27.00
2026-01-06T22:16:00Z,4.00,1.00,1.00,9.00,12.00,36.00,22.00,27.00
2026-01-06T22:22:00Z,4.00,1.00,1.00,9.00,12.00,36.00,22.00,27.00
2026-01-06T22:25:00Z,4.00,1.00,1.00,9.00,12.00,36.00,22.00,27.00
2026-01-06T22:27:00Z,4.00,1.00,1.00,9.00,12.00,36.00,22.00,27.00
2026-01-06T22:28:00Z,4.00,2.00,1.00,9.00,12.00,36.00,22.00,27.50
2026-01-06T22:29:00Z,4.00,2.00,2.00,9.00,12.00,37.00,22.00,27.50
2026-01-06T22:30:00Z,4.00,2.00,2.00,9.00,12.00,37.00,22.00,27.50
2026-01-06T22:31:00Z,4.00,2.00,2.00,9.00,12.00,37.00,22.00,27.50
2026-01-06T22:32:00Z,4.00,2.00,2.00,9.00,12.00,36.25,22.00,27.50
2026-01-06T22:33:00Z,4.00,2.00,2.00,9.00,12.00,36.25,22.00,27.95
2026-01-06T22:35:00Z,4.00,2.00,2.00,10.89,12.00,36.25,22.00,27.95
2026-01-06T22:36:00Z,4.00,2.00,2.00,10.89,12.00,36.25,22.00,27.95
2026-01-06T22:37:00Z,4.00,2.00,2.00,10.98,12.00,36.25,22.00,28.00
2026-01-06T22:41:00Z,4.00,2.00,2.00,10.98,12.00,36.25,22.00,28.00
2026-01-06T22:43:00Z,4.00,2.00,2.00,10.98,12.00,36.25,22.00,28.00
2026-01-06T22:45:00Z,4.00,2.00,2.00,10.98,12.00,36.00,22.00,28.00
2026-01-06T22:47:00Z,4.00,2.00,2.00,10.98,12.00,38.89,22.00,28.00
2026-01-06T22:48:00Z,4.00,2.00,2.00,10.98,12.00,38.89,22.00,28.00
2026-01-06T22:49:00Z,4.00,2.00,2.00,12.00,12.00,39.36,22.00,26.00
2026-01-06T22:50:00Z,4.00,2.00,2.00,12.00,12.00,40.00,22.00,26.00
2026-01-06T22:51:00Z,4.00,2.00,2.00,12.00,13.00,40.00,22.00,26.00
2026-01-06T22:55:00Z,4.00,2.00,2.00,12.00,13.00,40.00,22.00,26.00
2026-01-06T22:56:00Z,4.00,2.00,2.00,12.00,13.00,40.00,22.00,26.00
2026-01-06T22:57:00Z,4.00,2.00,2.00,12.00,13.00,40.00,22.00,26.00
2026-01-06T23:03:00Z,4.00,2.00,2.00,12.00,13.00,40.00,22.00,26.00
2026-01-06T23:04:00Z,4.00,2.00,3.00,12.00,13.00,40.00,22.00,26.00
2026-01-06T23:05:00Z,4.00,2.00,3.00,12.00,13.00,39.00,22.00,26.00
2026-01-06T23:09:00Z,4.00,2.00,3.00,12.00,13.00,39.00,22.00,28.00
2026-01-06T23:10:00Z,4.00,2.00,3.00,12.00,13.00,39.00,22.00,27.58
2026-01-06T23:11:00Z,4.00,2.00,3.00,12.00,13.00,39.00,22.00,27.58
2026-01-06T23:12:00Z,4.00,2.00,3.00,12.00,13.00,39.00,22.00,27.73
2026-01-06T23:13:00Z,4.00,2.00,3.00,12.00,13.00,39.00,22.00,27.73
2026-01-06T23:15:00Z,4.00,2.00,3.00,12.00,13.00,39.00,22.00,27.85
2026-01-06T23:16:00Z,4.00,2.00,3.00,12.00,13.00,39.00,22.00,27.98
2026-01-06T23:18:00Z,4.00,2.00,3.00,12.00,13.00,39.00,22.00,27.98
2026-01-06T23:19:00Z,4.00,2.00,3.00,12.00,13.00,39.00,22.00,27.98
2026-01-06T23:21:00Z,4.00,2.00,3.00,11.00,13.00,39.00,22.00,27.98
2026-01-06T23:22:00Z,4.00,2.00,3.00,11.00,13.00,39.00,22.00,27.98
2026-01-06T23:23:00Z,4.00,2.00,3.00,11.00,13.00,39.00,22.00,27.98
2026-01-06T23:24:00Z,4.00,2.00,3.00,11.00,13.00,37.00,22.00,27.98
2026-01-06T23:26:00Z,4.00,2.00,3.00,11.00,13.00,37.00,22.00,27.98
2026-01-06T23:29:00Z,4.00,2.00,3.00,11.00,13.00,37.00,22.00,27.98
2026-01-06T23:33:00Z,4.00,2.00,3.00,11.00,13.00,37.00,22.00,27.98
2026-01-06T23:43:00Z,4.00,2.00,3.00,11.00,13.00,37.00,22.00,27.98
2026-01-06T23:48:00Z,4.00,2.00,3.00,11.00,13.00,37.00,22.00,27.98
2026-01-06T23:49:00Z,4.00,2.00,3.00,11.00,13.00,37.00,22.00,27.98
2026-01-06T23:50:00Z,4.52,2.00,3.00,11.00,13.00,37.00,22.00,27.98
2026-01-06T23:54:00Z,4.52,2.00,3.00,11.00,13.00,37.00,22.00,26.52
2026-01-06T23:58:00Z,4.52,2.00,3.00,11.00,13.00,38.64,22.00,26.52
2026-01-06T23:59:00Z,4.52,2.00,3.00,11.00,13.00,39.00,22.00,26.52
2026-01-07T00:00:00Z,4.52,2.00,3.00,11.00,13.00,39.00,22.00,26.52
2026-01-07T00:03:00Z,4.52,2.00,3.00,7.00,13.00,39.00,22.00,26.52
2026-01-07T00:07:00Z,4.52,2.00,3.00,7.00,13.00,39.00,22.00,26.52
2026-01-07T00:12:00Z,4.52,2.00,3.00,7.00,13.00,39.00,22.00,26.52
2026-01-07T00:16:00Z,4.52,2.00,3.00,7.00,13.00,39.00,22.00,28.00
2026-01-07T00:18:00Z,4.52,2.00,3.00,7.00,13.00,39.00,22.00,28.00
2026-01-07T00:19:00Z,5.00,2.00,3.00,7.00,13.00,39.00,22.00,28.00
2026-01-07T00:20:00Z,5.00,2.00,3.00,7.00,13.00,39.00,22.00,28.00
2026-01-07T00:22:00Z,5.00,2.00,3.00,7.00,13.00,39.43,22.00,28.00
2026-01-07T00:24:00Z,5.00,2.00,3.00,7.00,13.00,42.08,22.00,28.00
2026-01-07T00:26:00Z,2.00,2.00,3.00,7.00,13.00,42.08,22.00,28.00
2026-01-07T00:28:00Z,2.00,2.00,3.00,7.00,13.00,42.08,22.00,28.00
2026-01-07T00:32:00Z,2.00,2.00,3.25,7.00,13.00,42.08,22.00,28.00
2026-01-07T00:40:00Z,2.00,2.00,3.25,7.00,13.00,42.08,22.00,28.00
2026-01-07T00:42:00Z,2.00,2.00,3.25,7.00,13.00,42.68,22.00,28.00
2026-01-07T00:43:00Z,3.40,1.00,1.00,4.00,10.00,44.00,20.40,25.00
2026-01-07T00:49:00Z,5.00,1.00,1.00,4.00,10.00,44.00,20.40,25.00
2026-01-07T00:50:00Z,5.00,1.00,1.00,4.00,10.00,44.00,20.40,27.96
2026-01-07T00:52:00Z,5.00,1.00,1.00,4.00,10.00,45.00,20.40,27.96
2026-01-07T00:53:00Z,5.00,1.00,1.00,9.00,10.00,45.00,20.40,27.96
2026-01-07T00:57:00Z,5.00,1.00,1.00,9.00,11.82,45.00,20.40,27.96
2026-01-07T01:02:00Z,4.00,1.00,1.00,9.00,11.82,45.00,20.40,27.96
2026-01-07T01:04:00Z,4.00,1.00,1.00,9.00,11.82,45.00,20.40,28.00
2026-01-07T01:06:00Z,4.00,3.54,1.00,9.00,11.82,45.00,20.40,28.00
2026-01-07T01:10:00Z,4.00,3.54,1.00,9.00,11.82,44.88,22.00,28.00
2026-01-07T01:11:00Z,4.00,3.54,1.00,9.00,11.82,44.88,22.00,27.00
2026-01-07T01:12:00Z,5.51,3.54,1.00,9.00,11.82,44.88,22.00,27.00
2026-01-07T01:13:00Z,5.51,3.54,1.00,9.00,11.82,44.88,22.00,26.00
2026-01-07T01:14:00Z,6.41,3.54,1.00,9.00,11.82,44.88,22.00,27.00
2026-01-07T01:16:00Z,7.00,3.54,1.00,9.00,11.82,44.88,22.00,28.00
2026-01-07T01:17:00Z,4.00,1.00,1.00,4.00,9.50,44.93,21.00,26.00
2026-01-07T01:20:00Z,4.00,1.00,1.00,4.00,12.91,44.93,21.00,26.00
2026-01-07T01:23:00Z,6.90,1.00,1.00,4.00,12.91,44.93,21.00,26.00
2026-01-07T01:25:00Z,6.87,1.00,1.00,4.00,12.91,44.93,21.00,26.00
2026-01-07T01:29:00Z,7.00,1.00,1.00,4.00,12.91,44.93,21.00,26.00
2026-01-07T01:30:00Z,7.00,1.00,1.00,4.00,12.91,44.93,21.00,26.00
2026-01-07T01:31:00Z,7.00,1.00,1.00,6.90,12.91,44.93,21.00,26.00
2026-01-07T01:32:00Z,7.00,1.00,1.00,6.90,12.91,44.93,21.00,27.00
2026-01-07T01:33:00Z,4.00,1.00,1.00,4.00,10.00,44.95,21.00,26.00
2026-01-07T01:34:00Z,4.00,1.00,1.00,4.00,10.00,44.95,20.02,27.00
2026-01-07T01:35:00Z,3.00,1.00,1.00,3.88,10.94,45.12,19.94,26.08
2026-01-07T01:37:00Z,7.98,1.00,1.00,3.88,12.92,45.12,19.94,27.00
2026-01-07T01:38:00Z,4.00,1.00,1.00,3.00,9.00,45.00,19.00,26.00
2026-01-07T01:39:00Z,4.00,5.00,1.00,6.44,9.00,45.00,19.00,26.00
2026-01-07T01:40:00Z,4.00,5.00,5.00,6.44,9.00,45.00,19.00,26.00
2026-01-07T01:42:00Z,4.00,5.00,5.00,6.44,9.00,44.00,19.00,26.00
2026-01-07T01:43:00Z,4.00,5.00,5.00,6.44,9.00,44.00,19.00,26.00
2026-01-07T01:44:00Z,4.00,5.00,5.00,6.44,9.00,44.48,19.00,27.00
2026-01-07T01:47:00Z,4.00,5.00,5.00,7.00,9.00,44.48,19.00,27.00
2026-01-07T01:48:00Z,5.89,5.00,5.00,7.00,9.00,44.48,19.00,27.00
2026-01-07T01:50:00Z,5.89,5.00,5.00,7.00,9.00,45.00,19.00,27.00
2026-01-07T01:51:00Z,5.89,5.00,5.00,7.00,9.00,45.00,19.00,26.00
2026-01-07T01:52:00Z,6.00,5.00,5.00,7.00,9.00,45.00,19.00,26.00
2026-01-07T01:53:00Z,6.00,5.00,5.00,7.00,9.00,43.00,19.00,26.00
2026-01-07T01:54:00Z,6.00,5.00,5.00,7.00,9.00,37.00,19.00,26.00
2026-01-07T01:59:00Z,6.00,5.00,5.00,7.00,9.00,37.00,19.00,26.00
2026-01-07T02:02:00Z,6.00,5.00,5.00,7.00,9.00,37.00,19.00,27.00
2026-01-07T02:03:00Z,6.00,5.00,5.00,7.00,9.00,37.00,19.00,27.00
2026-01-07T02:06:00Z,6.00,5.00,5.00,7.00,9.00,37.00,19.00,27.00
2026-01-07T02:09:00Z,6.00,5.00,5.00,7.00,9.00,37.00,22.00,27.00
2026-01-07T02:10:00Z,6.67,5.00,5.00,7.00,9.00,37.00,22.00,27.00
2026-01-07T02:12:00Z,7.00,5.00,5.00,7.00,9.00,37.00,22.00,27.00
2026-01-07T02:15:00Z,7.00,5.00,5.00,7.00,9.00,37.00,22.00,27.00
2026-01-07T02:19:00Z,7.00,5.00,5.00,7.00,9.00,42.20,22.00,27.00
2026-01-07T02:20:00Z,7.00,5.00,5.00,7.00,9.00,43.00,22.00,27.00
2026-01-07T02:21:00Z,7.00,5.00,5.00,7.00,9.00,43.00,22.00,25.11
2026-01-07T02:22:00Z,7.00,5.00,5.00,7.00,9.00,43.00,22.00,27.00
2026-01-07T02:24:00Z,7.00,5.00,5.00,7.00,9.00,43.00,22.00,27.00
2026-01-07T02:25:00Z,4.00,1.00,5.00,6.71,9.00,46.00,22.85,26.87
2026-01-07T02:28:00Z,4.00,1.00,5.00,6.71,9.00,46.00,22.85,25.10
2026-01-07T02:30:00Z,6.00,1.00,5.00,6.71,9.00,46.00,22.85,27.00
2026-01-07T02:33:00Z,6.00,1.00,4.00,6.71,9.00,46.00,22.85,27.00
2026-01-07T02:34:00Z,6.00,1.00,4.00,6.71,9.00,46.00,22.85,27.00
2026-01-07T02:35:00Z,6.00,1.00,4.00,6.71,9.00,43.00,22.85,27.00
2026-01-07T02:36:00Z,6.00,1.00,4.00,6.71,12.21,43.00,22.85,26.00
2026-01-07T02:37:00Z,6.00,1.00,4.00,6.71,12.21,43.00,22.85,26.00
2026-01-07T02:41:00Z,6.26,1.00,4.00,6.71,12.21,43.00,22.85,26.00
2026-01-07T02:42:00Z,4.00,1.00,1.00,3.00,14.98,41.00,21.00,26.00
2026-01-07T02:44:00Z,4.00,1.00,1.00,3.00,14.98,41.00,21.00,27.00
2026-01-07T02:46:00Z,7.00,1.00,1.00,3.00,14.98,41.00,21.00,27.00
2026-01-07T02:51:00Z,7.00,1.00,1.00,3.00,14.98,43.90,21.00,27.00
2026-01-07T02:56:00Z,7.00,1.00,1.00,3.00,14.98,43.90,23.00,27.00
2026-01-07T02:58:00Z,7.00,1.00,1.00,3.00,18.60,43.90,23.00,27.00
2026-01-07T02:59:00Z,7.00,1.00,1.00,3.00,18.60,43.90,23.00,27.30
2026-01-07T03:02:00Z,7.00,1.00,1.00,3.00,18.60,43.90,22.00,27.30
2026-01-07T03:03:00Z,7.00,1.00,1.00,3.00,18.60,43.90,22.00,27.30
2026-01-07T03:05:00Z,7.00,1.00,1.00,3.00,18.60,43.90,22.00,27.30
2026-01-07T03:08:00Z,7.00,1.00,1.00,3.00,18.60,43.90,22.00,27.30
2026-01-07T03:09:00Z,7.00,1.00,1.00,7.00,18.60,43.90,22.00,27.30
2026-01-07T03:10:00Z,4.00,1.00,1.00,3.00,19.00,35.50,21.00,25.25
2026-01-07T03:12:00Z,4.00,1.00,1.00,8.00,19.00,35.50,21.00,25.25
2026-01-07T03:13:00Z,4.00,4.76,1.00,8.00,19.00,35.50,21.00,30.55
2026-01-07T03:15:00Z,4.00,4.76,4.02,8.00,19.00,35.50,21.00,30.55
2026-01-07T03:16:00Z,3.00,2.00,1.00,3.00,12.00,35.00,20.00,34.62
2026-01-07T03:19:00Z,3.00,2.00,1.00,3.00,12.00,35.00,21.00,34.62
2026-01-07T03:26:00Z,3.00,2.00,1.00,3.00,12.00,39.00,21.00,34.62
2026-01-07T03:27:00Z,3.00,2.00,1.00,3.00,18.00,39.00,21.00,34.62
2026-01-07T03:31:00Z,3.00,5.00,5.00,3.00,18.00,39.00,21.00,34.62
2026-01-07T03:32:00Z,6.42,5.00,5.00,3.00,18.00,39.00,21.00,34.62
2026-01-07T03:33:00Z,3.00,2.00,1.00,9.00,13.00,34.00,20.00,27.20
2026-01-07T03:34:00Z,4.85,2.00,1.00,10.16,12.80,34.00,20.00,27.13
2026-01-07T03:38:00Z,6.00,2.00,5.00,10.16,12.80,34.00,21.00,33.00
2026-01-07T03:39:00Z,3.78,2.00,1.00,1.85,12.00,33.28,19.00,39.61
2026-01-07T03:40:00Z,3.78,2.00,1.00,1.85,12.00,33.28,19.00,34.00
2026-01-07T03:42:00Z,3.78,2.00,1.00,1.85,12.00,33.28,19.00,28.25
2026-01-07T03:45:00Z,3.00,2.00,2.00,11.56,11.13,35.00,15.00,30.00
2026-01-07T03:47:00Z,3.00,2.00,2.00,4.00,20.24,35.00,17.00,30.00
2026-01-07T03:48:00Z,3.00,2.00,2.00,4.00,20.24,37.00,17.00,30.00
2026-01-07T03:49:00Z,6.92,2.00,2.00,4.00,20.24,37.00,17.00,30.00
2026-01-07T03:50:00Z,6.92,2.00,5.00,4.00,20.24,37.00,17.00,30.00
2026-01-07T03:51:00Z,6.92,5.00,5.00,4.00,20.24,37.00,19.00,30.00
2026-01-07T03:56:00Z,6.92,5.00,5.00,4.00,20.24,37.00,19.00,30.00
2026-01-07T03:57:00Z,6.92,5.00,5.59,4.00,20.24,37.00,19.00,30.00
2026-01-07T04:00:00Z,6.92,5.00,5.59,4.00,20.24,37.00,19.00,27.60
2026-01-07T04:03:00Z,4.04,2.00,2.00,24.60,11.42,33.52,17.85,26.00
2026-01-07T04:04:00Z,4.04,2.00,2.00,24.60,11.42,33.52,20.00,29.00
2026-01-07T04:05:00Z,7.23,2.00,1.00,13.00,11.00,37.66,18.00,26.00
2026-01-07T04:06:00Z,4.33,2.00,1.00,11.00,11.00,34.00,20.66,27.00
2026-01-07T04:11:00Z,8.00,5.00,5.00,9.00,11.00,35.00,20.66,27.00
2026-01-07T04:12:00Z,8.00,5.00,5.00,9.00,11.00,35.00,20.66,27.00
2026-01-07T04:13:00Z,8.00,5.00,5.00,9.00,16.00,35.00,20.66,27.00
2026-01-07T04:14:00Z,8.00,5.00,5.00,9.00,16.00,35.00,20.66,27.31
2026-01-07T04:15:00Z,8.00,5.00,5.00,9.00,16.00,35.00,20.66,27.31
2026-01-07T04:16:00Z,8.00,5.00,5.00,9.00,16.00,35.91,19.00,27.61
2026-01-07T04:18:00Z,8.00,5.00,5.00,9.00,16.00,35.91,19.00,27.61
2026-01-07T04:21:00Z,7.99,5.00,5.00,9.00,16.00,35.91,19.00,27.61
2026-01-07T04:33:00Z,8.00,5.00,5.00,9.00,16.00,35.91,19.00,27.61
2026-01-07T04:34:00Z,8.00,5.00,5.00,9.00,16.00,35.91,19.00,27.65
2026-01-07T04:39:00Z,8.00,5.00,5.00,9.00,16.00,35.91,19.00,27.00
2026-01-07T04:40:00Z,8.00,5.00,5.00,9.00,16.00,35.91,19.00,27.00
2026-01-07T04:41:00Z,8.00,5.00,5.00,9.00,15.00,36.00,19.00,27.00
2026-01-07T04:44:00Z,8.00,5.00,5.27,9.00,15.00,36.00,19.00,27.00
2026-01-07T04:45:00Z,8.00,5.00,5.27,9.00,15.00,36.00,19.00,27.82
2026-01-07T04:47:00Z,8.00,5.00,5.27,9.00,15.81,36.00,19.00,27.82
2026-01-07T04:50:00Z,8.00,5.00,5.27,9.00,15.81,36.00,19.00,27.82
2026-01-07T04:51:00Z,8.00,5.00,5.27,9.00,15.81,36.00,19.00,27.82
2026-01-07T04:55:00Z,8.00,5.00,5.27,9.00,15.81,36.00,19.00,27.99
2026-01-07T04:57:00Z,8.00,5.00,5.27,9.00,15.81,36.00,19.00,27.99
2026-01-07T05:00:00Z,9.83,5.00,5.27,9.00,15.81,36.00,19.00,27.99
2026-01-07T05:02:00Z,9.83,5.00,5.27,9.00,15.81,36.00,19.00,28.00
2026-01-07T05:04:00Z,11.00,5.00,5.27,9.00,15.81,36.00,19.00,28.00
2026-01-07T05:05:00Z,11.00,5.00,5.27,9.00,15.81,36.00,19.38,28.00
2026-01-07T05:06:00Z,11.00,5.00,5.27,9.00,15.81,36.00,19.91,28.00
2026-01-07T05:07:00Z,11.00,5.00,5.27,9.00,15.81,36.00,19.91,28.00
2026-01-07T05:08:00Z,11.00,5.00,5.27,9.00,16.00,36.00,19.91,28.00
2026-01-07T05:10:00Z,11.00,5.00,5.27,9.00,16.00,36.00,19.91,28.00
2026-01-07T05:13:00Z,11.00,5.00,5.27,9.00,16.00,36.00,19.91,28.00
2026-01-07T05:16:00Z,11.00,5.00,6.00,9.00,16.00,36.00,19.91,28.00
2026-01-07T05:17:00Z,11.76,5.00,6.00,9.00,16.00,36.00,18.00,28.00
2026-01-07T05:18:00Z,11.76,5.00,6.00,9.00,16.00,36.00,18.00,27.57
2026-01-07T05:19:00Z,7.00,2.00,2.00,7.00,12.00,35.40,17.00,26.00
2026-01-07T05:21:00Z,5.64,2.00,2.00,7.00,12.00,35.40,18.56,26.00
2026-01-07T05:23:00Z,12.83,2.00,2.00,7.00,12.00,35.40,18.56,26.00
2026-01-07T05:24:00Z,12.83,2.00,2.00,7.00,15.16,33.00,19.17,26.00
2026-01-07T05:25:00Z,13.00,2.00,2.00,7.00,15.16,33.00,19.17,26.00
2026-01-07T05:26:00Z,13.00,2.00,2.00,7.00,16.00,33.00,19.17,26.00
2026-01-07T05:31:00Z,13.00,2.00,2.00,9.00,16.00,33.00,19.17,26.00
2026-01-07T05:33:00Z,13.00,2.00,2.00,9.00,16.00,33.00,19.17,27.50
2026-01-07T05:38:00Z,13.00,2.00,2.00,9.00,16.00,33.00,19.17,28.00
2026-01-07T05:41:00Z,13.00,2.00,2.00,9.00,16.00,31.00,19.17,28.00
2026-01-07T05:45:00Z,14.62,2.00,2.00,9.00,16.00,31.00,19.17,28.00
2026-01-07T05:50:00Z,14.62,2.00,2.00,9.00,16.00,31.00,19.17,28.00
2026-01-07T05:52:00Z,16.00,2.00,2.00,9.00,16.00,31.00,19.17,28.00
2026-01-07T05:54:00Z,10.75,2.00,2.00,9.00,16.00,31.00,19.17,28.00
2026-01-07T05:57:00Z,10.75,2.00,2.00,9.00,16.00,35.00,19.17,28.00
2026-01-07T06:03:00Z,10.75,2.00,2.00,9.00,16.00,35.00,19.17,28.00
2026-01-07T06:08:00Z,15.00,2.00,2.00,9.00,16.00,35.00,19.17,28.00
2026-01-07T06:11:00Z,15.00,2.00,2.00,9.00,16.00,35.00,19.17,28.00
2026-01-07T06:13:00Z,15.00,2.00,2.00,9.00,16.00,35.00,20.00,28.00
2026-01-07T06:14:00Z,15.00,2.00,2.00,9.00,15.00,35.00,20.00,28.00
2026-01-07T06:21:00Z,15.00,2.00,6.00,9.00,15.00,35.00,20.00,28.00
2026-01-07T06:27:00Z,15.00,2.00,8.60,9.00,15.00,35.00,20.00,28.00
2026-01-07T06:29:00Z,15.00,2.00,8.60,9.00,18.93,35.00,20.00,28.00
2026-01-07T06:30:00Z,8.00,2.00,12.00,3.90,14.69,35.89,19.00,24.83
2026-01-07T06:34:00Z,8.00,2.00,12.00,3.90,14.69,35.89,19.00,28.00
2026-01-07T06:36:00Z,9.00,2.00,14.00,3.00,14.00,26.00,19.00,25.00
2026-01-07T06:38:00Z,9.00,2.00,14.00,3.00,14.00,26.00,19.00,24.22
2026-01-07T06:39:00Z,8.00,2.00,15.83,3.00,14.00,22.00,19.00,25.00
2026-01-07T06:43:00Z,8.00,2.00,12.58,2.64,13.05,36.60,19.00,25.29
2026-01-07T06:47:00Z,7.60,2.00,12.00,2.00,12.70,54.17,19.00,26.00
2026-01-07T06:52:00Z,7.00,2.00,11.00,3.00,13.00,33.66,12.00,27.00
2026-01-07T06:53:00Z,7.00,2.00,9.50,3.00,13.00,63.29,12.00,27.00
2026-01-07T07:11:00Z,7.00,2.00,9.50,3.00,13.00,63.29,12.00,28.00
2026-01-07T07:15:00Z,7.00,2.00,9.50,3.00,34.25,63.29,12.00,28.00
2026-01-07T07:16:00Z,7.00,2.00,9.50,3.00,34.25,63.29,12.00,28.00
2026-01-07T07:19:00Z,7.00,2.00,7.00,2.00,21.50,35.50,12.00,27.00
2026-01-07T07:24:00Z,7.00,2.00,7.00,2.00,21.50,35.33,12.00,27.00
2026-01-07T07:30:00Z,7.00,2.00,4.00,2.00,16.00,35.00,19.97,27.00
2026-01-07T07:32:00Z,12.34,2.00,4.00,2.00,16.00,35.00,19.97,27.00
2026-01-07T07:53:00Z,8.00,2.00,10.76,2.00,16.00,31.25,16.00,26.25
2026-01-07T08:15:00Z,12.00,2.00,10.76,2.00,16.00,31.25,16.00,26.25
2026-01-07T08:25:00Z,12.00,2.00,10.76,2.00,16.00,31.25,16.00,26.25
2026-01-07T08:42:00Z,13.00,2.00,10.76,2.00,16.00,31.25,16.00,26.25
2026-01-07T08:46:00Z,13.00,2.00,10.76,2.00,16.00,31.25,16.00,28.00
2026-01-07T09:13:00Z,7.83,2.00,10.76,2.00,16.00,31.25,16.00,28.00
2026-01-07T09:31:00Z,7.83,2.00,10.76,2.00,16.00,31.25,16.00,28.00
2026-01-07T09:41:00Z,7.83,2.00,10.76,2.00,16.00,31.25,16.00,28.00
2026-01-07T09:45:00Z,11.42,2.00,10.76,2.00,16.00,31.25,16.00,28.00
2026-01-07T09:51:00Z,11.42,2.00,11.00,2.00,16.00,31.25,16.00,28.00
2026-01-07T10:43:00Z,10.00,2.00,11.43,2.00,15.00,30.00,15.00,27.00
2026-01-07T10:57:00Z,8.00,2.00,11.43,2.00,15.00,30.00,15.00,27.00
2026-01-07T11:23:00Z,6.20,2.00,8.00,2.00,14.20,37.58,15.00,26.20
2026-01-07T11:42:00Z,6.20,2.00,8.00,2.00,14.20,37.58,15.00,28.00
2026-01-07T11:44:00Z,6.00,2.00,8.00,2.00,14.20,37.58,15.00,28.00
2026-01-07T11:47:00Z,5.00,2.00,8.00,4.00,15.00,31.00,15.00,27.00
2026-01-07T11:57:00Z,6.88,2.00,8.00,4.00,15.00,31.00,15.00,27.00
2026-01-07T12:04:00Z,6.88,4.00,8.00,4.00,15.00,31.00,15.00,27.00
2026-01-07T12:07:00Z,6.00,2.00,4.00,3.00,13.00,40.00,16.00,27.00
2026-01-07T12:09:00Z,8.00,2.00,4.00,3.00,13.00,40.00,16.00,27.00
2026-01-07T12:11:00Z,8.00,2.00,4.00,9.00,13.00,40.00,16.00,27.00
2026-01-07T12:14:00Z,8.00,2.00,4.00,9.00,13.00,40.00,15.90,27.00
2026-01-07T12:16:00Z,8.00,4.00,4.00,9.00,13.00,40.00,15.90,27.00
2026-01-07T12:17:00Z,8.00,4.00,4.00,9.00,13.00,40.00,15.90,27.00
2026-01-07T12:20:00Z,8.00,4.00,4.00,9.00,13.00,40.66,15.90,27.00
2026-01-07T12:24:00Z,7.00,2.00,4.00,3.00,13.00,43.00,17.00,27.00
2026-01-07T12:28:00Z,7.34,2.00,3.00,4.00,13.00,57.00,16.85,26.28
2026-01-07T12:29:00Z,7.34,2.00,3.00,4.00,13.00,57.00,16.85,27.00
2026-01-07T12:36:00Z,6.00,2.00,3.00,4.00,13.00,57.00,16.85,27.00
2026-01-07T12:40:00Z,7.00,2.00,3.00,4.00,13.00,57.00,16.85,27.00
2026-01-07T13:01:00Z,7.00,2.00,3.00,4.00,13.00,57.00,19.00,27.00
2026-01-07T13:07:00Z,7.00,2.00,3.00,4.00,18.60,57.00,19.00,27.00
2026-01-07T13:12:00Z,7.00,2.00,3.00,4.00,18.60,57.00,19.00,27.00
2026-01-07T13:13:00Z,7.00,2.00,3.00,4.00,19.42,57.00,19.00,27.00
2026-01-07T13:19:00Z,7.00,2.00,3.00,4.00,19.42,57.00,19.00,27.00
2026-01-07T13:22:00Z,5.37,2.00,3.00,4.00,19.42,57.00,19.00,27.00
2026-01-07T13:23:00Z,5.37,2.00,3.00,4.00,19.42,57.00,19.00,27.00
2026-01-07T13:24:00Z,5.00,2.00,3.00,3.00,19.91,35.50,18.50,26.00
2026-01-07T13:41:00Z,5.00,2.00,3.00,3.00,19.91,39.00,18.50,26.00
2026-01-07T13:42:00Z,5.00,2.00,3.00,3.00,19.91,39.00,26.50,26.00
2026-01-07T13:44:00Z,6.73,2.00,3.00,1.11,13.55,41.32,20.88,26.00
2026-01-07T13:50:00Z,6.73,2.00,3.00,1.11,13.55,36.00,20.88,26.00
2026-01-07T13:59:00Z,6.73,3.00,3.00,1.11,13.55,36.00,20.88,26.00
2026-01-07T14:02:00Z,6.73,3.00,3.00,1.11,17.90,36.00,20.88,26.00
2026-01-07T14:10:00Z,6.73,3.00,3.00,1.11,17.90,39.00,20.88,26.00
2026-01-07T14:17:00Z,6.73,3.00,3.00,1.11,9.00,39.00,20.88,26.00
2026-01-07T14:23:00Z,6.73,3.00,3.00,1.11,9.00,39.00,20.88,26.00
2026-01-07T14:34:00Z,6.73,3.00,3.00,1.11,12.97,39.00,20.88,26.00
2026-01-07T14:39:00Z,6.73,3.00,3.00,1.11,12.97,35.33,20.00,26.00
2026-01-07T14:43:00Z,6.73,3.00,3.00,1.11,12.97,35.33,20.00,26.00
2026-01-07T14:48:00Z,6.73,3.00,3.00,1.11,12.97,35.33,20.00,27.00
2026-01-07T14:49:00Z,6.73,3.00,3.00,1.11,12.97,35.33,20.00,27.00
2026-01-07T14:50:00Z,6.73,3.00,3.00,1.11,12.97,33.93,20.00,27.00
2026-01-07T14:52:00Z,6.73,3.00,3.00,1.11,12.97,33.93,22.00,27.00
2026-01-07T15:06:00Z,6.00,3.00,3.00,1.11,12.97,38.00,22.00,27.00
2026-01-07T15:07:00Z,6.00,3.00,3.00,1.11,12.97,38.00,26.66,27.00
2026-01-07T15:10:00Z,6.00,3.00,3.00,1.11,12.97,38.00,26.66,27.00
2026-01-07T15:12:00Z,5.00,3.00,3.00,1.11,12.97,38.00,26.66,27.00
2026-01-07T15:13:00Z,6.76,3.00,3.00,1.11,12.97,38.00,26.66,27.00
2026-01-07T15:17:00Z,7.00,3.00,3.00,1.11,12.97,38.00,26.66,27.00
2026-01-07T15:24:00Z,7.28,3.00,3.00,1.11,12.97,38.00,26.66,27.00
2026-01-07T15:25:00Z,7.28,3.00,3.00,1.11,12.97,38.00,26.66,27.00
2026-01-07T15:26:00Z,4.14,3.00,3.00,1.11,12.97,38.00,26.66,25.15
2026-01-07T15:33:00Z,4.14,3.00,3.00,1.11,12.28,38.00,26.66,25.15
2026-01-07T15:35:00Z,4.14,3.00,3.00,1.11,12.28,38.00,27.00,25.15
2026-01-07T15:37:00Z,4.14,3.00,3.00,1.11,12.28,38.00,28.00,25.15
2026-01-07T15:43:00Z,4.14,3.00,4.00,1.11,12.28,38.00,28.00,25.15
2026-01-07T15:45:00Z,4.14,3.00,4.00,1.11,12.28,38.00,28.00,24.25
2026-01-07T15:46:00Z,7.00,3.00,4.00,1.11,12.28,38.00,28.00,24.25
2026-01-07T15:54:00Z,6.50,3.00,4.00,1.11,12.28,38.00,28.00,24.25
2026-01-07T15:57:00Z,7.00,3.00,4.00,1.11,12.28,38.00,28.00,24.25
2026-01-07T16:02:00Z,7.00,3.00,4.00,1.11,12.28,38.00,28.00,27.00
2026-01-07T16:13:00Z,7.79,3.00,4.00,1.11,12.28,38.00,28.00,27.00
2026-01-07T16:17:00Z,6.00,3.00,4.00,1.11,12.28,38.00,28.00,27.00
2026-01-07T16:19:00Z,6.00,2.00,4.00,1.11,12.28,38.00,31.00,27.00
2026-01-07T16:24:00Z,6.00,2.00,4.00,1.11,12.28,38.00,31.00,27.00
2026-01-07T16:25:00Z,6.00,2.00,4.00,1.11,12.28,37.00,31.00,27.00
2026-01-07T16:28:00Z,6.00,2.00,4.00,1.11,12.28,37.00,31.00,27.00
2026-01-07T16:30:00Z,5.00,2.00,4.00,1.11,12.28,37.00,31.00,26.64
2026-01-07T16:33:00Z,5.00,2.00,4.00,1.11,10.00,37.00,31.00,26.64
2026-01-07T16:38:00Z,4.00,2.00,4.00,1.11,10.00,37.00,31.00,26.64
2026-01-07T16:40:00Z,4.00,2.00,3.00,1.11,10.00,37.00,31.00,26.64
2026-01-07T16:42:00Z,4.00,2.00,3.00,1.11,10.00,37.00,31.00,26.64
2026-01-07T16:48:00Z,4.00,2.00,3.36,4.95,10.00,37.00,31.00,26.64
2026-01-07T16:49:00Z,4.00,2.00,3.36,4.95,10.00,37.00,31.00,26.64
2026-01-07T16:50:00Z,4.00,2.00,3.36,4.95,10.00,37.00,31.00,26.64
2026-01-07T16:55:00Z,2.12,1.00,1.40,1.11,9.00,32.00,49.34,25.02
2026-01-07T16:56:00Z,2.00,1.00,1.00,1.00,9.00,31.75,36.25,25.00
2026-01-07T16:57:00Z,3.87,1.00,1.00,1.00,9.00,33.00,36.25,25.00
2026-01-07T16:59:00Z,4.85,1.00,1.00,1.00,9.00,31.00,37.00,24.36
2026-01-07T17:03:00Z,3.00,1.00,1.00,1.00,9.00,31.00,37.00,24.36
2026-01-07T17:04:00Z,3.00,1.00,1.00,1.00,9.00,31.00,37.00,24.00
2026-01-07T17:07:00Z,3.00,1.00,1.00,1.00,9.00,31.00,37.00,25.00
2026-01-07T17:08:00Z,3.00,1.00,1.00,1.00,9.00,32.00,37.00,25.00
2026-01-07T17:11:00Z,3.00,2.00,1.00,1.00,9.00,32.00,37.00,25.00
2026-01-07T17:27:00Z,3.00,2.00,1.00,1.00,9.00,32.00,37.00,25.00
2026-01-07T17:30:00Z,3.00,2.00,1.00,1.00,9.00,32.00,37.00,25.00
2026-01-07T17:33:00Z,3.00,2.00,1.00,1.00,9.00,31.00,37.00,27.00
2026-01-07T17:34:00Z,3.00,2.00,1.00,1.00,6.04,28.77,37.00,27.00
2026-01-07T17:37:00Z,3.00,2.00,1.00,1.00,6.04,30.35,37.00,27.00
2026-01-07T17:38:00Z,3.00,2.00,1.00,1.00,6.04,30.35,37.00,27.00
2026-01-07T17:41:00Z,3.00,2.00,1.00,1.00,6.04,30.35,37.00,27.00
2026-01-07T17:47:00Z,3.00,2.00,1.00,1.00,6.04,31.00,37.00,27.00
2026-01-07T17:55:00Z,3.00,2.00,1.00,1.00,6.04,31.00,37.00,27.00
2026-01-07T17:58:00Z,3.00,2.00,1.00,1.00,6.04,31.00,37.00,27.00
2026-01-07T18:07:00Z,3.00,2.00,1.00,1.00,6.04,31.00,44.36,27.00
2026-01-07T18:08:00Z,3.00,2.00,1.00,1.00,6.04,31.40,44.36,27.00
2026-01-07T18:10:00Z,3.54,2.00,1.00,1.00,6.04,31.40,44.36,27.00
2026-01-07T18:11:00Z,4.50,2.00,1.00,1.00,6.04,31.40,44.36,27.00
2026-01-07T18:13:00Z,3.00,1.00,1.00,2.00,7.00,26.00,40.00,26.00
2026-01-07T18:14:00Z,5.00,1.00,1.00,2.00,7.00,26.00,40.00,26.00
2026-01-07T18:17:00Z,3.00,1.00,1.00,2.00,6.00,25.00,44.95,26.00
2026-01-07T18:18:00Z,3.00,1.00,1.00,2.00,6.00,29.00,44.95,26.00
2026-01-07T18:22:00Z,3.00,1.00,1.00,1.00,9.14,26.00,43.63,26.00
2026-01-07T18:26:00Z,3.00,1.00,1.00,1.00,9.14,26.00,43.63,25.40
2026-01-07T18:27:00Z,5.00,1.00,1.00,1.00,7.00,26.00,43.63,25.42
2026-01-07T18:32:00Z,5.00,2.00,3.83,1.00,7.00,26.00,43.63,27.00
2026-01-07T18:33:00Z,5.00,2.00,3.83,1.00,7.00,26.00,43.63,27.00
2026-01-07T18:34:00Z,5.00,2.00,3.83,1.00,7.00,26.00,43.63,27.00
2026-01-07T18:35:00Z,3.00,1.00,2.00,3.38,5.00,25.00,43.50,27.00
2026-01-07T18:36:00Z,3.00,2.00,2.00,3.38,5.00,25.00,43.50,27.00
2026-01-07T18:37:00Z,3.00,2.00,2.00,3.38,5.00,26.00,43.50,27.00
2026-01-07T18:39:00Z,3.00,1.00,2.00,2.00,5.00,28.25,43.00,27.00
2026-01-07T18:46:00Z,3.00,1.00,2.00,2.00,5.00,28.25,43.00,30.00
2026-01-07T18:47:00Z,3.00,1.00,2.00,2.00,5.00,28.25,45.09,30.00
2026-01-07T18:50:00Z,4.00,1.00,2.00,2.00,5.00,28.25,45.09,30.00
2026-01-07T18:51:00Z,4.00,1.00,4.00,2.00,5.00,28.25,45.00,30.00
2026-01-07T18:52:00Z,4.00,2.00,4.00,4.86,5.00,28.25,45.00,30.00
2026-01-07T18:55:00Z,4.00,2.00,4.00,4.86,5.00,28.25,43.00,30.00
2026-01-07T18:56:00Z,4.00,2.00,4.00,4.86,5.00,28.25,43.00,30.00
2026-01-07T18:59:00Z,4.00,2.00,4.00,4.86,5.00,28.25,43.00,31.00
2026-01-07T19:04:00Z,4.00,2.00,4.00,4.86,5.00,28.25,41.76,31.00
2026-01-07T19:06:00Z,4.00,2.00,4.00,4.86,3.37,28.25,41.12,31.00
2026-01-07T19:11:00Z,4.00,2.00,4.00,4.86,3.37,28.25,41.12,26.65
2026-01-07T19:14:00Z,4.00,2.00,4.00,4.86,3.37,28.25,43.00,26.65
2026-01-07T19:15:00Z,4.96,2.00,4.00,4.00,3.37,29.90,43.00,26.65
2026-01-07T19:16:00Z,4.96,2.00,4.00,4.00,3.37,29.90,42.00,26.65
2026-01-07T19:19:00Z,5.00,2.00,4.00,4.00,3.37,29.90,42.00,26.65
2026-01-07T19:23:00Z,5.00,2.00,4.00,4.00,3.37,29.90,42.00,26.65
2026-01-07T19:26:00Z,5.00,2.00,4.00,4.00,3.37,29.90,44.00,26.65
2026-01-07T19:28:00Z,5.00,2.00,4.00,4.00,3.37,29.90,44.00,26.65
2026-01-07T19:30:00Z,5.00,2.00,4.00,4.00,10.42,29.90,44.00,28.00
2026-01-07T19:31:00Z,5.00,2.00,4.00,4.00,10.42,29.90,44.00,28.32
2026-01-07T19:34:00Z,5.11,2.00,4.00,4.00,10.42,29.90,41.00,28.32
2026-01-07T19:36:00Z,6.00,2.00,4.00,4.00,10.42,29.90,41.00,28.32
2026-01-07T19:38:00Z,6.00,2.00,4.00,4.00,10.42,29.90,45.00,28.32
2026-01-07T19:40:00Z,6.00,2.00,4.00,4.85,12.00,29.90,45.00,28.32
2026-01-07T19:41:00Z,6.00,2.00,4.00,4.85,12.00,29.90,45.00,28.32
2026-01-07T19:42:00Z,6.00,2.00,4.00,4.85,12.00,29.90,45.00,28.32
2026-01-07T19:48:00Z,5.00,1.00,1.12,3.00,8.00,24.00,40.00,29.00
2026-01-07T19:50:00Z,5.00,2.00,4.00,3.00,8.00,24.00,40.00,29.00
2026-01-07T19:51:00Z,5.00,2.00,4.00,5.00,8.00,24.00,40.00,29.00
2026-01-07T19:54:00Z,5.76,1.00,1.06,1.32,6.45,25.57,40.82,29.00
2026-01-07T19:56:00Z,5.00,1.00,2.00,3.00,6.00,24.00,41.90,28.00
2026-01-07T19:57:00Z,5.00,1.00,2.00,3.00,6.00,24.00,41.90,28.00
2026-01-07T19:58:00Z,5.00,2.00,2.00,3.00,6.00,24.00,41.90,28.00
2026-01-07T20:00:00Z,5.00,2.00,2.00,1.09,6.00,24.00,41.90,28.00
2026-01-07T20:01:00Z,6.42,2.00,2.00,1.09,6.00,24.00,41.90,28.00
2026-01-07T20:02:00Z,7.00,2.00,2.00,1.09,6.00,24.00,41.90,28.00
2026-01-07T20:04:00Z,7.00,2.00,2.00,1.09,6.00,24.00,42.00,30.00
2026-01-07T20:05:00Z,6.99,2.00,2.00,1.09,6.00,24.00,39.61,29.97
2026-01-07T20:07:00Z,6.99,2.00,2.00,1.09,6.00,22.00,39.61,29.00
2026-01-07T20:08:00Z,7.48,2.00,2.00,1.09,6.00,24.00,39.61,29.00
2026-01-07T20:12:00Z,7.48,2.00,2.00,1.09,6.00,24.00,39.61,29.00
2026-01-07T20:15:00Z,7.00,2.00,2.00,1.09,6.00,24.00,40.00,32.00
2026-01-07T20:18:00Z,7.86,2.00,2.00,1.09,6.00,24.00,40.00,32.00
2026-01-07T20:21:00Z,7.86,2.00,2.00,1.01,6.00,7.83,40.00,37.89
2026-01-07T20:22:00Z,4.17,2.00,2.00,1.01,2.21,8.00,40.00,37.89
2026-01-07T20:23:00Z,3.00,1.00,2.00,1.01,2.21,8.00,40.00,37.89
2026-01-07T20:24:00Z,3.00,1.00,2.00,1.01,2.02,8.00,40.00,37.89
2026-01-07T20:25:00Z,2.03,1.00,2.00,1.01,2.02,14.00,40.00,37.89
2026-01-07T20:26:00Z,2.03,1.00,2.00,1.01,2.02,9.85,40.00,37.89
2026-01-07T20:27:00Z,2.04,1.00,2.00,1.01,2.02,9.85,40.00,37.89
2026-01-07T20:28:00Z,2.04,1.00,2.00,1.01,2.02,9.85,40.00,37.89
2026-01-07T20:31:00Z,2.04,1.00,2.00,1.01,1.96,8.43,39.31,37.89
2026-01-07T20:33:00Z,2.04,1.00,2.00,1.01,1.96,6.20,41.18,42.00
2026-01-07T20:34:00Z,2.04,1.00,2.00,1.01,1.96,6.00,41.18,42.00
2026-01-07T20:35:00Z,2.04,1.00,1.00,1.01,1.96,6.00,41.18,42.00
2026-01-07T20:37:00Z,2.04,1.00,1.00,1.01,1.96,8.00,40.44,42.00
2026-01-07T20:38:00Z,3.00,1.00,1.00,1.01,1.96,8.00,40.44,62.79
2026-01-07T20:39:00Z,3.00,1.00,1.00,1.01,1.96,8.00,45.00,62.79
2026-01-07T20:40:00Z,2.00,1.00,1.00,2.00,2.00,6.00,38.00,44.73
2026-01-07T20:41:00Z,3.00,1.00,1.00,3.00,3.75,6.00,42.00,55.06
2026-01-07T20:42:00Z,3.00,1.00,2.00,3.00,3.75,6.00,42.00,55.06
2026-01-07T20:43:00Z,2.00,1.00,2.00,2.00,2.00,6.00,37.00,68.70
2026-01-07T20:45:00Z,1.94,1.00,2.00,2.00,2.00,6.00,37.00,68.70
2026-01-07T20:46:00Z,1.94,1.00,2.00,3.00,2.00,6.00,37.00,68.70
2026-01-07T20:47:00Z,1.94,1.00,2.00,3.00,2.00,7.00,37.00,68.70
2026-01-07T20:48:00Z,2.00,1.00,2.00,2.00,3.22,5.00,37.00,59.00
2026-01-07T20:49:00Z,3.00,1.00,2.00,2.00,3.22,5.00,37.00,59.00
2026-01-07T20:51:00Z,2.00,1.00,2.00,1.00,2.00,6.00,37.05,57.00
2026-01-07T20:52:00Z,2.00,1.00,2.00,1.00,2.00,6.00,37.00,55.46
2026-01-07T20:53:00Z,2.00,1.00,2.00,1.00,2.00,6.00,35.87,57.05
2026-01-07T20:56:00Z,3.00,1.00,2.00,1.00,2.00,6.00,35.87,57.05
2026-01-07T20:57:00Z,1.13,1.00,2.00,1.00,2.00,6.00,31.00,65.00
2026-01-07T20:59:00Z,2.96,1.00,2.00,1.00,2.00,6.00,31.00,65.00
2026-01-07T21:01:00Z,2.96,1.00,2.00,1.00,2.00,6.00,38.00,65.00
2026-01-07T21:02:00Z,3.65,1.00,2.00,1.00,2.00,6.00,38.00,65.00
2026-01-07T21:03:00Z,2.00,1.00,2.00,1.00,1.14,5.14,36.00,62.00
2026-01-07T21:06:00Z,2.00,1.00,2.00,1.00,1.00,5.06,35.53,62.00
2026-01-07T21:07:00Z,2.00,1.00,2.00,1.00,1.00,7.95,35.00,62.00
2026-01-07T21:08:00Z,2.00,1.00,2.00,1.00,1.00,5.20,35.00,62.00
2026-01-07T21:09:00Z,2.00,1.00,2.00,1.00,1.00,7.79,35.00,62.00
2026-01-07T21:12:00Z,2.00,1.00,2.00,1.00,1.00,8.94,35.00,62.00
2026-01-07T21:13:00Z,2.00,1.00,2.00,1.00,1.00,7.00,36.00,58.00
2026-01-07T21:14:00Z,2.00,1.00,2.00,1.00,1.00,10.95,36.00,58.00
2026-01-07T21:15:00Z,2.00,1.00,2.00,1.00,1.00,6.00,35.00,65.00
2026-01-07T21:18:00Z,2.00,1.00,2.00,1.00,1.00,6.91,38.00,58.00
2026-01-07T21:19:00Z,3.13,1.00,2.00,1.00,1.00,6.00,39.00,58.00
2026-01-07T21:20:00Z,3.13,1.00,2.00,1.00,1.00,9.74,39.00,58.00
2026-01-07T21:23:00Z,3.13,1.00,2.00,1.00,1.00,9.74,39.00,67.00
2026-01-07T21:24:00Z,4.00,1.00,2.00,2.00,1.00,9.74,39.00,67.00
2026-01-07T21:26:00Z,2.28,1.00,2.00,2.18,1.00,6.00,35.14,66.00
2026-01-07T21:31:00Z,2.09,1.00,2.00,1.00,1.00,6.00,35.00,66.72
2026-01-07T21:32:00Z,4.00,1.00,2.00,1.00,1.00,6.00,35.00,66.72
2026-01-07T21:34:00Z,4.00,1.00,2.00,1.00,1.00,6.00,35.00,59.00
2026-01-07T21:36:00Z,4.00,1.00,2.00,1.00,1.00,6.00,37.00,59.00
2026-01-07T21:37:00Z,2.00,1.00,2.00,1.00,1.00,6.00,35.00,60.00
2026-01-07T21:39:00Z,2.00,1.00,2.00,1.00,1.00,6.00,35.00,60.00
2026-01-07T21:40:00Z,3.00,1.00,2.00,1.00,1.00,7.00,35.00,63.00
2026-01-07T21:41:00Z,2.00,1.00,2.00,1.00,1.00,10.26,35.00,60.00
2026-01-07T21:46:00Z,2.00,1.00,2.00,1.00,1.00,6.00,37.00,59.25
2026-01-07T21:47:00Z,1.00,1.00,2.00,1.00,1.00,6.00,37.00,59.25
2026-01-07T21:48:00Z,1.00,1.00,2.00,1.00,1.00,6.00,35.59,59.25
2026-01-07T21:49:00Z,2.00,1.00,2.00,1.00,1.00,7.00,34.00,57.55
2026-01-07T21:50:00Z,2.00,1.00,2.00,1.00,1.00,7.00,34.00,57.55
2026-01-07T21:51:00Z,2.00,1.00,2.00,2.93,1.00,7.00,34.00,57.55
2026-01-07T21:52:00Z,2.00,1.00,2.00,2.93,3.00,9.64,34.00,57.55
2026-01-07T22:00:00Z,2.00,1.00,2.00,2.93,3.00,10.00,32.27,57.55
2026-01-07T22:05:00Z,2.00,1.00,2.00,2.93,2.00,7.00,29.00,65.00
2026-01-07T22:08:00Z,3.68,1.00,2.00,2.93,2.00,7.00,29.00,65.00
2026-01-07T22:10:00Z,3.68,1.00,2.00,2.93,2.00,7.00,36.00,65.00
2026-01-07T22:11:00Z,3.68,1.00,2.00,2.93,2.00,7.00,37.16,65.00
2026-01-07T22:16:00Z,4.00,1.00,2.00,2.93,2.00,7.00,37.16,65.00
2026-01-07T22:18:00Z,4.00,1.00,2.00,2.93,2.00,7.00,38.00,65.00
2026-01-07T22:21:00Z,2.00,1.00,2.00,2.93,2.00,6.00,44.00,50.00
2026-01-07T22:23:00Z,2.00,1.51,2.00,2.93,3.00,6.00,44.00,50.00
2026-01-07T22:25:00Z,2.00,1.51,2.00,2.93,3.00,6.00,44.00,51.56
2026-01-07T22:26:00Z,2.00,1.51,2.00,2.93,3.00,6.00,42.00,51.56
2026-01-07T22:35:00Z,2.00,1.51,2.00,2.93,3.00,6.00,42.00,39.77
2026-01-07T22:36:00Z,1.42,1.51,2.00,2.93,1.57,6.00,36.00,65.00
2026-01-07T22:41:00Z,1.42,2.34,2.00,2.93,1.57,6.00,36.00,65.00
2026-01-07T22:42:00Z,1.42,2.34,2.00,2.93,1.57,10.00,36.00,65.00
2026-01-07T22:43:00Z,1.42,2.34,2.00,2.93,1.57,10.00,36.00,48.20
2026-01-07T22:47:00Z,1.42,2.34,2.00,2.93,1.57,10.00,36.00,48.20
2026-01-07T22:48:00Z,1.42,2.34,2.00,2.93,1.57,6.00,35.00,63.00
2026-01-07T22:51:00Z,3.94,2.34,2.00,2.93,1.57,6.00,35.00,63.00
2026-01-07T22:52:00Z,3.94,2.34,2.00,2.93,1.57,6.00,35.00,65.35
2026-01-07T22:53:00Z,3.94,2.34,2.00,2.93,1.57,10.00,35.00,65.35
2026-01-07T22:58:00Z,3.94,2.34,2.00,2.93,1.57,10.00,40.00,47.60
2026-01-07T23:01:00Z,3.94,2.34,2.00,2.93,1.57,10.00,40.00,63.28
2026-01-07T23:04:00Z,3.94,2.34,2.00,2.93,1.57,10.00,43.85,66.00
2026-01-07T23:05:00Z,3.94,2.34,2.00,2.93,1.57,10.00,43.85,66.73
2026-01-07T23:06:00Z,4.00,2.34,2.06,2.00,3.00,10.00,43.85,66.73
2026-01-07T23:08:00Z,4.00,2.34,2.06,2.00,3.00,10.00,43.85,66.73
2026-01-07T23:09:00Z,2.00,2.34,2.06,2.00,1.40,9.61,39.00,57.60
2026-01-07T23:11:00Z,4.00,2.34,2.06,2.00,1.40,9.61,39.00,57.60
2026-01-07T23:12:00Z,4.00,2.34,2.06,2.00,1.40,9.61,40.45,57.60
2026-01-07T23:15:00Z,4.00,2.34,2.06,2.00,1.40,9.61,40.45,60.00
2026-01-07T23:16:00Z,2.00,2.34,2.06,2.00,1.25,6.00,38.00,59.75
2026-01-07T23:17:00Z,2.00,2.34,2.06,2.00,1.25,6.00,35.82,59.75
2026-01-07T23:18:00Z,4.26,2.34,2.06,2.00,1.25,6.00,37.78,59.75
2026-01-07T23:22:00Z,4.26,2.34,2.06,2.00,1.25,6.00,38.00,59.75
2026-01-07T23:24:00Z,4.26,2.34,2.06,2.00,1.25,6.00,38.00,60.00
2026-01-07T23:25:00Z,4.94,2.34,2.06,2.00,1.25,6.00,38.00,60.00
2026-01-07T23:29:00Z,4.94,2.34,2.06,2.00,3.00,10.00,36.18,60.00
2026-01-07T23:30:00Z,4.94,2.34,2.06,2.00,3.00,10.00,36.00,60.00
2026-01-07T23:31:00Z,4.00,2.34,2.06,2.00,3.00,10.00,36.00,60.00
2026-01-07T23:35:00Z,4.00,2.34,2.06,2.00,3.00,10.00,36.00,50.43
2026-01-07T23:36:00Z,4.00,2.34,2.06,2.00,3.00,10.00,36.00,58.00
2026-01-07T23:39:00Z,4.00,2.34,2.06,2.00,3.00,10.00,36.00,58.00
2026-01-07T23:41:00Z,4.00,2.34,2.06,2.00,3.00,10.00,36.00,58.00
2026-01-07T23:42:00Z,4.00,2.34,2.06,2.00,3.00,10.00,36.00,58.00
2026-01-07T23:43:00Z,4.00,2.34,2.06,2.00,3.00,10.00,36.00,51.76
2026-01-07T23:46:00Z,4.00,2.34,2.06,2.00,3.00,10.00,36.00,51.76
2026-01-07T23:51:00Z,4.00,2.34,2.06,2.00,3.00,13.52,36.00,51.76
2026-01-07T23:52:00Z,4.00,2.34,2.06,2.00,3.54,13.52,36.00,51.76
2026-01-07T23:53:00Z,4.00,2.34,2.06,2.00,4.91,13.52,34.00,51.76
2026-01-07T23:54:00Z,4.00,2.34,2.06,2.00,4.91,13.52,34.00,51.76
2026-01-07T23:56:00Z,4.00,3.00,2.06,2.00,4.91,13.52,34.00,51.76
2026-01-07T23:57:00Z,4.00,3.00,3.00,2.00,4.00,13.52,34.00,52.22
2026-01-08T00:00:00Z,4.00,3.00,3.00,2.00,4.00,13.52,34.00,44.94
2026-01-08T00:01:00Z,4.00,3.00,3.00,2.00,4.00,13.52,34.00,45.00
2026-01-08T00:05:00Z,4.00,3.00,3.00,2.00,4.00,17.31,34.00,45.00
2026-01-08T00:07:00Z,4.00,3.00,3.00,2.69,4.00,17.03,34.00,45.00
2026-01-08T00:08:00Z,4.00,3.00,3.00,3.00,4.38,17.03,34.00,45.00
2026-01-08T00:09:00Z,4.00,3.00,3.00,3.00,4.38,17.03,34.00,50.00
2026-01-08T00:10:00Z,4.00,3.00,3.00,3.00,4.38,17.03,30.00,50.00
2026-01-08T00:14:00Z,4.00,3.00,3.00,3.00,4.38,17.03,30.00,52.33
2026-01-08T00:17:00Z,4.00,3.00,3.00,3.00,5.41,17.03,30.00,52.33
2026-01-08T00:18:00Z,4.00,3.00,3.00,3.00,5.41,18.11,30.00,52.33
2026-01-08T00:21:00Z,4.00,3.00,3.00,3.00,5.41,18.11,30.00,41.35
2026-01-08T00:23:00Z,4.00,3.00,3.00,3.00,5.41,18.11,29.00,41.35
2026-01-08T00:24:00Z,4.00,3.00,3.00,3.00,5.41,18.11,29.00,48.00
2026-01-08T00:25:00Z,4.00,3.00,3.00,3.00,5.41,18.11,29.00,48.55
2026-01-08T00:29:00Z,4.00,3.00,3.00,3.00,5.41,18.11,29.00,51.81
2026-01-08T00:31:00Z,4.00,3.00,3.00,3.00,5.41,18.11,30.46,51.81
2026-01-08T00:36:00Z,4.00,3.00,3.00,3.00,5.98,18.11,30.46,51.81
2026-01-08T00:37:00Z,4.00,3.00,3.00,3.00,5.98,18.11,29.00,51.81
2026-01-08T00:38:00Z,4.00,3.00,3.00,3.00,5.98,18.11,24.32,44.93
2026-01-08T00:44:00Z,4.00,3.00,3.00,3.00,5.98,18.11,28.06,44.93
2026-01-08T00:45:00Z,4.00,3.00,2.98,3.00,5.98,18.11,28.06,44.93
2026-01-08T00:46:00Z,4.30,3.00,2.98,3.00,8.22,18.11,28.06,44.93
2026-01-08T00:48:00Z,4.30,3.00,2.98,3.00,8.22,18.49,28.06,44.93
2026-01-08T00:49:00Z,4.30,3.00,2.98,3.00,14.00,18.49,28.06,44.93
2026-01-08T00:50:00Z,5.00,3.00,2.98,3.00,14.00,18.49,28.06,44.93
2026-01-08T00:52:00Z,5.00,3.00,2.98,3.00,14.00,18.49,29.00,44.93
2026-01-08T00:55:00Z,5.00,3.00,2.98,3.00,10.61,18.49,29.00,44.93
2026-01-08T00:56:00Z,2.00,3.00,1.00,1.00,4.66,26.00,26.00,47.33
2026-01-08T00:59:00Z,2.00,3.00,1.00,1.00,4.66,26.00,26.00,47.33
2026-01-08T01:00:00Z,5.00,3.00,1.00,1.00,4.66,26.00,26.00,47.33
2026-01-08T01:01:00Z,5.00,3.00,1.00,1.00,4.66,26.00,26.00,51.00
2026-01-08T01:03:00Z,5.00,3.00,1.00,1.00,4.66,26.00,26.00,45.00
2026-01-08T01:04:00Z,5.00,3.00,2.98,1.00,4.66,26.00,29.00,45.00
2026-01-08T01:06:00Z,5.00,3.00,2.98,1.00,4.66,26.00,29.00,51.00
2026-01-08T01:11:00Z,5.00,3.00,2.98,1.00,4.66,26.00,26.34,51.00
2026-01-08T01:12:00Z,5.00,3.00,2.98,1.00,4.00,26.00,26.34,51.00
2026-01-08T01:19:00Z,5.00,3.00,2.98,1.00,4.00,26.00,29.00,51.00
2026-01-08T01:22:00Z,5.00,3.00,2.98,1.00,4.00,26.00,29.00,51.00
2026-01-08T01:23:00Z,5.00,3.00,2.98,1.00,4.00,26.00,29.00,51.00
2026-01-08T01:26:00Z,5.00,3.00,2.98,3.00,4.00,26.00,29.00,51.00
2026-01-08T01:29:00Z,5.00,3.00,2.98,3.00,4.00,26.00,29.00,51.00
2026-01-08T01:34:00Z,5.00,3.00,2.98,3.00,15.03,26.00,29.00,51.00
2026-01-08T01:35:00Z,4.82,3.00,2.98,3.00,15.03,26.00,29.00,42.43
2026-01-08T01:39:00Z,4.82,3.00,2.98,3.00,15.79,26.00,28.13,50.20
2026-01-08T01:40:00Z,5.00,3.00,2.98,3.00,15.79,19.00,29.00,50.20
2026-01-08T01:45:00Z,5.00,3.00,2.98,3.00,15.79,19.00,29.00,50.20
2026-01-08T01:50:00Z,5.00,3.00,2.98,3.00,15.79,19.00,29.00,51.86
2026-01-08T01:51:00Z,5.00,3.00,2.98,3.00,15.79,19.00,29.00,51.86
2026-01-08T01:52:00Z,5.00,3.00,3.00,3.00,15.79,19.00,29.00,51.86
2026-01-08T01:53:00Z,5.00,3.00,3.00,3.00,15.79,19.00,29.00,53.77
2026-01-08T01:54:00Z,5.00,3.00,3.00,3.00,15.79,19.00,29.00,53.97
2026-01-08T01:56:00Z,5.00,3.00,3.00,3.00,15.79,19.00,28.00,53.97
2026-01-08T01:58:00Z,5.00,3.00,3.00,3.00,15.79,19.00,28.72,53.97
2026-01-08T02:00:00Z,5.00,3.00,3.00,3.00,15.79,19.00,28.72,53.80
2026-01-08T02:02:00Z,5.00,3.00,3.00,3.00,15.79,19.00,30.00,54.75
2026-01-08T02:05:00Z,5.00,3.00,3.00,3.00,17.00,19.00,30.00,54.75
2026-01-08T02:06:00Z,5.00,3.00,3.00,3.00,19.00,19.00,30.00,62.86
2026-01-08T02:07:00Z,5.00,3.00,3.00,3.00,19.00,19.00,30.00,54.94
2026-01-08T02:09:00Z,5.00,3.00,3.00,3.00,19.00,19.00,30.00,54.94
2026-01-08T02:11:00Z,5.00,3.00,3.00,3.00,19.00,19.00,30.00,42.91
2026-01-08T02:14:00Z,5.00,3.00,3.00,3.00,19.00,19.00,30.00,42.91
2026-01-08T02:16:00Z,5.00,3.00,3.00,3.00,19.00,19.00,30.00,40.08
2026-01-08T02:17:00Z,5.00,3.00,3.00,3.00,19.00,11.00,30.00,40.08
2026-01-08T02:22:00Z,5.00,3.00,3.00,3.00,17.00,11.00,30.00,40.08
2026-01-08T02:24:00Z,5.00,3.00,1.00,3.00,17.00,11.00,30.00,40.08
2026-01-08T02:25:00Z,5.00,3.00,1.00,3.00,17.00,11.00,30.00,40.08
2026-01-08T02:28:00Z,5.00,3.00,1.00,1.00,18.92,11.00,30.00,40.08
2026-01-08T02:29:00Z,5.00,3.00,1.00,1.00,18.92,11.00,30.00,40.62
2026-01-08T02:33:00Z,5.00,3.00,1.00,1.00,18.92,11.00,30.00,40.62
2026-01-08T02:34:00Z,5.00,3.00,2.01,1.00,18.92,11.00,30.00,40.62
2026-01-08T02:39:00Z,4.00,3.00,2.01,1.00,18.92,11.00,30.00,40.62
2026-01-08T02:40:00Z,4.92,3.00,2.01,1.00,18.92,11.00,30.00,40.62
2026-01-08T02:41:00Z,4.92,3.00,2.01,1.00,18.92,11.00,30.00,41.41
2026-01-08T02:44:00Z,5.00,3.00,2.01,1.00,18.92,11.00,30.00,41.41
2026-01-08T02:45:00Z,5.00,3.00,2.01,3.00,18.92,18.00,30.00,49.84
2026-01-08T02:46:00Z,5.00,3.00,2.01,3.00,18.92,18.00,30.00,49.84
2026-01-08T02:47:00Z,5.00,3.00,2.01,3.00,18.92,18.00,30.00,49.00
2026-01-08T02:52:00Z,5.00,3.00,2.01,3.00,18.92,18.00,30.00,49.00
2026-01-08T02:53:00Z,5.00,3.00,2.01,3.00,18.92,18.00,30.00,49.00
2026-01-08T02:54:00Z,5.00,3.00,2.01,3.00,18.92,18.00,30.00,49.00
2026-01-08T02:55:00Z,5.00,3.00,2.01,3.00,18.92,18.00,30.00,39.61
2026-01-08T03:00:00Z,5.00,3.00,2.01,3.00,18.92,18.00,30.00,32.20
2026-01-08T03:05:00Z,5.00,3.00,2.01,3.00,18.92,18.00,30.00,48.79
2026-01-08T03:07:00Z,5.00,3.00,2.01,3.00,18.92,18.00,30.00,48.79
2026-01-08T03:10:00Z,5.00,3.00,2.01,3.00,18.92,18.00,30.00,42.00
2026-01-08T03:11:00Z,5.00,3.00,2.01,3.00,18.92,18.00,38.34,42.00
2026-01-08T03:12:00Z,5.00,3.00,2.01,3.00,18.92,18.00,38.34,43.31
2026-01-08T03:13:00Z,5.00,3.00,2.01,3.00,18.92,18.00,34.00,50.00
2026-01-08T03:17:00Z,5.00,3.00,2.01,3.00,18.92,18.00,34.00,40.43
2026-01-08T03:21:00Z,5.00,3.00,2.01,3.00,18.92,18.00,30.00,40.43
2026-01-08T03:22:00Z,4.83,4.84,2.01,3.00,18.92,18.00,30.00,49.00
2026-01-08T03:23:00Z,1.25,1.00,2.01,3.00,18.92,18.00,30.00,49.00
2026-01-08T03:24:00Z,2.91,1.00,2.01,3.00,18.92,18.00,30.00,49.00
2026-01-08T03:25:00Z,2.91,1.00,2.01,2.47,18.92,18.00,30.00,49.00
2026-01-08T03:27:00Z,4.00,1.00,2.01,2.47,18.92,18.00,30.00,49.00
2026-01-08T03:28:00Z,4.98,1.00,2.01,2.47,18.92,18.00,30.78,49.00
2026-01-08T03:30:00Z,5.05,1.00,2.01,2.47,18.92,18.00,30.78,49.00
2026-01-08T03:32:00Z,5.94,1.00,2.01,2.47,18.92,18.00,30.78,49.00
2026-01-08T03:35:00Z,5.29,1.00,2.01,2.47,18.92,18.00,30.78,49.00
2026-01-08T03:38:00Z,5.29,1.00,2.01,2.47,15.00,18.00,30.78,49.00
2026-01-08T03:39:00Z,6.00,1.00,2.01,2.00,15.00,18.00,36.00,49.00
2026-01-08T03:40:00Z,6.00,1.00,2.66,2.00,15.00,18.00,36.00,49.00
2026-01-08T03:44:00Z,6.00,1.00,2.66,2.00,15.00,18.00,36.00,45.00
2026-01-08T03:46:00Z,6.00,1.00,2.66,2.00,15.00,18.00,36.00,38.00
2026-01-08T03:47:00Z,6.00,1.00,2.66,2.00,15.00,22.94,36.00,38.00
2026-01-08T03:49:00Z,6.00,4.00,2.66,2.00,15.00,22.94,36.00,32.00
2026-01-08T03:51:00Z,5.00,4.00,2.66,2.00,15.00,22.94,36.00,32.00
2026-01-08T03:52:00Z,5.00,4.00,2.66,2.00,15.00,22.94,36.00,32.00
2026-01-08T03:53:00Z,5.00,4.00,2.66,2.00,15.00,22.94,36.00,31.33
2026-01-08T03:56:00Z,5.00,4.00,2.66,2.00,15.00,22.94,36.00,31.33
2026-01-08T03:58:00Z,5.00,4.00,2.66,2.00,15.00,22.94,40.00,31.33
2026-01-08T03:59:00Z,5.00,4.00,3.02,2.52,15.00,22.94,40.00,31.33
2026-01-08T04:00:00Z,5.00,4.00,3.02,3.30,15.00,22.94,40.00,31.33
2026-01-08T04:01:00Z,5.00,4.00,3.02,3.30,14.00,22.94,40.00,31.33
2026-01-08T04:02:00Z,5.00,4.00,4.00,4.00,14.00,22.94,40.00,31.33
2026-01-08T04:05:00Z,4.91,4.00,4.00,4.00,21.78,23.75,38.00,39.00
2026-01-08T04:06:00Z,3.00,4.00,4.00,4.00,21.00,16.00,34.00,35.00
2026-01-08T04:07:00Z,3.00,4.00,4.00,4.00,21.00,22.50,34.00,35.00
2026-01-08T04:09:00Z,3.00,4.00,4.00,4.00,21.00,22.50,34.00,33.85
2026-01-08T04:10:00Z,5.00,4.00,4.00,4.00,21.00,22.50,34.00,33.85
2026-01-08T04:14:00Z,5.00,4.00,4.00,4.00,21.00,22.50,34.00,33.85
2026-01-08T04:15:00Z,4.00,4.00,4.00,4.00,21.00,22.50,34.00,33.85
2026-01-08T04:18:00Z,4.00,4.00,4.00,4.00,21.00,22.50,34.00,33.78
2026-01-08T04:20:00Z,4.00,4.00,4.00,4.00,21.00,12.00,34.00,33.78
2026-01-08T04:21:00Z,4.00,4.00,4.00,4.00,21.00,12.00,34.00,33.78
2026-01-08T04:23:00Z,4.00,4.00,4.00,4.00,14.62,12.00,34.00,30.28
2026-01-08T04:25:00Z,4.00,4.00,4.00,4.00,14.62,12.00,34.00,31.00
2026-01-08T04:29:00Z,4.00,4.00,4.00,4.00,14.62,25.66,36.00,33.00
2026-01-08T04:34:00Z,4.00,4.00,4.00,4.00,14.62,28.00,36.00,33.00
2026-01-08T04:37:00Z,4.00,4.00,4.00,4.00,14.62,28.00,36.00,33.00
2026-01-08T04:39:00Z,4.00,4.00,4.00,4.00,9.00,28.00,36.00,33.00
2026-01-08T04:40:00Z,4.55,4.00,4.00,4.00,9.00,28.00,45.75,33.00
2026-01-08T04:42:00Z,4.00,4.00,4.00,4.00,9.00,28.00,45.75,30.10
2026-01-08T04:46:00Z,5.00,4.00,4.00,4.00,9.00,28.00,45.75,30.10
2026-01-08T04:48:00Z,4.00,4.00,4.00,4.00,9.00,15.36,45.75,30.10
2026-01-08T04:50:00Z,4.00,4.00,4.00,4.00,14.84,15.36,45.75,31.00
2026-01-08T04:51:00Z,4.00,4.00,4.00,4.00,14.84,15.36,43.75,31.00
2026-01-08T04:53:00Z,4.00,4.00,4.00,3.00,14.84,15.36,43.75,31.00
2026-01-08T04:54:00Z,5.00,4.00,4.00,3.00,14.84,15.36,43.75,31.00
2026-01-08T04:57:00Z,5.00,4.00,4.00,3.00,14.84,15.36,43.75,31.00
2026-01-08T04:58:00Z,5.00,4.00,4.00,3.00,14.84,15.36,43.75,30.00
2026-01-08T05:00:00Z,5.00,4.00,4.00,3.00,14.84,15.36,43.75,30.00
2026-01-08T05:01:00Z,3.12,4.00,4.00,3.00,14.84,15.36,43.75,30.00
2026-01-08T05:05:00Z,3.12,4.00,4.00,3.00,14.84,15.36,43.75,31.00
2026-01-08T05:06:00Z,3.12,4.00,4.00,3.00,14.84,15.36,43.75,32.07
2026-01-08T05:07:00Z,3.12,4.00,4.00,3.00,14.84,15.36,41.00,32.07
2026-01-08T05:10:00Z,3.12,4.00,4.00,3.63,14.84,15.36,41.00,33.00
2026-01-08T05:14:00Z,3.12,4.00,4.00,3.63,14.84,15.36,41.00,33.00
2026-01-08T05:17:00Z,5.00,4.00,4.00,3.63,14.84,15.36,41.00,33.00
2026-01-08T05:22:00Z,5.00,4.00,4.00,3.63,14.84,15.36,41.00,33.00
2026-01-08T05:23:00Z,5.00,4.00,4.00,3.63,14.84,15.36,38.00,33.00
2026-01-08T05:26:00Z,5.00,4.00,4.00,3.63,14.84,15.36,38.00,33.87
2026-01-08T05:27:00Z,5.00,4.00,4.00,3.63,14.84,15.36,40.00,33.87
2026-01-08T05:33:00Z,5.00,4.00,4.00,3.63,14.84,15.36,40.00,33.87
2026-01-08T05:34:00Z,5.00,4.00,4.00,3.63,14.84,15.36,40.00,33.87
2026-01-08T05:38:00Z,5.00,4.00,4.00,3.63,14.84,20.00,40.00,33.87
2026-01-08T05:39:00Z,5.00,4.45,4.00,3.63,14.84,20.00,40.00,33.87
2026-01-08T05:44:00Z,5.00,5.00,4.00,4.00,14.84,20.00,40.00,33.87
2026-01-08T05:45:00Z,5.00,5.00,4.00,4.00,15.00,18.00,40.00,33.87
2026-01-08T05:47:00Z,5.00,5.00,4.00,4.00,15.00,18.00,40.00,33.87
2026-01-08T05:49:00Z,5.00,5.00,4.00,4.00,15.00,18.00,35.00,33.87
2026-01-08T05:52:00Z,4.00,5.00,4.00,4.00,15.00,18.00,35.00,33.87
2026-01-08T05:53:00Z,4.00,5.00,4.00,4.00,15.00,18.00,35.00,33.87
2026-01-08T05:54:00Z,4.00,5.00,4.00,4.00,15.00,18.00,35.00,33.87
2026-01-08T05:57:00Z,4.00,5.00,4.00,4.00,15.00,18.00,35.00,32.00
2026-01-08T05:59:00Z,4.00,5.00,4.00,4.00,15.00,18.91,35.00,32.00
2026-01-08T06:00:00Z,4.00,5.00,4.00,4.00,15.00,18.91,35.00,32.00
2026-01-08T06:01:00Z,4.30,5.00,4.00,4.00,15.00,18.91,35.00,32.00
2026-01-08T06:03:00Z,5.00,5.00,4.00,4.00,15.00,18.91,35.00,32.00
2026-01-08T06:05:00Z,5.00,5.00,4.00,4.00,15.00,18.91,35.00,30.34
2026-01-08T06:06:00Z,5.00,5.00,4.00,4.00,15.00,18.91,35.00,30.34
2026-01-08T06:08:00Z,5.00,5.00,4.00,4.00,15.00,18.91,35.00,30.34
2026-01-08T06:09:00Z,5.00,5.00,4.00,4.00,15.00,19.00,35.00,30.34
2026-01-08T06:14:00Z,5.00,5.00,4.00,4.00,15.00,19.00,35.00,31.00
2026-01-08T06:15:00Z,5.00,5.00,4.00,4.00,15.00,19.00,35.00,31.00
2026-01-08T06:21:00Z,5.00,5.00,4.00,4.00,15.00,19.00,35.00,32.00
2026-01-08T06:22:00Z,5.00,5.00,4.00,4.00,15.00,19.00,35.00,32.00
2026-01-08T06:29:00Z,5.00,5.00,4.00,4.00,15.00,19.00,35.00,32.00
2026-01-08T06:32:00Z,5.00,5.00,4.00,4.00,15.00,19.00,35.00,32.00
2026-01-08T06:36:00Z,5.00,5.00,4.00,4.00,15.00,19.00,35.00,32.00
2026-01-08T06:40:00Z,4.00,5.00,4.00,4.00,15.00,19.00,35.00,32.00
2026-01-08T06:41:00Z,4.00,5.00,4.00,4.00,15.00,19.00,35.00,32.00
2026-01-08T06:42:00Z,4.00,5.00,4.00,4.00,15.00,19.00,34.95,32.00
2026-01-08T06:44:00Z,4.00,5.00,4.00,4.00,15.00,19.00,35.00,32.00
2026-01-08T06:47:00Z,4.00,5.00,4.00,4.00,15.00,19.00,35.00,32.00
2026-01-08T06:48:00Z,5.00,5.00,4.00,4.00,15.00,19.00,35.00,32.00
2026-01-08T06:50:00Z,5.00,5.00,4.00,4.00,15.00,19.00,35.00,32.00
2026-01-08T06:53:00Z,5.00,5.00,4.00,4.00,15.00,19.00,35.00,32.00
2026-01-08T06:57:00Z,5.00,5.00,4.00,4.00,15.00,19.00,35.00,32.00
2026-01-08T07:03:00Z,5.00,5.00,4.00,4.00,15.00,19.00,35.00,30.00
2026-01-08T07:09:00Z,4.00,5.00,4.00,4.00,15.00,19.00,35.00,31.82
2026-01-08T07:12:00Z,4.00,5.00,4.00,4.00,15.00,19.00,35.00,31.48
2026-01-08T07:21:00Z,4.00,5.00,4.00,4.00,15.00,19.00,35.00,31.48
2026-01-08T07:36:00Z,4.00,5.00,4.00,4.00,15.00,19.00,35.00,31.48
2026-01-08T07:38:00Z,4.00,5.00,4.00,4.00,15.00,19.00,33.00,31.48
2026-01-08T07:41:00Z,4.00,5.00,4.00,4.00,15.00,19.00,35.00,31.48
2026-01-08T07:42:00Z,5.00,5.00,4.00,4.00,15.00,19.00,35.00,31.48
2026-01-08T07:43:00Z,5.00,5.00,4.00,4.00,14.50,19.00,35.00,31.48
2026-01-08T10:09:00Z,5.00,5.00,4.00,4.00,14.50,19.00,35.00,31.00
2026-01-08T10:31:00Z,5.00,5.00,4.00,4.00,14.50,19.00,35.00,30.00
2026-01-08T10:44:00Z,5.00,5.00,4.00,4.00,14.50,19.00,35.00,30.00
2026-01-08T10:48:00Z,5.00,5.00,4.00,4.00,14.50,19.00,35.00,30.00
2026-01-08T10:50:00Z,5.00,5.00,4.00,4.00,14.50,19.00,35.00,31.00
2026-01-08T10:57:00Z,5.00,5.00,4.00,4.00,14.50,19.00,35.00,31.00
2026-01-08T11:14:00Z,5.00,5.00,4.00,4.00,14.50,19.00,35.00,31.00
2026-01-08T11:15:00Z,5.00,5.00,4.00,4.00,14.50,19.00,35.60,31.00
2026-01-08T11:43:00Z,5.00,5.00,4.00,4.00,14.50,19.00,35.60,31.00
2026-01-08T12:04:00Z,5.00,5.00,4.00,4.00,14.50,19.00,35.60,30.00
2026-01-08T12:12:00Z,4.00,5.00,4.00,4.00,14.50,19.00,35.60,30.00
2026-01-08T12:13:00Z,4.00,5.00,4.00,4.00,14.50,19.00,35.60,30.00
2026-01-08T12:18:00Z,4.00,5.00,4.00,4.00,14.50,19.00,35.60,31.80
2026-01-08T12:34:00Z,4.00,3.90,4.00,4.00,14.50,19.00,35.60,31.80
2026-01-08T12:42:00Z,4.00,3.90,4.00,4.00,8.42,19.00,35.60,31.80
2026-01-08T12:43:00Z,4.00,3.90,3.00,4.00,8.42,19.00,35.60,31.80
2026-01-08T12:56:00Z,4.87,3.90,3.00,4.00,8.42,19.00,35.60,31.80
2026-01-08T13:01:00Z,5.00,3.90,3.00,4.00,8.42,19.00,35.60,31.80
2026-01-08T13:03:00Z,5.00,3.90,3.00,4.00,8.42,19.00,35.60,31.80
2026-01-08T13:04:00Z,5.00,4.00,3.00,4.00,8.42,19.00,40.00,28.53
2026-01-08T13:05:00Z,5.00,4.00,3.00,4.00,8.42,19.00,40.00,28.53
2026-01-08T13:07:00Z,5.00,4.00,3.00,4.00,8.42,19.00,40.00,28.53
2026-01-08T13:09:00Z,5.00,4.00,3.00,4.00,8.42,19.00,41.00,28.53
2026-01-08T13:16:00Z,5.00,4.00,3.00,4.00,8.42,19.00,41.00,32.00
2026-01-08T13:19:00Z,5.00,4.00,3.00,4.00,8.42,19.00,42.00,32.00
2026-01-08T13:23:00Z,5.00,4.00,3.00,4.00,8.42,19.00,42.00,32.00
2026-01-08T13:25:00Z,5.00,4.00,3.00,4.00,8.42,19.00,42.00,32.00
2026-01-08T13:34:00Z,5.00,4.00,3.00,4.00,8.42,19.00,42.00,32.00
2026-01-08T13:35:00Z,5.00,4.00,3.00,4.00,8.42,19.00,42.00,32.00
2026-01-08T13:42:00Z,5.00,4.00,3.00,4.00,8.42,19.00,42.00,32.00
2026-01-08T13:44:00Z,5.00,4.00,3.00,4.00,13.50,19.00,42.00,32.00
2026-01-08T13:50:00Z,5.00,4.00,3.00,4.00,13.50,19.00,42.00,32.00
2026-01-08T13:52:00Z,5.00,4.00,3.00,4.00,13.85,19.00,42.00,32.00
2026-01-08T13:54:00Z,5.31,4.00,3.00,4.00,13.85,19.00,42.00,30.00
2026-01-08T14:00:00Z,5.31,4.00,3.00,4.00,13.85,19.00,34.60,30.00
2026-01-08T14:10:00Z,5.31,4.00,3.00,4.00,13.85,19.00,34.60,30.00
2026-01-08T14:15:00Z,5.31,4.00,3.00,4.00,13.85,19.00,42.00,30.00
2026-01-08T14:27:00Z,4.98,4.00,3.00,4.00,13.85,19.00,42.00,30.00
2026-01-08T14:34:00Z,4.98,4.00,3.00,4.00,13.85,17.00,42.00,30.00
2026-01-08T14:39:00Z,4.98,2.00,3.00,4.00,13.85,17.00,42.00,30.00
2026-01-08T14:40:00Z,5.00,2.00,3.00,4.00,13.85,17.00,42.00,30.00
2026-01-08T14:42:00Z,5.00,2.00,3.00,4.00,13.85,17.00,40.71,30.00
2026-01-08T14:47:00Z,5.00,2.00,3.00,4.00,13.85,17.06,35.80,30.00
2026-01-08T14:48:00Z,5.00,2.00,2.00,4.00,13.85,17.06,35.80,30.32
2026-01-08T14:52:00Z,3.10,2.00,2.00,4.00,13.85,17.06,39.00,30.32
2026-01-08T14:53:00Z,3.10,2.00,2.00,4.00,13.85,15.05,39.00,30.32
2026-01-08T14:54:00Z,3.10,2.00,2.00,4.00,9.00,15.05,39.00,30.32
2026-01-08T14:57:00Z,3.10,2.00,2.00,4.00,9.00,15.05,42.14,30.32
2026-01-08T15:01:00Z,3.10,2.00,2.00,4.00,9.00,15.05,42.14,30.44
2026-01-08T15:04:00Z,3.10,2.00,2.00,4.00,6.57,15.05,42.14,30.44
2026-01-08T15:06:00Z,3.10,2.00,2.00,3.00,6.57,15.05,42.14,30.44
2026-01-08T15:07:00Z,3.10,2.00,2.00,3.00,6.57,15.05,42.14,29.00
2026-01-08T15:10:00Z,3.10,2.00,2.00,3.00,6.57,17.83,42.14,29.00
2026-01-08T15:11:00Z,3.10,2.00,2.00,3.00,6.57,17.83,42.14,30.40
2026-01-08T15:13:00Z,3.10,2.00,2.00,3.00,6.57,18.00,42.14,30.40
2026-01-08T15:14:00Z,1.06,2.00,2.00,3.00,2.09,18.00,42.14,30.40
2026-01-08T15:15:00Z,1.06,2.00,2.00,3.00,2.09,18.00,42.14,30.40
2026-01-08T15:17:00Z,1.06,2.00,2.00,3.00,2.09,18.00,42.14,30.40
2026-01-08T15:23:00Z,1.06,2.00,2.00,3.00,2.09,18.00,46.00,30.40
2026-01-08T15:24:00Z,4.00,2.00,2.00,3.00,2.09,18.00,46.00,30.40
2026-01-08T15:26:00Z,4.00,2.00,2.00,3.00,2.09,18.00,46.00,30.00
2026-01-08T15:29:00Z,4.00,2.00,2.00,3.00,2.09,18.00,46.00,30.00
2026-01-08T15:30:00Z,4.00,2.00,2.00,3.00,2.09,18.00,46.00,30.22
2026-01-08T15:35:00Z,4.00,2.00,2.00,3.00,6.00,18.00,46.00,30.22
2026-01-08T15:39:00Z,4.00,2.00,2.00,3.00,6.00,18.00,46.00,30.50
2026-01-08T15:41:00Z,4.00,2.00,2.00,3.00,6.00,18.00,46.00,30.66
2026-01-08T15:42:00Z,4.00,2.00,2.00,3.00,6.00,18.00,46.00,30.87
2026-01-08T15:45:00Z,4.00,2.00,2.00,3.00,6.00,18.00,45.75,30.87
2026-01-08T15:53:00Z,4.00,2.00,2.00,3.00,6.00,18.00,45.75,30.87
2026-01-08T15:55:00Z,4.00,2.00,2.00,3.00,6.00,18.00,47.80,30.87
2026-01-08T15:57:00Z,4.00,2.00,2.00,3.00,6.00,10.25,47.80,30.87
2026-01-08T15:58:00Z,3.00,2.00,2.00,3.00,6.00,10.25,50.35,30.87
2026-01-08T16:02:00Z,2.00,2.00,2.00,3.00,6.00,10.25,50.35,30.87
2026-01-08T16:04:00Z,2.00,2.00,2.00,3.00,6.00,10.25,50.35,31.00
2026-01-08T16:05:00Z,2.00,2.00,2.00,3.00,6.00,10.25,53.00,31.00
2026-01-08T16:06:00Z,3.00,2.00,2.00,3.00,6.00,10.25,53.00,31.00
2026-01-08T16:10:00Z,3.00,2.00,2.00,3.00,6.00,10.25,53.00,31.00
2026-01-08T16:18:00Z,3.00,2.00,2.00,3.00,6.00,10.25,53.00,31.00
2026-01-08T16:21:00Z,3.00,2.00,2.00,3.00,3.00,10.25,53.00,31.00
2026-01-08T16:22:00Z,3.00,2.00,2.00,3.00,3.00,10.25,57.00,31.00
2026-01-08T16:23:00Z,3.00,2.00,2.00,3.00,3.00,10.25,57.00,31.00
2026-01-08T16:27:00Z,3.00,2.00,2.00,3.00,3.00,10.25,57.00,31.00
2026-01-08T16:29:00Z,3.00,2.00,2.00,3.00,3.00,10.25,52.18,31.00
2026-01-08T16:38:00Z,3.00,2.00,2.00,3.00,2.00,10.25,52.18,31.00
2026-01-08T16:43:00Z,3.00,2.00,2.00,3.00,2.00,10.25,58.00,31.00
2026-01-08T16:46:00Z,3.00,2.00,2.00,3.00,2.00,10.36,58.00,31.00
2026-01-08T16:50:00Z,3.00,2.00,2.00,3.00,2.00,10.36,58.00,31.00
2026-01-08T16:54:00Z,3.00,2.00,2.00,3.00,1.00,10.36,58.00,31.00
2026-01-08T17:10:00Z,3.00,2.00,2.00,3.00,2.00,10.36,58.00,31.00
2026-01-08T17:13:00Z,3.00,2.00,2.00,3.00,2.00,10.36,56.00,31.00
2026-01-08T17:21:00Z,3.00,2.00,2.00,3.00,1.00,10.36,56.00,31.00
2026-01-08T17:24:00Z,3.00,2.00,2.00,3.00,1.00,10.36,56.00,36.80
2026-01-08T17:29:00Z,3.00,2.00,2.00,3.00,1.00,10.36,56.00,37.00
2026-01-08T17:30:00Z,2.85,2.00,2.00,3.00,1.00,10.36,56.00,37.00
2026-01-08T17:31:00Z,2.85,1.00,2.00,3.00,1.00,10.36,56.00,37.00
2026-01-08T17:35:00Z,2.85,1.00,2.00,3.00,1.00,10.36,53.30,37.00
2026-01-08T17:40:00Z,2.85,1.00,2.00,3.00,1.00,8.00,53.30,37.00
2026-01-08T17:43:00Z,2.85,1.00,2.00,3.00,1.00,8.00,57.00,37.00
2026-01-08T17:44:00Z,2.85,1.00,2.00,3.00,1.00,8.00,57.00,37.00
2026-01-08T17:46:00Z,2.85,1.00,2.00,3.00,1.00,7.00,57.00,37.00
2026-01-08T17:47:00Z,2.85,1.00,2.00,3.00,1.00,7.00,57.00,36.00
2026-01-08T17:48:00Z,3.00,1.00,2.00,3.00,1.00,7.00,57.00,36.00
2026-01-08T17:51:00Z,3.00,1.00,2.00,3.00,1.00,7.00,57.00,36.00
2026-01-08T17:54:00Z,3.00,1.00,2.00,3.00,1.00,8.00,57.00,36.00
2026-01-08T17:55:00Z,3.00,1.00,2.00,3.00,1.00,8.00,57.00,36.82
2026-01-08T17:56:00Z,3.00,1.00,2.00,3.00,1.00,8.00,57.00,37.00
2026-01-08T18:01:00Z,3.00,1.00,2.00,3.00,1.00,8.00,56.53,37.00
2026-01-08T18:03:00Z,3.00,1.00,2.00,3.00,1.00,8.00,56.53,30.00
2026-01-08T18:06:00Z,3.00,1.00,2.00,3.00,1.00,8.90,56.53,30.00
2026-01-08T18:07:00Z,3.00,1.00,2.00,3.00,1.00,8.90,56.53,30.00
2026-01-08T18:14:00Z,3.00,1.00,2.00,3.00,1.00,9.00,56.53,30.00
2026-01-08T18:15:00Z,3.00,1.00,2.00,3.00,1.00,9.00,56.53,35.00
2026-01-08T18:17:00Z,3.00,1.00,2.00,3.00,1.00,9.00,56.53,35.00
2026-01-08T18:19:00Z,3.00,1.00,2.00,3.00,1.00,9.00,56.94,29.76
2026-01-08T18:22:00Z,3.00,1.00,2.00,3.00,1.00,9.00,56.94,35.00
2026-01-08T18:24:00Z,3.00,1.00,2.00,3.00,1.00,9.00,57.00,36.00
2026-01-08T18:26:00Z,3.00,1.00,2.00,3.00,1.00,9.00,57.00,36.00
2026-01-08T18:28:00Z,3.00,1.00,2.00,3.00,1.00,9.46,57.00,36.00
2026-01-08T18:31:00Z,3.00,1.00,2.00,3.00,1.00,9.46,57.00,29.21
2026-01-08T18:32:00Z,3.00,1.00,2.00,3.00,1.00,9.46,57.00,29.00
2026-01-08T18:35:00Z,3.00,1.00,2.00,3.00,1.00,9.46,57.00,29.00
2026-01-08T18:45:00Z,2.00,1.00,2.00,3.00,1.00,9.46,57.00,29.00
2026-01-08T18:46:00Z,2.00,1.00,2.00,3.00,1.00,9.46,57.00,29.00
2026-01-08T18:53:00Z,2.00,1.00,2.00,3.00,1.00,9.90,57.00,29.00
2026-01-08T18:55:00Z,1.00,1.00,2.00,3.00,1.00,9.90,57.00,29.00
2026-01-08T18:56:00Z,1.00,1.00,2.00,3.00,1.00,9.90,57.00,35.96
2026-01-08T18:58:00Z,1.00,1.00,2.00,3.00,2.24,9.90,57.00,35.96
2026-01-08T19:06:00Z,1.00,1.00,2.00,3.00,2.24,9.00,55.00,35.96
2026-01-08T19:09:00Z,1.00,1.00,2.00,3.00,2.24,9.00,57.00,35.96
2026-01-08T19:16:00Z,1.00,1.00,2.00,3.00,2.24,10.00,57.00,35.96
2026-01-08T19:17:00Z,3.00,1.00,2.00,3.00,2.24,10.00,56.00,35.96
2026-01-08T19:18:00Z,3.00,1.00,2.00,3.00,2.24,10.00,56.00,35.96
2026-01-08T19:23:00Z,3.00,1.00,2.00,3.00,2.24,10.00,56.00,35.96
2026-01-08T19:24:00Z,3.00,1.00,2.00,3.00,2.24,10.00,56.47,35.96
2026-01-08T19:27:00Z,3.00,1.00,2.00,3.00,2.24,10.00,56.47,35.96
2026-01-08T19:29:00Z,3.00,1.00,2.00,3.00,2.24,10.00,56.47,35.96
2026-01-08T19:34:00Z,3.00,1.00,2.00,3.00,2.24,10.00,57.00,35.96
2026-01-08T19:37:00Z,3.00,1.00,2.00,3.00,2.24,9.00,57.00,35.96
2026-01-08T19:40:00Z,3.00,1.00,2.00,1.00,2.24,9.00,57.00,35.96
2026-01-08T19:41:00Z,3.00,1.00,2.00,1.00,2.24,9.00,57.00,35.96
2026-01-08T19:42:00Z,3.00,1.00,2.00,1.00,2.24,9.76,57.00,35.96
2026-01-08T19:43:00Z,3.00,1.00,2.00,1.00,3.00,9.76,57.00,35.96
2026-01-08T19:44:00Z,2.58,1.00,2.00,1.00,3.00,9.76,57.00,35.96
2026-01-08T19:46:00Z,2.58,1.00,2.00,1.00,3.00,9.76,57.00,35.07
2026-01-08T19:48:00Z,3.00,1.00,2.00,1.00,3.00,9.76,57.00,35.07
2026-01-08T19:52:00Z,3.00,1.00,2.00,1.00,3.00,9.76,57.00,35.07
2026-01-08T19:54:00Z,3.00,1.00,2.00,1.00,3.00,9.76,57.00,35.07
2026-01-08T19:56:00Z,3.00,1.00,2.00,1.00,3.00,9.76,55.00,35.07
2026-01-08T19:58:00Z,3.00,1.00,2.00,1.00,3.00,9.76,57.00,36.00
2026-01-08T20:02:00Z,3.00,1.00,2.00,1.00,3.00,9.76,57.00,36.00
2026-01-08T20:06:00Z,3.00,1.00,2.00,1.00,3.00,9.76,57.00,35.00
2026-01-08T20:07:00Z,3.00,1.00,2.00,1.00,3.00,9.76,57.00,35.00
2026-01-08T20:08:00Z,3.00,1.00,2.00,1.00,3.00,9.76,57.00,35.37
2026-01-08T20:12:00Z,3.00,1.00,2.00,1.00,3.00,9.76,57.00,31.00
2026-01-08T20:13:00Z,3.00,1.00,2.00,1.00,3.00,9.76,57.00,35.30
2026-01-08T20:14:00Z,3.00,1.00,2.00,1.00,3.00,8.00,57.00,36.00
2026-01-08T20:15:00Z,3.00,1.00,2.00,1.00,3.00,8.00,57.00,36.00
2026-01-08T20:16:00Z,3.00,1.00,2.00,1.00,3.00,8.00,57.48,36.00
2026-01-08T20:17:00Z,3.00,1.00,2.00,1.00,3.00,8.00,59.00,36.00
2026-01-08T20:19:00Z,3.00,1.14,2.00,1.00,3.00,8.00,66.31,36.00
2026-01-08T20:23:00Z,3.00,1.14,2.00,1.00,3.00,8.00,58.25,28.67
2026-01-08T20:25:00Z,3.00,1.14,2.00,1.00,3.69,14.86,62.08,28.67
2026-01-08T20:26:00Z,3.00,1.14,2.00,1.00,3.69,14.86,62.08,26.78
2026-01-08T20:28:00Z,3.00,1.14,2.00,1.00,3.69,14.86,62.00,33.00
2026-01-08T20:34:00Z,2.00,1.14,2.00,1.00,3.69,14.86,59.00,33.00
2026-01-08T20:36:00Z,2.00,1.14,2.00,1.00,3.69,14.86,59.00,25.30
2026-01-08T20:38:00Z,2.00,1.14,2.00,1.00,3.69,14.96,59.00,25.30
2026-01-08T20:43:00Z,2.00,1.14,2.00,1.00,3.69,14.96,59.00,25.30
2026-01-08T20:44:00Z,2.00,2.00,2.00,1.00,3.69,14.96,59.00,25.30
2026-01-08T20:45:00Z,2.00,2.00,2.00,1.00,3.69,14.96,59.00,25.30
2026-01-08T20:46:00Z,2.00,2.00,2.00,1.00,3.69,14.96,57.62,25.30
2026-01-08T20:49:00Z,2.00,2.00,2.00,1.00,1.94,14.96,57.62,25.30
2026-01-08T20:51:00Z,2.00,2.00,2.00,1.00,1.94,19.35,57.62,25.30
2026-01-08T20:57:00Z,2.00,2.00,2.00,1.00,1.94,19.35,57.62,25.30
2026-01-08T20:58:00Z,2.00,2.00,1.00,1.00,1.94,21.00,54.00,25.30
2026-01-08T20:59:00Z,2.00,2.00,1.00,1.00,1.94,21.00,54.00,30.00
2026-01-08T21:00:00Z,2.00,2.00,1.00,1.00,1.94,21.00,54.00,30.00
2026-01-08T21:02:00Z,2.00,2.00,1.00,1.00,1.94,11.00,63.37,26.00
2026-01-08T21:04:00Z,2.00,2.00,1.00,1.00,1.94,11.00,63.37,26.00
2026-01-08T21:05:00Z,2.00,2.00,1.00,1.00,1.94,12.00,66.85,27.00
2026-01-08T21:07:00Z,2.00,2.00,1.00,1.00,1.94,11.00,67.00,26.00
2026-01-08T21:09:00Z,2.00,2.00,1.00,1.00,1.94,11.00,67.00,31.02
2026-01-08T21:10:00Z,2.00,2.00,1.00,1.00,1.94,11.00,67.00,31.02
2026-01-08T21:11:00Z,2.00,2.00,1.00,1.00,1.94,11.00,67.00,35.00
2026-01-08T21:13:00Z,2.00,2.00,1.00,1.00,1.94,19.75,59.00,35.00
2026-01-08T21:14:00Z,2.00,2.00,1.00,1.00,1.94,27.43,61.22,35.00
2026-01-08T21:15:00Z,2.00,2.00,1.00,1.00,1.94,9.00,68.00,26.00
2026-01-08T21:16:00Z,2.00,2.00,1.00,1.00,1.94,9.00,70.31,26.00
2026-01-08T21:19:00Z,2.00,2.00,1.00,1.00,1.94,9.00,70.31,26.00
2026-01-08T21:20:00Z,2.00,2.00,1.00,1.00,6.57,9.00,57.52,25.47
2026-01-08T21:21:00Z,2.00,1.29,1.00,1.00,6.57,9.00,57.52,25.47
2026-01-08T21:23:00Z,2.00,1.29,1.00,1.00,10.00,9.00,57.52,26.94
2026-01-08T21:24:00Z,2.00,1.29,1.00,1.00,1.13,9.00,57.52,26.94
2026-01-08T21:25:00Z,2.00,1.29,1.00,1.00,1.13,9.00,57.52,32.60
2026-01-08T21:26:00Z,2.00,1.29,1.00,1.00,1.13,17.00,57.52,32.60
2026-01-08T21:27:00Z,2.00,1.29,1.00,1.00,1.13,17.00,57.52,32.92
2026-01-08T21:29:00Z,2.00,1.29,1.00,1.00,10.00,17.00,57.52,32.92
2026-01-08T21:32:00Z,2.00,1.29,1.00,1.00,10.00,17.00,70.00,32.92
2026-01-08T21:35:00Z,2.00,1.29,1.00,1.00,10.00,17.00,71.00,32.92
2026-01-08T21:37:00Z,2.00,1.29,1.00,1.00,10.00,9.00,66.00,32.92
2026-01-08T21:39:00Z,2.00,1.00,1.00,1.00,10.00,9.00,66.00,32.92
2026-01-08T21:42:00Z,2.00,1.00,1.00,1.00,10.00,9.00,66.00,25.00
2026-01-08T21:46:00Z,2.00,1.00,1.00,1.00,10.00,9.00,66.00,25.00
2026-01-08T21:48:00Z,2.00,1.00,1.00,1.00,10.00,9.00,66.00,25.00
2026-01-08T21:50:00Z,2.00,1.00,1.00,1.00,10.00,9.00,66.00,25.00
2026-01-08T21:51:00Z,2.00,1.00,1.00,1.00,10.00,9.00,66.00,25.14
2026-01-08T21:52:00Z,2.00,1.00,1.00,1.00,10.00,14.56,58.50,25.14
2026-01-08T21:53:00Z,2.00,1.00,1.00,1.00,6.00,14.56,58.50,25.14
2026-01-08T21:54:00Z,2.00,1.00,1.00,1.00,6.00,15.00,58.50,25.14
2026-01-08T21:55:00Z,2.00,1.00,1.00,1.00,6.00,15.00,58.50,25.14
2026-01-08T22:00:00Z,2.00,1.00,1.00,1.00,6.00,15.00,58.50,25.14
2026-01-08T22:03:00Z,2.00,1.00,1.00,1.00,6.00,15.00,58.50,25.14
2026-01-08T22:04:00Z,2.00,1.00,1.00,1.00,9.00,15.00,58.50,25.14
2026-01-08T22:05:00Z,2.00,1.00,1.00,1.00,9.00,15.00,58.50,25.14
2026-01-08T22:07:00Z,2.00,1.00,1.00,1.00,9.00,15.00,58.50,31.00
2026-01-08T22:08:00Z,2.00,1.00,1.00,1.00,9.00,17.15,58.50,31.00
2026-01-08T22:10:00Z,2.00,1.00,1.00,1.00,9.00,17.15,63.00,31.00
2026-01-08T22:15:00Z,2.00,1.00,1.00,1.00,9.00,10.04,63.00,31.00
2026-01-08T22:16:00Z,2.00,1.00,1.00,1.00,9.00,17.00,69.74,31.00
2026-01-08T22:18:00Z,2.00,1.00,1.00,1.00,9.00,8.00,70.00,25.00
2026-01-08T22:19:00Z,2.00,1.00,1.00,1.00,9.00,8.00,70.00,25.00
2026-01-08T22:23:00Z,2.00,1.00,1.00,1.00,9.00,8.00,70.00,24.75
2026-01-08T22:24:00Z,2.00,1.00,1.00,1.00,2.00,6.75,73.60,24.34
2026-01-08T22:25:00Z,2.00,1.00,1.00,1.00,2.00,6.00,75.00,24.00
2026-01-08T22:26:00Z,2.00,1.00,1.00,1.00,2.00,6.00,75.00,24.89
2026-01-08T22:27:00Z,2.00,1.00,1.00,1.00,2.00,6.00,75.00,24.89
2026-01-08T22:36:00Z,2.00,1.00,1.00,1.00,2.00,6.00,75.00,25.33
2026-01-08T22:37:00Z,2.00,1.00,1.00,1.00,2.00,6.00,75.00,25.33
2026-01-08T22:40:00Z,2.00,1.00,1.00,1.00,2.00,6.00,75.00,27.00
2026-01-08T22:41:00Z,2.00,1.00,1.00,1.00,2.00,16.00,75.00,28.00
2026-01-08T22:44:00Z,2.00,1.00,1.00,1.00,2.00,8.00,72.00,24.00
2026-01-08T22:48:00Z,2.00,1.00,1.00,1.00,1.00,8.00,70.20,26.52
2026-01-08T22:49:00Z,2.00,1.00,1.00,1.00,1.00,8.00,70.44,24.00
2026-01-08T22:51:00Z,2.00,1.00,1.00,1.00,1.11,14.29,69.11,24.00
2026-01-08T22:52:00Z,2.00,1.00,1.00,1.00,7.36,14.29,69.00,24.24
2026-01-08T22:57:00Z,2.00,1.00,1.00,1.00,7.36,15.66,69.00,24.24
2026-01-08T22:58:00Z,2.00,1.00,1.00,1.00,8.45,15.66,69.00,24.24
2026-01-08T23:00:00Z,2.00,1.00,1.00,1.00,7.44,15.66,69.00,24.24
2026-01-08T23:02:00Z,2.00,1.00,1.00,1.00,7.44,15.66,63.00,29.25
2026-01-08T23:03:00Z,2.00,1.00,1.00,1.00,7.44,15.66,63.00,38.99
2026-01-08T23:06:00Z,2.00,1.00,1.00,1.00,3.00,8.20,63.88,35.00
2026-01-08T23:11:00Z,2.80,1.00,1.00,1.00,3.00,8.20,63.88,35.00
2026-01-08T23:12:00Z,2.80,1.00,1.00,1.00,3.00,8.20,62.00,35.00
2026-01-08T23:16:00Z,2.80,1.00,1.00,1.00,2.33,7.54,58.41,44.10
2026-01-08T23:17:00Z,2.80,1.00,1.00,1.00,2.33,7.54,58.41,44.10
2026-01-08T23:18:00Z,1.00,1.00,1.00,1.00,2.33,7.54,58.41,44.10
2026-01-08T23:24:00Z,1.00,1.00,1.00,1.00,2.33,7.54,58.41,28.57
2026-01-08T23:25:00Z,1.00,1.00,1.00,1.00,5.76,7.54,58.41,28.57
2026-01-08T23:31:00Z,1.00,1.00,1.00,1.00,3.00,11.25,59.00,39.90
2026-01-08T23:32:00Z,1.17,1.00,1.00,1.00,3.00,11.25,59.00,39.90
2026-01-08T23:33:00Z,1.17,1.00,1.00,1.00,3.00,15.00,59.00,39.90
2026-01-08T23:34:00Z,2.00,1.00,1.00,1.00,3.00,15.00,59.00,39.90
2026-01-08T23:36:00Z,2.00,1.00,1.00,1.00,3.00,15.00,59.00,29.83
2026-01-08T23:37:00Z,2.00,1.00,1.00,1.00,3.00,11.00,70.00,27.00
2026-01-08T23:40:00Z,2.00,1.00,1.00,1.00,3.00,6.45,70.00,27.00
2026-01-08T23:42:00Z,2.00,1.00,1.00,1.00,2.12,6.00,58.12,40.52
2026-01-08T23:43:00Z,2.00,1.00,1.00,1.00,2.12,9.88,58.12,40.52
2026-01-08T23:44:00Z,2.00,1.00,1.00,1.00,2.12,9.88,58.12,40.52
2026-01-08T23:46:00Z,2.00,1.00,1.00,1.00,2.12,13.10,61.00,39.95
2026-01-08T23:47:00Z,2.00,1.00,1.00,1.00,4.22,14.00,61.00,39.95
2026-01-08T23:48:00Z,2.00,1.00,1.00,1.00,3.00,7.00,60.87,45.07
2026-01-08T23:51:00Z,2.00,1.00,1.00,1.00,1.35,6.54,66.97,34.00
2026-01-08T23:52:00Z,2.00,1.00,1.00,1.00,1.35,6.54,58.57,34.00
2026-01-08T23:53:00Z,2.00,1.00,1.00,1.00,2.00,7.00,63.00,34.00
2026-01-08T23:54:00Z,2.00,1.00,1.00,1.00,2.00,7.00,63.00,34.00
2026-01-08T23:55:00Z,2.00,1.00,1.00,1.00,2.00,6.09,63.00,42.06
2026-01-08T23:56:00Z,2.00,1.00,1.00,1.00,2.04,6.04,60.22,43.63
2026-01-08T23:57:00Z,2.00,1.00,1.00,1.00,2.04,6.04,60.22,43.63
2026-01-08T23:58:00Z,2.00,1.00,1.00,1.00,2.04,6.04,60.22,43.63
2026-01-08T23:59:00Z,2.00,1.00,1.00,1.00,2.04,6.04,60.22,43.63
2026-01-09T00:00:00Z,2.00,1.00,1.00,1.00,2.04,6.04,60.22,43.63
2026-01-09T00:01:00Z,2.00,1.00,1.00,1.00,2.04,6.04,60.22,43.63
2026-01-09T00:02:00Z,2.00,1.00,1.00,1.00,2.04,6.04,60.22,43.63
2026-01-09T00:04:00Z,2.00,1.00,1.00,1.00,2.00,7.00,56.00,50.05
2026-01-09T00:05:00Z,2.00,1.00,1.00,1.00,2.00,6.50,69.41,36.75
2026-01-09T00:06:00Z,2.00,1.00,1.00,1.00,2.00,6.14,61.00,44.00
2026-01-09T00:07:00Z,2.00,1.00,1.00,1.00,2.00,7.00,67.00,33.00
2026-01-09T00:08:00Z,2.00,1.00,1.00,1.00,2.00,7.00,67.00,33.00
2026-01-09T00:09:00Z,2.00,1.00,1.00,1.00,2.00,6.06,68.86,28.73
2026-01-09T00:10:00Z,2.00,1.00,1.00,1.00,1.35,6.00,54.69,57.95
2026-01-09T00:12:00Z,2.00,1.00,1.00,1.00,1.00,6.00,54.69,57.95
2026-01-09T00:13:00Z,2.00,1.00,1.00,1.00,1.00,6.00,51.96,57.95
2026-01-09T00:14:00Z,2.00,1.00,1.00,1.00,1.00,6.00,51.96,48.88
2026-01-09T00:18:00Z,2.00,1.00,1.00,1.00,2.00,8.81,51.50,59.31
2026-01-09T00:20:00Z,2.00,1.00,1.00,1.00,2.00,9.55,54.64,27.75
2026-01-09T00:21:00Z,2.00,1.00,1.00,1.00,2.00,9.55,71.00,27.75
2026-01-09T00:24:00Z,2.00,1.00,1.00,1.00,1.00,15.61,69.11,25.11
2026-01-09T00:26:00Z,2.00,1.00,1.00,1.00,1.00,6.00,79.39,25.00
2026-01-09T00:29:00Z,2.00,1.00,1.00,1.00,1.00,6.00,57.45,25.00
2026-01-09T00:30:00Z,2.00,1.00,1.00,1.00,1.00,6.83,76.72,26.25
2026-01-09T00:33:00Z,2.00,1.00,1.00,1.00,2.92,6.83,76.72,26.25
2026-01-09T00:35:00Z,2.00,1.00,1.00,1.00,2.00,8.00,56.00,46.70
2026-01-09T00:37:00Z,2.00,1.00,1.00,1.00,2.00,8.00,56.00,46.70
2026-01-09T00:38:00Z,2.00,1.00,1.00,1.00,2.00,8.25,70.00,25.25
2026-01-09T00:40:00Z,2.00,1.00,1.00,1.00,2.00,8.25,56.25,25.25
2026-01-09T00:41:00Z,2.00,1.00,1.00,1.00,2.00,6.00,78.33,26.00
2026-01-09T00:42:00Z,2.00,1.00,1.00,1.00,1.02,6.00,79.00,25.00
2026-01-09T00:43:00Z,2.00,1.00,1.00,1.00,3.25,6.00,79.00,27.50
2026-01-09T00:45:00Z,2.00,1.00,1.00,1.00,3.25,6.00,79.00,43.33
2026-01-09T00:46:00Z,2.00,1.00,1.00,1.00,3.25,6.00,56.16,43.33
2026-01-09T00:47:00Z,2.00,1.00,1.00,1.00,3.25,6.00,56.00,43.33
2026-01-09T00:50:00Z,2.00,1.00,1.00,1.00,2.00,6.00,56.00,39.00
2026-01-09T00:51:00Z,2.00,1.00,1.00,1.00,2.00,6.00,70.00,39.00
2026-01-09T00:53:00Z,2.00,1.00,1.00,1.00,3.53,9.33,70.00,45.90
2026-01-09T00:55:00Z,2.00,1.00,1.00,1.00,3.53,14.68,70.00,45.90
2026-01-09T00:56:00Z,2.00,1.00,1.00,1.00,3.53,14.68,70.00,45.90
2026-01-09T00:58:00Z,2.00,1.00,1.00,1.00,2.00,10.00,57.00,46.97
2026-01-09T00:59:00Z,2.00,1.00,1.00,1.00,2.00,15.86,57.00,46.97
2026-01-09T01:00:00Z,2.00,1.00,1.00,1.00,2.00,14.50,60.00,33.00
2026-01-09T01:01:00Z,2.00,1.00,1.00,1.00,2.00,14.00,59.00,44.36
2026-01-09T01:02:00Z,2.00,1.00,1.00,1.00,2.00,14.00,59.00,44.36
2026-01-09T01:04:00Z,2.84,1.00,1.00,1.00,2.00,14.00,59.00,44.36
2026-01-09T01:05:00Z,2.84,1.00,1.00,1.00,2.00,14.00,59.00,45.20
2026-01-09T01:07:00Z,1.00,1.00,1.00,1.00,2.00,15.00,53.87,37.00
2026-01-09T01:08:00Z,2.00,1.00,1.00,1.00,2.00,8.00,53.00,45.40
2026-01-09T01:09:00Z,2.00,1.00,1.00,1.00,2.00,8.00,53.25,47.00
2026-01-09T01:10:00Z,2.00,1.00,1.00,1.00,2.00,11.00,53.25,44.75
2026-01-09T01:11:00Z,2.00,1.00,1.00,1.00,2.00,11.00,51.50,44.75
2026-01-09T01:12:00Z,2.00,1.00,1.00,1.00,2.00,11.00,51.50,44.75
2026-01-09T01:13:00Z,3.98,1.00,1.00,1.00,2.00,11.00,66.00,44.75
2026-01-09T01:14:00Z,3.98,1.00,1.00,1.00,2.00,11.00,67.28,44.75
2026-01-09T01:18:00Z,1.00,1.00,1.00,1.00,1.00,8.00,69.10,29.33
2026-01-09T01:19:00Z,3.00,1.00,1.00,1.00,1.00,7.00,69.10,29.33
2026-01-09T01:20:00Z,3.00,1.00,1.00,1.00,1.00,7.00,60.00,36.00
2026-01-09T01:21:00Z,3.00,1.00,1.00,1.00,1.00,7.00,60.00,36.00
2026-01-09T01:22:00Z,3.00,1.00,1.00,1.00,1.00,6.90,60.09,43.93
2026-01-09T01:23:00Z,3.00,1.00,1.00,1.00,1.00,6.90,60.09,43.93
2026-01-09T01:25:00Z,3.00,1.00,1.00,1.00,3.87,6.27,70.30,26.00
2026-01-09T01:26:00Z,3.00,1.00,1.00,1.00,2.00,16.35,63.00,26.00
2026-01-09T01:28:00Z,3.00,1.00,1.00,1.00,2.00,16.35,63.00,26.00
2026-01-09T01:30:00Z,3.28,1.00,1.00,1.00,1.60,6.60,63.50,43.18
2026-01-09T01:31:00Z,3.28,1.00,1.00,1.00,1.60,6.60,63.50,43.18
2026-01-09T01:32:00Z,3.28,1.00,1.00,1.00,2.00,6.00,63.00,43.00
2026-01-09T01:33:00Z,3.28,1.00,1.00,1.00,2.00,6.14,63.00,43.00
2026-01-09T01:35:00Z,4.00,1.00,1.00,1.00,2.00,6.14,63.00,43.00
2026-01-09T01:36:00Z,4.00,1.00,1.00,1.00,2.00,6.14,63.00,43.00
2026-01-09T01:38:00Z,4.00,1.00,1.00,1.00,2.00,6.14,63.00,43.00
2026-01-09T01:41:00Z,4.00,1.00,1.00,1.00,2.00,6.14,69.87,43.00
2026-01-09T01:42:00Z,4.00,1.00,1.00,1.00,4.93,6.14,69.87,43.00
2026-01-09T01:43:00Z,4.00,1.00,1.00,1.00,2.33,6.00,69.00,26.16
2026-01-09T01:44:00Z,4.00,1.00,1.00,1.00,2.33,6.00,71.45,26.00
2026-01-09T01:45:00Z,4.00,1.00,1.00,1.00,2.33,6.00,71.45,46.50
2026-01-09T01:46:00Z,3.24,1.00,1.00,1.00,2.33,6.00,71.45,46.50
2026-01-09T01:47:00Z,3.24,1.00,1.00,1.00,3.00,7.00,69.00,27.00
2026-01-09T01:48:00Z,3.24,1.00,1.00,1.00,5.47,15.38,58.00,37.00
2026-01-09T01:49:00Z,3.24,1.00,1.00,1.00,5.47,15.38,52.55,37.00
2026-01-09T01:50:00Z,3.24,1.00,1.00,1.00,6.29,15.38,52.55,47.59
2026-01-09T01:51:00Z,3.24,1.00,1.00,1.00,7.76,15.38,52.55,47.59
2026-01-09T01:52:00Z,3.00,1.00,1.00,1.00,7.76,15.38,52.55,47.59
2026-01-09T01:53:00Z,3.58,1.00,1.00,1.00,7.76,15.38,52.55,47.59
2026-01-09T01:54:00Z,3.58,1.00,1.00,1.00,2.77,7.00,65.00,30.22
2026-01-09T01:56:00Z,3.58,1.00,1.00,1.00,1.83,7.00,62.20,45.58
2026-01-09T01:57:00Z,2.00,1.00,1.00,1.00,1.83,7.00,62.20,45.58
2026-01-09T01:59:00Z,2.00,1.00,1.00,1.00,7.00,11.00,62.20,45.58
2026-01-09T02:00:00Z,2.00,1.00,1.00,1.00,7.00,11.33,62.20,30.44
2026-01-09T02:01:00Z,2.00,1.00,1.00,1.00,7.00,12.00,68.00,30.44
2026-01-09T02:05:00Z,2.00,1.00,1.00,1.00,2.00,7.00,68.00,30.00
2026-01-09T02:06:00Z,2.00,1.00,1.00,1.00,2.00,7.00,68.00,30.00
2026-01-09T02:07:00Z,2.00,1.00,1.00,1.00,4.91,6.00,62.00,46.28
2026-01-09T02:08:00Z,2.00,1.00,1.00,1.00,1.00,6.00,66.00,31.00
2026-01-09T02:10:00Z,2.00,1.00,1.00,1.00,1.00,6.00,74.50,30.61
2026-01-09T02:11:00Z,2.00,1.00,1.00,1.00,2.00,6.00,66.00,30.00
2026-01-09T02:12:00Z,2.00,1.00,1.00,1.00,1.00,12.22,66.00,30.00
2026-01-09T02:13:00Z,2.00,1.00,1.00,1.00,1.00,12.22,49.72,30.00
2026-01-09T02:15:00Z,2.00,1.00,1.00,1.00,1.00,13.00,49.72,56.00
2026-01-09T02:16:00Z,2.00,1.00,1.00,1.00,1.00,13.00,49.72,56.00
2026-01-09T02:17:00Z,2.00,1.00,1.00,1.00,2.00,6.00,49.00,54.41
2026-01-09T02:19:00Z,2.00,1.00,1.00,1.00,5.88,13.00,59.50,54.41
2026-01-09T02:23:00Z,2.15,1.00,1.00,1.00,1.64,8.33,48.28,52.00
2026-01-09T02:25:00Z,2.15,1.00,1.00,1.00,1.00,6.00,49.00,50.26
2026-01-09T02:26:00Z,3.00,1.00,1.00,1.00,1.00,6.00,49.00,50.26
2026-01-09T02:27:00Z,3.00,1.00,1.00,1.00,5.75,6.00,49.00,50.26
2026-01-09T02:28:00Z,3.00,1.00,1.00,1.00,2.00,5.75,48.00,54.00
2026-01-09T02:30:00Z,3.00,1.00,1.00,1.00,2.00,5.75,48.00,54.00
2026-01-09T02:32:00Z,3.00,1.00,1.00,1.00,2.00,5.75,48.00,54.00
2026-01-09T02:34:00Z,3.00,1.00,1.00,1.00,1.44,5.00,54.50,54.54
2026-01-09T02:35:00Z,3.00,1.00,1.00,1.00,1.07,5.00,72.00,31.00
2026-01-09T02:36:00Z,3.00,1.00,1.00,1.00,1.07,13.00,72.00,31.00
2026-01-09T02:40:00Z,3.00,1.00,1.00,1.00,1.07,14.00,72.00,31.00
2026-01-09T02:42:00Z,3.00,1.00,1.00,1.00,1.07,13.00,72.00,31.00
2026-01-09T02:44:00Z,3.00,1.00,1.00,1.00,1.07,13.00,59.00,31.00
2026-01-09T02:46:00Z,3.00,1.00,1.00,1.00,1.07,13.00,59.00,31.00
2026-01-09T02:48:00Z,3.00,1.00,1.00,1.00,2.00,13.00,59.00,31.00
2026-01-09T02:49:00Z,3.00,1.00,1.00,1.00,2.00,11.39,59.00,31.00
2026-01-09T02:51:00Z,3.00,1.00,1.00,1.00,2.00,11.39,59.00,31.00
2026-01-09T02:53:00Z,3.00,1.09,1.00,1.00,1.00,10.58,53.00,47.00
2026-01-09T02:54:00Z,2.00,1.09,1.00,1.00,1.00,10.58,53.00,47.00
2026-01-09T02:55:00Z,2.00,1.09,1.00,1.00,1.00,6.00,53.00,45.00
2026-01-09T02:56:00Z,2.32,1.09,1.00,1.00,1.00,11.00,53.00,45.00
2026-01-09T02:58:00Z,2.32,1.09,1.00,1.00,1.00,11.00,53.00,45.00
2026-01-09T02:59:00Z,2.32,1.09,1.00,1.00,2.00,11.00,53.00,45.00
2026-01-09T03:01:00Z,2.32,1.09,1.00,1.00,2.00,11.00,53.00,45.00
2026-01-09T03:04:00Z,3.00,2.00,1.00,1.00,1.00,6.00,55.00,37.50
2026-01-09T03:05:00Z,3.00,2.00,1.00,1.00,1.00,6.00,61.00,37.50
2026-01-09T03:06:00Z,3.00,2.00,1.00,1.00,1.00,6.00,61.00,37.50
2026-01-09T03:08:00Z,3.00,2.00,1.00,1.00,1.00,6.00,61.00,37.50
2026-01-09T03:09:00Z,3.00,2.00,1.00,1.00,2.00,10.00,61.00,37.50
2026-01-09T03:11:00Z,3.00,2.00,1.00,1.00,2.00,10.00,61.00,34.00
2026-01-09T03:15:00Z,3.00,2.00,1.00,1.00,1.00,6.00,67.64,34.00
2026-01-09T03:16:00Z,3.00,2.00,1.00,1.00,2.39,6.00,66.00,33.50
2026-01-09T03:20:00Z,3.00,2.00,1.00,1.00,2.39,6.00,66.00,33.50
2026-01-09T03:21:00Z,3.00,1.00,1.00,1.00,3.00,9.47,66.00,33.50
2026-01-09T03:22:00Z,3.00,1.00,1.00,1.00,3.00,9.47,66.00,33.50
2026-01-09T03:24:00Z,3.00,1.00,1.00,1.00,3.00,9.47,66.00,33.50
2026-01-09T03:25:00Z,3.00,1.00,1.00,1.00,3.00,9.47,66.00,33.50
2026-01-09T03:26:00Z,3.00,1.00,1.00,1.00,3.00,9.47,66.00,33.50
2026-01-09T03:27:00Z,2.00,2.00,1.00,1.00,2.00,9.47,66.00,33.50
2026-01-09T03:28:00Z,2.00,2.00,1.00,1.00,2.53,9.47,63.00,36.85
2026-01-09T03:29:00Z,2.00,2.00,1.00,1.00,3.07,9.47,62.75,36.85
2026-01-09T03:30:00Z,2.00,2.00,1.00,1.00,3.07,9.47,62.75,35.92
2026-01-09T03:31:00Z,2.83,2.00,1.00,1.00,3.07,7.00,59.47,35.92
2026-01-09T03:32:00Z,2.83,2.00,1.00,1.00,3.07,7.00,65.75,35.92
2026-01-09T03:33:00Z,2.83,2.00,1.00,1.00,3.07,6.00,65.75,34.80
2026-01-09T03:34:00Z,2.83,2.00,1.00,1.00,3.07,6.00,65.75,34.80
2026-01-09T03:35:00Z,2.83,1.00,1.00,1.00,3.07,6.00,65.75,34.80
2026-01-09T03:36:00Z,2.83,1.00,1.00,1.00,3.07,6.00,65.75,34.80
2026-01-09T03:40:00Z,2.83,1.00,1.00,1.00,3.07,6.00,65.75,35.00
2026-01-09T03:41:00Z,2.83,1.00,1.00,1.00,3.07,8.00,65.75,35.00
2026-01-09T03:47:00Z,2.00,1.00,1.00,1.00,3.07,8.00,65.75,35.00
2026-01-09T03:48:00Z,2.56,1.00,1.00,1.00,3.07,8.00,65.75,35.00
2026-01-09T03:49:00Z,3.00,1.00,1.00,1.00,3.07,8.00,65.75,35.00
2026-01-09T03:50:00Z,3.00,1.00,1.00,1.00,3.07,8.00,65.75,35.10
2026-01-09T03:51:00Z,3.00,1.00,1.00,1.00,3.07,8.00,65.75,35.10
2026-01-09T03:52:00Z,3.00,1.00,1.00,1.00,3.07,8.00,65.75,35.10
2026-01-09T03:53:00Z,3.00,1.00,1.00,1.00,3.07,8.00,65.75,33.00
2026-01-09T03:55:00Z,3.00,1.00,1.00,1.00,3.07,8.00,65.75,35.84
2026-01-09T03:58:00Z,3.00,1.00,1.00,1.00,3.07,8.00,55.57,35.84
2026-01-09T04:00:00Z,3.00,1.00,1.00,1.00,3.07,7.82,55.57,33.00
2026-01-09T04:01:00Z,3.00,1.00,1.00,1.00,3.07,6.00,55.57,31.05
2026-01-09T04:04:00Z,3.00,1.00,1.00,1.00,3.07,6.00,55.57,32.00
2026-01-09T04:05:00Z,3.00,1.00,1.00,1.00,3.07,6.00,51.10,32.00
2026-01-09T04:07:00Z,3.00,1.00,1.00,1.00,3.07,7.88,51.10,32.00
2026-01-09T04:08:00Z,3.00,1.00,1.00,1.00,3.07,7.88,51.10,31.00
2026-01-09T04:09:00Z,2.00,1.00,1.00,1.00,3.07,7.88,51.10,31.00
2026-01-09T04:10:00Z,2.00,1.00,1.00,1.00,2.00,7.98,60.00,31.00
2026-01-09T04:12:00Z,2.00,1.00,1.00,1.00,2.00,8.00,60.00,31.00
2026-01-09T04:15:00Z,2.00,1.00,1.00,1.00,2.00,8.22,60.00,31.00
2026-01-09T04:16:00Z,2.00,1.00,1.00,1.00,2.00,8.22,60.00,31.00
2026-01-09T04:17:00Z,2.00,1.00,1.00,1.00,2.00,8.22,60.00,31.00
2026-01-09T04:18:00Z,2.00,1.00,1.00,1.00,2.00,8.22,57.00,31.00
2026-01-09T04:21:00Z,2.00,1.00,1.00,1.00,2.00,8.22,63.00,32.00
2026-01-09T04:24:00Z,2.00,1.00,1.00,1.00,2.00,9.53,63.00,32.00
2026-01-09T04:25:00Z,2.00,1.00,1.00,1.00,2.00,10.00,55.00,32.00
2026-01-09T04:26:00Z,2.00,1.00,1.00,1.00,2.00,10.00,55.00,32.00
2026-01-09T04:27:00Z,2.00,1.00,1.00,1.00,2.00,10.00,55.00,30.28
2026-01-09T04:28:00Z,2.00,1.00,1.00,1.00,2.00,11.00,55.00,30.28
2026-01-09T04:29:00Z,2.00,1.00,1.00,1.00,2.00,11.00,55.00,30.28
2026-01-09T04:30:00Z,2.00,1.00,1.00,1.00,2.00,11.00,55.00,31.40
2026-01-09T04:32:00Z,2.00,1.00,1.00,1.00,2.00,4.60,63.00,31.40
2026-01-09T04:33:00Z,2.00,1.00,1.00,1.00,3.26,3.00,63.00,31.40
2026-01-09T04:34:00Z,2.00,1.00,1.00,1.00,4.77,3.00,63.00,31.40
2026-01-09T04:35:00Z,2.00,1.00,1.00,1.00,4.77,10.00,62.00,31.40
2026-01-09T04:36:00Z,2.00,1.00,1.00,1.00,4.77,10.00,61.00,31.40
2026-01-09T04:37:00Z,2.00,1.00,1.00,1.00,4.77,10.00,60.97,31.40
2026-01-09T04:39:00Z,2.00,1.00,1.00,1.00,4.77,9.90,62.12,32.00
2026-01-09T04:41:00Z,2.00,1.00,1.00,1.00,4.77,10.00,62.12,32.00
2026-01-09T04:42:00Z,2.00,1.00,1.00,1.00,4.77,10.00,62.12,32.00
2026-01-09T04:43:00Z,2.00,1.33,1.00,1.00,4.77,10.00,61.00,32.00
2026-01-09T04:44:00Z,2.00,1.33,1.00,1.00,4.77,10.00,61.00,32.00
2026-01-09T04:45:00Z,2.00,1.33,1.00,1.00,4.77,9.85,61.00,32.00
2026-01-09T04:46:00Z,2.00,1.33,1.00,1.00,4.77,9.85,65.86,32.00
2026-01-09T04:47:00Z,2.00,1.33,1.00,1.00,4.77,9.85,65.86,32.00
2026-01-09T04:48:00Z,2.00,1.33,1.00,1.00,4.77,10.00,65.86,32.00
2026-01-09T04:49:00Z,2.00,2.00,1.00,1.00,4.77,10.00,65.86,32.00
2026-01-09T04:50:00Z,2.00,2.00,1.00,1.00,4.77,10.00,65.29,29.48
2026-01-09T04:51:00Z,2.00,2.00,1.00,1.00,4.77,10.00,65.29,29.48
2026-01-09T04:52:00Z,2.00,2.00,1.00,1.00,4.77,11.13,65.29,31.16
2026-01-09T04:53:00Z,2.00,2.00,1.00,1.00,4.77,11.13,65.29,31.16
2026-01-09T04:55:00Z,2.00,2.00,1.00,1.00,4.77,6.25,63.00,31.16
2026-01-09T04:56:00Z,2.00,2.00,1.00,1.00,4.77,6.25,66.00,31.00
2026-01-09T04:57:00Z,2.00,2.00,1.00,1.00,4.77,6.25,59.81,31.00
2026-01-09T04:58:00Z,2.00,2.00,1.00,1.00,4.77,6.25,65.00,31.00
2026-01-09T04:59:00Z,2.00,2.00,1.00,1.00,4.77,6.25,65.00,31.00
2026-01-09T05:00:00Z,2.00,2.00,1.00,1.00,4.77,12.56,65.00,31.00
2026-01-09T05:01:00Z,2.00,2.00,1.00,1.00,4.77,12.56,65.00,31.00
2026-01-09T05:02:00Z,2.00,2.00,1.00,1.00,4.77,12.56,65.00,31.00
2026-01-09T05:03:00Z,2.00,2.00,1.00,1.00,4.77,12.56,65.00,31.00
2026-01-09T05:06:00Z,2.00,2.00,1.00,1.00,4.77,12.56,65.00,29.00
2026-01-09T05:07:00Z,2.00,2.00,1.00,1.00,4.77,12.56,65.00,31.00
2026-01-09T05:08:00Z,2.00,2.00,1.00,1.00,4.77,11.00,65.00,31.00
2026-01-09T05:09:00Z,2.00,2.00,1.00,1.00,4.77,11.00,72.39,29.00
2026-01-09T05:10:00Z,2.00,2.00,1.00,1.00,4.77,11.00,72.39,29.00
2026-01-09T05:11:00Z,2.00,1.97,1.00,1.00,4.77,11.00,72.39,29.00
2026-01-09T05:12:00Z,2.16,1.97,1.00,1.00,4.77,11.00,59.23,29.00
2026-01-09T05:13:00Z,3.00,1.97,1.00,1.00,4.77,11.00,59.23,29.00
2026-01-09T05:15:00Z,3.00,1.97,1.00,1.00,4.77,12.00,59.23,31.00
2026-01-09T05:21:00Z,3.00,1.97,1.00,1.00,4.77,12.00,59.23,30.00
2026-01-09T05:24:00Z,3.00,1.97,1.00,1.00,4.77,12.00,59.23,30.00
2026-01-09T05:25:00Z,3.00,1.97,1.00,1.00,4.77,12.00,70.00,30.00
2026-01-09T05:28:00Z,3.00,1.97,1.00,1.00,4.77,12.00,70.00,30.00
2026-01-09T05:29:00Z,3.00,2.00,1.00,1.00,4.77,12.00,70.00,30.00
2026-01-09T05:31:00Z,3.00,2.00,1.00,1.00,4.77,12.00,71.00,30.00
2026-01-09T05:32:00Z,3.00,2.00,1.00,1.00,4.77,12.00,71.00,31.91
2026-01-09T05:37:00Z,3.00,2.00,1.00,1.00,4.77,12.00,71.00,30.00
2026-01-09T05:39:00Z,3.00,2.00,1.00,1.00,4.77,12.00,68.00,30.00
2026-01-09T05:40:00Z,3.00,2.00,1.00,1.00,4.77,12.00,68.00,30.00
2026-01-09T05:41:00Z,3.00,2.00,1.00,1.00,4.77,12.00,68.00,30.00
2026-01-09T05:42:00Z,3.00,2.00,1.00,1.00,5.00,12.00,68.00,30.00
2026-01-09T05:44:00Z,3.00,2.00,1.00,1.00,5.00,12.00,68.00,30.00
2026-01-09T05:46:00Z,2.00,2.00,1.00,1.00,5.00,12.00,68.00,30.00
2026-01-09T05:48:00Z,2.00,2.00,1.00,1.00,5.00,12.00,68.00,29.00
2026-01-09T05:53:00Z,2.00,2.00,1.00,1.00,5.00,12.00,68.00,29.00
2026-01-09T05:57:00Z,2.00,2.00,1.00,1.00,5.00,12.00,61.00,29.00
2026-01-09T05:59:00Z,2.00,2.00,1.00,1.00,5.00,13.00,61.00,29.00
2026-01-09T06:00:00Z,2.00,2.00,1.00,1.00,5.00,6.00,67.00,30.00
2026-01-09T06:03:00Z,2.00,2.00,1.00,1.00,5.00,5.56,73.61,29.08
2026-01-09T06:09:00Z,2.00,2.00,1.00,1.00,5.00,12.00,73.61,30.00
2026-01-09T06:10:00Z,2.00,2.00,1.00,1.00,5.00,12.00,73.61,30.00
2026-01-09T06:11:00Z,2.00,2.00,1.00,1.00,4.00,12.00,73.61,30.00
2026-01-09T06:12:00Z,2.00,2.00,1.00,1.00,4.00,12.00,73.61,30.00
2026-01-09T06:13:00Z,2.00,2.00,1.00,1.00,4.00,12.00,73.61,30.00
2026-01-09T06:22:00Z,2.00,2.00,1.00,1.00,4.00,12.00,73.61,30.00
2026-01-09T06:24:00Z,2.00,2.00,1.00,1.00,5.46,12.01,65.54,29.00
2026-01-09T06:25:00Z,2.00,2.00,1.00,1.00,5.46,12.01,65.54,31.60
2026-01-09T06:27:00Z,2.00,2.00,1.00,1.00,5.46,12.01,66.00,31.60
2026-01-09T06:33:00Z,2.00,2.00,1.00,1.00,5.46,7.00,68.00,29.00
2026-01-09T06:36:00Z,2.00,2.00,1.00,1.00,5.46,7.00,68.00,30.00
2026-01-09T06:38:00Z,2.00,2.00,1.00,1.00,5.46,7.00,61.16,30.00
2026-01-09T06:41:00Z,2.00,2.00,1.00,1.00,5.46,7.00,67.00,30.00
2026-01-09T06:42:00Z,2.00,2.00,1.00,1.00,5.46,7.00,67.00,31.00
2026-01-09T06:44:00Z,2.00,2.00,1.00,1.00,5.46,7.00,67.00,31.55
2026-01-09T06:45:00Z,2.00,2.00,1.00,1.00,5.46,9.00,64.00,31.00
2026-01-09T06:46:00Z,2.00,2.00,1.00,1.00,5.46,9.00,64.00,30.33
2026-01-09T06:49:00Z,2.00,2.00,1.00,1.00,5.46,9.00,64.00,30.33
2026-01-09T06:54:00Z,2.00,2.00,1.00,1.00,5.46,8.25,68.04,29.00
2026-01-09T06:58:00Z,2.00,2.00,1.00,1.00,5.46,8.25,60.84,29.00
2026-01-09T07:00:00Z,2.00,2.00,1.00,1.00,5.46,8.25,60.84,29.00
2026-01-09T07:01:00Z,2.00,2.00,1.00,1.00,5.46,8.25,60.84,30.84
2026-01-09T07:04:00Z,2.00,2.00,1.00,1.00,5.46,8.25,60.84,30.84
2026-01-09T07:05:00Z,2.00,2.00,1.00,1.00,5.46,8.25,65.00,30.84
2026-01-09T07:11:00Z,2.00,2.00,1.00,1.00,5.46,13.00,65.00,30.84
2026-01-09T07:13:00Z,2.00,2.00,1.00,1.00,5.46,13.00,65.00,29.00
2026-01-09T07:18:00Z,2.00,2.00,1.00,1.00,5.46,13.58,65.00,29.00
2026-01-09T07:24:00Z,2.00,2.00,1.00,1.00,5.46,13.58,65.00,29.00
2026-01-09T07:25:00Z,2.00,2.00,1.00,1.00,5.46,13.58,65.00,29.00
2026-01-09T07:31:00Z,2.00,2.00,1.00,1.00,5.46,13.58,65.00,29.00
2026-01-09T07:32:00Z,2.00,2.00,1.00,1.00,5.46,13.58,65.00,29.00
2026-01-09T07:34:00Z,2.00,2.00,1.00,1.00,5.46,13.58,65.00,29.00
2026-01-09T07:35:00Z,2.00,2.00,1.00,1.00,5.46,13.58,65.00,29.00
2026-01-09T07:36:00Z,2.00,2.00,1.00,1.00,5.46,13.58,65.00,29.00
2026-01-09T07:43:00Z,2.00,2.00,1.00,1.00,5.46,13.58,65.00,30.74
2026-01-09T07:49:00Z,2.00,2.00,1.00,1.00,5.46,13.58,65.00,30.74
2026-01-09T07:52:00Z,2.00,2.00,1.00,1.00,5.46,13.58,65.00,30.74
2026-01-09T07:56:00Z,2.00,2.00,1.00,1.00,4.00,13.58,65.00,30.74
2026-01-09T08:00:00Z,2.00,2.00,1.00,1.00,4.00,13.58,65.00,30.74
2026-01-09T08:06:00Z,2.00,2.00,1.00,1.00,4.00,13.58,65.00,34.83
2026-01-09T08:07:00Z,2.00,2.00,1.00,1.00,4.00,13.31,65.00,34.83
2026-01-09T08:08:00Z,2.00,2.00,1.00,1.00,4.00,13.31,59.04,34.91
2026-01-09T08:09:00Z,2.00,2.00,1.00,1.00,4.00,7.36,59.04,34.96
2026-01-09T08:10:00Z,2.00,2.00,1.00,1.00,4.00,7.36,59.04,34.96
2026-01-09T08:12:00Z,2.00,2.00,1.00,1.00,4.00,14.00,59.04,34.96
2026-01-09T08:48:00Z,2.00,2.00,1.00,1.00,4.00,14.00,59.04,34.96
2026-01-09T08:49:00Z,2.00,2.00,1.00,1.00,4.00,14.00,59.04,34.96
2026-01-09T08:50:00Z,2.00,2.00,1.00,1.00,4.00,14.00,59.04,34.96
2026-01-09T08:56:00Z,2.00,2.00,1.00,1.00,4.00,14.00,59.04,34.96
2026-01-09T09:06:00Z,2.00,2.00,1.00,1.00,4.00,14.00,65.00,34.96
2026-01-09T09:25:00Z,2.00,2.00,1.00,1.00,4.00,14.00,64.00,34.96
2026-01-09T09:36:00Z,2.00,2.00,1.00,1.00,4.00,8.85,62.14,33.00
2026-01-09T09:50:00Z,2.00,2.00,1.00,1.00,4.00,8.85,62.14,30.03
2026-01-09T09:51:00Z,2.00,2.00,1.00,1.00,4.00,13.47,59.20,30.03
2026-01-09T09:52:00Z,2.00,2.00,1.00,1.00,4.00,13.47,59.20,35.00
2026-01-09T10:25:00Z,2.00,2.00,1.00,1.00,4.00,13.47,59.20,35.00
2026-01-09T10:26:00Z,2.00,2.00,1.00,1.00,4.00,13.47,59.20,35.00
2026-01-09T10:28:00Z,2.00,2.00,1.00,1.00,4.00,13.47,59.20,35.00
2026-01-09T10:29:00Z,2.00,2.00,1.00,1.00,4.00,8.33,59.36,30.00
2026-01-09T10:30:00Z,2.00,2.00,1.00,1.00,4.00,8.33,59.36,30.00
2026-01-09T10:40:00Z,2.00,2.00,1.00,1.00,5.00,13.78,59.36,30.00
2026-01-09T10:43:00Z,2.00,2.00,1.00,1.00,5.00,13.78,59.36,30.00
2026-01-09T10:59:00Z,2.00,2.00,1.00,1.00,5.00,13.78,60.00,30.00
2026-01-09T11:01:00Z,2.00,2.00,1.00,1.00,5.00,12.00,60.00,30.00
2026-01-09T11:03:00Z,2.41,2.00,1.00,1.00,5.00,12.00,60.00,30.00
2026-01-09T11:04:00Z,3.00,2.00,1.00,1.00,5.00,12.00,60.00,30.00
2026-01-09T11:11:00Z,3.00,2.00,1.00,1.00,5.00,13.08,60.00,30.00
2026-01-09T11:25:00Z,3.00,2.00,1.00,1.00,6.28,13.08,60.00,30.00
2026-01-09T11:26:00Z,3.00,2.00,1.00,1.00,6.28,13.08,54.16,30.00
2026-01-09T11:36:00Z,3.00,2.00,1.00,1.00,6.28,13.08,54.16,30.00
2026-01-09T11:43:00Z,3.00,2.00,1.00,1.00,6.28,14.00,54.16,30.00
2026-01-09T11:44:00Z,3.00,2.00,1.00,1.00,6.28,14.00,54.16,30.00
2026-01-09T12:05:00Z,3.00,2.00,1.00,1.00,6.28,8.50,68.09,29.42
2026-01-09T12:08:00Z,3.00,2.00,1.00,1.00,6.28,8.00,70.00,29.00
2026-01-09T12:18:00Z,3.00,2.00,1.00,1.00,6.28,8.00,70.00,30.00
2026-01-09T12:19:00Z,3.00,2.00,1.00,1.00,6.28,8.00,70.00,29.00
2026-01-09T12:23:00Z,3.00,2.00,1.00,1.00,6.28,8.00,70.00,29.00
2026-01-09T12:39:00Z,3.00,2.00,1.00,1.00,6.28,12.13,70.00,29.00
2026-01-09T12:42:00Z,3.00,2.00,1.00,1.00,6.28,7.12,84.69,28.25
2026-01-09T12:47:00Z,3.00,2.00,1.00,1.00,6.28,6.00,79.00,29.00
2026-01-09T12:50:00Z,3.00,2.00,1.00,1.00,6.28,6.00,79.00,33.00
2026-01-09T12:51:00Z,3.00,2.00,1.00,1.00,6.28,1.56,85.77,28.05
2026-01-09T12:57:00Z,3.00,2.00,1.00,1.00,6.28,2.00,80.00,28.00
2026-01-09T12:59:00Z,3.00,2.00,1.00,1.00,6.28,2.00,79.79,28.00
2026-01-09T13:01:00Z,3.00,2.00,1.00,1.00,6.28,2.00,79.79,28.00
2026-01-09T13:05:00Z,3.00,2.00,1.00,1.00,6.28,2.44,83.00,28.11
2026-01-09T13:07:00Z,3.00,2.00,1.00,1.00,6.28,2.44,83.00,34.50
2026-01-09T13:08:00Z,1.00,2.00,1.00,1.00,6.28,2.44,65.54,34.50
2026-01-09T13:15:00Z,1.00,2.00,1.00,1.00,6.28,2.44,65.54,37.41
2026-01-09T13:16:00Z,1.00,2.00,1.00,1.00,6.28,2.44,65.54,25.86
2026-01-09T13:22:00Z,1.00,2.00,1.00,1.00,6.28,2.44,65.54,23.00
2026-01-09T13:23:00Z,1.00,2.00,1.00,1.00,6.00,2.44,65.54,23.00
2026-01-09T13:27:00Z,1.00,2.00,1.00,1.00,6.00,2.00,77.00,23.00
2026-01-09T13:29:00Z,1.00,2.00,1.00,1.00,6.00,9.00,77.00,23.00
2026-01-09T13:33:00Z,1.00,2.00,1.00,1.00,6.00,9.00,77.00,23.00
2026-01-09T13:34:00Z,1.00,2.00,1.00,1.00,2.00,9.00,77.00,23.00
2026-01-09T13:35:00Z,1.00,2.00,1.00,1.00,2.00,9.00,77.00,37.50
2026-01-09T13:37:00Z,1.00,2.00,1.00,1.00,2.00,9.00,77.00,37.50
2026-01-09T13:39:00Z,1.00,2.00,1.00,1.00,2.00,9.00,77.00,37.50
2026-01-09T13:40:00Z,1.00,2.00,1.00,1.00,2.00,6.00,77.00,37.50
2026-01-09T13:43:00Z,1.00,2.00,1.00,1.00,2.00,7.00,77.00,37.50
2026-01-09T13:45:00Z,1.00,2.00,1.00,1.00,2.00,6.00,64.50,37.00
2026-01-09T13:46:00Z,1.00,2.00,1.00,1.00,2.00,6.94,64.50,37.00
2026-01-09T13:48:00Z,1.00,2.00,1.00,1.00,2.00,6.94,64.50,38.00
2026-01-09T13:52:00Z,1.00,2.00,1.00,1.00,2.00,7.00,64.50,38.00
2026-01-09T13:53:00Z,1.00,2.00,1.00,1.00,2.00,7.00,64.50,38.00
2026-01-09T13:54:00Z,1.00,1.00,1.00,1.00,2.00,7.00,64.50,38.00
2026-01-09T13:56:00Z,1.00,1.00,1.00,1.00,2.00,7.00,64.50,38.00
2026-01-09T13:57:00Z,1.00,1.00,1.00,1.00,2.00,3.03,64.50,38.08
2026-01-09T13:59:00Z,1.00,1.00,1.00,1.00,2.00,3.00,64.00,48.00
2026-01-09T14:02:00Z,1.00,1.00,1.00,1.00,2.00,6.00,64.00,48.00
2026-01-09T14:03:00Z,1.00,1.00,1.00,1.00,2.00,6.00,59.36,48.00
2026-01-09T14:06:00Z,1.00,1.00,1.00,1.00,2.00,4.00,63.66,48.00
2026-01-09T14:07:00Z,1.00,1.00,1.00,1.00,2.00,4.00,63.66,48.00
2026-01-09T14:08:00Z,1.00,1.00,1.00,1.00,2.00,3.00,63.66,48.00
2026-01-09T14:09:00Z,1.00,1.00,1.00,1.00,2.00,3.00,63.66,43.09
2026-01-09T14:10:00Z,1.00,1.00,1.00,1.00,2.00,2.00,63.66,43.09
2026-01-09T14:11:00Z,1.00,1.00,1.00,1.00,2.00,2.00,63.00,43.09
2026-01-09T14:14:00Z,1.00,1.00,1.00,1.00,2.00,3.21,65.00,43.09
2026-01-09T14:15:00Z,1.00,1.00,1.00,1.00,1.00,2.00,65.00,43.09
2026-01-09T14:16:00Z,1.00,1.00,1.00,1.00,1.00,1.00,58.73,53.33
2026-01-09T14:17:00Z,1.00,1.00,1.00,1.00,1.00,1.00,58.73,53.33
2026-01-09T14:20:00Z,1.00,1.00,1.00,1.00,1.00,1.00,58.73,32.00
2026-01-09T14:23:00Z,1.00,1.00,1.00,1.00,1.00,1.00,58.73,23.38
2026-01-09T14:25:00Z,1.00,1.00,1.00,1.00,1.00,2.40,58.73,23.38
2026-01-09T14:26:00Z,1.00,1.00,1.00,1.00,1.00,2.40,58.73,23.38
2026-01-09T14:27:00Z,1.00,1.00,1.00,1.00,1.00,2.93,58.73,23.38
2026-01-09T14:32:00Z,1.00,1.00,1.00,1.00,1.00,2.93,81.00,23.38
2026-01-09T14:33:00Z,1.00,1.00,1.00,1.00,1.00,2.93,62.00,29.00
2026-01-09T14:34:00Z,1.00,1.00,1.00,1.00,1.00,2.00,62.00,29.00
2026-01-09T14:37:00Z,1.00,1.00,1.00,1.00,1.00,2.00,62.00,48.75
2026-01-09T14:38:00Z,1.00,1.00,1.00,1.00,1.00,2.00,77.00,48.75
2026-01-09T14:43:00Z,1.00,1.00,1.00,1.00,1.00,2.00,74.60,20.94
2026-01-09T14:44:00Z,1.00,1.00,1.00,1.00,1.00,2.00,89.65,15.66
2026-01-09T14:45:00Z,1.00,1.00,1.00,1.00,1.00,2.00,74.00,15.66
2026-01-09T14:49:00Z,1.00,1.00,1.00,1.00,1.00,2.00,65.00,15.66
2026-01-09T14:50:00Z,1.00,1.00,1.00,1.00,1.00,2.00,65.00,15.66
2026-01-09T14:51:00Z,1.00,1.00,1.00,1.00,1.00,2.00,65.00,8.50
2026-01-09T14:53:00Z,1.00,1.00,1.00,1.00,1.00,2.00,65.00,8.50
2026-01-09T14:54:00Z,1.00,1.00,1.00,1.00,1.00,2.00,65.00,8.50
2026-01-09T14:55:00Z,1.00,1.00,1.00,1.00,1.00,1.00,65.00,8.50
2026-01-09T14:57:00Z,1.00,1.00,1.00,1.00,1.00,1.00,89.20,8.50
2026-01-09T14:59:00Z,1.00,1.00,1.00,1.00,1.00,1.00,89.20,11.66
2026-01-09T15:01:00Z,1.00,1.00,1.00,1.00,1.00,1.00,88.00,11.66
2026-01-09T15:02:00Z,1.00,1.00,1.00,1.00,1.00,2.00,88.00,11.66
2026-01-09T15:03:00Z,1.00,1.00,1.00,1.00,1.00,2.00,88.00,11.66
2026-01-09T15:04:00Z,1.00,1.00,1.00,1.00,1.00,2.00,88.00,11.66
2026-01-09T15:05:00Z,1.00,1.00,1.00,1.00,1.00,2.00,70.57,29.41
2026-01-09T15:06:00Z,1.00,1.00,1.00,1.00,1.00,1.00,90.92,15.00
2026-01-09T15:07:00Z,1.00,1.00,1.00,1.00,1.00,1.00,90.92,15.00
2026-01-09T15:14:00Z,1.00,1.00,1.00,1.00,1.00,1.00,90.92,15.00
2026-01-09T15:15:00Z,1.00,1.00,1.00,1.00,1.00,1.00,90.92,15.00
2026-01-09T15:16:00Z,1.00,1.00,1.00,1.00,1.00,1.00,90.92,15.00
2026-01-09T15:17:00Z,1.00,1.00,1.00,1.00,1.00,1.00,90.92,15.00
2026-01-09T15:18:00Z,1.00,1.00,1.00,1.00,1.00,1.00,90.92,15.00
2026-01-09T15:19:00Z,1.00,1.00,1.00,1.00,1.00,1.00,82.00,15.00
2026-01-09T15:20:00Z,1.00,1.00,1.00,1.00,1.00,1.00,93.00,13.18
2026-01-09T15:21:00Z,1.00,1.00,1.00,1.00,1.00,1.00,82.00,13.18
2026-01-09T15:23:00Z,1.00,1.00,1.00,1.00,1.00,1.00,82.00,13.18
2026-01-09T15:25:00Z,1.00,1.00,1.00,1.00,1.00,1.00,82.00,13.00
2026-01-09T15:26:00Z,1.00,1.00,1.00,1.00,1.00,1.00,82.00,19.88
2026-01-09T15:27:00Z,1.00,1.00,1.00,1.00,1.00,1.00,81.43,19.88
2026-01-09T15:30:00Z,1.00,1.00,1.00,1.00,1.00,1.00,81.43,9.00
2026-01-09T15:32:00Z,1.00,1.00,1.00,1.00,1.00,1.00,81.43,9.00
2026-01-09T15:33:00Z,1.00,1.00,1.00,1.00,1.00,1.00,81.43,9.00
2026-01-09T15:34:00Z,1.00,1.00,1.00,1.00,1.00,1.00,81.00,37.08
2026-01-09T15:35:00Z,1.00,1.00,1.00,1.00,1.00,1.00,81.00,37.08
2026-01-09T15:36:00Z,1.00,1.00,1.00,1.00,1.00,1.00,81.00,37.08
2026-01-09T15:37:00Z,1.00,1.00,1.00,1.00,1.00,1.00,67.00,41.48
2026-01-09T15:40:00Z,1.00,1.00,1.00,1.00,1.00,1.00,64.00,48.00
2026-01-09T15:41:00Z,1.00,1.00,1.00,1.00,1.00,1.00,64.00,48.00
2026-01-09T15:43:00Z,1.00,1.00,1.00,1.00,1.00,1.00,70.54,44.00
2026-01-09T15:44:00Z,1.00,1.00,1.00,1.00,1.00,1.00,70.54,44.00
2026-01-09T15:45:00Z,1.00,1.00,1.00,1.00,1.00,1.00,70.54,44.00
2026-01-09T15:46:00Z,1.00,1.00,1.00,1.00,1.00,1.00,70.54,29.00
2026-01-09T15:48:00Z,1.00,1.00,1.00,1.00,1.00,1.00,70.54,26.42
2026-01-09T15:49:00Z,1.00,1.00,1.00,1.00,1.00,1.00,54.23,23.57
2026-01-09T15:50:00Z,1.00,1.00,1.00,1.00,1.00,1.00,54.23,23.57
2026-01-09T15:51:00Z,1.00,1.00,1.00,1.00,1.00,1.00,86.65,12.58
2026-01-09T15:52:00Z,1.00,1.00,1.00,1.00,1.00,1.00,87.66,11.00
2026-01-09T15:53:00Z,1.00,1.00,1.00,1.00,1.00,1.00,87.66,11.00
2026-01-09T15:54:00Z,1.00,1.00,1.00,1.00,1.00,1.00,89.78,11.73
2026-01-09T15:57:00Z,1.00,1.00,1.00,1.00,1.00,1.00,98.00,1.83
2026-01-09T15:58:00Z,1.00,1.00,1.00,1.00,1.00,1.00,98.00,1.83
2026-01-09T15:59:00Z,1.00,1.00,1.00,1.00,1.00,1.00,98.00,10.00
2026-01-09T16:00:00Z,1.00,1.00,1.00,1.00,1.00,1.00,95.00,10.00